monitoring_site_id,rainfall,soil_moisture,temperature,humidity,ground_vibration,water_level,tilt,crack_width,ground_movement,slope_angle,soil_type,risk_level
4,12.3,25.3,19.6,57.2,0.044,1.58,1.17,2.57,1.82,48.0,Clay Loam,SAFE
5,19.5,34.2,21.3,68.0,0.029,1.46,1.36,4.75,3.23,31.0,Laterite,MODERATE_RISK
3,86.1,77.8,21.2,80.1,0.029,3.77,2.79,11.67,8.49,28.0,Weathered Granite,HIGH_RISK
5,1.7,83.1,23.0,54.1,0.144,4.14,3.98,6.47,5.75,31.0,Laterite,HIGH_RISK
5,26.1,66.3,18.1,71.0,0.124,3.16,2.53,6.04,4.76,31.0,Laterite,MODERATE_RISK
2,1.9,68.3,24.3,79.7,0.029,3.42,2.9,4.5,3.93,42.0,Colluvium,MODERATE_RISK
3,11.8,22.1,29.0,66.0,0.693,1.17,2.96,4.93,4.51,28.0,Weathered Granite,MODERATE_RISK
3,40.7,82.1,24.5,90.1,0.082,4.2,3.64,8.19,6.78,28.0,Weathered Granite,HIGH_RISK
3,14.2,79.1,30.2,90.4,0.015,4.26,3.33,5.85,5.2,28.0,Weathered Granite,MODERATE_RISK
5,146.8,39.4,29.3,67.3,0.019,1.71,1.3,13.22,8.47,31.0,Laterite,HIGH_RISK
4,20.5,73.2,27.1,96.4,0.132,3.73,3.43,6.48,5.45,48.0,Clay Loam,MODERATE_RISK
3,9.7,36.1,24.3,44.4,0.58,1.68,2.78,4.9,4.3,28.0,Weathered Granite,MODERATE_RISK
6,6.2,23.0,24.1,40.2,0.127,1.24,1.07,2.09,1.98,38.0,Sandy Loam,SAFE
5,10.8,35.1,27.1,62.1,0.447,1.84,2.71,4.62,4.44,31.0,Laterite,MODERATE_RISK
2,11.7,33.4,22.4,74.9,0.088,1.47,1.32,3.16,2.78,42.0,Colluvium,SAFE
4,1.8,45.3,16.5,76.5,0.086,2.08,1.62,2.48,2.4,48.0,Clay Loam,SAFE
6,11.5,51.4,26.0,67.6,0.104,2.67,2.73,5.12,4.63,38.0,Sandy Loam,MODERATE_RISK
6,15.6,58.1,19.5,47.2,0.179,2.91,2.76,5.02,4.16,38.0,Sandy Loam,MODERATE_RISK
2,32.1,55.8,20.2,49.9,0.069,2.75,2.34,6.42,4.88,42.0,Colluvium,MODERATE_RISK
4,26.7,40.3,24.0,89.4,0.299,2.15,2.22,5.2,4.33,48.0,Clay Loam,MODERATE_RISK
5,30.8,22.2,23.6,90.3,0.004,1.26,1.64,5.73,4.23,31.0,Laterite,MODERATE_RISK
1,0.2,65.4,18.4,79.1,0.087,3.16,3.52,5.18,4.94,35.0,Residual Soil,MODERATE_RISK
4,6.1,49.7,24.7,78.5,0.107,2.31,1.93,3.34,3.16,48.0,Clay Loam,SAFE
2,27.1,42.4,27.9,74.7,0.14,1.87,2.28,5.88,4.83,42.0,Colluvium,MODERATE_RISK
6,16.5,85.0,19.5,51.8,0.048,4.26,3.52,7.01,5.75,38.0,Sandy Loam,HIGH_RISK
5,0.1,76.0,29.1,64.8,0.084,3.52,3.55,5.79,5.25,31.0,Laterite,MODERATE_RISK
4,40.8,84.3,17.8,80.4,0.099,4.23,3.78,9.82,7.6,48.0,Clay Loam,HIGH_RISK
1,37.0,57.1,32.5,71.2,0.174,3.1,3.03,7.84,6.06,35.0,Residual Soil,MODERATE_RISK
1,19.9,29.8,22.4,41.1,0.223,1.42,1.06,3.15,2.08,35.0,Residual Soil,SAFE
3,1.7,72.2,,95.3,0.201,3.5,3.14,4.58,4.34,28.0,Weathered Granite,MODERATE_RISK
3,36.4,35.5,16.4,89.0,0.063,2.17,1.93,5.74,4.05,28.0,Weathered Granite,MODERATE_RISK
2,21.9,53.1,23.8,55.1,1.126,2.96,5.81,11.21,9.71,42.0,Colluvium,MODERATE_RISK
4,38.1,24.9,24.9,75.8,0.283,1.09,1.36,4.39,3.59,48.0,Clay Loam,MODERATE_RISK
4,34.8,81.9,23.7,93.5,0.045,4.12,3.21,7.19,6.03,48.0,Clay Loam,HIGH_RISK
6,40.6,29.4,21.7,45.6,0.033,1.54,1.5,5.39,3.99,38.0,Sandy Loam,MODERATE_RISK
6,18.2,87.7,20.2,69.2,0.057,4.43,3.3,5.99,5.55,38.0,Sandy Loam,HIGH_RISK
6,3.8,84.8,28.5,66.5,0.09,4.6,3.99,6.08,5.71,38.0,Sandy Loam,HIGH_RISK
3,27.8,54.8,24.1,63.8,0.285,2.76,3.43,8.27,6.5,28.0,Weathered Granite,MODERATE_RISK
4,24.2,75.8,30.2,88.5,0.226,3.84,3.87,7.59,6.51,48.0,Clay Loam,MODERATE_RISK
4,33.9,66.5,21.9,62.1,0.286,3.46,3.73,8.51,7.36,48.0,Clay Loam,MODERATE_RISK
1,4.7,80.2,22.3,43.7,0.048,4.25,2.94,3.96,3.63,35.0,Residual Soil,HIGH_RISK
3,5.4,52.4,27.3,43.8,0.135,2.81,2.41,3.5,3.03,28.0,Weathered Granite,SAFE
5,55.3,78.9,17.5,42.5,0.05,4.05,4.01,10.91,8.67,31.0,Laterite,MODERATE_RISK
3,34.7,54.7,19.1,63.7,0.017,2.42,1.81,6.33,4.66,28.0,Weathered Granite,MODERATE_RISK
5,59.7,90.6,28.4,81.7,0.173,4.43,4.44,11.55,9.04,31.0,Laterite,HIGH_RISK
1,35.5,56.5,19.3,51.8,0.023,2.99,2.28,6.11,4.55,35.0,Residual Soil,MODERATE_RISK
2,22.7,54.7,16.7,77.5,0.165,2.79,2.64,6.02,4.54,42.0,Colluvium,MODERATE_RISK
4,26.5,78.9,31.5,79.9,0.157,4.11,3.91,6.69,5.68,48.0,Clay Loam,MODERATE_RISK
1,55.0,81.6,18.4,54.8,0.249,4.46,4.35,11.04,9.12,35.0,Residual Soil,HIGH_RISK
4,21.6,61.6,24.7,74.8,0.023,2.84,2.46,4.89,4.16,48.0,Clay Loam,MODERATE_RISK
6,25.0,33.5,24.3,79.7,0.23,1.9,1.96,5.34,3.79,38.0,Sandy Loam,MODERATE_RISK
2,4.3,55.1,12.8,67.1,1.085,2.69,5.07,6.85,6.88,42.0,Colluvium,MODERATE_RISK
2,16.1,92.6,22.9,59.5,0.286,4.82,4.45,7.65,7.06,42.0,Colluvium,HIGH_RISK
1,31.5,76.5,25.8,75.9,0.209,3.82,3.52,7.78,6.67,35.0,Residual Soil,MODERATE_RISK
2,7.9,80.8,25.4,96.7,0.163,4.47,4.0,6.25,5.67,42.0,Colluvium,HIGH_RISK
5,5.6,22.5,27.6,64.8,0.082,1.15,1.48,2.48,2.17,31.0,Laterite,SAFE
2,9.4,55.1,22.5,62.7,0.197,2.63,2.72,5.28,4.56,42.0,Colluvium,MODERATE_RISK
4,6.9,68.5,26.9,66.9,0.193,3.51,3.53,5.83,5.54,48.0,Clay Loam,MODERATE_RISK
4,6.0,82.3,21.2,44.4,0.15,4.18,3.84,5.77,5.27,48.0,Clay Loam,HIGH_RISK
4,13.8,23.7,18.4,72.1,0.239,1.41,1.51,3.84,2.91,48.0,Clay Loam,SAFE
4,59.6,83.9,18.8,59.1,0.089,4.28,3.7,10.44,8.25,48.0,Clay Loam,HIGH_RISK
5,17.7,61.1,18.2,47.0,0.019,3.55,2.94,5.97,5.29,31.0,Laterite,MODERATE_RISK
3,5.2,34.8,28.0,67.0,0.123,1.72,1.97,2.92,2.73,28.0,Weathered Granite,SAFE
6,2.0,43.8,17.9,40.2,0.046,2.17,1.55,1.21,1.64,38.0,Sandy Loam,SAFE
1,29.8,41.1,25.1,63.3,0.073,1.93,1.15,3.66,2.79,35.0,Residual Soil,SAFE
4,12.1,59.8,,46.1,0.003,3.01,2.47,4.17,3.69,48.0,Clay Loam,MODERATE_RISK
2,43.1,23.9,23.6,41.4,0.072,1.24,1.31,5.11,3.56,42.0,Colluvium,MODERATE_RISK
4,26.9,31.9,29.5,87.8,0.248,1.65,2.01,4.75,3.62,48.0,Clay Loam,MODERATE_RISK
2,39.8,81.0,22.2,93.1,0.117,4.06,3.61,8.66,6.88,42.0,Colluvium,HIGH_RISK
6,7.9,29.9,26.4,52.0,0.001,1.37,1.36,3.11,2.35,38.0,Sandy Loam,SAFE
6,29.5,37.5,24.2,71.3,0.095,1.7,1.51,5.16,3.91,38.0,Sandy Loam,MODERATE_RISK
6,7.7,54.0,23.4,56.1,0.052,2.62,2.17,4.29,3.9,38.0,Sandy Loam,MODERATE_RISK
2,70.0,58.8,33.2,68.6,0.097,3.17,2.85,9.43,7.12,42.0,Colluvium,MODERATE_RISK
4,25.3,77.3,18.2,65.3,0.078,4.14,3.18,6.82,5.5,48.0,Clay Loam,MODERATE_RISK
6,9.8,53.5,29.2,55.6,0.403,2.66,3.29,6.5,5.72,38.0,Sandy Loam,MODERATE_RISK
5,7.9,79.2,26.6,80.6,0.006,3.77,3.01,4.35,4.17,31.0,Laterite,MODERATE_RISK
2,5.3,66.4,22.1,47.3,0.173,3.3,3.65,6.57,5.87,42.0,Colluvium,MODERATE_RISK
2,29.7,28.5,30.5,43.1,0.286,1.84,2.24,5.24,4.16,42.0,Colluvium,MODERATE_RISK
4,6.2,31.7,16.6,84.5,0.48,1.78,2.92,5.02,4.7,48.0,Clay Loam,MODERATE_RISK
2,22.6,52.8,21.9,78.6,0.029,2.75,2.56,5.85,5.02,42.0,Colluvium,MODERATE_RISK
2,7.7,49.8,19.2,68.9,0.114,2.68,2.23,4.06,3.51,42.0,Colluvium,MODERATE_RISK
6,27.1,75.8,25.6,67.1,0.007,4.1,3.71,8.85,7.31,38.0,Sandy Loam,MODERATE_RISK
4,42.2,63.6,19.5,68.8,0.104,2.95,3.2,8.03,6.64,48.0,Clay Loam,MODERATE_RISK
6,37.6,49.1,25.7,65.3,0.02,2.38,1.96,5.13,3.96,38.0,Sandy Loam,MODERATE_RISK
6,35.8,32.8,23.3,62.8,0.273,1.53,1.88,5.86,4.44,38.0,Sandy Loam,MODERATE_RISK
4,5.2,37.0,22.1,69.0,0.018,1.97,2.12,3.51,3.18,48.0,Clay Loam,SAFE
1,2.3,63.2,25.6,70.7,0.108,3.19,3.11,5.13,4.41,35.0,Residual Soil,MODERATE_RISK
6,30.0,51.8,22.9,80.1,0.11,2.74,2.55,6.67,5.37,38.0,Sandy Loam,MODERATE_RISK
5,11.5,58.6,19.6,81.3,0.534,2.83,4.29,7.34,6.75,31.0,Laterite,MODERATE_RISK
5,14.2,32.8,35.2,61.9,0.16,1.91,2.4,4.95,4.14,31.0,Laterite,MODERATE_RISK
2,0.8,69.7,22.1,64.0,0.051,3.47,2.83,4.38,4.11,42.0,Colluvium,MODERATE_RISK
5,7.5,83.9,15.1,61.7,0.041,4.33,3.66,6.99,6.3,31.0,Laterite,HIGH_RISK
2,0.9,39.3,20.6,71.1,0.021,2.2,2.0,2.89,2.65,42.0,Colluvium,SAFE
1,52.8,56.9,18.9,66.3,0.212,3.07,3.1,8.53,6.74,35.0,Residual Soil,MODERATE_RISK
4,7.0,93.2,27.3,91.6,0.176,4.73,3.89,6.84,5.94,48.0,Clay Loam,HIGH_RISK
4,20.4,45.0,25.3,80.4,0.141,2.41,2.07,4.27,3.48,48.0,Clay Loam,MODERATE_RISK
4,1.0,64.6,25.6,92.1,0.006,3.58,2.47,3.98,3.69,48.0,Clay Loam,MODERATE_RISK
5,27.5,26.8,22.5,81.1,0.216,1.44,1.95,5.04,4.05,31.0,Laterite,MODERATE_RISK
1,9.8,65.5,22.9,96.3,0.154,3.13,2.61,4.65,4.21,35.0,Residual Soil,MODERATE_RISK
5,57.0,26.7,22.5,76.9,0.498,1.45,2.71,9.84,7.27,31.0,Laterite,MODERATE_RISK
5,54.8,91.9,23.7,95.9,0.133,4.59,4.62,11.93,9.56,31.0,Laterite,HIGH_RISK
1,9.8,73.7,27.3,49.2,0.054,3.22,3.17,6.05,5.55,35.0,Residual Soil,MODERATE_RISK
1,57.8,79.1,25.3,43.0,0.072,4.05,2.9,9.24,7.21,35.0,Residual Soil,MODERATE_RISK
1,139.0,72.8,26.0,73.6,0.029,3.66,2.63,14.72,10.21,35.0,Residual Soil,HIGH_RISK
1,43.6,64.2,26.0,97.0,0.193,3.44,3.1,8.27,6.61,35.0,Residual Soil,MODERATE_RISK
4,46.6,53.7,27.5,64.2,0.185,2.53,2.23,7.36,5.47,48.0,Clay Loam,MODERATE_RISK
3,7.2,84.4,,,0.034,3.92,2.74,4.79,4.21,28.0,Weathered Granite,HIGH_RISK
3,21.5,91.8,25.4,70.2,0.026,4.62,3.77,7.42,6.44,28.0,Weathered Granite,HIGH_RISK
1,1.7,57.4,28.8,77.6,0.012,2.95,2.61,3.85,3.63,35.0,Residual Soil,MODERATE_RISK
3,2.5,89.9,21.3,58.3,0.365,4.51,4.99,7.82,7.35,28.0,Weathered Granite,HIGH_RISK
3,170.1,63.7,20.6,81.5,0.04,3.19,2.53,17.14,11.8,28.0,Weathered Granite,HIGH_RISK
1,9.9,60.4,19.3,96.6,0.063,2.81,2.36,4.68,3.97,35.0,Residual Soil,MODERATE_RISK
3,34.5,54.1,24.7,92.0,0.049,2.68,2.4,5.35,4.01,28.0,Weathered Granite,MODERATE_RISK
5,41.1,35.7,16.6,56.9,0.08,1.72,1.58,6.34,5.0,31.0,Laterite,MODERATE_RISK
2,48.8,20.3,25.8,58.9,0.188,1.23,1.79,5.93,4.32,42.0,Colluvium,MODERATE_RISK
2,151.1,38.1,23.6,61.5,0.307,1.98,2.63,15.5,10.65,42.0,Colluvium,HIGH_RISK
1,6.9,58.2,28.5,62.9,0.03,2.85,2.26,4.15,3.77,35.0,Residual Soil,MODERATE_RISK
4,1.0,48.5,21.3,45.8,0.174,2.77,2.18,3.62,3.54,48.0,Clay Loam,SAFE
1,13.2,53.6,23.2,84.2,0.065,2.63,2.75,6.22,5.47,35.0,Residual Soil,MODERATE_RISK
4,3.5,93.5,28.5,61.2,0.591,4.79,5.4,8.53,7.75,48.0,Clay Loam,HIGH_RISK
2,0.6,46.3,29.5,91.0,0.053,2.28,2.09,3.16,3.18,42.0,Colluvium,SAFE
1,11.2,53.9,21.3,93.8,0.001,3.02,1.84,3.75,3.21,35.0,Residual Soil,SAFE
6,38.3,30.0,24.7,41.4,0.109,1.52,1.54,6.17,5.02,38.0,Sandy Loam,MODERATE_RISK
5,20.9,23.6,25.2,97.3,0.025,1.2,1.07,4.49,3.45,31.0,Laterite,MODERATE_RISK
3,9.4,78.2,25.5,81.2,0.007,3.88,3.17,5.41,4.8,28.0,Weathered Granite,MODERATE_RISK
4,26.6,62.8,22.9,70.2,0.18,3.18,3.99,8.38,6.86,48.0,Clay Loam,MODERATE_RISK
6,6.6,77.1,29.1,62.6,0.198,4.09,3.68,6.01,4.92,38.0,Sandy Loam,MODERATE_RISK
3,0.4,31.2,16.4,70.1,0.093,1.73,1.91,2.85,2.8,28.0,Weathered Granite,SAFE
3,36.1,62.9,22.3,58.8,0.169,3.15,3.18,8.6,6.95,28.0,Weathered Granite,MODERATE_RISK
1,24.4,39.0,25.8,76.1,0.116,2.29,1.98,4.46,3.82,35.0,Residual Soil,MODERATE_RISK
3,35.9,37.1,25.8,45.4,0.149,2.03,2.31,5.17,3.79,28.0,Weathered Granite,MODERATE_RISK
5,1.0,20.9,29.4,76.0,0.136,0.96,1.13,1.93,1.47,31.0,Laterite,SAFE
6,45.4,29.8,28.8,56.0,0.164,1.21,1.72,6.81,5.04,38.0,Sandy Loam,MODERATE_RISK
3,24.2,43.2,22.9,41.0,0.033,2.08,2.35,5.57,4.87,28.0,Weathered Granite,MODERATE_RISK
1,20.7,28.8,29.2,72.1,0.047,1.52,1.4,4.01,3.09,35.0,Residual Soil,MODERATE_RISK
5,24.5,93.9,21.1,73.5,0.087,4.81,4.02,8.37,7.25,31.0,Laterite,HIGH_RISK
2,50.0,43.1,27.7,64.7,0.089,2.43,2.53,7.85,5.77,42.0,Colluvium,MODERATE_RISK
6,22.1,29.8,31.2,44.2,0.223,1.27,2.1,5.2,4.21,38.0,Sandy Loam,MODERATE_RISK
3,21.7,34.9,28.9,91.8,0.069,1.66,1.27,3.91,2.93,28.0,Weathered Granite,SAFE
1,116.9,64.1,24.4,75.5,0.027,2.97,2.32,11.85,8.51,35.0,Residual Soil,HIGH_RISK
2,35.3,24.8,22.7,46.7,0.043,0.97,1.11,4.55,3.18,42.0,Colluvium,MODERATE_RISK
2,14.6,84.7,17.9,69.6,0.036,4.11,3.36,5.42,5.27,42.0,Colluvium,HIGH_RISK
4,30.7,92.1,25.2,68.8,0.197,4.68,4.05,8.51,7.07,48.0,Clay Loam,HIGH_RISK
5,12.3,38.5,19.5,43.5,0.095,2.08,2.11,3.9,3.18,31.0,Laterite,SAFE
3,6.5,53.8,20.8,75.2,0.185,2.5,2.76,5.18,4.28,28.0,Weathered Granite,MODERATE_RISK
1,22.7,21.7,19.2,86.9,0.081,0.92,0.88,3.26,2.27,35.0,Residual Soil,SAFE
4,65.8,68.1,22.2,83.4,0.331,3.05,3.45,10.68,8.21,48.0,Clay Loam,HIGH_RISK
5,66.2,51.0,23.9,51.8,0.616,2.59,3.75,10.83,8.25,31.0,Laterite,HIGH_RISK
4,10.5,40.3,25.1,90.0,0.166,1.87,1.67,3.87,2.99,48.0,Clay Loam,SAFE
6,18.8,35.5,21.6,59.9,0.299,2.11,2.44,4.37,4.02,38.0,Sandy Loam,MODERATE_RISK
5,5.9,69.1,28.3,94.9,0.106,3.54,3.17,4.78,3.81,31.0,Laterite,MODERATE_RISK
5,135.8,51.2,23.2,44.2,0.409,2.53,2.81,15.72,10.75,31.0,Laterite,HIGH_RISK
3,99.2,33.5,20.8,68.2,0.267,1.55,1.91,10.58,7.04,28.0,Weathered Granite,HIGH_RISK
5,26.2,71.7,24.9,74.6,0.72,3.29,4.82,8.25,7.19,31.0,Laterite,MODERATE_RISK
4,40.8,62.4,31.9,54.4,0.146,2.85,3.08,8.61,6.75,48.0,Clay Loam,MODERATE_RISK
5,31.4,84.4,25.3,84.7,0.227,4.1,3.87,8.86,7.21,31.0,Laterite,HIGH_RISK
3,22.5,28.8,22.5,76.4,0.117,1.3,1.02,3.69,2.66,28.0,Weathered Granite,SAFE
3,1.4,78.9,17.9,41.1,0.045,3.75,3.07,4.76,4.63,28.0,Weathered Granite,MODERATE_RISK
6,15.2,70.5,23.1,75.3,0.066,3.6,2.91,6.41,5.3,38.0,Sandy Loam,MODERATE_RISK
4,28.1,28.6,24.9,68.5,0.337,1.53,2.4,6.48,5.45,48.0,Clay Loam,MODERATE_RISK
2,28.3,72.1,22.4,51.4,0.009,3.51,2.73,7.13,5.79,42.0,Colluvium,MODERATE_RISK
2,11.7,53.1,17.3,97.8,0.134,3.04,2.02,4.31,3.4,42.0,Colluvium,MODERATE_RISK
5,71.1,90.9,20.6,92.0,0.07,4.2,4.68,12.77,10.39,31.0,Laterite,HIGH_RISK
6,4.6,30.6,29.8,57.0,0.073,1.54,1.49,2.4,2.24,38.0,Sandy Loam,SAFE
1,17.3,68.2,29.7,71.4,0.324,3.37,3.69,6.28,5.99,35.0,Residual Soil,MODERATE_RISK
5,29.4,48.6,20.5,58.4,0.288,2.32,2.26,5.99,4.67,31.0,Laterite,MODERATE_RISK
6,29.9,91.8,26.7,85.0,0.137,4.45,3.53,7.98,6.61,38.0,Sandy Loam,HIGH_RISK
4,26.1,44.7,19.3,94.0,0.048,2.23,1.9,4.76,3.89,48.0,Clay Loam,MODERATE_RISK
4,8.0,92.2,29.6,60.8,0.097,4.56,4.04,7.01,6.19,48.0,Clay Loam,HIGH_RISK
4,4.2,87.6,25.0,86.7,0.079,4.3,3.89,6.0,5.8,48.0,Clay Loam,HIGH_RISK
4,25.3,40.3,27.8,68.9,0.065,1.76,1.67,4.96,4.2,48.0,Clay Loam,MODERATE_RISK
4,22.9,80.3,17.1,63.0,0.016,3.69,2.64,5.35,4.07,48.0,Clay Loam,HIGH_RISK
6,4.9,94.7,26.7,94.4,0.117,4.68,3.34,4.87,4.75,38.0,Sandy Loam,HIGH_RISK
6,30.5,38.9,24.0,69.6,0.054,1.86,1.62,4.75,3.48,38.0,Sandy Loam,MODERATE_RISK
3,15.2,52.8,27.4,67.1,0.162,2.6,2.41,5.25,3.84,28.0,Weathered Granite,MODERATE_RISK
2,27.5,59.0,27.7,79.0,0.058,2.93,2.14,4.83,4.07,42.0,Colluvium,MODERATE_RISK
4,45.4,42.1,24.3,55.2,0.085,2.0,2.1,7.31,5.54,48.0,Clay Loam,MODERATE_RISK
1,4.7,21.1,21.6,58.8,0.008,1.01,0.36,0.09,0.37,35.0,Residual Soil,SAFE
6,0.5,36.5,27.1,94.1,0.735,1.65,3.71,5.48,5.22,38.0,Sandy Loam,MODERATE_RISK
1,37.8,41.1,23.8,79.4,0.106,2.36,1.78,4.99,4.06,35.0,Residual Soil,MODERATE_RISK
1,23.5,53.3,20.5,87.9,0.004,2.51,2.06,3.67,3.11,35.0,Residual Soil,SAFE
1,30.1,32.8,20.3,55.7,0.117,1.57,1.89,5.43,4.26,35.0,Residual Soil,MODERATE_RISK
3,45.5,85.5,18.1,71.5,0.306,4.13,4.12,9.73,8.04,28.0,Weathered Granite,HIGH_RISK
6,40.6,72.9,22.0,96.3,0.222,3.5,3.97,8.5,7.36,38.0,Sandy Loam,MODERATE_RISK
1,81.1,26.4,28.4,58.5,0.181,1.32,2.17,9.48,6.78,35.0,Residual Soil,HIGH_RISK
4,19.2,68.8,24.7,49.3,0.023,3.42,2.88,6.08,5.05,48.0,Clay Loam,MODERATE_RISK
5,16.8,69.0,21.9,69.6,0.161,3.36,3.33,6.15,5.34,31.0,Laterite,MODERATE_RISK
1,12.8,91.7,27.2,62.5,0.218,4.53,4.6,7.82,6.75,35.0,Residual Soil,HIGH_RISK
3,4.2,20.2,20.7,49.3,0.127,0.87,1.24,2.0,1.97,28.0,Weathered Granite,SAFE
6,21.3,38.6,24.4,91.5,0.335,2.01,2.74,5.52,4.39,38.0,Sandy Loam,MODERATE_RISK
3,8.1,89.6,23.3,97.5,0.049,4.89,3.9,6.2,5.75,28.0,Weathered Granite,HIGH_RISK
1,63.6,89.9,27.1,73.0,0.042,4.32,3.08,9.4,7.2,35.0,Residual Soil,HIGH_RISK
6,21.9,74.0,17.7,84.9,0.306,3.78,3.52,6.66,5.45,38.0,Sandy Loam,MODERATE_RISK
5,22.5,77.4,20.6,89.8,0.147,3.88,4.26,7.68,6.44,31.0,Laterite,MODERATE_RISK
1,11.0,26.9,17.4,80.7,0.0,1.48,1.28,2.61,2.04,35.0,Residual Soil,SAFE
3,1.3,58.5,23.0,42.6,0.065,3.06,2.57,3.64,3.4,28.0,Weathered Granite,MODERATE_RISK
2,0.8,37.4,28.8,49.1,0.293,1.91,2.79,3.71,3.92,42.0,Colluvium,SAFE
4,13.8,33.6,22.0,44.1,0.004,1.67,1.12,3.17,2.44,48.0,Clay Loam,SAFE
3,2.2,80.8,22.0,40.6,0.0,3.95,3.33,5.79,5.25,28.0,Weathered Granite,HIGH_RISK
6,23.3,30.1,27.5,57.7,0.05,1.35,1.25,3.74,3.12,38.0,Sandy Loam,SAFE
1,53.2,55.1,28.3,62.8,0.368,2.74,3.43,9.43,7.59,35.0,Residual Soil,MODERATE_RISK
4,53.6,90.4,23.6,54.0,0.348,4.26,4.35,10.47,8.46,48.0,Clay Loam,HIGH_RISK
1,26.9,33.9,26.7,43.7,0.11,1.58,1.3,4.64,3.29,35.0,Residual Soil,MODERATE_RISK
6,5.9,93.3,19.7,70.7,0.121,4.89,4.03,7.39,6.55,38.0,Sandy Loam,HIGH_RISK
1,49.7,94.6,29.5,55.9,0.061,4.75,3.75,9.52,7.45,35.0,Residual Soil,HIGH_RISK
2,54.3,61.7,32.6,86.2,0.042,3.26,2.73,8.18,6.64,42.0,Colluvium,MODERATE_RISK
4,5.5,32.8,26.1,40.5,0.253,1.93,1.84,3.37,3.12,48.0,Clay Loam,SAFE
4,33.4,43.7,15.7,88.9,0.017,2.15,1.4,4.84,3.65,48.0,Clay Loam,MODERATE_RISK
6,8.4,51.8,21.8,95.4,0.1,2.63,2.44,4.08,3.77,38.0,Sandy Loam,MODERATE_RISK
2,40.6,43.2,26.5,81.5,0.151,2.1,2.09,6.62,5.05,42.0,Colluvium,MODERATE_RISK
3,147.3,41.0,22.3,82.6,0.016,1.89,1.62,14.68,9.54,28.0,Weathered Granite,HIGH_RISK
1,0.8,92.9,29.1,94.1,0.11,4.45,3.88,5.49,5.33,35.0,Residual Soil,HIGH_RISK
5,56.9,31.5,26.4,52.1,0.129,1.74,2.53,9.62,6.99,31.0,Laterite,MODERATE_RISK
1,24.4,75.0,21.2,97.7,0.204,3.79,3.68,6.71,6.25,35.0,Residual Soil,MODERATE_RISK
1,90.7,20.0,24.1,84.9,0.04,1.37,1.1,8.48,5.5,35.0,Residual Soil,HIGH_RISK
3,15.6,64.7,20.4,82.1,0.052,3.43,2.93,5.76,5.02,28.0,Weathered Granite,MODERATE_RISK
1,47.0,88.7,23.3,60.9,0.126,4.29,4.12,11.06,8.54,35.0,Residual Soil,HIGH_RISK
2,1.6,41.6,21.8,71.7,0.612,2.25,3.62,5.28,4.82,42.0,Colluvium,MODERATE_RISK
2,10.2,33.9,28.7,77.9,0.037,1.63,1.62,2.71,2.08,42.0,Colluvium,SAFE
4,1.7,68.9,32.5,76.0,0.639,3.69,4.99,7.9,7.32,48.0,Clay Loam,MODERATE_RISK
6,92.6,73.4,18.3,80.9,0.188,3.57,3.33,12.28,8.93,38.0,Sandy Loam,HIGH_RISK
5,42.5,71.6,16.3,44.8,0.262,3.37,3.52,9.01,7.38,31.0,Laterite,MODERATE_RISK
1,47.9,43.9,23.0,60.6,0.014,2.04,2.15,7.02,5.37,35.0,Residual Soil,MODERATE_RISK
1,69.5,38.9,17.9,65.2,0.054,1.8,1.67,7.64,5.45,35.0,Residual Soil,MODERATE_RISK
3,2.2,91.7,24.2,55.1,0.009,4.42,3.27,6.26,5.11,28.0,Weathered Granite,HIGH_RISK
6,12.2,89.2,27.0,50.0,0.07,4.35,3.59,4.88,4.84,38.0,Sandy Loam,HIGH_RISK
2,1.8,54.3,30.0,48.1,0.597,2.89,3.47,6.26,5.36,42.0,Colluvium,MODERATE_RISK
5,5.9,83.5,24.8,61.3,0.017,4.53,3.72,6.52,5.49,31.0,Laterite,HIGH_RISK
4,6.5,53.9,,,0.124,2.43,2.71,4.21,3.97,48.0,Clay Loam,MODERATE_RISK
2,15.8,51.8,16.1,43.7,0.001,2.84,1.87,5.01,3.69,42.0,Colluvium,MODERATE_RISK
6,7.8,31.8,24.1,94.9,0.187,1.49,1.8,2.64,2.07,38.0,Sandy Loam,SAFE
4,2.7,52.0,24.3,84.4,0.033,2.67,2.53,4.52,4.24,48.0,Clay Loam,MODERATE_RISK
3,4.6,60.3,26.6,82.4,0.021,2.68,2.53,3.12,3.02,28.0,Weathered Granite,MODERATE_RISK
3,4.0,21.7,21.2,50.0,0.062,1.19,1.52,2.03,1.63,28.0,Weathered Granite,SAFE
1,90.4,53.3,22.3,75.0,0.221,2.26,1.91,9.52,6.47,35.0,Residual Soil,HIGH_RISK
6,35.6,78.6,18.1,70.7,0.017,3.99,3.39,7.56,6.09,38.0,Sandy Loam,MODERATE_RISK
5,85.9,71.0,14.8,97.0,0.039,3.6,2.55,10.7,7.92,31.0,Laterite,HIGH_RISK
4,14.5,67.6,19.6,83.4,0.001,3.42,2.44,4.41,3.53,48.0,Clay Loam,MODERATE_RISK
2,8.2,88.2,17.7,73.4,0.518,4.26,5.21,7.45,6.81,42.0,Colluvium,HIGH_RISK
6,40.0,21.4,25.3,89.3,0.135,1.18,1.4,5.53,4.21,38.0,Sandy Loam,MODERATE_RISK
6,9.9,61.8,21.9,49.0,0.191,3.17,3.33,5.81,5.06,38.0,Sandy Loam,MODERATE_RISK
3,8.9,79.1,21.8,40.9,0.158,3.91,3.32,5.9,5.25,28.0,Weathered Granite,MODERATE_RISK
1,6.6,60.6,20.1,80.0,0.023,3.16,3.04,5.17,4.52,35.0,Residual Soil,MODERATE_RISK
1,3.5,44.3,11.1,45.7,0.136,2.2,2.37,4.31,4.18,35.0,Residual Soil,MODERATE_RISK
4,7.4,30.2,30.0,46.7,0.021,1.62,1.63,3.0,2.36,48.0,Clay Loam,SAFE
3,11.0,86.6,20.0,83.2,0.077,4.3,3.35,6.41,5.58,28.0,Weathered Granite,HIGH_RISK
6,28.0,55.3,22.4,55.7,0.126,2.81,2.98,6.32,5.58,38.0,Sandy Loam,MODERATE_RISK
5,1.6,85.9,18.2,76.5,0.123,4.41,3.8,5.47,5.11,31.0,Laterite,HIGH_RISK
3,5.9,63.9,27.9,93.2,0.019,3.12,2.37,4.72,3.87,28.0,Weathered Granite,MODERATE_RISK
4,41.4,70.6,24.6,58.4,0.005,3.28,2.83,8.23,6.51,48.0,Clay Loam,MODERATE_RISK
4,4.0,80.3,20.7,52.6,0.24,4.07,4.15,6.83,6.37,48.0,Clay Loam,HIGH_RISK
3,10.5,69.4,22.4,46.2,0.194,3.71,3.3,5.35,4.7,28.0,Weathered Granite,MODERATE_RISK
4,50.0,49.9,30.7,47.6,0.013,2.55,2.7,7.57,6.18,48.0,Clay Loam,MODERATE_RISK
3,4.2,58.5,23.7,43.6,0.02,2.99,3.0,5.5,4.81,28.0,Weathered Granite,MODERATE_RISK
2,2.2,80.2,23.3,45.1,0.335,4.0,4.39,7.4,6.74,42.0,Colluvium,HIGH_RISK
3,16.6,48.0,20.2,65.1,0.22,2.55,2.83,5.54,5.04,28.0,Weathered Granite,MODERATE_RISK
3,9.0,49.1,16.4,58.6,0.834,2.42,4.54,8.7,7.64,28.0,Weathered Granite,MODERATE_RISK
4,20.7,27.2,23.4,81.0,0.044,1.27,0.68,2.91,2.09,48.0,Clay Loam,SAFE
4,40.7,88.6,25.3,90.5,0.1,4.65,4.05,8.78,7.16,48.0,Clay Loam,HIGH_RISK
1,3.7,26.8,28.4,85.5,0.04,1.23,1.13,1.85,2.22,35.0,Residual Soil,SAFE
1,21.7,68.6,15.0,70.8,0.146,3.61,3.15,6.46,5.29,35.0,Residual Soil,MODERATE_RISK
2,17.6,51.0,19.5,45.9,0.018,2.77,2.18,4.72,3.99,42.0,Colluvium,MODERATE_RISK
1,3.9,50.4,21.7,81.2,0.02,2.63,1.45,3.11,2.69,35.0,Residual Soil,SAFE
3,24.5,71.0,24.0,61.0,0.011,3.3,2.34,4.99,4.28,28.0,Weathered Granite,MODERATE_RISK
4,8.0,25.0,23.4,45.0,0.177,1.26,1.82,2.7,2.96,48.0,Clay Loam,SAFE
1,16.7,64.5,23.5,88.9,0.102,3.18,3.37,6.69,5.71,35.0,Residual Soil,MODERATE_RISK
1,2.1,77.9,25.6,59.6,0.144,3.8,3.19,4.7,4.4,35.0,Residual Soil,MODERATE_RISK
2,15.4,82.1,20.4,52.7,0.317,4.13,4.31,8.91,7.81,42.0,Colluvium,HIGH_RISK
6,9.1,32.8,27.7,90.5,0.202,1.79,2.37,4.75,4.01,38.0,Sandy Loam,MODERATE_RISK
2,43.2,87.3,25.7,92.3,0.093,4.27,3.54,8.5,7.05,42.0,Colluvium,HIGH_RISK
3,1.5,69.2,22.7,59.7,0.624,3.43,4.82,7.96,7.22,28.0,Weathered Granite,MODERATE_RISK
4,13.6,86.1,30.4,60.6,0.091,4.26,3.67,6.96,6.2,48.0,Clay Loam,HIGH_RISK
2,15.3,56.4,30.2,73.6,0.018,3.05,2.85,5.82,5.06,42.0,Colluvium,MODERATE_RISK
1,32.3,60.7,27.7,82.5,0.737,2.98,4.21,8.84,7.33,35.0,Residual Soil,MODERATE_RISK
4,21.3,88.9,11.9,43.7,0.003,4.2,3.04,6.47,5.03,48.0,Clay Loam,HIGH_RISK
4,27.5,87.5,30.3,74.4,0.12,4.06,3.69,6.68,5.52,48.0,Clay Loam,HIGH_RISK
1,37.5,53.6,27.2,95.3,0.055,2.75,2.39,7.24,5.17,35.0,Residual Soil,MODERATE_RISK
2,49.5,40.6,32.0,55.2,0.105,1.88,1.8,4.94,3.85,42.0,Colluvium,MODERATE_RISK
1,9.4,49.5,28.9,92.7,0.123,2.61,2.63,4.48,3.53,35.0,Residual Soil,MODERATE_RISK
6,19.3,49.1,30.3,95.1,0.041,2.19,1.6,3.15,2.66,38.0,Sandy Loam,SAFE
4,45.8,41.5,27.5,55.6,0.122,1.97,1.53,5.71,4.22,48.0,Clay Loam,MODERATE_RISK
5,113.8,40.1,29.4,83.7,0.212,1.74,1.88,11.89,8.25,31.0,Laterite,HIGH_RISK
5,55.1,84.6,32.0,53.8,0.046,4.32,3.48,9.03,7.26,31.0,Laterite,HIGH_RISK
3,11.6,25.2,24.9,82.8,0.073,1.39,1.25,1.42,1.66,28.0,Weathered Granite,SAFE
1,5.4,70.8,17.7,86.3,0.047,3.61,3.41,5.65,5.18,35.0,Residual Soil,MODERATE_RISK
1,16.8,33.0,22.8,54.3,0.258,1.43,2.15,5.61,4.38,35.0,Residual Soil,MODERATE_RISK
3,33.8,45.8,25.6,81.5,0.194,2.14,2.45,6.2,4.92,28.0,Weathered Granite,MODERATE_RISK
3,17.0,24.6,24.3,87.1,0.307,1.28,2.01,4.85,3.74,28.0,Weathered Granite,MODERATE_RISK
3,16.5,40.2,19.0,60.8,0.028,1.67,1.29,4.01,3.1,28.0,Weathered Granite,MODERATE_RISK
4,45.5,77.6,17.5,49.7,0.011,3.83,2.84,6.95,5.27,48.0,Clay Loam,MODERATE_RISK
6,11.2,86.4,21.0,45.3,0.019,4.62,3.39,5.75,5.36,38.0,Sandy Loam,HIGH_RISK
1,49.1,36.6,27.2,73.4,0.026,1.79,1.3,5.24,3.6,35.0,Residual Soil,MODERATE_RISK
4,13.1,54.8,30.3,96.7,0.114,2.44,2.28,4.06,3.61,48.0,Clay Loam,MODERATE_RISK
3,9.9,55.3,27.7,87.7,0.531,2.64,3.36,6.68,5.75,28.0,Weathered Granite,MODERATE_RISK
1,15.1,85.5,28.2,65.3,0.066,4.15,3.57,6.67,6.02,35.0,Residual Soil,HIGH_RISK
4,35.9,77.2,23.7,71.1,0.477,4.29,4.8,10.47,8.35,48.0,Clay Loam,MODERATE_RISK
6,3.4,58.5,17.0,56.2,0.006,3.26,2.51,4.02,3.6,38.0,Sandy Loam,MODERATE_RISK
4,5.5,70.3,22.2,49.5,0.392,3.66,4.45,6.51,6.24,48.0,Clay Loam,MODERATE_RISK
6,75.6,83.6,23.0,68.0,0.03,4.11,2.64,10.35,7.88,38.0,Sandy Loam,HIGH_RISK
3,4.8,20.7,22.0,66.9,0.365,1.28,2.0,4.01,3.4,28.0,Weathered Granite,MODERATE_RISK
6,21.0,50.2,24.2,70.3,0.009,2.28,1.15,3.56,2.59,38.0,Sandy Loam,SAFE
1,21.6,88.0,25.8,95.3,0.444,4.62,5.1,9.62,8.73,35.0,Residual Soil,HIGH_RISK
3,16.8,75.5,27.4,75.0,0.034,3.96,3.5,5.98,5.5,28.0,Weathered Granite,MODERATE_RISK
1,25.9,60.7,22.9,75.1,0.054,3.0,2.16,5.67,4.76,35.0,Residual Soil,MODERATE_RISK
5,6.5,59.7,16.4,47.4,0.101,3.21,2.5,4.94,3.97,31.0,Laterite,MODERATE_RISK
2,20.1,46.1,22.1,97.8,0.072,2.22,1.48,4.03,3.26,42.0,Colluvium,MODERATE_RISK
6,11.6,59.0,24.2,84.8,0.165,2.7,2.67,4.03,3.54,38.0,Sandy Loam,MODERATE_RISK
2,27.1,69.2,28.9,90.9,0.552,3.66,4.48,9.71,7.8,42.0,Colluvium,MODERATE_RISK
2,3.8,51.4,21.7,64.0,0.14,2.55,2.38,3.4,3.35,42.0,Colluvium,SAFE
6,21.2,73.6,26.1,69.1,0.192,3.8,3.51,7.15,6.18,38.0,Sandy Loam,MODERATE_RISK
3,5.1,84.6,25.2,70.3,0.014,4.59,3.42,6.01,5.22,28.0,Weathered Granite,HIGH_RISK
5,8.2,31.6,24.2,51.3,0.148,1.44,1.94,4.11,3.72,31.0,Laterite,MODERATE_RISK
1,6.2,53.9,27.7,80.0,0.091,2.67,2.49,3.33,3.17,35.0,Residual Soil,SAFE
4,5.0,50.6,21.4,92.4,0.325,2.84,2.89,4.79,4.27,48.0,Clay Loam,MODERATE_RISK
1,43.7,71.6,21.7,49.5,0.074,3.71,2.98,7.99,6.28,35.0,Residual Soil,MODERATE_RISK
4,8.4,38.7,24.0,45.0,0.171,1.8,1.69,3.93,3.15,48.0,Clay Loam,SAFE
1,65.5,68.0,21.4,82.8,0.039,3.21,3.11,10.13,7.89,35.0,Residual Soil,MODERATE_RISK
6,87.6,85.8,26.0,55.8,0.045,4.18,3.69,13.27,9.6,38.0,Sandy Loam,HIGH_RISK
5,21.2,51.4,21.1,76.2,0.071,2.42,2.11,5.13,3.98,31.0,Laterite,MODERATE_RISK
4,3.9,88.3,24.9,80.4,0.054,4.46,4.24,6.63,5.86,48.0,Clay Loam,HIGH_RISK
3,11.7,94.5,23.6,58.7,0.044,4.74,4.36,7.57,7.1,28.0,Weathered Granite,HIGH_RISK
1,40.0,28.0,24.9,87.3,0.008,1.46,1.12,5.64,3.88,35.0,Residual Soil,MODERATE_RISK
1,11.4,37.5,22.2,71.9,0.272,1.71,2.06,3.35,2.89,35.0,Residual Soil,SAFE
4,2.3,91.3,22.6,90.4,0.01,4.55,3.56,5.98,5.31,48.0,Clay Loam,HIGH_RISK
3,20.3,91.9,24.4,84.3,0.328,4.18,4.04,7.37,6.61,28.0,Weathered Granite,HIGH_RISK
3,46.6,27.3,24.8,90.4,0.02,1.39,1.69,5.84,4.48,28.0,Weathered Granite,MODERATE_RISK
6,39.7,21.1,24.0,41.2,0.01,1.29,0.76,4.83,3.16,38.0,Sandy Loam,MODERATE_RISK
6,4.8,32.1,30.8,54.1,0.124,1.32,1.69,2.48,2.25,38.0,Sandy Loam,SAFE
6,27.9,94.7,20.0,45.2,0.105,4.83,4.39,9.01,7.31,38.0,Sandy Loam,HIGH_RISK
6,6.2,33.5,23.7,65.6,0.101,1.55,1.45,2.43,2.21,38.0,Sandy Loam,SAFE
6,6.2,57.7,17.7,91.6,0.128,3.05,3.37,4.37,4.56,38.0,Sandy Loam,MODERATE_RISK
6,51.8,83.6,25.5,67.1,0.051,4.21,3.05,8.96,6.78,38.0,Sandy Loam,HIGH_RISK
5,7.2,21.5,19.5,89.3,0.163,1.16,1.39,2.72,2.45,31.0,Laterite,SAFE
3,7.6,65.3,,,0.105,3.28,2.79,3.84,3.58,28.0,Weathered Granite,MODERATE_RISK
6,0.0,40.8,22.5,59.7,0.061,2.31,2.32,3.13,2.82,38.0,Sandy Loam,SAFE
3,51.1,84.7,25.1,91.9,0.263,4.3,4.34,9.69,8.12,28.0,Weathered Granite,HIGH_RISK
3,39.3,41.3,21.8,64.7,0.195,1.92,1.6,5.91,4.82,28.0,Weathered Granite,MODERATE_RISK
2,24.7,71.5,21.6,85.8,0.075,3.59,3.47,7.87,6.57,42.0,Colluvium,MODERATE_RISK
5,34.7,70.6,29.7,53.7,0.282,3.46,3.76,8.84,7.1,31.0,Laterite,MODERATE_RISK
6,4.1,36.6,25.1,95.0,0.379,1.86,2.31,4.29,3.66,38.0,Sandy Loam,MODERATE_RISK
1,15.3,22.6,21.8,73.3,0.115,1.05,1.08,2.59,2.48,35.0,Residual Soil,SAFE
4,10.8,50.7,23.0,84.0,0.036,2.4,1.64,3.6,3.04,48.0,Clay Loam,SAFE
1,2.5,41.7,30.6,45.2,0.371,2.12,2.76,4.34,3.83,35.0,Residual Soil,MODERATE_RISK
5,16.6,80.7,23.1,68.6,0.032,4.05,3.38,6.49,5.57,31.0,Laterite,HIGH_RISK
4,63.4,80.0,21.2,92.3,0.007,4.21,3.29,10.49,7.98,48.0,Clay Loam,HIGH_RISK
5,1.0,54.3,21.3,90.9,0.06,2.63,2.15,3.89,3.5,31.0,Laterite,SAFE
3,8.6,65.5,21.8,42.7,0.195,2.88,2.41,4.11,3.97,28.0,Weathered Granite,MODERATE_RISK
4,5.8,65.3,21.6,57.6,0.385,3.19,3.81,5.48,5.45,48.0,Clay Loam,MODERATE_RISK
3,6.8,82.0,18.9,65.7,0.152,3.77,2.89,4.79,4.36,28.0,Weathered Granite,HIGH_RISK
1,59.8,51.9,19.5,50.0,0.455,2.68,3.52,9.95,7.72,35.0,Residual Soil,MODERATE_RISK
1,15.8,40.7,20.7,82.3,0.015,1.7,0.87,2.71,2.14,35.0,Residual Soil,SAFE
4,15.7,39.9,26.4,50.7,0.009,1.8,1.48,3.89,2.95,48.0,Clay Loam,SAFE
4,35.7,60.2,22.5,60.1,0.139,2.94,2.77,6.05,5.21,48.0,Clay Loam,MODERATE_RISK
6,4.2,53.7,23.2,78.5,0.508,2.99,4.04,6.06,5.62,38.0,Sandy Loam,MODERATE_RISK
5,16.7,53.0,29.1,68.0,0.105,2.44,2.53,4.65,4.15,31.0,Laterite,MODERATE_RISK
6,14.1,26.8,29.2,82.8,0.008,1.34,1.41,3.87,3.37,38.0,Sandy Loam,SAFE
5,22.7,73.9,22.9,95.8,0.038,3.81,2.68,5.73,4.89,31.0,Laterite,MODERATE_RISK
6,193.1,36.0,21.5,46.8,0.042,2.1,1.79,17.88,11.67,38.0,Sandy Loam,HIGH_RISK
3,36.7,34.8,20.5,81.2,0.062,1.9,2.31,6.67,5.05,28.0,Weathered Granite,MODERATE_RISK
4,12.7,51.0,26.8,53.4,0.007,2.77,2.27,4.12,3.59,48.0,Clay Loam,MODERATE_RISK
1,43.9,37.1,23.2,64.0,0.353,2.03,2.43,7.15,5.28,35.0,Residual Soil,MODERATE_RISK
5,4.7,63.8,22.5,41.9,0.109,2.95,2.66,5.27,4.6,31.0,Laterite,MODERATE_RISK
5,0.8,47.9,20.7,47.9,0.167,2.47,2.36,4.5,3.45,31.0,Laterite,MODERATE_RISK
1,5.7,53.7,20.9,58.5,0.01,2.85,1.96,3.19,3.09,35.0,Residual Soil,SAFE
6,10.4,60.3,25.3,59.8,0.008,2.82,2.54,4.55,4.15,38.0,Sandy Loam,MODERATE_RISK
5,17.9,35.3,18.7,92.2,0.132,1.65,1.89,3.96,3.34,31.0,Laterite,SAFE
3,23.9,31.7,28.0,83.0,0.327,1.42,1.72,3.53,2.87,28.0,Weathered Granite,SAFE
4,60.4,86.0,21.9,96.4,0.113,4.45,3.87,11.16,8.63,48.0,Clay Loam,HIGH_RISK
1,17.8,52.5,23.4,74.7,0.315,2.61,2.86,6.92,5.23,35.0,Residual Soil,MODERATE_RISK
4,17.4,50.9,18.7,54.0,0.25,2.48,2.25,4.55,4.02,48.0,Clay Loam,MODERATE_RISK
5,1.3,22.7,24.0,59.0,0.012,0.88,0.32,0.18,0.24,31.0,Laterite,SAFE
5,0.9,57.3,22.7,58.6,0.034,2.85,2.0,2.94,3.07,31.0,Laterite,MODERATE_RISK
1,20.0,61.6,23.8,58.9,0.161,2.97,2.84,5.9,5.04,35.0,Residual Soil,MODERATE_RISK
3,14.4,61.9,29.9,79.0,0.088,3.14,2.64,4.54,4.09,28.0,Weathered Granite,MODERATE_RISK
2,45.7,73.0,24.7,70.8,0.052,3.42,2.6,7.33,5.78,42.0,Colluvium,MODERATE_RISK
1,4.4,33.3,20.8,62.4,0.081,1.7,1.49,3.09,2.4,35.0,Residual Soil,SAFE
2,0.6,38.9,21.2,48.6,0.088,1.86,1.98,3.08,2.75,42.0,Colluvium,SAFE
6,14.9,80.8,26.4,41.3,0.362,3.79,4.23,8.17,7.04,38.0,Sandy Loam,HIGH_RISK
2,6.8,91.0,29.2,52.7,0.016,4.28,3.77,6.38,5.65,42.0,Colluvium,HIGH_RISK
3,1.3,30.2,25.1,46.2,0.049,1.27,1.09,1.19,1.14,28.0,Weathered Granite,SAFE
6,32.2,57.3,26.8,85.6,0.116,2.82,3.08,6.91,5.63,38.0,Sandy Loam,MODERATE_RISK
2,3.0,36.1,26.4,46.5,0.18,1.83,2.11,3.53,3.18,42.0,Colluvium,SAFE
6,23.4,24.5,29.7,82.0,0.149,1.28,1.32,3.29,3.1,38.0,Sandy Loam,SAFE
2,8.2,44.4,16.2,62.4,0.426,2.28,3.13,4.72,4.33,42.0,Colluvium,MODERATE_RISK
3,4.8,30.8,26.7,44.3,0.238,1.39,1.45,1.96,1.77,28.0,Weathered Granite,SAFE
2,11.9,73.2,27.9,87.1,0.122,3.87,3.37,6.26,5.41,42.0,Colluvium,MODERATE_RISK
2,40.4,60.0,18.6,73.6,0.036,2.91,2.56,6.89,5.71,42.0,Colluvium,MODERATE_RISK
2,12.4,30.8,20.5,53.7,0.09,1.63,1.76,4.22,3.73,42.0,Colluvium,MODERATE_RISK
1,34.7,20.7,20.6,91.9,0.177,1.0,1.21,4.14,3.48,35.0,Residual Soil,MODERATE_RISK
1,3.4,80.6,21.1,42.6,0.273,4.11,4.93,6.44,6.34,35.0,Residual Soil,HIGH_RISK
1,37.0,33.2,22.1,51.7,0.482,1.62,2.69,6.93,5.63,35.0,Residual Soil,MODERATE_RISK
3,6.8,65.5,25.0,83.6,0.14,3.35,2.6,5.27,4.25,28.0,Weathered Granite,MODERATE_RISK
6,28.3,45.3,27.5,81.1,0.112,2.26,2.51,6.05,4.81,38.0,Sandy Loam,MODERATE_RISK
5,20.9,63.9,,,0.003,3.36,2.88,5.31,4.4,31.0,Laterite,MODERATE_RISK
2,66.2,43.7,20.6,43.6,0.011,2.02,1.72,7.06,5.19,42.0,Colluvium,MODERATE_RISK
2,12.2,26.5,20.6,89.8,0.025,0.97,0.71,2.64,1.95,42.0,Colluvium,SAFE
3,1.7,36.7,29.3,58.2,0.008,1.64,1.45,1.91,1.92,28.0,Weathered Granite,SAFE
2,0.5,34.1,26.6,51.4,0.077,1.92,2.25,4.19,3.47,42.0,Colluvium,MODERATE_RISK
1,43.8,52.1,24.3,69.9,0.062,2.57,2.3,7.28,5.69,35.0,Residual Soil,MODERATE_RISK
5,18.6,69.4,25.9,92.8,0.152,3.49,2.81,5.32,4.12,31.0,Laterite,MODERATE_RISK
4,37.3,39.8,23.9,42.5,0.115,1.78,0.73,4.66,3.11,48.0,Clay Loam,MODERATE_RISK
2,6.7,20.9,26.1,84.4,0.136,1.06,1.37,2.13,1.94,42.0,Colluvium,SAFE
1,10.6,58.9,22.7,73.2,0.096,2.74,2.18,3.39,2.72,35.0,Residual Soil,MODERATE_RISK
4,0.8,65.4,25.1,64.7,0.049,3.09,2.59,3.52,3.48,48.0,Clay Loam,MODERATE_RISK
5,81.4,92.2,18.0,83.2,0.458,4.53,4.76,14.04,10.77,31.0,Laterite,HIGH_RISK
4,27.6,64.2,21.2,96.0,0.014,3.3,2.42,6.41,5.17,48.0,Clay Loam,MODERATE_RISK
1,67.7,55.3,21.3,53.3,0.419,2.88,3.33,10.21,8.19,35.0,Residual Soil,HIGH_RISK
6,7.7,63.0,22.5,48.3,0.056,3.27,2.58,3.55,3.48,38.0,Sandy Loam,MODERATE_RISK
6,23.6,89.6,20.3,92.9,0.108,4.16,3.88,6.93,6.29,38.0,Sandy Loam,HIGH_RISK
4,28.4,82.1,21.9,78.8,0.017,4.1,3.5,6.99,6.22,48.0,Clay Loam,HIGH_RISK
3,9.6,44.2,17.9,65.4,0.011,2.17,1.41,2.24,2.15,28.0,Weathered Granite,SAFE
4,47.1,37.8,26.2,73.2,0.084,1.58,1.19,5.69,3.84,48.0,Clay Loam,MODERATE_RISK
2,73.5,39.7,23.7,83.2,0.203,1.99,2.31,10.31,7.01,42.0,Colluvium,HIGH_RISK
2,54.0,57.8,17.2,84.8,0.047,2.84,2.73,8.81,6.73,42.0,Colluvium,MODERATE_RISK
6,33.6,75.8,20.7,93.4,0.124,3.89,3.8,7.82,6.51,38.0,Sandy Loam,MODERATE_RISK
3,8.1,57.7,25.3,64.8,0.049,2.9,2.17,3.56,3.48,28.0,Weathered Granite,MODERATE_RISK
1,8.3,25.1,21.8,57.0,0.074,1.15,1.44,2.57,2.17,35.0,Residual Soil,SAFE
2,82.7,74.3,21.2,77.1,0.355,3.9,3.65,12.29,9.2,42.0,Colluvium,HIGH_RISK
6,0.3,80.4,23.7,64.1,0.291,3.58,3.68,6.33,5.41,38.0,Sandy Loam,HIGH_RISK
5,31.5,41.7,25.4,74.5,0.109,2.07,2.13,5.48,4.28,31.0,Laterite,MODERATE_RISK
6,30.6,69.8,18.3,64.4,0.041,3.14,2.01,6.23,4.55,38.0,Sandy Loam,MODERATE_RISK
2,24.4,52.0,26.2,48.9,0.032,2.42,2.66,6.99,5.35,42.0,Colluvium,MODERATE_RISK
2,115.4,86.7,20.8,67.2,0.462,4.44,5.34,17.07,12.9,42.0,Colluvium,HIGH_RISK
6,9.3,83.4,23.9,80.1,0.034,3.92,3.43,5.7,5.01,38.0,Sandy Loam,HIGH_RISK
1,10.4,59.4,23.9,86.4,0.248,2.69,2.61,4.57,4.57,35.0,Residual Soil,MODERATE_RISK
4,2.1,71.9,21.9,68.6,0.069,4.07,3.44,5.36,5.1,48.0,Clay Loam,MODERATE_RISK
2,14.6,86.3,19.9,49.6,0.637,4.04,5.38,9.06,8.34,42.0,Colluvium,HIGH_RISK
6,7.6,57.2,22.9,64.1,0.069,3.19,2.42,4.68,4.0,38.0,Sandy Loam,MODERATE_RISK
6,10.5,43.5,30.5,85.6,0.065,2.14,1.85,2.84,2.65,38.0,Sandy Loam,SAFE
3,45.0,76.5,18.6,63.9,0.152,3.72,3.71,8.9,7.11,28.0,Weathered Granite,MODERATE_RISK
4,68.5,36.5,30.8,80.4,0.489,1.94,2.57,9.5,7.51,48.0,Clay Loam,MODERATE_RISK
5,5.1,49.1,23.0,69.4,0.561,2.72,3.96,6.78,6.03,31.0,Laterite,MODERATE_RISK
1,11.7,84.9,24.1,54.0,0.184,4.02,3.24,6.89,5.63,35.0,Residual Soil,HIGH_RISK
5,66.0,74.3,19.7,86.2,0.211,3.61,3.24,9.5,7.17,31.0,Laterite,MODERATE_RISK
4,1.6,50.3,20.9,44.9,0.124,2.68,2.36,3.34,3.25,48.0,Clay Loam,SAFE
4,2.4,36.1,22.0,70.4,0.211,1.86,2.28,2.48,2.91,48.0,Clay Loam,SAFE
4,4.4,46.7,19.8,52.1,0.295,2.56,2.72,3.88,3.91,48.0,Clay Loam,SAFE
5,22.6,41.3,23.2,43.9,0.1,2.17,2.07,4.03,3.3,31.0,Laterite,MODERATE_RISK
4,4.1,33.2,22.4,69.2,0.145,2.02,1.84,2.83,2.46,48.0,Clay Loam,SAFE
6,86.1,75.7,31.4,69.0,0.116,3.82,3.24,11.63,8.85,38.0,Sandy Loam,HIGH_RISK
5,14.8,38.9,19.3,81.0,0.124,1.99,2.34,4.93,4.55,31.0,Laterite,MODERATE_RISK
4,17.4,54.1,24.4,83.2,0.331,2.77,2.86,5.53,4.72,48.0,Clay Loam,MODERATE_RISK
6,7.1,48.9,25.0,82.2,0.066,2.42,2.36,4.34,4.03,38.0,Sandy Loam,MODERATE_RISK
3,15.9,93.7,19.7,63.8,0.035,4.85,3.98,7.3,6.08,28.0,Weathered Granite,HIGH_RISK
4,27.1,49.3,26.7,76.6,0.091,2.51,2.11,4.82,3.78,48.0,Clay Loam,MODERATE_RISK
5,34.8,26.0,22.4,73.5,0.035,1.46,0.91,3.31,2.24,31.0,Laterite,SAFE
2,35.0,26.7,14.0,64.5,0.103,1.52,1.18,4.86,3.59,42.0,Colluvium,MODERATE_RISK
4,21.6,64.3,26.6,74.6,0.351,3.3,3.47,7.76,6.36,48.0,Clay Loam,MODERATE_RISK
2,58.7,65.0,19.5,94.9,0.144,3.35,3.07,10.57,7.92,42.0,Colluvium,MODERATE_RISK
6,42.5,51.4,19.8,51.2,0.29,2.37,2.95,8.29,6.69,38.0,Sandy Loam,MODERATE_RISK
3,35.4,52.4,26.8,92.5,0.027,2.51,2.0,6.56,4.81,28.0,Weathered Granite,MODERATE_RISK
1,1.4,24.0,22.6,43.1,0.347,1.37,2.07,3.45,3.12,35.0,Residual Soil,SAFE
3,0.2,58.7,27.7,57.9,0.138,3.22,2.96,4.61,3.98,28.0,Weathered Granite,MODERATE_RISK
4,6.0,57.9,28.8,56.7,0.005,2.51,2.17,3.79,3.59,48.0,Clay Loam,MODERATE_RISK
2,27.2,31.2,21.4,76.3,0.15,1.45,1.8,4.82,4.01,42.0,Colluvium,MODERATE_RISK
2,13.2,27.8,27.2,47.6,0.454,1.39,2.06,4.45,3.77,42.0,Colluvium,MODERATE_RISK
5,12.9,29.3,21.0,91.2,0.012,1.29,0.98,2.24,1.86,31.0,Laterite,SAFE
2,54.0,27.6,32.9,88.1,0.131,1.22,1.74,6.86,4.88,42.0,Colluvium,MODERATE_RISK
5,56.5,65.7,21.2,77.8,0.371,3.38,3.42,9.06,6.87,31.0,Laterite,MODERATE_RISK
6,60.0,34.7,28.1,66.6,0.001,2.05,1.67,7.54,5.42,38.0,Sandy Loam,MODERATE_RISK
1,9.4,38.9,27.4,94.1,0.15,1.54,1.63,2.72,2.6,35.0,Residual Soil,SAFE
4,29.4,33.0,25.3,88.2,0.097,1.62,1.42,4.5,3.81,48.0,Clay Loam,MODERATE_RISK
5,7.9,91.8,21.3,69.0,0.064,4.68,4.41,7.5,6.63,31.0,Laterite,HIGH_RISK
1,5.3,84.1,23.4,80.7,0.148,4.36,3.94,6.63,6.0,35.0,Residual Soil,HIGH_RISK
2,5.1,37.3,15.4,72.9,0.008,1.93,2.02,3.82,3.52,42.0,Colluvium,SAFE
2,10.5,44.6,24.9,74.1,0.21,2.58,2.7,4.78,4.45,42.0,Colluvium,MODERATE_RISK
1,14.1,35.7,25.4,59.2,0.001,1.79,1.57,3.73,2.9,35.0,Residual Soil,SAFE
2,44.4,56.9,24.5,66.8,0.055,3.11,2.48,7.03,5.4,42.0,Colluvium,MODERATE_RISK
6,3.2,21.5,12.1,44.5,0.105,0.95,0.91,0.64,0.73,38.0,Sandy Loam,SAFE
6,33.2,70.4,18.9,60.7,0.071,3.53,3.16,7.66,6.0,38.0,Sandy Loam,MODERATE_RISK
1,19.0,59.2,21.0,80.4,0.055,2.72,2.47,5.37,4.75,35.0,Residual Soil,MODERATE_RISK
5,8.5,87.4,25.2,95.3,0.267,4.55,4.62,8.12,7.19,31.0,Laterite,HIGH_RISK
5,17.0,32.3,25.2,95.9,0.41,1.59,2.62,5.28,4.46,31.0,Laterite,MODERATE_RISK
1,8.9,80.3,23.3,72.2,0.31,4.09,3.8,5.61,5.32,35.0,Residual Soil,HIGH_RISK
5,22.7,79.4,26.5,75.2,0.111,3.91,3.22,6.6,5.58,31.0,Laterite,MODERATE_RISK
5,14.2,29.5,19.9,50.8,0.323,1.59,2.5,5.33,4.4,31.0,Laterite,MODERATE_RISK
6,4.5,49.9,26.4,80.3,0.38,2.57,2.61,4.51,3.86,38.0,Sandy Loam,MODERATE_RISK
5,3.1,32.8,25.9,44.1,0.079,1.44,1.48,2.39,2.49,31.0,Laterite,SAFE
3,19.8,39.1,25.5,56.5,0.05,1.77,1.53,3.05,2.48,28.0,Weathered Granite,SAFE
4,58.2,39.7,23.3,78.8,0.016,1.98,1.89,6.98,4.95,48.0,Clay Loam,MODERATE_RISK
2,10.5,61.7,31.3,58.0,0.098,3.22,2.99,5.56,4.81,42.0,Colluvium,MODERATE_RISK
3,33.0,50.9,26.0,42.9,0.439,2.92,3.45,6.98,6.34,28.0,Weathered Granite,MODERATE_RISK
5,26.9,91.1,20.1,88.2,0.123,4.62,3.85,7.77,6.42,31.0,Laterite,HIGH_RISK
6,67.0,29.5,25.0,58.0,0.165,1.68,1.68,7.9,5.72,38.0,Sandy Loam,MODERATE_RISK
1,43.0,93.0,27.0,43.7,0.018,4.33,3.69,9.55,7.53,35.0,Residual Soil,HIGH_RISK
5,20.9,37.3,21.6,44.3,0.023,2.27,1.19,3.76,2.9,31.0,Laterite,SAFE
6,26.8,78.0,,,0.094,4.02,3.55,7.95,6.73,38.0,Sandy Loam,MODERATE_RISK
4,57.2,45.4,25.5,50.3,0.453,2.26,2.9,9.08,6.55,48.0,Clay Loam,MODERATE_RISK
5,12.8,30.7,14.6,84.9,0.067,1.5,1.46,2.79,2.22,31.0,Laterite,SAFE
1,9.9,84.3,25.2,58.7,0.315,3.99,4.24,6.85,6.41,35.0,Residual Soil,HIGH_RISK
6,0.3,43.2,22.4,86.7,0.019,2.0,1.16,1.3,1.38,38.0,Sandy Loam,SAFE
6,43.8,69.4,26.1,50.1,0.144,3.85,3.44,8.96,7.14,38.0,Sandy Loam,MODERATE_RISK
6,40.4,62.5,27.8,68.6,0.138,2.93,2.8,7.09,5.8,38.0,Sandy Loam,MODERATE_RISK
4,2.8,55.4,24.8,79.9,0.295,2.57,2.97,4.48,4.0,48.0,Clay Loam,MODERATE_RISK
5,21.5,57.2,30.7,77.8,0.0,2.72,2.14,4.94,4.25,31.0,Laterite,MODERATE_RISK
4,15.6,74.9,23.3,74.9,0.032,3.51,2.54,5.88,4.96,48.0,Clay Loam,MODERATE_RISK
2,3.2,26.6,26.5,93.6,0.037,1.33,0.85,1.86,1.59,42.0,Colluvium,SAFE
2,98.5,70.1,27.2,53.3,0.449,3.72,3.91,13.36,10.06,42.0,Colluvium,HIGH_RISK
5,6.0,87.2,23.6,68.6,0.025,4.24,3.63,6.0,5.65,31.0,Laterite,HIGH_RISK
4,1.7,24.3,27.1,91.3,0.006,0.94,0.74,2.07,1.49,48.0,Clay Loam,SAFE
1,22.6,30.5,21.6,44.5,0.115,1.58,1.59,4.5,3.63,35.0,Residual Soil,MODERATE_RISK
6,33.6,73.7,,,0.113,3.67,2.76,6.03,5.35,38.0,Sandy Loam,MODERATE_RISK
6,0.8,52.8,18.8,53.5,0.279,2.84,3.1,4.26,4.23,38.0,Sandy Loam,MODERATE_RISK
5,26.9,50.3,25.0,76.7,0.446,2.42,3.46,6.85,5.8,31.0,Laterite,MODERATE_RISK
2,19.0,30.3,25.3,55.1,0.116,1.46,0.96,3.68,3.15,42.0,Colluvium,SAFE
2,2.7,58.0,28.7,51.0,0.399,2.87,3.33,5.84,5.22,42.0,Colluvium,MODERATE_RISK
6,4.7,29.5,27.2,66.6,0.194,1.49,1.3,2.01,2.14,38.0,Sandy Loam,SAFE
5,21.0,55.7,22.9,75.6,0.046,2.71,2.18,4.63,3.78,31.0,Laterite,MODERATE_RISK
4,8.8,77.3,19.3,54.4,0.396,3.75,3.92,6.61,6.14,48.0,Clay Loam,MODERATE_RISK
2,69.6,39.4,25.7,57.4,0.165,1.6,1.89,8.44,5.9,42.0,Colluvium,MODERATE_RISK
4,42.7,56.1,28.4,75.6,0.08,2.69,2.44,6.59,5.24,48.0,Clay Loam,MODERATE_RISK
2,102.7,94.4,27.0,94.9,0.171,4.86,4.79,15.28,11.44,42.0,Colluvium,HIGH_RISK
2,7.5,71.5,28.3,79.1,0.077,3.75,3.21,4.69,4.8,42.0,Colluvium,MODERATE_RISK
3,87.4,83.1,23.2,85.4,0.018,4.06,3.4,12.73,9.29,28.0,Weathered Granite,HIGH_RISK
2,14.1,51.1,22.1,61.3,0.19,2.81,2.65,4.22,3.64,42.0,Colluvium,MODERATE_RISK
1,10.7,77.6,21.1,55.8,0.261,3.87,3.55,5.3,4.97,35.0,Residual Soil,MODERATE_RISK
5,1.3,23.0,23.8,66.3,0.196,0.88,1.54,2.63,2.46,31.0,Laterite,SAFE
5,1.4,29.2,23.7,86.8,0.039,1.13,1.39,1.58,1.64,31.0,Laterite,SAFE
4,29.4,35.2,24.8,66.5,0.471,2.0,3.22,6.93,5.61,48.0,Clay Loam,MODERATE_RISK
2,15.3,50.1,23.5,89.1,0.004,2.43,2.0,4.26,3.76,42.0,Colluvium,MODERATE_RISK
1,6.4,83.4,23.5,97.3,0.061,3.93,3.03,5.39,5.0,35.0,Residual Soil,HIGH_RISK
4,23.8,46.0,20.9,44.2,0.045,1.85,1.96,4.73,3.49,48.0,Clay Loam,MODERATE_RISK
3,7.3,69.1,27.8,42.6,0.007,3.38,2.9,5.82,4.77,28.0,Weathered Granite,MODERATE_RISK
4,21.5,73.2,24.3,48.7,0.078,3.74,3.83,7.46,6.36,48.0,Clay Loam,MODERATE_RISK
4,11.1,64.0,23.3,62.3,0.146,3.06,2.54,5.29,4.34,48.0,Clay Loam,MODERATE_RISK
2,43.4,46.8,21.0,47.6,0.321,2.13,2.93,8.01,6.38,42.0,Colluvium,MODERATE_RISK
3,43.0,63.3,18.7,90.5,0.686,3.06,4.67,11.51,9.61,28.0,Weathered Granite,MODERATE_RISK
4,16.2,45.7,29.2,41.3,0.248,2.53,2.67,5.83,4.76,48.0,Clay Loam,MODERATE_RISK
1,10.8,26.3,26.2,58.3,0.095,1.04,1.53,3.18,2.99,35.0,Residual Soil,SAFE
1,11.3,94.5,17.5,50.7,0.193,4.6,4.38,7.79,6.57,35.0,Residual Soil,HIGH_RISK
5,41.0,29.5,27.1,94.0,0.278,1.72,1.93,6.04,4.68,31.0,Laterite,MODERATE_RISK
3,9.9,25.4,27.7,78.8,0.094,1.37,1.34,2.67,2.15,28.0,Weathered Granite,SAFE
3,5.9,85.9,24.5,92.9,0.231,4.33,3.87,5.63,5.41,28.0,Weathered Granite,HIGH_RISK
5,2.2,42.6,30.4,96.4,0.099,2.0,1.76,2.41,1.97,31.0,Laterite,SAFE
4,15.7,68.8,24.9,68.8,0.073,3.45,3.19,7.07,5.58,48.0,Clay Loam,MODERATE_RISK
3,16.5,44.7,18.3,53.6,0.112,2.13,2.34,4.23,3.8,28.0,Weathered Granite,MODERATE_RISK
1,46.0,49.4,25.5,51.2,0.169,2.3,2.41,6.97,5.26,35.0,Residual Soil,MODERATE_RISK
1,6.3,39.7,25.0,52.9,0.195,1.77,1.78,3.13,2.7,35.0,Residual Soil,SAFE
2,12.0,45.7,21.6,81.1,0.066,2.44,2.26,4.32,4.09,42.0,Colluvium,MODERATE_RISK
3,41.3,50.8,26.3,42.3,0.127,2.53,2.62,7.43,5.8,28.0,Weathered Granite,MODERATE_RISK
4,43.4,74.0,17.3,43.0,0.361,3.76,3.5,8.49,7.02,48.0,Clay Loam,MODERATE_RISK
5,12.1,58.4,28.0,75.3,0.561,2.95,4.08,7.31,6.27,31.0,Laterite,MODERATE_RISK
5,15.4,90.8,20.5,77.2,0.039,4.63,3.76,7.44,6.08,31.0,Laterite,HIGH_RISK
4,9.0,23.1,20.1,78.6,0.032,1.1,1.26,3.24,2.56,48.0,Clay Loam,SAFE
6,67.4,57.7,23.5,61.6,0.169,2.79,2.85,9.53,6.84,38.0,Sandy Loam,MODERATE_RISK
2,3.2,63.8,25.7,86.7,0.08,3.03,2.81,4.78,4.13,42.0,Colluvium,MODERATE_RISK
5,67.9,89.0,24.7,71.0,0.004,4.17,3.2,9.66,7.44,31.0,Laterite,HIGH_RISK
3,28.8,23.7,21.0,46.1,0.064,0.96,0.96,3.38,2.49,28.0,Weathered Granite,SAFE
2,19.0,63.0,22.0,86.2,0.247,3.08,3.49,6.17,5.51,42.0,Colluvium,MODERATE_RISK
3,0.8,84.0,19.5,95.3,0.239,3.88,3.8,5.74,5.46,28.0,Weathered Granite,HIGH_RISK
1,16.1,38.1,23.1,43.5,0.102,1.63,1.66,3.35,2.6,35.0,Residual Soil,SAFE
2,13.1,85.7,28.3,62.7,0.096,4.49,3.42,5.42,4.77,42.0,Colluvium,HIGH_RISK
5,4.4,21.4,24.0,68.3,0.13,1.11,1.26,2.05,1.42,31.0,Laterite,SAFE
2,26.7,74.9,27.4,48.5,0.037,3.65,2.43,4.92,4.09,42.0,Colluvium,MODERATE_RISK
2,88.6,90.0,29.8,90.3,0.112,4.95,4.14,13.96,10.59,42.0,Colluvium,HIGH_RISK
2,20.6,69.3,21.6,56.5,0.002,3.14,2.54,5.18,4.68,42.0,Colluvium,MODERATE_RISK
6,31.4,52.9,23.3,85.4,0.097,2.84,2.79,7.19,5.75,38.0,Sandy Loam,MODERATE_RISK
2,1.8,23.4,32.7,78.9,0.061,1.15,0.8,1.1,1.33,42.0,Colluvium,SAFE
3,13.5,89.0,29.8,74.7,0.169,4.61,4.31,6.95,6.4,28.0,Weathered Granite,HIGH_RISK
1,3.1,55.3,17.3,51.1,0.153,2.79,3.13,5.53,4.9,35.0,Residual Soil,MODERATE_RISK
4,23.7,22.2,25.5,52.8,0.072,0.74,0.62,2.87,1.91,48.0,Clay Loam,SAFE
2,69.7,71.7,24.0,42.7,0.001,3.6,2.42,10.15,6.82,42.0,Colluvium,MODERATE_RISK
5,27.1,56.1,27.3,54.0,0.044,2.87,2.51,5.7,4.92,31.0,Laterite,MODERATE_RISK
2,2.0,29.3,21.0,60.0,0.151,1.03,0.92,1.32,1.24,42.0,Colluvium,SAFE
5,10.9,36.1,20.6,88.3,0.011,2.19,1.54,3.68,3.26,31.0,Laterite,SAFE
3,20.0,24.8,21.3,61.3,0.017,1.3,1.37,4.16,2.99,28.0,Weathered Granite,MODERATE_RISK
5,12.9,63.1,21.7,83.8,0.156,3.29,3.66,6.6,6.28,31.0,Laterite,MODERATE_RISK
4,44.8,66.7,27.3,65.5,0.211,3.1,2.81,9.47,7.04,48.0,Clay Loam,MODERATE_RISK
1,42.1,57.9,19.3,85.5,0.058,3.03,2.38,6.8,5.13,35.0,Residual Soil,MODERATE_RISK
5,23.7,81.3,21.5,96.6,0.101,4.28,3.6,6.66,5.75,31.0,Laterite,HIGH_RISK
5,11.7,84.6,16.8,53.9,0.437,4.28,4.57,7.29,6.69,31.0,Laterite,HIGH_RISK
1,7.4,66.2,28.0,90.0,0.437,3.31,4.54,7.26,6.61,35.0,Residual Soil,MODERATE_RISK
4,2.8,21.0,29.1,76.1,0.055,0.87,0.7,2.03,1.46,48.0,Clay Loam,SAFE
2,11.0,72.1,22.7,87.4,0.249,3.56,3.48,6.01,4.99,42.0,Colluvium,MODERATE_RISK
5,13.3,51.3,22.8,77.8,0.135,2.46,2.86,6.14,4.95,31.0,Laterite,MODERATE_RISK
1,28.2,62.4,25.8,64.6,0.556,3.23,4.43,9.12,7.9,35.0,Residual Soil,MODERATE_RISK
3,26.8,68.7,29.9,53.2,0.097,3.27,3.2,7.49,5.92,28.0,Weathered Granite,MODERATE_RISK
1,1.8,46.3,25.6,44.1,0.224,2.43,2.34,3.85,3.14,35.0,Residual Soil,SAFE
3,12.6,88.8,21.2,71.1,0.219,4.27,3.91,7.06,5.98,28.0,Weathered Granite,HIGH_RISK
4,5.0,30.0,17.5,97.4,0.103,1.45,1.16,2.52,2.07,48.0,Clay Loam,SAFE
2,4.3,70.4,19.5,82.8,0.238,3.64,3.87,5.87,5.31,42.0,Colluvium,MODERATE_RISK
1,43.9,20.3,24.3,59.0,0.045,0.87,1.2,5.03,3.56,35.0,Residual Soil,MODERATE_RISK
6,1.1,89.3,21.4,88.0,0.02,4.6,3.56,5.6,4.98,38.0,Sandy Loam,HIGH_RISK
5,13.6,28.4,24.8,84.6,0.083,1.53,1.36,4.1,3.34,31.0,Laterite,MODERATE_RISK
4,4.6,27.1,21.8,56.3,0.431,1.3,2.24,2.96,2.99,48.0,Clay Loam,SAFE
1,52.9,45.0,19.8,40.8,0.104,2.48,1.83,5.96,4.93,35.0,Residual Soil,MODERATE_RISK
5,20.4,48.0,19.3,46.9,0.151,2.42,2.19,4.79,3.89,31.0,Laterite,MODERATE_RISK
1,6.6,36.1,30.2,90.9,0.147,2.03,2.3,4.49,3.79,35.0,Residual Soil,MODERATE_RISK
3,17.5,63.9,27.6,88.5,0.021,3.55,2.64,5.39,4.79,28.0,Weathered Granite,MODERATE_RISK
1,32.9,53.2,,,0.074,2.61,2.34,5.56,4.58,35.0,Residual Soil,MODERATE_RISK
6,79.3,22.6,26.2,56.5,0.184,1.26,1.17,8.14,5.28,38.0,Sandy Loam,HIGH_RISK
1,6.2,44.0,22.3,86.0,0.536,2.07,3.22,4.46,4.4,35.0,Residual Soil,MODERATE_RISK
1,54.3,80.8,29.3,94.4,0.028,3.83,2.98,9.13,7.05,35.0,Residual Soil,HIGH_RISK
6,68.1,71.7,23.9,85.2,0.079,3.55,2.71,9.36,6.61,38.0,Sandy Loam,MODERATE_RISK
4,62.0,74.4,24.9,75.1,0.015,3.45,3.04,9.48,7.08,48.0,Clay Loam,MODERATE_RISK
1,25.2,72.4,23.8,54.1,0.042,3.43,3.12,6.91,5.74,35.0,Residual Soil,MODERATE_RISK
6,24.8,43.3,12.2,70.5,0.071,2.28,1.75,4.71,3.99,38.0,Sandy Loam,MODERATE_RISK
5,12.9,27.5,30.4,53.5,0.117,1.27,1.3,2.71,2.42,31.0,Laterite,SAFE
3,34.9,40.4,26.0,86.9,0.039,2.16,1.86,6.1,4.48,28.0,Weathered Granite,MODERATE_RISK
3,18.9,82.4,25.3,62.4,0.039,4.18,2.92,6.29,5.09,28.0,Weathered Granite,HIGH_RISK
1,28.3,93.5,23.8,88.4,0.226,5.05,4.3,7.83,7.01,35.0,Residual Soil,HIGH_RISK
4,14.0,57.0,24.7,62.1,0.493,2.95,4.22,7.33,6.02,48.0,Clay Loam,MODERATE_RISK
4,32.9,20.7,21.6,87.8,0.059,1.26,0.87,3.4,2.31,48.0,Clay Loam,SAFE
5,43.5,30.5,26.5,59.3,0.175,1.61,2.19,6.13,5.05,31.0,Laterite,MODERATE_RISK
1,4.0,44.2,18.8,65.5,0.045,2.27,1.55,2.91,2.58,35.0,Residual Soil,SAFE
3,44.7,63.4,24.7,75.7,0.395,3.4,4.1,9.52,7.61,28.0,Weathered Granite,MODERATE_RISK
4,19.4,25.6,26.2,44.1,0.168,1.41,1.54,3.79,2.8,48.0,Clay Loam,SAFE
1,46.6,90.8,23.2,95.0,0.243,4.58,4.34,9.9,8.28,35.0,Residual Soil,HIGH_RISK
4,14.1,47.4,25.5,73.3,0.008,2.41,2.51,5.08,4.32,48.0,Clay Loam,MODERATE_RISK
6,11.9,88.4,20.0,69.5,0.137,4.53,3.66,6.78,5.85,38.0,Sandy Loam,HIGH_RISK
4,61.6,78.5,20.1,88.7,0.112,3.79,3.55,11.34,8.65,48.0,Clay Loam,HIGH_RISK
3,7.2,76.7,24.9,90.2,0.052,3.69,3.27,5.39,4.9,28.0,Weathered Granite,MODERATE_RISK
2,46.5,65.5,26.7,70.3,0.046,3.56,3.99,8.98,7.4,42.0,Colluvium,MODERATE_RISK
5,16.5,67.0,16.5,93.8,0.13,3.72,3.04,5.63,4.63,31.0,Laterite,MODERATE_RISK
5,18.0,67.9,26.1,43.8,0.184,3.21,2.93,6.26,5.02,31.0,Laterite,MODERATE_RISK
3,9.2,67.2,21.8,46.6,0.005,3.23,2.84,4.61,4.34,28.0,Weathered Granite,MODERATE_RISK
4,21.3,61.5,23.2,74.6,0.126,3.3,2.96,5.4,4.83,48.0,Clay Loam,MODERATE_RISK
1,9.8,94.0,18.6,60.5,0.028,4.81,3.79,6.09,5.63,35.0,Residual Soil,HIGH_RISK
4,1.0,74.9,20.6,66.9,0.023,3.88,3.46,5.0,4.61,48.0,Clay Loam,MODERATE_RISK
3,7.9,78.3,27.9,59.0,0.146,4.09,3.63,5.54,5.29,28.0,Weathered Granite,MODERATE_RISK
5,0.2,85.4,24.1,63.5,0.056,4.22,3.28,5.04,4.59,31.0,Laterite,HIGH_RISK
4,95.8,36.2,22.5,87.7,0.087,1.88,1.98,10.59,7.6,48.0,Clay Loam,HIGH_RISK
5,84.3,26.3,23.5,74.4,0.067,1.37,1.41,9.25,6.11,31.0,Laterite,HIGH_RISK
1,12.6,56.2,26.0,97.8,0.157,2.64,2.49,4.52,3.85,35.0,Residual Soil,MODERATE_RISK
5,32.6,58.6,25.8,85.6,0.095,2.99,2.57,6.74,5.3,31.0,Laterite,MODERATE_RISK
5,10.6,82.2,23.7,55.9,0.496,4.36,4.7,7.65,7.11,31.0,Laterite,HIGH_RISK
2,27.8,53.3,28.4,55.3,0.065,2.6,2.49,5.39,4.47,42.0,Colluvium,MODERATE_RISK
2,40.9,62.8,27.9,59.5,0.202,3.17,3.03,7.55,6.05,42.0,Colluvium,MODERATE_RISK
6,73.3,59.5,25.7,88.9,0.045,3.02,2.32,8.53,6.2,38.0,Sandy Loam,HIGH_RISK
2,12.8,22.9,24.2,41.6,0.107,1.09,0.81,3.13,2.34,42.0,Colluvium,SAFE
5,38.2,66.1,26.6,53.4,0.121,3.44,3.23,7.97,6.38,31.0,Laterite,MODERATE_RISK
3,7.7,82.1,25.3,92.5,0.06,3.97,3.2,5.02,4.46,28.0,Weathered Granite,HIGH_RISK
5,116.0,31.8,28.2,77.1,0.096,1.86,1.17,10.85,7.12,31.0,Laterite,HIGH_RISK
3,0.7,64.6,27.6,53.2,0.049,3.36,2.47,2.54,2.79,28.0,Weathered Granite,MODERATE_RISK
3,23.1,64.5,19.9,52.7,0.001,3.04,2.36,6.11,5.32,28.0,Weathered Granite,MODERATE_RISK
2,26.9,32.3,19.7,90.0,0.036,1.95,1.61,5.24,3.83,42.0,Colluvium,MODERATE_RISK
4,29.1,29.3,21.2,91.8,0.181,1.5,1.67,4.89,3.6,48.0,Clay Loam,MODERATE_RISK
1,3.2,93.5,27.9,54.9,0.221,4.53,4.17,6.67,6.14,35.0,Residual Soil,HIGH_RISK
2,69.7,49.5,17.7,64.4,0.049,2.7,1.86,7.73,5.37,42.0,Colluvium,MODERATE_RISK
2,5.0,37.1,25.6,88.4,0.079,1.95,1.53,2.1,1.81,42.0,Colluvium,SAFE
4,24.4,32.8,25.5,84.7,0.006,1.29,1.41,3.22,2.35,48.0,Clay Loam,SAFE
1,6.3,70.1,28.7,87.2,0.041,3.4,3.15,5.15,4.51,35.0,Residual Soil,MODERATE_RISK
5,9.2,65.7,,,0.227,3.34,3.53,6.56,5.55,31.0,Laterite,MODERATE_RISK
6,19.8,68.3,18.6,92.9,0.14,2.98,2.95,5.82,4.71,38.0,Sandy Loam,MODERATE_RISK
6,13.5,26.6,20.2,58.9,0.035,1.35,1.46,3.44,2.74,38.0,Sandy Loam,SAFE
5,4.4,87.0,19.3,49.1,0.045,4.38,3.3,5.79,4.65,31.0,Laterite,HIGH_RISK
2,4.7,49.2,21.8,81.1,0.255,2.22,2.55,3.39,3.41,42.0,Colluvium,SAFE
1,13.5,43.5,23.3,71.3,0.035,2.23,1.55,4.33,3.26,35.0,Residual Soil,MODERATE_RISK
2,35.4,54.7,19.3,89.6,0.061,2.74,2.04,6.47,4.82,42.0,Colluvium,MODERATE_RISK
3,57.1,49.3,29.9,44.7,0.164,2.23,2.39,8.41,6.36,28.0,Weathered Granite,MODERATE_RISK
2,2.2,84.8,18.7,88.9,0.124,4.42,4.19,6.92,6.32,42.0,Colluvium,HIGH_RISK
2,12.5,89.7,29.4,57.0,0.093,4.65,3.94,7.4,6.28,42.0,Colluvium,HIGH_RISK
5,2.6,42.8,28.7,78.0,0.345,2.08,3.19,5.14,4.77,31.0,Laterite,MODERATE_RISK
5,0.4,84.8,27.6,42.3,0.037,4.2,3.53,6.04,5.7,31.0,Laterite,HIGH_RISK
5,27.1,78.6,21.2,75.4,0.203,4.08,3.64,7.4,6.06,31.0,Laterite,MODERATE_RISK
6,23.1,89.8,25.4,81.6,0.026,4.45,3.31,7.04,6.03,38.0,Sandy Loam,HIGH_RISK
3,4.4,38.4,18.9,61.4,0.143,1.53,1.96,3.95,3.13,28.0,Weathered Granite,SAFE
5,6.7,63.3,27.6,52.5,0.307,3.26,3.57,4.55,4.75,31.0,Laterite,MODERATE_RISK
1,0.6,40.6,23.7,71.2,0.092,1.87,1.97,3.22,2.77,35.0,Residual Soil,SAFE
6,45.0,81.8,22.4,88.3,0.193,4.01,2.99,8.45,6.41,38.0,Sandy Loam,HIGH_RISK
4,91.9,20.4,19.1,58.8,0.258,1.31,1.9,9.35,6.79,48.0,Clay Loam,HIGH_RISK
1,3.6,62.4,14.1,54.6,0.022,3.09,2.38,4.0,3.73,35.0,Residual Soil,MODERATE_RISK
1,6.6,45.4,19.8,56.2,0.184,2.27,1.95,3.06,2.68,35.0,Residual Soil,SAFE
5,50.7,44.2,28.5,95.0,0.379,2.31,2.97,8.71,6.74,31.0,Laterite,MODERATE_RISK
4,65.2,68.4,22.4,60.8,0.129,3.52,3.53,10.46,7.9,48.0,Clay Loam,HIGH_RISK
4,13.6,83.9,23.3,40.2,0.031,4.01,3.98,6.58,5.62,48.0,Clay Loam,HIGH_RISK
6,1.3,65.7,26.6,85.3,0.02,3.27,2.75,4.78,4.28,38.0,Sandy Loam,MODERATE_RISK
4,1.0,84.0,31.2,80.6,0.045,4.21,3.29,4.81,4.46,48.0,Clay Loam,HIGH_RISK
3,21.3,39.8,29.3,47.5,0.016,2.04,1.45,4.01,2.94,28.0,Weathered Granite,MODERATE_RISK
5,12.5,59.0,20.1,97.1,0.108,3.01,3.02,6.19,5.48,31.0,Laterite,MODERATE_RISK
4,0.7,53.8,16.2,75.3,0.011,3.21,2.3,3.05,2.8,48.0,Clay Loam,SAFE
6,21.9,20.9,33.4,69.0,0.038,0.81,0.95,3.18,2.41,38.0,Sandy Loam,SAFE
3,0.3,61.8,33.1,62.2,0.087,3.29,2.98,4.25,4.26,28.0,Weathered Granite,MODERATE_RISK
2,38.7,69.6,24.8,92.1,0.096,3.72,3.32,7.94,6.37,42.0,Colluvium,MODERATE_RISK
2,9.1,64.4,18.9,54.1,0.125,3.32,2.56,5.65,4.52,42.0,Colluvium,MODERATE_RISK
3,1.0,75.2,27.9,56.6,0.183,3.63,3.35,5.33,4.93,28.0,Weathered Granite,MODERATE_RISK
6,22.2,62.9,23.6,47.1,0.007,3.48,2.37,5.49,4.57,38.0,Sandy Loam,MODERATE_RISK
3,12.7,25.0,23.5,84.0,0.013,0.81,0.51,2.04,1.65,28.0,Weathered Granite,SAFE
5,91.1,28.7,27.6,74.5,0.009,1.3,1.34,9.51,6.75,31.0,Laterite,HIGH_RISK
5,19.6,64.7,25.3,75.3,0.083,3.47,3.39,5.74,5.05,31.0,Laterite,MODERATE_RISK
2,8.0,40.6,19.3,52.7,0.006,1.96,1.65,4.26,3.42,42.0,Colluvium,MODERATE_RISK
4,30.9,26.0,22.7,77.8,0.206,1.62,1.74,4.35,3.23,48.0,Clay Loam,MODERATE_RISK
6,7.9,52.2,26.6,84.4,0.038,2.31,2.44,5.16,4.45,38.0,Sandy Loam,MODERATE_RISK
2,58.6,61.6,26.0,60.8,0.42,2.86,3.37,10.05,7.75,42.0,Colluvium,MODERATE_RISK
4,11.7,44.7,25.0,86.5,0.1,2.13,1.66,3.52,2.91,48.0,Clay Loam,SAFE
4,20.0,74.0,27.7,60.2,0.089,3.78,3.5,6.7,5.65,48.0,Clay Loam,MODERATE_RISK
5,1.3,68.3,22.6,84.0,0.227,3.37,3.51,6.67,5.69,31.0,Laterite,MODERATE_RISK
1,13.9,45.0,24.7,42.0,0.187,2.15,2.12,4.59,3.86,35.0,Residual Soil,MODERATE_RISK
1,44.6,76.6,10.5,72.0,0.14,4.11,3.74,9.19,7.19,35.0,Residual Soil,MODERATE_RISK
3,41.0,68.7,22.2,96.2,0.41,3.74,4.35,9.54,7.84,28.0,Weathered Granite,MODERATE_RISK
5,6.4,67.8,27.1,96.9,0.082,3.31,2.96,4.62,4.26,31.0,Laterite,MODERATE_RISK
4,6.4,61.5,22.4,56.3,0.248,2.73,3.07,5.14,4.31,48.0,Clay Loam,MODERATE_RISK
6,42.5,20.9,22.1,65.6,0.072,0.61,0.55,3.76,2.32,38.0,Sandy Loam,MODERATE_RISK
1,66.6,72.2,19.8,43.7,0.273,3.66,3.9,11.52,8.73,35.0,Residual Soil,HIGH_RISK
4,2.5,48.2,28.0,90.7,0.045,2.54,2.17,3.13,3.28,48.0,Clay Loam,SAFE
1,14.9,90.7,26.2,73.0,0.051,4.55,3.65,7.17,5.96,35.0,Residual Soil,HIGH_RISK
1,10.3,81.3,27.3,62.3,0.17,4.05,3.68,6.84,5.93,35.0,Residual Soil,HIGH_RISK
1,51.1,64.1,17.1,46.5,0.036,3.04,2.51,7.83,5.74,35.0,Residual Soil,MODERATE_RISK
6,2.2,38.9,23.4,94.9,0.039,2.08,1.35,2.49,2.01,38.0,Sandy Loam,SAFE
5,5.9,35.3,22.9,70.8,0.055,2.1,1.65,3.26,2.49,31.0,Laterite,SAFE
6,34.9,45.5,22.9,56.4,0.17,1.83,1.99,5.05,4.16,38.0,Sandy Loam,MODERATE_RISK
2,1.3,55.7,21.5,60.3,0.33,2.77,2.8,5.17,4.24,42.0,Colluvium,MODERATE_RISK
4,17.0,42.2,22.6,55.7,0.168,1.92,1.85,4.01,3.51,48.0,Clay Loam,MODERATE_RISK
5,14.6,58.6,27.4,74.9,0.264,2.63,3.61,6.93,6.06,31.0,Laterite,MODERATE_RISK
5,10.2,32.4,16.3,93.9,0.118,1.39,1.13,2.87,2.27,31.0,Laterite,SAFE
5,12.5,93.3,,,0.011,4.74,3.71,5.32,5.24,31.0,Laterite,HIGH_RISK
5,18.9,28.1,25.9,66.7,0.016,1.49,0.99,2.67,2.72,31.0,Laterite,SAFE
6,4.4,89.9,23.8,87.9,0.121,4.79,4.16,7.01,6.38,38.0,Sandy Loam,HIGH_RISK
5,21.2,88.5,27.6,64.5,0.06,4.43,3.48,6.95,5.69,31.0,Laterite,HIGH_RISK
3,40.9,59.4,18.2,54.6,0.037,2.62,2.13,6.81,5.45,28.0,Weathered Granite,MODERATE_RISK
4,35.7,74.4,21.3,97.0,0.094,3.67,3.0,7.4,5.98,48.0,Clay Loam,MODERATE_RISK
5,4.2,52.7,23.5,57.6,0.165,2.36,2.7,5.0,4.77,31.0,Laterite,MODERATE_RISK
4,4.0,67.3,29.5,58.8,0.073,3.12,2.74,4.49,3.96,48.0,Clay Loam,MODERATE_RISK
3,7.8,45.5,23.8,97.4,0.243,2.39,2.34,4.85,4.34,28.0,Weathered Granite,MODERATE_RISK
3,11.2,42.6,25.8,47.8,0.201,2.17,2.59,4.29,3.87,28.0,Weathered Granite,MODERATE_RISK
4,13.1,63.4,21.6,84.1,0.199,3.29,2.94,5.39,5.24,48.0,Clay Loam,MODERATE_RISK
1,28.5,57.4,25.9,94.3,0.632,2.8,3.67,7.49,6.27,35.0,Residual Soil,MODERATE_RISK
2,1.5,63.5,30.7,69.7,0.052,3.33,2.82,4.54,4.73,42.0,Colluvium,MODERATE_RISK
1,0.9,41.5,28.0,40.1,0.155,1.99,2.63,3.88,3.73,35.0,Residual Soil,SAFE
1,12.4,47.5,23.7,61.8,0.29,2.6,2.4,4.48,4.06,35.0,Residual Soil,MODERATE_RISK
6,29.9,26.3,26.7,46.5,0.13,1.38,1.09,3.67,3.09,38.0,Sandy Loam,SAFE
1,5.4,23.9,26.3,64.1,0.234,1.15,1.85,2.98,2.56,35.0,Residual Soil,SAFE
5,25.6,39.0,26.0,85.8,0.08,1.99,1.64,4.5,3.71,31.0,Laterite,MODERATE_RISK
6,7.5,25.6,28.4,65.4,0.134,1.28,1.61,2.0,1.95,38.0,Sandy Loam,SAFE
6,54.3,27.8,28.4,65.1,0.009,1.71,1.14,4.9,3.54,38.0,Sandy Loam,MODERATE_RISK
3,56.5,81.0,23.5,72.3,0.638,4.1,5.24,12.41,10.08,28.0,Weathered Granite,HIGH_RISK
1,8.8,22.9,26.6,73.7,0.241,1.14,2.16,2.56,2.73,35.0,Residual Soil,SAFE
3,6.5,69.4,22.5,89.7,0.305,3.42,3.29,5.36,4.97,28.0,Weathered Granite,MODERATE_RISK
4,13.2,40.4,20.3,57.9,0.178,2.19,2.59,4.75,4.03,48.0,Clay Loam,MODERATE_RISK
2,6.9,85.4,22.9,87.7,0.031,4.41,3.82,6.55,5.86,42.0,Colluvium,HIGH_RISK
6,27.9,56.4,23.7,72.8,0.005,2.77,1.78,4.57,3.17,38.0,Sandy Loam,MODERATE_RISK
4,43.7,42.9,17.4,57.4,0.3,1.91,2.6,8.18,6.41,48.0,Clay Loam,MODERATE_RISK
4,28.0,58.8,27.4,57.1,0.076,2.76,2.46,6.35,5.38,48.0,Clay Loam,MODERATE_RISK
5,43.5,48.6,12.9,60.9,0.046,2.39,2.08,5.84,4.58,31.0,Laterite,MODERATE_RISK
2,12.6,62.3,34.9,76.1,0.124,3.38,3.18,5.64,4.65,42.0,Colluvium,MODERATE_RISK
4,4.2,28.6,30.0,53.4,0.082,1.38,1.24,2.96,2.54,48.0,Clay Loam,SAFE
4,33.5,94.8,23.0,93.4,0.158,4.62,4.19,8.62,7.11,48.0,Clay Loam,HIGH_RISK
2,11.2,51.9,24.0,73.3,0.099,2.24,2.16,4.11,3.58,42.0,Colluvium,MODERATE_RISK
2,27.8,46.1,25.2,93.4,0.179,2.61,2.85,7.2,5.88,42.0,Colluvium,MODERATE_RISK
4,7.9,73.3,21.6,42.7,0.288,3.78,3.43,5.51,5.13,48.0,Clay Loam,MODERATE_RISK
2,2.1,47.3,24.8,59.9,0.033,2.52,2.5,4.48,4.15,42.0,Colluvium,MODERATE_RISK
4,122.6,82.5,23.4,41.3,0.06,4.32,3.29,14.29,10.25,48.0,Clay Loam,HIGH_RISK
4,4.2,54.1,23.6,55.8,0.086,2.67,2.62,2.82,3.04,48.0,Clay Loam,SAFE
5,111.5,74.0,24.7,90.0,0.491,3.72,4.47,16.24,12.13,31.0,Laterite,HIGH_RISK
1,94.6,28.1,18.7,42.1,0.068,1.7,1.18,9.56,6.31,35.0,Residual Soil,HIGH_RISK
4,39.5,83.5,24.2,65.3,0.072,4.21,3.74,9.02,7.14,48.0,Clay Loam,HIGH_RISK
3,26.9,75.2,24.7,46.8,0.159,3.88,3.3,6.56,5.68,28.0,Weathered Granite,MODERATE_RISK
6,21.6,35.9,24.5,64.2,0.082,1.97,2.14,4.43,3.5,38.0,Sandy Loam,MODERATE_RISK
1,50.3,30.9,23.1,88.7,0.453,1.67,2.48,8.32,6.22,35.0,Residual Soil,MODERATE_RISK
1,8.5,43.7,28.6,76.1,0.337,2.16,2.29,4.24,3.41,35.0,Residual Soil,MODERATE_RISK
1,15.8,93.2,22.6,82.7,0.108,4.65,4.5,7.96,6.92,35.0,Residual Soil,HIGH_RISK
5,24.1,39.3,24.9,60.2,0.155,2.12,2.22,5.37,4.23,31.0,Laterite,MODERATE_RISK
4,13.2,54.2,29.2,94.8,0.009,2.87,2.58,5.68,4.5,48.0,Clay Loam,MODERATE_RISK
5,13.9,22.3,23.7,81.1,0.178,1.35,1.36,3.51,3.01,31.0,Laterite,SAFE
4,10.0,49.8,24.9,64.5,0.184,2.6,2.06,3.65,3.42,48.0,Clay Loam,SAFE
5,20.8,62.8,23.6,64.7,0.067,3.26,3.31,5.93,5.48,31.0,Laterite,MODERATE_RISK
5,47.5,91.5,28.9,93.3,0.037,4.49,3.7,9.64,7.6,31.0,Laterite,HIGH_RISK
6,5.6,58.8,23.0,73.4,0.37,2.82,3.51,5.25,4.82,38.0,Sandy Loam,MODERATE_RISK
3,68.1,81.4,29.1,81.0,0.083,4.23,3.83,10.6,8.44,28.0,Weathered Granite,HIGH_RISK
5,29.2,61.0,23.6,64.2,0.159,2.94,2.73,7.09,5.64,31.0,Laterite,MODERATE_RISK
6,43.3,23.1,20.6,53.0,0.005,1.15,1.0,5.4,3.76,38.0,Sandy Loam,MODERATE_RISK
2,20.3,43.6,26.7,82.0,0.08,2.46,2.69,5.85,4.35,42.0,Colluvium,MODERATE_RISK
3,37.8,63.2,22.8,75.3,0.255,3.4,3.48,7.62,6.46,28.0,Weathered Granite,MODERATE_RISK
5,0.4,91.3,26.5,69.1,0.074,4.63,4.21,7.24,6.57,31.0,Laterite,HIGH_RISK
1,42.6,84.4,13.1,76.2,0.139,4.16,3.15,8.65,6.76,35.0,Residual Soil,HIGH_RISK
2,1.0,37.1,24.0,52.1,0.035,1.83,1.91,2.79,2.79,42.0,Colluvium,SAFE
2,55.2,36.5,22.2,86.0,0.081,2.0,1.39,6.24,4.56,42.0,Colluvium,MODERATE_RISK
6,120.6,35.1,19.7,95.0,0.394,1.75,2.88,14.01,9.71,38.0,Sandy Loam,HIGH_RISK
2,8.7,89.2,21.8,91.7,0.125,4.35,3.97,6.41,5.79,42.0,Colluvium,HIGH_RISK
3,5.9,83.9,21.7,58.6,0.348,4.44,4.57,8.43,7.14,28.0,Weathered Granite,HIGH_RISK
5,36.2,78.1,23.8,63.5,0.348,3.94,4.17,8.96,7.75,31.0,Laterite,MODERATE_RISK
5,7.3,49.5,18.5,86.9,0.433,2.36,3.11,4.72,4.58,31.0,Laterite,MODERATE_RISK
1,50.2,57.8,25.3,74.5,0.339,2.99,3.16,9.55,7.15,35.0,Residual Soil,MODERATE_RISK
6,2.7,54.8,29.5,71.8,0.0,2.93,2.28,3.35,3.27,38.0,Sandy Loam,SAFE
1,3.4,39.0,25.1,93.7,0.408,1.75,3.29,5.6,5.06,35.0,Residual Soil,MODERATE_RISK
2,96.8,57.9,27.2,71.1,0.022,2.85,2.74,12.19,8.55,42.0,Colluvium,HIGH_RISK
1,28.0,22.3,28.4,69.9,0.006,1.07,0.61,3.13,2.21,35.0,Residual Soil,SAFE
3,46.9,29.9,28.9,42.4,0.009,1.59,1.38,5.34,4.07,28.0,Weathered Granite,MODERATE_RISK
5,9.8,86.5,31.5,44.0,0.064,4.45,3.78,6.43,5.94,31.0,Laterite,HIGH_RISK
2,28.2,76.4,22.0,40.4,0.145,3.71,3.36,6.71,6.17,42.0,Colluvium,MODERATE_RISK
1,22.5,51.7,21.1,93.0,0.077,2.29,1.76,4.43,3.56,35.0,Residual Soil,MODERATE_RISK
6,23.1,58.8,27.1,63.7,0.004,3.15,2.67,6.24,5.03,38.0,Sandy Loam,MODERATE_RISK
3,28.7,47.7,26.8,67.2,0.097,2.16,2.27,6.56,5.18,28.0,Weathered Granite,MODERATE_RISK
3,21.4,75.6,27.1,89.0,0.088,3.83,3.08,5.79,4.98,28.0,Weathered Granite,MODERATE_RISK
1,14.0,78.8,31.6,75.3,0.212,3.91,4.35,7.52,6.57,35.0,Residual Soil,MODERATE_RISK
5,8.1,77.2,24.0,75.4,0.049,3.89,3.72,5.97,5.26,31.0,Laterite,MODERATE_RISK
1,36.6,74.2,25.7,57.2,0.037,4.04,3.51,8.33,6.07,35.0,Residual Soil,MODERATE_RISK
2,6.4,35.3,20.1,88.4,0.044,2.37,1.66,2.24,2.32,42.0,Colluvium,SAFE
1,29.5,45.3,32.5,49.6,0.054,1.94,1.83,4.64,3.37,35.0,Residual Soil,MODERATE_RISK
3,6.6,55.2,22.7,43.1,0.137,2.96,2.86,3.97,3.64,28.0,Weathered Granite,MODERATE_RISK
1,24.5,44.8,22.8,51.1,0.096,2.21,2.21,4.56,3.9,35.0,Residual Soil,MODERATE_RISK
5,34.4,76.6,22.6,55.5,0.062,4.04,3.9,8.27,6.85,31.0,Laterite,MODERATE_RISK
6,6.2,44.7,21.4,56.4,0.07,2.43,2.1,4.48,4.17,38.0,Sandy Loam,MODERATE_RISK
4,1.5,30.4,21.1,78.9,0.07,1.8,2.26,3.68,3.04,48.0,Clay Loam,SAFE
1,3.5,49.9,,,0.539,2.55,3.78,5.98,5.93,35.0,Residual Soil,MODERATE_RISK
5,23.3,93.5,18.5,79.2,0.04,4.5,3.63,7.98,6.88,31.0,Laterite,HIGH_RISK
5,47.3,36.9,20.9,45.3,0.256,2.03,3.11,8.64,6.92,31.0,Laterite,MODERATE_RISK
6,1.2,65.9,31.8,48.5,0.185,3.32,3.46,5.52,5.33,38.0,Sandy Loam,MODERATE_RISK
3,33.1,52.5,26.9,69.5,0.001,2.58,1.93,5.31,4.23,28.0,Weathered Granite,MODERATE_RISK
5,10.4,25.3,27.7,93.5,0.748,1.17,3.21,5.33,4.46,31.0,Laterite,MODERATE_RISK
5,16.3,56.6,28.7,89.9,0.212,3.03,3.25,5.52,5.04,31.0,Laterite,MODERATE_RISK
5,66.1,72.7,31.3,96.2,0.172,3.96,3.64,10.45,7.79,31.0,Laterite,MODERATE_RISK
5,10.1,58.5,16.9,77.7,0.078,2.69,2.43,4.31,3.7,31.0,Laterite,MODERATE_RISK
2,15.7,85.4,19.1,79.2,0.122,4.39,3.63,6.87,5.92,42.0,Colluvium,HIGH_RISK
2,0.3,41.7,20.8,76.3,0.044,2.01,1.23,1.85,1.54,42.0,Colluvium,SAFE
3,2.1,26.5,22.1,76.1,0.005,1.03,0.87,1.29,1.4,28.0,Weathered Granite,SAFE
1,7.5,90.2,22.8,48.5,0.271,4.54,4.49,6.88,6.33,35.0,Residual Soil,HIGH_RISK
5,0.7,48.4,22.2,71.5,0.34,2.25,2.98,4.73,4.41,31.0,Laterite,MODERATE_RISK
6,24.9,63.2,24.9,62.4,0.027,2.84,2.18,5.01,4.09,38.0,Sandy Loam,MODERATE_RISK
1,13.9,79.4,24.1,65.7,0.232,3.81,3.34,6.3,5.48,35.0,Residual Soil,MODERATE_RISK
6,19.9,44.3,21.1,70.4,0.203,2.01,1.93,3.53,2.91,38.0,Sandy Loam,SAFE
1,4.8,73.7,15.3,47.4,0.029,3.56,3.25,5.43,4.65,35.0,Residual Soil,MODERATE_RISK
3,8.8,30.2,20.0,60.9,0.082,1.24,1.04,2.64,2.07,28.0,Weathered Granite,SAFE
5,27.3,41.8,21.8,43.7,0.082,2.01,1.72,5.07,3.71,31.0,Laterite,MODERATE_RISK
5,84.0,30.9,23.0,96.8,0.214,1.4,1.67,9.13,6.59,31.0,Laterite,HIGH_RISK
4,1.3,80.8,19.5,46.9,0.273,4.12,3.93,6.46,5.57,48.0,Clay Loam,HIGH_RISK
6,55.3,36.7,22.0,55.0,0.015,1.95,1.4,5.89,4.7,38.0,Sandy Loam,MODERATE_RISK
1,21.5,73.8,19.5,91.7,0.124,3.74,3.1,6.33,5.41,35.0,Residual Soil,MODERATE_RISK
1,20.7,90.7,23.5,68.0,0.215,4.49,4.66,8.55,7.47,35.0,Residual Soil,HIGH_RISK
2,17.3,59.6,19.7,47.9,0.231,2.93,3.24,6.76,5.57,42.0,Colluvium,MODERATE_RISK
4,1.8,60.5,20.6,62.3,0.024,2.86,2.73,3.23,3.43,48.0,Clay Loam,MODERATE_RISK
2,2.4,54.6,18.8,46.7,0.112,2.57,2.83,3.91,3.72,42.0,Colluvium,SAFE
2,23.0,44.4,23.4,51.6,0.292,2.36,2.06,5.8,4.57,42.0,Colluvium,MODERATE_RISK
2,10.4,55.7,20.5,43.0,0.058,2.43,2.22,2.95,3.05,42.0,Colluvium,MODERATE_RISK
6,62.3,65.2,27.6,65.4,0.083,3.24,2.67,9.4,7.11,38.0,Sandy Loam,MODERATE_RISK
6,13.0,93.9,25.6,86.8,0.245,4.63,4.77,7.84,7.34,38.0,Sandy Loam,HIGH_RISK
3,3.9,90.3,23.7,74.0,0.014,4.63,3.52,5.72,5.3,28.0,Weathered Granite,HIGH_RISK
3,31.4,84.7,20.8,75.2,0.294,3.95,3.73,8.81,6.96,28.0,Weathered Granite,HIGH_RISK
2,8.7,86.7,25.5,51.6,0.056,4.34,3.21,5.66,4.59,42.0,Colluvium,HIGH_RISK
4,18.6,55.1,26.8,59.9,0.0,2.82,2.17,5.46,4.4,48.0,Clay Loam,MODERATE_RISK
1,29.9,69.3,24.6,89.0,0.04,3.08,2.86,6.44,5.34,35.0,Residual Soil,MODERATE_RISK
6,57.6,87.1,30.4,45.1,0.014,4.14,3.43,9.57,7.84,38.0,Sandy Loam,HIGH_RISK
4,39.3,49.5,25.8,89.8,0.015,2.46,1.65,6.01,4.41,48.0,Clay Loam,MODERATE_RISK
5,28.2,92.1,27.7,68.1,0.177,4.71,4.94,9.45,8.21,31.0,Laterite,HIGH_RISK
6,28.5,51.2,24.5,88.6,0.036,2.6,2.38,6.15,5.04,38.0,Sandy Loam,MODERATE_RISK
6,72.9,65.1,26.7,58.4,0.409,3.37,4.16,12.66,9.78,38.0,Sandy Loam,HIGH_RISK
3,8.8,73.2,20.8,59.7,0.109,3.44,3.46,6.33,5.7,28.0,Weathered Granite,MODERATE_RISK
1,0.0,91.3,22.2,83.6,0.092,4.25,3.18,3.98,3.81,35.0,Residual Soil,HIGH_RISK
1,7.9,38.3,,85.5,0.085,1.93,1.53,2.76,2.23,35.0,Residual Soil,SAFE
5,6.1,76.0,25.4,53.3,0.177,3.55,3.62,6.06,5.39,31.0,Laterite,MODERATE_RISK
5,27.1,59.1,26.0,96.4,0.09,2.78,2.25,5.42,3.94,31.0,Laterite,MODERATE_RISK
6,25.1,40.1,28.4,44.9,0.021,2.19,1.73,4.64,3.64,38.0,Sandy Loam,MODERATE_RISK
2,22.5,78.2,18.3,44.0,0.318,3.95,4.09,8.08,6.76,42.0,Colluvium,MODERATE_RISK
3,0.4,61.4,20.1,74.5,0.084,2.96,2.24,3.13,3.06,28.0,Weathered Granite,MODERATE_RISK
3,32.6,69.6,24.9,81.9,0.012,3.34,2.6,6.41,5.09,28.0,Weathered Granite,MODERATE_RISK
6,9.8,44.2,21.1,95.7,0.113,2.33,2.48,3.91,3.38,38.0,Sandy Loam,SAFE
4,27.3,56.1,37.5,63.5,0.156,2.85,2.97,6.4,5.59,48.0,Clay Loam,MODERATE_RISK
2,20.3,66.3,26.1,41.5,0.048,3.07,2.93,5.26,4.64,42.0,Colluvium,MODERATE_RISK
6,10.5,50.4,23.7,75.0,0.242,2.13,2.73,4.99,4.53,38.0,Sandy Loam,MODERATE_RISK
2,3.6,34.9,21.9,56.8,0.166,2.12,2.32,3.67,3.4,42.0,Colluvium,SAFE
2,2.5,92.1,22.1,65.1,0.158,4.36,4.06,5.83,5.62,42.0,Colluvium,HIGH_RISK
2,44.5,58.4,24.1,68.3,0.082,3.03,2.75,8.58,6.25,42.0,Colluvium,MODERATE_RISK
6,62.6,75.0,24.4,43.7,0.49,4.05,4.52,11.67,9.52,38.0,Sandy Loam,HIGH_RISK
3,26.2,50.8,22.2,68.2,0.048,2.57,1.89,5.07,4.16,28.0,Weathered Granite,MODERATE_RISK
3,2.7,46.6,22.9,64.7,0.129,2.21,1.95,2.82,2.66,28.0,Weathered Granite,SAFE
2,12.9,50.5,29.4,81.3,0.055,2.24,1.86,3.61,3.15,42.0,Colluvium,SAFE
4,32.6,50.7,29.5,77.4,0.205,2.25,2.22,6.1,4.97,48.0,Clay Loam,MODERATE_RISK
1,37.8,60.8,25.0,50.7,0.007,3.12,2.64,6.82,5.34,35.0,Residual Soil,MODERATE_RISK
6,3.1,60.8,18.6,52.0,0.007,3.33,2.75,4.37,3.68,38.0,Sandy Loam,MODERATE_RISK
1,0.0,57.3,26.2,54.6,0.25,2.79,3.07,5.01,4.47,35.0,Residual Soil,MODERATE_RISK
4,31.1,30.1,30.2,50.4,0.085,1.39,1.47,4.43,3.42,48.0,Clay Loam,MODERATE_RISK
6,11.0,57.2,29.5,78.1,0.063,3.0,2.95,4.64,4.25,38.0,Sandy Loam,MODERATE_RISK
2,7.3,32.7,26.9,97.7,0.14,1.5,1.62,2.25,2.42,42.0,Colluvium,SAFE
3,0.3,29.5,29.7,77.8,0.182,1.53,2.07,3.85,3.15,28.0,Weathered Granite,SAFE
1,19.4,89.9,24.2,75.2,0.034,4.5,3.86,7.81,6.45,35.0,Residual Soil,HIGH_RISK
5,47.6,65.4,26.5,63.8,0.031,3.19,2.98,8.61,6.44,31.0,Laterite,MODERATE_RISK
5,79.0,69.5,21.3,58.1,0.476,3.47,4.69,13.14,10.31,31.0,Laterite,HIGH_RISK
4,20.9,50.1,25.2,92.8,0.134,2.86,2.86,5.3,4.3,48.0,Clay Loam,MODERATE_RISK
2,18.1,88.2,29.3,96.2,0.074,4.53,3.88,7.13,6.37,42.0,Colluvium,HIGH_RISK
1,2.2,67.8,21.6,68.8,0.243,3.61,3.65,5.6,5.0,35.0,Residual Soil,MODERATE_RISK
2,19.9,77.7,20.6,56.8,0.112,3.7,3.15,5.75,4.87,42.0,Colluvium,MODERATE_RISK
1,12.0,47.6,24.4,84.7,0.041,2.6,2.05,3.3,3.36,35.0,Residual Soil,SAFE
4,23.4,92.0,23.1,47.7,0.035,4.73,4.16,7.25,6.68,48.0,Clay Loam,HIGH_RISK
4,12.3,81.5,26.6,84.4,0.076,3.78,2.96,5.75,4.95,48.0,Clay Loam,HIGH_RISK
5,6.9,84.0,22.2,87.5,0.295,4.31,4.82,7.18,6.46,31.0,Laterite,HIGH_RISK
2,2.5,32.9,30.9,47.2,0.01,1.54,1.22,2.18,2.32,42.0,Colluvium,SAFE
6,9.5,40.3,18.8,96.7,0.037,1.71,2.34,4.07,3.57,38.0,Sandy Loam,MODERATE_RISK
5,2.5,41.4,29.0,97.2,0.335,2.1,2.48,4.21,3.82,31.0,Laterite,MODERATE_RISK
2,4.9,40.3,20.9,94.3,0.019,2.12,1.83,3.3,3.08,42.0,Colluvium,SAFE
5,109.2,84.2,16.8,68.8,0.149,4.24,3.73,14.22,10.0,31.0,Laterite,HIGH_RISK
6,14.7,22.4,25.0,54.3,0.036,1.1,0.75,2.37,1.67,38.0,Sandy Loam,SAFE
3,19.0,25.7,23.0,73.8,0.14,1.22,1.72,4.04,3.27,28.0,Weathered Granite,MODERATE_RISK
3,51.7,40.5,19.6,64.4,0.072,2.52,1.9,6.68,4.98,28.0,Weathered Granite,MODERATE_RISK
3,135.5,35.0,17.3,51.9,0.016,1.51,1.05,12.91,8.01,28.0,Weathered Granite,HIGH_RISK
3,21.8,37.4,24.0,64.6,0.131,2.04,2.2,4.83,4.06,28.0,Weathered Granite,MODERATE_RISK
1,41.8,79.8,27.9,78.5,0.172,3.99,3.93,9.2,7.49,35.0,Residual Soil,MODERATE_RISK
3,9.9,62.2,26.3,44.1,0.171,2.94,2.45,3.76,3.81,28.0,Weathered Granite,MODERATE_RISK
6,9.1,20.4,24.2,59.3,0.152,1.01,1.44,3.03,2.74,38.0,Sandy Loam,SAFE
4,12.9,52.2,25.9,41.0,0.104,2.33,2.21,4.04,3.48,48.0,Clay Loam,MODERATE_RISK
4,27.9,50.6,23.9,83.5,0.11,2.41,1.98,4.96,3.93,48.0,Clay Loam,MODERATE_RISK
1,28.7,28.5,18.3,77.2,0.151,1.42,1.35,3.9,3.22,35.0,Residual Soil,SAFE
3,9.5,70.7,18.3,43.6,0.176,3.22,2.49,4.43,3.96,28.0,Weathered Granite,MODERATE_RISK
3,3.6,72.7,23.2,96.0,0.16,3.74,3.99,5.27,4.88,28.0,Weathered Granite,MODERATE_RISK
3,25.0,74.1,23.4,41.3,0.133,3.51,3.51,7.61,6.74,28.0,Weathered Granite,MODERATE_RISK
5,3.4,74.6,27.4,74.2,0.025,3.44,2.44,3.91,3.37,31.0,Laterite,MODERATE_RISK
2,21.6,20.0,27.0,85.0,0.035,0.78,0.97,2.95,2.75,42.0,Colluvium,SAFE
5,29.6,91.5,26.4,85.7,0.045,5.01,3.97,7.55,6.6,31.0,Laterite,HIGH_RISK
2,30.2,81.1,22.9,42.0,0.378,3.66,4.34,9.14,7.53,42.0,Colluvium,HIGH_RISK
3,35.0,87.8,18.5,92.6,0.214,4.48,4.08,8.6,6.73,28.0,Weathered Granite,HIGH_RISK
3,51.6,21.2,25.6,93.3,0.121,0.91,0.98,6.25,4.4,28.0,Weathered Granite,MODERATE_RISK
5,17.3,90.0,26.1,72.6,0.044,4.43,3.59,7.01,5.69,31.0,Laterite,HIGH_RISK
5,32.8,80.7,14.4,68.0,0.018,4.16,3.18,8.16,6.56,31.0,Laterite,HIGH_RISK
2,24.1,82.8,20.7,42.6,0.344,4.25,4.85,9.27,8.37,42.0,Colluvium,HIGH_RISK
4,5.2,27.0,21.2,72.6,0.335,1.21,2.24,4.31,3.48,48.0,Clay Loam,MODERATE_RISK
2,0.7,75.4,24.5,63.7,0.018,3.5,2.89,4.62,4.36,42.0,Colluvium,MODERATE_RISK
5,8.4,92.0,20.8,84.8,0.239,4.72,4.8,7.65,6.83,31.0,Laterite,HIGH_RISK
6,14.6,70.9,23.8,63.4,0.089,3.66,2.71,5.33,4.78,38.0,Sandy Loam,MODERATE_RISK
5,24.0,62.8,23.2,79.6,0.059,3.08,2.27,4.91,4.09,31.0,Laterite,MODERATE_RISK
6,47.4,90.9,23.4,45.9,0.202,4.63,4.45,11.5,9.12,38.0,Sandy Loam,HIGH_RISK
1,5.5,53.2,21.1,47.7,0.143,2.57,2.71,4.45,4.27,35.0,Residual Soil,MODERATE_RISK
5,3.4,64.9,21.4,48.1,0.227,3.08,3.23,5.13,4.82,31.0,Laterite,MODERATE_RISK
1,82.7,55.7,19.7,42.6,0.012,2.79,1.7,9.36,6.31,35.0,Residual Soil,HIGH_RISK
4,2.9,90.0,25.5,71.4,0.058,4.6,3.54,5.0,5.13,48.0,Clay Loam,HIGH_RISK
2,16.3,25.7,26.3,86.1,0.058,1.35,1.38,4.03,2.8,42.0,Colluvium,MODERATE_RISK
6,22.0,57.6,20.9,75.4,0.06,2.98,3.29,6.18,5.41,38.0,Sandy Loam,MODERATE_RISK
2,19.5,71.5,,,0.105,3.42,3.42,6.06,5.18,42.0,Colluvium,MODERATE_RISK
1,2.2,79.4,22.7,79.5,0.05,4.29,4.06,6.18,5.44,35.0,Residual Soil,MODERATE_RISK
6,1.5,63.7,30.1,59.7,0.088,3.12,2.86,3.77,3.47,38.0,Sandy Loam,MODERATE_RISK
2,2.8,88.2,21.4,61.0,0.069,4.39,3.82,6.73,5.94,42.0,Colluvium,HIGH_RISK
5,22.0,90.6,15.9,58.2,0.199,4.27,3.7,7.19,6.23,31.0,Laterite,HIGH_RISK
3,19.7,24.8,25.6,81.3,0.139,1.2,1.66,2.46,2.52,28.0,Weathered Granite,SAFE
1,6.7,50.2,25.0,49.4,0.159,2.62,2.55,4.46,4.25,35.0,Residual Soil,MODERATE_RISK
2,25.4,21.8,24.1,40.8,0.035,1.24,1.3,4.26,3.26,42.0,Colluvium,MODERATE_RISK
1,42.9,44.7,21.4,74.6,0.059,2.55,2.23,6.57,4.97,35.0,Residual Soil,MODERATE_RISK
1,1.1,60.3,23.9,94.7,0.003,3.12,2.59,3.3,3.48,35.0,Residual Soil,MODERATE_RISK
6,17.2,88.3,22.0,75.3,0.017,4.47,3.6,6.72,5.71,38.0,Sandy Loam,HIGH_RISK
6,29.2,83.5,,,0.046,4.09,3.48,7.32,5.81,38.0,Sandy Loam,HIGH_RISK
3,7.3,29.6,27.4,79.0,0.01,1.35,1.41,2.21,2.22,28.0,Weathered Granite,SAFE
5,9.2,27.0,24.7,68.9,0.138,1.54,1.27,2.11,2.17,31.0,Laterite,SAFE
1,23.8,64.2,26.4,81.7,0.942,3.4,5.1,9.63,8.16,35.0,Residual Soil,MODERATE_RISK
2,57.1,59.9,23.1,87.8,0.016,2.78,2.4,8.62,6.76,42.0,Colluvium,MODERATE_RISK
4,41.5,40.0,22.6,53.0,0.258,2.14,2.92,7.93,6.33,48.0,Clay Loam,MODERATE_RISK
1,21.9,87.5,19.4,59.5,0.019,4.51,4.17,7.14,6.46,35.0,Residual Soil,HIGH_RISK
1,32.8,89.6,22.5,53.0,0.166,4.26,3.54,8.24,6.61,35.0,Residual Soil,HIGH_RISK
3,11.3,50.2,10.7,66.2,0.155,2.62,2.44,4.95,4.39,28.0,Weathered Granite,MODERATE_RISK
5,25.6,86.8,21.6,91.3,0.35,4.13,3.91,8.61,6.82,31.0,Laterite,HIGH_RISK
4,15.7,48.8,23.7,60.0,0.018,1.95,1.45,2.96,2.43,48.0,Clay Loam,SAFE
6,5.3,75.3,26.3,61.7,0.057,3.73,3.49,5.63,4.98,38.0,Sandy Loam,MODERATE_RISK
6,30.2,55.7,22.9,89.9,0.014,2.84,2.31,6.16,4.59,38.0,Sandy Loam,MODERATE_RISK
2,20.3,29.2,25.4,69.9,0.078,1.44,1.27,3.27,2.77,42.0,Colluvium,SAFE
4,11.1,89.6,15.3,71.1,0.364,5.05,5.3,9.11,8.18,48.0,Clay Loam,HIGH_RISK
6,60.6,54.1,23.8,89.9,0.228,2.78,2.67,8.84,6.8,38.0,Sandy Loam,MODERATE_RISK
2,0.5,75.1,17.3,68.5,0.193,3.78,4.08,5.74,5.43,42.0,Colluvium,MODERATE_RISK
5,9.5,47.5,19.2,79.5,0.114,2.46,2.31,3.84,3.66,31.0,Laterite,SAFE
2,1.5,21.4,23.3,45.0,0.322,0.98,1.63,3.19,2.74,42.0,Colluvium,SAFE
6,36.4,27.5,29.1,50.4,0.09,1.56,1.69,4.95,3.72,38.0,Sandy Loam,MODERATE_RISK
3,30.3,57.2,25.5,63.5,0.024,2.93,2.7,5.89,4.76,28.0,Weathered Granite,MODERATE_RISK
3,10.1,71.7,24.1,68.7,0.273,3.65,4.22,7.31,6.1,28.0,Weathered Granite,MODERATE_RISK
3,28.1,45.1,23.9,96.0,0.049,2.13,1.79,4.92,4.08,28.0,Weathered Granite,MODERATE_RISK
6,12.6,72.2,21.1,96.3,0.008,3.3,2.99,4.84,4.61,38.0,Sandy Loam,MODERATE_RISK
3,35.3,72.4,21.8,89.4,0.02,3.52,2.91,6.93,6.2,28.0,Weathered Granite,MODERATE_RISK
4,15.1,72.8,25.7,58.3,0.141,3.7,3.2,5.6,4.89,48.0,Clay Loam,MODERATE_RISK
5,13.3,56.9,18.5,95.9,0.14,2.76,2.39,4.33,3.66,31.0,Laterite,MODERATE_RISK
2,68.2,88.6,26.4,80.0,0.045,4.49,3.4,11.82,8.45,42.0,Colluvium,HIGH_RISK
2,7.2,56.7,22.4,62.8,0.195,2.79,2.59,4.31,4.07,42.0,Colluvium,MODERATE_RISK
6,3.2,53.8,27.3,80.7,0.223,2.78,3.23,4.66,4.56,38.0,Sandy Loam,MODERATE_RISK
3,22.0,35.0,27.8,41.0,0.38,1.55,2.59,6.66,5.6,28.0,Weathered Granite,MODERATE_RISK
3,87.1,43.1,17.3,48.5,0.132,2.19,1.78,10.08,6.75,28.0,Weathered Granite,HIGH_RISK
1,11.9,23.2,21.7,88.1,0.227,1.03,0.98,2.78,2.3,35.0,Residual Soil,SAFE
5,1.6,67.5,20.6,77.4,0.21,3.07,2.75,3.84,3.57,31.0,Laterite,MODERATE_RISK
4,10.4,38.6,16.7,61.1,0.045,1.9,1.42,3.56,3.11,48.0,Clay Loam,SAFE
2,17.6,42.8,19.9,69.0,0.056,2.45,2.04,4.88,4.06,42.0,Colluvium,MODERATE_RISK
1,4.4,77.8,33.8,92.5,0.098,3.6,3.53,5.72,4.89,35.0,Residual Soil,MODERATE_RISK
1,26.8,44.5,26.4,76.6,0.003,2.25,1.64,3.75,3.04,35.0,Residual Soil,SAFE
6,152.4,38.2,31.7,63.1,0.053,2.07,2.32,15.66,10.17,38.0,Sandy Loam,HIGH_RISK
2,15.0,32.7,27.3,47.0,0.096,2.1,1.46,4.25,3.05,42.0,Colluvium,MODERATE_RISK
6,11.0,78.1,21.0,57.0,0.017,3.81,2.99,5.48,4.56,38.0,Sandy Loam,MODERATE_RISK
4,12.8,29.7,22.5,96.7,0.02,1.36,1.38,2.91,2.31,48.0,Clay Loam,SAFE
1,3.1,54.0,26.4,65.4,0.093,2.47,2.51,3.9,3.54,35.0,Residual Soil,SAFE
1,53.7,58.0,25.8,67.4,0.197,3.13,2.99,8.7,6.75,35.0,Residual Soil,MODERATE_RISK
5,13.4,71.6,21.7,68.9,0.269,3.41,3.84,6.43,5.8,31.0,Laterite,MODERATE_RISK
4,12.2,67.5,18.0,91.3,0.119,3.3,3.24,5.82,5.11,48.0,Clay Loam,MODERATE_RISK
1,26.9,80.8,37.2,75.0,0.097,3.67,3.02,7.4,6.02,35.0,Residual Soil,HIGH_RISK
4,14.6,23.4,23.4,80.2,0.073,1.35,1.39,3.92,2.8,48.0,Clay Loam,SAFE
2,26.1,42.2,22.7,62.6,0.032,2.34,2.18,4.98,4.09,42.0,Colluvium,MODERATE_RISK
3,1.6,41.0,24.5,41.7,0.024,2.22,1.66,3.26,3.07,28.0,Weathered Granite,SAFE
1,42.0,31.0,23.0,94.0,0.235,1.23,2.2,7.04,5.29,35.0,Residual Soil,MODERATE_RISK
5,70.5,41.7,24.5,95.0,0.094,2.21,1.8,8.66,6.19,31.0,Laterite,HIGH_RISK
2,26.2,43.2,29.1,95.1,0.234,1.83,2.21,5.63,4.56,42.0,Colluvium,MODERATE_RISK
4,77.3,59.1,23.5,94.7,0.183,2.97,2.55,9.54,7.17,48.0,Clay Loam,HIGH_RISK
6,4.1,69.8,19.3,87.3,0.032,3.53,2.95,4.55,4.26,38.0,Sandy Loam,MODERATE_RISK
2,16.2,48.6,23.4,79.7,0.107,2.49,1.99,4.7,3.98,42.0,Colluvium,MODERATE_RISK
1,23.0,74.0,22.1,89.0,0.088,3.81,3.22,6.07,5.35,35.0,Residual Soil,MODERATE_RISK
4,21.8,45.2,29.7,74.8,0.083,2.26,1.58,3.59,3.08,48.0,Clay Loam,SAFE
3,12.8,41.8,28.7,47.8,0.117,1.7,1.95,4.1,3.52,28.0,Weathered Granite,MODERATE_RISK
2,10.3,60.6,24.4,62.7,0.603,3.14,4.43,7.07,6.26,42.0,Colluvium,MODERATE_RISK
1,3.4,21.8,18.9,96.3,0.251,1.11,1.97,3.64,2.93,35.0,Residual Soil,SAFE
5,12.4,26.0,19.1,60.4,0.351,1.12,1.84,3.37,2.87,31.0,Laterite,SAFE
6,4.4,51.3,24.1,90.3,0.005,2.25,2.16,3.71,3.62,38.0,Sandy Loam,SAFE
4,33.1,90.7,25.3,45.4,0.023,4.84,3.95,8.74,7.18,48.0,Clay Loam,HIGH_RISK
2,5.9,74.1,22.5,59.4,0.013,3.95,3.23,5.08,4.72,42.0,Colluvium,MODERATE_RISK
2,1.5,26.6,22.1,60.4,0.046,1.47,1.95,2.93,2.34,42.0,Colluvium,SAFE
3,20.1,83.5,21.6,43.0,0.087,4.04,3.35,6.29,5.49,28.0,Weathered Granite,HIGH_RISK
3,22.6,74.9,23.9,46.9,0.154,3.24,3.42,6.93,5.89,28.0,Weathered Granite,MODERATE_RISK
5,51.4,65.8,14.5,51.2,0.104,3.44,3.21,8.45,6.14,31.0,Laterite,MODERATE_RISK
6,21.5,81.5,19.6,88.6,0.35,4.15,4.2,7.91,6.9,38.0,Sandy Loam,HIGH_RISK
5,10.6,50.3,21.5,43.7,0.422,2.44,2.82,5.45,4.35,31.0,Laterite,MODERATE_RISK
1,40.6,36.6,28.8,57.3,0.027,2.05,1.41,4.79,3.43,35.0,Residual Soil,MODERATE_RISK
1,19.4,58.4,20.7,40.6,0.288,3.09,3.68,6.83,6.14,35.0,Residual Soil,MODERATE_RISK
5,2.1,61.2,24.7,80.3,0.099,3.1,3.3,5.38,4.91,31.0,Laterite,MODERATE_RISK
6,20.9,60.4,24.9,76.0,0.091,3.03,2.72,4.71,4.1,38.0,Sandy Loam,MODERATE_RISK
5,59.7,62.4,29.2,77.4,0.231,3.13,3.24,10.56,7.85,31.0,Laterite,MODERATE_RISK
6,12.6,91.2,29.1,61.7,0.015,4.7,4.04,7.59,6.49,38.0,Sandy Loam,HIGH_RISK
6,8.8,87.7,23.8,52.1,0.321,4.21,4.35,6.46,6.08,38.0,Sandy Loam,HIGH_RISK
4,3.9,85.7,22.1,81.8,0.167,4.37,4.33,5.75,5.37,48.0,Clay Loam,HIGH_RISK
6,4.1,80.1,21.3,87.0,0.312,3.82,4.08,6.46,6.14,38.0,Sandy Loam,HIGH_RISK
3,14.2,90.8,23.0,48.0,0.78,4.81,6.23,9.92,8.84,28.0,Weathered Granite,HIGH_RISK
6,22.6,27.4,22.3,68.2,0.109,1.48,1.3,4.24,2.85,38.0,Sandy Loam,MODERATE_RISK
6,2.1,39.9,26.2,54.4,0.015,1.86,1.25,2.24,2.17,38.0,Sandy Loam,SAFE
6,70.2,57.1,25.7,49.8,0.027,2.87,1.43,7.82,5.32,38.0,Sandy Loam,HIGH_RISK
1,35.2,83.5,26.4,82.6,0.059,4.0,3.75,8.16,6.79,35.0,Residual Soil,HIGH_RISK
3,22.1,57.9,29.0,71.2,0.016,3.2,2.56,6.41,5.26,28.0,Weathered Granite,MODERATE_RISK
3,44.1,76.1,31.5,52.5,0.253,4.13,3.94,9.81,7.71,28.0,Weathered Granite,MODERATE_RISK
5,2.1,30.4,24.5,58.0,0.053,1.66,0.9,1.82,1.57,31.0,Laterite,SAFE
4,16.2,38.9,28.4,96.1,0.559,2.26,3.29,6.83,5.87,48.0,Clay Loam,MODERATE_RISK
6,24.9,74.9,22.6,89.2,0.182,3.78,3.34,6.49,5.89,38.0,Sandy Loam,MODERATE_RISK
2,44.1,32.4,28.7,91.0,0.029,1.77,1.26,6.06,4.16,42.0,Colluvium,MODERATE_RISK
4,38.3,46.4,28.2,66.7,0.097,2.56,2.44,6.59,5.08,48.0,Clay Loam,MODERATE_RISK
4,8.1,39.9,28.0,76.2,0.094,1.99,1.91,3.68,3.28,48.0,Clay Loam,SAFE
3,70.7,46.2,24.4,61.9,0.102,2.32,1.75,8.2,5.84,28.0,Weathered Granite,HIGH_RISK
4,3.3,73.1,21.3,44.5,0.115,3.84,3.03,3.87,3.81,48.0,Clay Loam,MODERATE_RISK
6,52.0,47.6,18.4,63.3,0.005,2.51,1.63,7.08,5.38,38.0,Sandy Loam,MODERATE_RISK
6,88.5,61.6,23.8,74.5,0.174,2.93,3.41,11.28,8.14,38.0,Sandy Loam,HIGH_RISK
1,4.9,27.5,30.1,56.7,0.1,0.94,1.5,2.16,1.76,35.0,Residual Soil,SAFE
6,32.0,80.4,22.8,89.2,0.235,3.98,3.63,7.78,6.15,38.0,Sandy Loam,HIGH_RISK
6,1.0,47.7,27.1,48.8,0.253,1.97,1.74,1.71,2.14,38.0,Sandy Loam,SAFE
3,13.0,68.6,27.4,61.3,0.039,3.23,2.74,4.6,4.23,28.0,Weathered Granite,MODERATE_RISK
6,18.2,74.4,22.9,47.2,0.007,3.55,2.88,5.9,4.71,38.0,Sandy Loam,MODERATE_RISK
1,21.7,35.7,29.3,63.5,0.182,1.67,1.98,4.53,3.68,35.0,Residual Soil,MODERATE_RISK
2,68.7,86.4,12.4,42.3,0.571,4.48,5.52,13.64,10.94,42.0,Colluvium,HIGH_RISK
3,27.9,66.2,19.1,55.8,0.089,3.52,3.22,6.6,5.13,28.0,Weathered Granite,MODERATE_RISK
2,16.4,52.2,20.3,63.2,0.045,2.71,1.97,4.29,3.6,42.0,Colluvium,MODERATE_RISK
3,41.5,33.7,20.7,67.7,0.026,1.81,1.61,5.57,3.91,28.0,Weathered Granite,MODERATE_RISK
5,75.2,90.7,25.3,71.5,0.051,4.67,4.15,11.42,9.07,31.0,Laterite,HIGH_RISK
4,0.6,76.6,25.2,55.9,0.06,3.33,2.63,3.89,3.42,48.0,Clay Loam,MODERATE_RISK
5,101.2,35.6,25.6,70.3,0.083,1.78,1.76,10.12,7.0,31.0,Laterite,HIGH_RISK
6,2.3,45.3,26.4,69.5,0.16,1.91,1.84,3.39,3.21,38.0,Sandy Loam,SAFE
2,42.1,80.7,20.2,58.3,0.048,4.14,4.05,9.25,7.77,42.0,Colluvium,HIGH_RISK
6,8.2,72.2,19.1,88.2,0.008,3.19,2.18,5.19,4.31,38.0,Sandy Loam,MODERATE_RISK
4,3.5,77.4,25.6,71.6,0.07,3.83,3.62,6.19,5.51,48.0,Clay Loam,MODERATE_RISK
3,14.5,53.1,21.5,59.3,0.29,2.76,2.58,4.96,3.97,28.0,Weathered Granite,MODERATE_RISK
4,25.8,73.7,17.7,94.9,0.103,3.46,3.61,7.77,6.38,48.0,Clay Loam,MODERATE_RISK
1,12.0,49.0,27.9,89.0,0.502,2.64,3.28,4.84,4.5,35.0,Residual Soil,MODERATE_RISK
4,1.4,35.8,29.6,97.0,0.105,1.89,1.88,3.41,2.93,48.0,Clay Loam,SAFE
1,22.9,67.5,30.2,80.1,0.048,3.45,2.42,5.05,3.93,35.0,Residual Soil,MODERATE_RISK
4,58.2,93.2,24.7,61.9,0.032,4.8,3.53,10.0,7.85,48.0,Clay Loam,HIGH_RISK
1,12.1,43.3,26.5,56.3,0.178,2.09,2.48,4.32,3.6,35.0,Residual Soil,MODERATE_RISK
2,6.1,54.6,29.5,78.5,0.115,2.76,2.86,4.47,4.42,42.0,Colluvium,MODERATE_RISK
6,14.6,70.6,21.4,96.9,0.139,3.53,3.31,6.04,5.31,38.0,Sandy Loam,MODERATE_RISK
6,1.2,60.6,28.4,76.3,0.211,3.03,3.28,5.05,4.87,38.0,Sandy Loam,MODERATE_RISK
5,42.9,83.3,25.1,91.1,0.194,4.03,4.12,9.6,8.01,31.0,Laterite,HIGH_RISK
6,43.8,77.1,27.7,59.1,0.007,3.61,2.7,7.55,6.3,38.0,Sandy Loam,MODERATE_RISK
3,22.2,24.4,24.7,63.6,0.243,1.15,1.23,2.81,2.34,28.0,Weathered Granite,SAFE
4,10.9,94.9,29.2,92.6,0.114,4.67,4.07,8.14,6.84,48.0,Clay Loam,HIGH_RISK
5,40.2,76.4,24.9,83.9,0.075,3.67,2.99,7.82,6.11,31.0,Laterite,MODERATE_RISK
3,20.2,84.8,,,0.116,4.41,3.99,7.82,6.99,28.0,Weathered Granite,HIGH_RISK
3,43.7,68.8,29.8,84.9,0.142,3.21,3.16,8.07,6.16,28.0,Weathered Granite,MODERATE_RISK
1,25.0,84.2,20.2,66.0,0.024,4.18,3.21,6.38,5.26,35.0,Residual Soil,HIGH_RISK
6,38.4,28.4,29.0,70.8,0.081,1.65,1.77,5.8,4.41,38.0,Sandy Loam,MODERATE_RISK
2,22.8,46.1,23.6,92.2,0.061,2.49,2.37,5.52,4.47,42.0,Colluvium,MODERATE_RISK
2,13.4,85.7,28.7,72.0,0.065,4.53,4.04,7.78,6.88,42.0,Colluvium,HIGH_RISK
5,79.2,35.1,28.5,54.8,0.014,1.64,1.23,9.22,5.88,31.0,Laterite,HIGH_RISK
2,19.5,25.9,25.7,65.3,0.026,1.45,1.47,4.5,3.42,42.0,Colluvium,MODERATE_RISK
4,23.2,79.1,26.0,69.9,0.026,3.74,3.23,5.82,5.07,48.0,Clay Loam,MODERATE_RISK
2,6.2,82.7,25.7,45.6,0.07,4.08,3.67,5.77,5.08,42.0,Colluvium,HIGH_RISK
5,24.6,32.2,15.9,83.1,0.337,1.57,2.77,6.29,5.33,31.0,Laterite,MODERATE_RISK
2,21.2,84.1,24.5,46.3,0.035,4.09,3.48,6.72,5.75,42.0,Colluvium,HIGH_RISK
4,5.1,71.5,19.5,63.5,0.081,3.5,2.86,4.68,4.21,48.0,Clay Loam,MODERATE_RISK
1,1.5,59.0,24.7,86.7,0.056,2.85,2.11,2.21,2.22,35.0,Residual Soil,MODERATE_RISK
5,23.2,82.3,19.4,67.1,0.232,3.92,4.17,8.57,7.15,31.0,Laterite,HIGH_RISK
1,36.1,51.4,19.3,88.8,0.008,2.74,2.32,5.43,4.21,35.0,Residual Soil,MODERATE_RISK
1,18.5,34.5,30.4,59.8,0.033,1.69,1.95,3.62,3.32,35.0,Residual Soil,SAFE
1,6.4,41.4,28.3,95.5,0.035,2.11,1.18,1.77,1.86,35.0,Residual Soil,SAFE
3,27.5,57.9,,,0.743,2.93,4.85,9.43,8.42,28.0,Weathered Granite,MODERATE_RISK
6,2.1,59.8,24.7,42.2,0.127,3.0,2.7,3.41,3.48,38.0,Sandy Loam,MODERATE_RISK
3,14.6,80.4,23.0,90.6,0.022,4.04,3.19,5.42,4.78,28.0,Weathered Granite,HIGH_RISK
6,4.5,79.4,26.3,83.6,0.048,3.91,3.04,5.49,4.72,38.0,Sandy Loam,MODERATE_RISK
1,5.1,63.6,21.3,53.5,0.028,3.46,3.12,5.03,4.68,35.0,Residual Soil,MODERATE_RISK
5,5.7,78.6,28.0,97.1,0.02,4.08,3.51,5.94,5.36,31.0,Laterite,MODERATE_RISK
6,12.2,34.4,23.0,69.1,0.239,1.72,1.75,2.98,2.63,38.0,Sandy Loam,SAFE
4,1.3,23.8,22.3,95.2,0.103,1.1,1.24,1.94,1.73,48.0,Clay Loam,SAFE
4,12.7,85.5,24.1,69.3,0.15,4.25,4.06,7.04,6.49,48.0,Clay Loam,HIGH_RISK
2,17.9,25.7,21.6,67.4,0.06,1.37,1.33,3.03,2.4,42.0,Colluvium,SAFE
6,16.5,38.5,25.3,66.1,0.121,2.22,2.47,5.0,4.5,38.0,Sandy Loam,MODERATE_RISK
5,12.1,72.1,,,0.045,3.33,2.71,4.09,3.85,31.0,Laterite,MODERATE_RISK
3,45.7,50.7,25.9,71.0,0.055,2.67,1.62,6.31,4.52,28.0,Weathered Granite,MODERATE_RISK
1,3.9,85.7,28.9,66.2,0.158,4.51,4.14,6.32,5.7,35.0,Residual Soil,HIGH_RISK
2,17.6,42.3,21.1,42.1,0.024,1.82,1.58,3.65,2.95,42.0,Colluvium,SAFE
4,1.6,20.9,23.5,55.1,0.144,1.01,1.33,2.55,2.3,48.0,Clay Loam,SAFE
3,1.8,42.5,25.8,52.4,0.287,1.91,2.72,4.44,3.95,28.0,Weathered Granite,MODERATE_RISK
3,21.3,63.4,22.3,90.3,0.019,3.26,2.08,4.66,4.01,28.0,Weathered Granite,MODERATE_RISK
1,20.9,48.2,25.9,74.7,0.342,2.34,2.83,5.36,4.55,35.0,Residual Soil,MODERATE_RISK
6,52.6,60.1,26.2,84.3,0.012,2.98,2.14,8.08,5.89,38.0,Sandy Loam,MODERATE_RISK
4,20.4,85.7,28.3,95.5,0.064,4.2,3.19,5.75,4.79,48.0,Clay Loam,HIGH_RISK
5,80.3,88.4,21.6,77.4,0.141,4.56,4.05,12.81,9.82,31.0,Laterite,HIGH_RISK
3,1.2,39.9,20.2,97.0,0.123,2.04,2.21,2.61,2.62,28.0,Weathered Granite,SAFE
1,2.6,54.7,22.8,58.1,0.015,2.78,2.36,4.21,4.02,35.0,Residual Soil,MODERATE_RISK
5,1.1,61.2,20.1,50.8,0.241,3.09,2.99,5.08,4.68,31.0,Laterite,MODERATE_RISK
6,5.1,91.2,26.3,63.4,0.543,4.67,5.32,7.43,7.13,38.0,Sandy Loam,HIGH_RISK
4,19.5,94.9,19.4,67.3,0.03,4.69,4.12,7.96,7.08,48.0,Clay Loam,HIGH_RISK
6,25.9,37.7,33.3,91.9,0.338,2.23,3.0,6.76,5.64,38.0,Sandy Loam,MODERATE_RISK
3,1.2,74.5,29.2,72.5,0.122,3.48,2.98,4.92,4.64,28.0,Weathered Granite,MODERATE_RISK
5,73.0,48.4,24.1,56.9,0.412,2.07,2.71,10.09,7.24,31.0,Laterite,HIGH_RISK
5,46.2,20.6,27.5,83.1,0.029,0.67,0.11,3.38,2.18,31.0,Laterite,MODERATE_RISK
5,8.8,20.7,17.5,69.3,0.236,0.62,1.08,2.22,1.97,31.0,Laterite,SAFE
3,2.0,54.5,34.1,49.4,0.009,2.86,1.79,3.68,2.79,28.0,Weathered Granite,SAFE
3,4.7,56.6,21.6,73.5,0.322,2.94,3.94,5.73,5.71,28.0,Weathered Granite,MODERATE_RISK
6,3.4,21.7,23.5,92.9,0.168,1.33,1.31,2.4,1.86,38.0,Sandy Loam,SAFE
2,3.3,71.5,16.6,88.9,0.069,3.36,3.23,5.68,4.76,42.0,Colluvium,MODERATE_RISK
6,18.3,42.1,25.9,74.0,0.032,2.25,2.44,4.63,3.43,38.0,Sandy Loam,MODERATE_RISK
4,7.1,62.0,19.6,61.9,0.254,3.11,3.31,4.82,4.64,48.0,Clay Loam,MODERATE_RISK
1,11.1,42.6,24.4,45.0,0.139,2.16,2.11,3.42,2.78,35.0,Residual Soil,SAFE
5,113.9,32.5,21.8,67.2,0.067,1.75,1.2,11.11,7.16,31.0,Laterite,HIGH_RISK
2,28.8,50.5,19.7,83.6,0.088,2.37,2.01,4.68,3.98,42.0,Colluvium,MODERATE_RISK
1,74.4,37.4,20.8,60.9,0.263,2.39,3.18,10.65,8.02,35.0,Residual Soil,HIGH_RISK
2,3.8,60.1,24.9,53.7,0.062,3.27,2.91,5.35,4.54,42.0,Colluvium,MODERATE_RISK
6,12.0,34.9,18.9,94.0,0.014,1.64,1.36,2.97,2.14,38.0,Sandy Loam,SAFE
3,20.2,58.1,,,0.363,2.69,3.63,6.67,5.8,28.0,Weathered Granite,MODERATE_RISK
5,2.0,31.8,26.7,77.0,0.073,1.57,1.68,2.74,2.66,31.0,Laterite,SAFE
6,0.1,70.3,34.4,47.9,0.064,3.55,2.99,4.46,4.31,38.0,Sandy Loam,MODERATE_RISK
1,27.7,76.5,25.9,48.4,0.034,4.04,3.4,7.54,6.58,35.0,Residual Soil,MODERATE_RISK
1,25.7,28.3,20.3,46.0,0.342,1.18,1.74,5.48,4.03,35.0,Residual Soil,MODERATE_RISK
1,13.2,55.1,22.5,75.7,0.037,2.81,2.19,4.54,3.56,35.0,Residual Soil,MODERATE_RISK
1,16.8,25.3,24.1,46.7,0.152,0.96,1.16,4.1,3.1,35.0,Residual Soil,MODERATE_RISK
1,13.4,64.9,22.6,88.9,0.319,3.33,3.79,6.98,6.13,35.0,Residual Soil,MODERATE_RISK
2,0.6,39.8,27.6,97.6,0.005,1.97,1.22,1.49,1.5,42.0,Colluvium,SAFE
6,10.2,59.6,24.9,61.2,0.265,3.37,3.51,7.23,5.94,38.0,Sandy Loam,MODERATE_RISK
5,4.9,58.8,27.6,66.3,0.079,2.63,2.22,3.66,2.78,31.0,Laterite,MODERATE_RISK
3,2.6,89.3,22.7,81.3,0.161,4.74,4.0,5.68,5.21,28.0,Weathered Granite,HIGH_RISK
3,78.5,61.2,29.3,94.4,0.07,2.72,2.27,10.85,7.76,28.0,Weathered Granite,HIGH_RISK
6,22.9,63.7,23.3,91.9,0.178,2.92,2.17,4.72,3.97,38.0,Sandy Loam,MODERATE_RISK
6,32.6,50.1,20.1,43.3,0.044,2.17,1.64,4.68,3.82,38.0,Sandy Loam,MODERATE_RISK
3,9.5,91.2,32.7,49.8,0.003,4.61,3.37,5.54,5.08,28.0,Weathered Granite,HIGH_RISK
3,12.5,78.3,16.7,83.8,0.443,3.68,4.19,7.37,6.66,28.0,Weathered Granite,MODERATE_RISK
2,6.8,41.4,21.0,80.0,0.002,1.8,0.76,2.15,1.82,42.0,Colluvium,SAFE
4,2.5,83.3,21.5,47.7,0.261,4.21,4.21,5.19,5.22,48.0,Clay Loam,HIGH_RISK
5,4.9,52.4,34.0,69.1,0.028,2.71,2.52,4.64,4.05,31.0,Laterite,MODERATE_RISK
1,39.9,82.2,31.2,85.3,0.075,4.12,3.49,8.15,6.05,35.0,Residual Soil,HIGH_RISK
4,28.3,81.7,30.0,52.7,0.259,4.05,4.17,8.31,6.94,48.0,Clay Loam,HIGH_RISK
6,19.8,34.2,22.7,90.5,0.035,2.08,1.62,4.87,3.61,38.0,Sandy Loam,MODERATE_RISK
3,16.1,72.6,33.7,43.1,0.301,3.66,3.36,6.43,5.52,28.0,Weathered Granite,MODERATE_RISK
4,63.9,41.8,25.5,85.4,0.103,2.25,2.11,8.5,5.97,48.0,Clay Loam,MODERATE_RISK
5,1.9,42.3,27.9,75.7,0.068,2.14,2.12,3.31,3.23,31.0,Laterite,SAFE
6,8.2,42.2,24.7,58.3,0.163,1.89,1.6,3.44,2.69,38.0,Sandy Loam,SAFE
1,10.8,74.4,23.8,81.8,0.063,3.83,3.11,6.34,5.58,35.0,Residual Soil,MODERATE_RISK
1,38.1,37.2,23.0,85.4,0.064,1.73,1.5,4.06,2.99,35.0,Residual Soil,MODERATE_RISK
5,122.4,20.1,23.2,94.2,0.198,0.99,2.24,13.69,9.21,31.0,Laterite,HIGH_RISK
5,6.9,73.6,26.4,61.3,0.056,3.74,3.23,6.17,5.18,31.0,Laterite,MODERATE_RISK
3,51.8,32.8,25.5,79.8,0.034,1.25,0.53,5.19,3.28,28.0,Weathered Granite,MODERATE_RISK
1,44.4,27.8,23.9,75.0,0.247,1.07,0.95,4.64,3.49,35.0,Residual Soil,MODERATE_RISK
6,6.4,37.8,30.0,70.5,0.245,2.07,2.61,3.85,3.55,38.0,Sandy Loam,SAFE
4,12.7,48.5,12.1,91.6,0.103,2.29,2.89,6.53,5.3,48.0,Clay Loam,MODERATE_RISK
6,13.2,55.7,26.0,40.2,0.112,2.66,2.38,4.17,3.54,38.0,Sandy Loam,MODERATE_RISK
2,95.7,23.3,26.9,56.4,0.179,1.2,1.39,10.5,6.94,42.0,Colluvium,HIGH_RISK
2,5.0,92.8,28.6,71.2,0.107,4.56,4.1,6.75,6.14,42.0,Colluvium,HIGH_RISK
5,40.1,73.7,23.7,50.3,0.081,3.77,3.02,8.76,6.72,31.0,Laterite,MODERATE_RISK
3,10.2,44.2,24.8,92.7,0.792,2.2,3.37,5.71,5.08,28.0,Weathered Granite,MODERATE_RISK
2,32.8,43.9,27.9,77.6,0.024,2.23,2.17,5.08,4.34,42.0,Colluvium,MODERATE_RISK
1,13.6,53.6,30.0,67.7,0.135,2.54,2.25,4.46,3.86,35.0,Residual Soil,MODERATE_RISK
6,21.6,67.0,22.8,87.3,0.326,3.39,4.01,7.0,5.97,38.0,Sandy Loam,MODERATE_RISK
6,44.7,31.0,25.1,66.2,0.174,1.77,1.71,7.48,5.33,38.0,Sandy Loam,MODERATE_RISK
5,40.8,34.2,30.7,72.4,0.319,1.6,2.27,6.98,5.22,31.0,Laterite,MODERATE_RISK
4,50.3,84.5,15.5,40.2,0.061,4.41,3.97,10.37,8.31,48.0,Clay Loam,HIGH_RISK
5,1.5,39.2,21.2,61.2,0.048,1.95,2.03,3.55,3.17,31.0,Laterite,SAFE
4,29.4,48.5,29.9,48.0,0.286,2.57,2.98,6.48,5.6,48.0,Clay Loam,MODERATE_RISK
5,3.8,85.3,28.4,80.0,0.075,4.29,3.71,5.8,5.19,31.0,Laterite,HIGH_RISK
5,13.4,69.7,26.1,67.8,0.186,3.48,3.53,6.42,5.58,31.0,Laterite,MODERATE_RISK
5,19.9,45.6,22.2,57.5,0.024,2.35,2.09,5.7,4.25,31.0,Laterite,MODERATE_RISK
4,12.9,71.3,20.5,67.1,0.211,3.81,3.29,5.39,4.87,48.0,Clay Loam,MODERATE_RISK
4,18.3,21.5,21.6,52.2,0.119,1.12,0.87,2.4,1.57,48.0,Clay Loam,SAFE
5,141.6,75.2,30.2,93.7,0.047,3.86,2.6,15.05,10.39,31.0,Laterite,HIGH_RISK
2,3.6,56.5,21.5,43.1,0.102,2.75,2.74,4.06,3.79,42.0,Colluvium,MODERATE_RISK
3,28.1,81.0,24.4,90.2,0.179,4.36,3.91,7.38,6.41,28.0,Weathered Granite,HIGH_RISK
3,12.6,91.6,21.0,69.7,0.002,4.71,4.02,5.69,5.58,28.0,Weathered Granite,HIGH_RISK
3,3.6,89.4,27.4,75.9,0.152,4.49,4.17,5.63,5.51,28.0,Weathered Granite,HIGH_RISK
4,4.3,88.2,21.8,57.6,0.117,4.39,3.56,6.23,5.26,48.0,Clay Loam,HIGH_RISK
4,74.5,58.4,23.6,96.1,0.037,3.12,2.57,9.81,7.06,48.0,Clay Loam,HIGH_RISK
2,52.9,47.0,17.3,56.3,0.21,2.23,2.28,8.07,5.97,42.0,Colluvium,MODERATE_RISK
3,59.4,54.9,17.5,74.2,0.054,2.39,1.89,7.3,5.26,28.0,Weathered Granite,MODERATE_RISK
3,119.3,71.7,24.0,97.6,0.049,3.6,3.3,14.44,10.27,28.0,Weathered Granite,HIGH_RISK
5,5.8,86.3,18.7,91.1,0.096,4.55,4.68,8.29,7.64,31.0,Laterite,HIGH_RISK
4,11.0,35.5,32.4,71.1,0.169,2.09,2.51,5.42,4.53,48.0,Clay Loam,MODERATE_RISK
3,27.7,88.9,15.8,97.4,0.396,4.42,4.72,9.77,8.3,28.0,Weathered Granite,HIGH_RISK
6,16.5,81.1,20.8,80.7,0.023,4.06,3.69,6.96,5.62,38.0,Sandy Loam,HIGH_RISK
2,13.5,93.4,24.1,52.1,0.076,4.77,4.56,8.18,7.34,42.0,Colluvium,HIGH_RISK
6,11.1,86.0,22.5,63.5,0.01,4.25,3.01,5.59,5.43,38.0,Sandy Loam,HIGH_RISK
6,22.5,41.0,19.6,59.4,0.213,2.15,2.73,5.81,5.12,38.0,Sandy Loam,MODERATE_RISK
2,21.4,27.9,20.2,60.0,0.089,1.38,1.6,3.91,3.06,42.0,Colluvium,SAFE
6,4.4,28.4,20.0,84.1,0.184,1.62,2.2,4.21,4.08,38.0,Sandy Loam,MODERATE_RISK
3,16.0,41.8,22.9,73.9,0.058,2.23,2.2,3.93,3.46,28.0,Weathered Granite,SAFE
4,20.2,66.1,31.8,42.2,0.279,3.47,3.54,7.67,6.43,48.0,Clay Loam,MODERATE_RISK
2,21.1,80.3,24.3,90.9,0.115,3.97,4.13,7.75,6.66,42.0,Colluvium,HIGH_RISK
5,5.9,87.4,28.7,57.2,0.431,4.76,5.2,7.61,7.11,31.0,Laterite,HIGH_RISK
6,33.9,66.8,26.0,97.8,0.012,3.44,2.66,6.43,4.74,38.0,Sandy Loam,MODERATE_RISK
2,0.6,20.4,28.5,95.3,0.108,1.07,1.33,1.61,1.79,42.0,Colluvium,SAFE
1,11.0,34.0,12.8,94.6,0.218,1.55,2.19,3.88,3.36,35.0,Residual Soil,SAFE
1,37.9,27.5,22.8,87.0,0.138,1.36,1.53,5.03,3.75,35.0,Residual Soil,MODERATE_RISK
4,20.7,47.2,29.2,52.8,0.004,2.38,2.03,4.38,3.7,48.0,Clay Loam,MODERATE_RISK
3,7.6,57.6,21.7,70.9,0.538,2.72,3.82,6.18,5.54,28.0,Weathered Granite,MODERATE_RISK
4,29.7,23.3,31.0,53.0,0.053,1.11,0.85,3.62,2.65,48.0,Clay Loam,SAFE
4,20.9,46.1,29.9,55.1,0.043,2.27,1.7,4.6,3.85,48.0,Clay Loam,MODERATE_RISK
4,39.8,33.4,22.1,75.4,0.1,1.68,1.22,4.89,3.62,48.0,Clay Loam,MODERATE_RISK
4,33.2,68.5,22.0,42.4,0.117,3.07,3.26,7.71,6.23,48.0,Clay Loam,MODERATE_RISK
5,23.5,54.8,19.9,96.2,0.218,2.71,2.75,6.01,4.96,31.0,Laterite,MODERATE_RISK
5,16.7,57.1,21.5,93.3,0.075,2.78,1.42,3.74,2.99,31.0,Laterite,MODERATE_RISK
2,3.6,52.1,19.1,62.1,0.087,2.6,2.46,4.0,3.46,42.0,Colluvium,SAFE
1,7.6,91.7,25.7,69.9,0.115,4.79,4.29,6.72,6.22,35.0,Residual Soil,HIGH_RISK
4,13.6,36.1,18.2,67.0,0.075,2.22,1.44,2.79,2.53,48.0,Clay Loam,SAFE
2,22.9,58.7,26.4,91.2,0.369,3.07,3.31,6.9,5.81,42.0,Colluvium,MODERATE_RISK
1,18.0,75.2,26.5,79.9,0.286,3.51,3.4,7.18,5.92,35.0,Residual Soil,MODERATE_RISK
6,8.5,61.8,17.4,56.1,0.091,3.02,2.47,4.27,3.74,38.0,Sandy Loam,MODERATE_RISK
3,0.2,89.7,30.2,65.9,0.0,4.6,4.04,5.73,5.59,28.0,Weathered Granite,HIGH_RISK
5,17.1,48.3,26.1,64.9,0.347,2.51,3.0,5.74,4.72,31.0,Laterite,MODERATE_RISK
6,8.4,54.8,27.0,95.6,0.02,2.94,2.28,3.81,3.26,38.0,Sandy Loam,SAFE
1,33.2,26.6,21.0,50.2,0.042,1.31,1.51,4.59,3.19,35.0,Residual Soil,MODERATE_RISK
6,0.6,65.7,26.5,45.2,0.025,3.21,2.79,3.51,3.51,38.0,Sandy Loam,MODERATE_RISK
3,22.0,41.6,28.5,91.1,0.03,2.43,1.51,3.9,3.27,28.0,Weathered Granite,SAFE
1,71.0,32.0,23.6,92.0,0.244,1.61,1.84,8.56,6.32,35.0,Residual Soil,HIGH_RISK
6,4.8,60.8,32.0,90.6,0.13,2.84,2.76,3.98,4.08,38.0,Sandy Loam,MODERATE_RISK
5,15.9,59.9,24.2,69.6,0.469,3.29,3.76,6.47,5.62,31.0,Laterite,MODERATE_RISK
5,2.4,25.7,28.6,78.3,0.039,0.99,1.52,2.0,2.01,31.0,Laterite,SAFE
2,24.6,72.4,25.2,72.7,0.1,2.92,2.67,5.28,4.42,42.0,Colluvium,MODERATE_RISK
6,20.0,66.8,26.3,44.0,0.569,3.49,4.27,7.53,6.98,38.0,Sandy Loam,MODERATE_RISK
4,13.1,34.2,17.3,74.6,0.263,1.89,1.96,3.89,3.57,48.0,Clay Loam,SAFE
6,18.4,55.2,25.5,40.8,0.196,2.84,3.14,5.51,4.91,38.0,Sandy Loam,MODERATE_RISK
1,56.7,74.0,21.1,58.8,0.031,3.44,2.65,8.44,6.27,35.0,Residual Soil,MODERATE_RISK
1,5.5,59.7,20.6,94.1,0.22,2.97,3.15,4.81,3.77,35.0,Residual Soil,MODERATE_RISK
6,0.6,49.7,31.0,57.6,0.064,2.43,1.79,2.27,1.97,38.0,Sandy Loam,SAFE
3,49.5,44.2,23.1,94.5,0.113,2.1,2.04,7.21,4.98,28.0,Weathered Granite,MODERATE_RISK
5,21.5,65.8,20.0,54.5,0.141,3.57,3.09,6.03,4.87,31.0,Laterite,MODERATE_RISK
1,55.3,90.4,22.6,58.2,0.141,4.31,3.78,9.86,8.18,35.0,Residual Soil,HIGH_RISK
5,22.7,70.4,18.8,76.4,0.194,3.58,3.21,7.28,5.71,31.0,Laterite,MODERATE_RISK
1,41.5,25.6,29.7,84.2,0.163,1.52,2.01,5.87,4.31,35.0,Residual Soil,MODERATE_RISK
2,14.0,54.6,21.2,69.1,0.011,2.81,2.13,5.1,3.94,42.0,Colluvium,MODERATE_RISK
4,34.6,86.8,26.1,91.2,0.092,4.59,3.9,8.44,7.53,48.0,Clay Loam,HIGH_RISK
1,61.1,27.1,29.4,42.3,0.164,1.47,1.64,6.78,4.88,35.0,Residual Soil,MODERATE_RISK
5,21.2,94.2,22.0,93.5,0.053,4.8,4.48,8.14,7.32,31.0,Laterite,HIGH_RISK
2,5.0,91.2,26.1,51.4,0.056,4.63,4.14,6.64,6.09,42.0,Colluvium,HIGH_RISK
1,7.8,25.9,19.9,91.3,0.02,1.42,1.43,3.4,2.36,35.0,Residual Soil,SAFE
3,5.5,90.0,33.8,63.3,0.081,4.42,3.31,5.8,5.44,28.0,Weathered Granite,HIGH_RISK
4,7.1,47.2,27.7,88.3,0.649,2.1,3.43,5.74,5.24,48.0,Clay Loam,MODERATE_RISK
1,9.1,83.4,23.2,79.0,0.05,4.36,3.99,7.34,6.37,35.0,Residual Soil,HIGH_RISK
2,20.2,51.4,20.9,50.2,0.114,2.8,2.23,4.02,3.88,42.0,Colluvium,MODERATE_RISK
3,22.2,53.1,23.5,93.2,0.204,2.71,2.81,6.12,5.01,28.0,Weathered Granite,MODERATE_RISK
6,13.9,67.6,22.6,54.2,0.002,3.27,2.3,4.72,3.95,38.0,Sandy Loam,MODERATE_RISK
2,23.9,78.1,31.8,54.2,0.346,3.59,3.62,7.5,6.24,42.0,Colluvium,MODERATE_RISK
2,2.1,22.5,19.1,87.2,0.073,1.14,1.64,1.82,2.13,42.0,Colluvium,SAFE
3,2.3,64.5,24.5,46.1,0.305,2.96,3.5,4.93,4.87,28.0,Weathered Granite,MODERATE_RISK
2,4.7,34.0,23.9,52.9,0.006,1.4,1.43,2.44,2.23,42.0,Colluvium,SAFE
3,18.2,45.9,23.5,69.2,0.024,2.29,2.14,5.22,3.99,28.0,Weathered Granite,MODERATE_RISK
1,6.0,46.1,23.6,88.2,0.058,2.15,1.85,4.21,3.38,35.0,Residual Soil,MODERATE_RISK
3,8.3,55.2,23.5,48.6,0.064,2.83,2.25,3.71,3.14,28.0,Weathered Granite,MODERATE_RISK
3,12.8,45.1,27.5,71.8,0.282,2.22,2.5,4.12,3.95,28.0,Weathered Granite,MODERATE_RISK
4,41.8,28.1,26.4,81.3,0.002,1.28,0.97,5.21,3.3,48.0,Clay Loam,MODERATE_RISK
3,0.3,30.9,25.7,89.9,0.154,1.2,1.95,4.26,3.85,28.0,Weathered Granite,MODERATE_RISK
3,26.2,22.5,11.9,94.3,0.021,0.95,0.42,3.28,2.44,28.0,Weathered Granite,SAFE
6,27.6,55.3,25.2,85.5,0.26,2.6,2.69,5.87,4.68,38.0,Sandy Loam,MODERATE_RISK
1,40.1,91.6,17.4,77.9,0.226,4.33,3.87,10.44,8.12,35.0,Residual Soil,HIGH_RISK
4,67.5,28.7,26.6,65.1,0.104,1.37,1.72,8.32,5.71,48.0,Clay Loam,MODERATE_RISK
6,0.5,91.0,29.9,46.5,0.036,4.32,4.12,5.82,5.64,38.0,Sandy Loam,HIGH_RISK
5,4.2,75.0,20.3,81.2,0.151,3.72,3.52,6.58,5.99,31.0,Laterite,MODERATE_RISK
1,54.3,67.8,23.0,97.6,0.025,3.44,2.94,8.32,6.7,35.0,Residual Soil,MODERATE_RISK
1,15.3,68.4,21.6,82.7,0.032,3.25,2.72,4.99,4.27,35.0,Residual Soil,MODERATE_RISK
5,20.8,82.0,28.9,41.0,0.148,4.19,3.93,7.92,6.97,31.0,Laterite,HIGH_RISK
3,27.2,28.0,24.4,68.8,0.71,1.13,3.27,7.07,6.11,28.0,Weathered Granite,MODERATE_RISK
6,28.4,57.9,30.9,75.6,0.333,2.67,3.26,7.18,5.9,38.0,Sandy Loam,MODERATE_RISK
2,67.1,72.3,25.7,80.0,0.135,3.59,3.43,10.53,8.03,42.0,Colluvium,HIGH_RISK
4,144.8,64.0,25.0,81.7,0.116,3.34,3.25,17.02,12.15,48.0,Clay Loam,HIGH_RISK
2,31.8,82.5,24.3,72.4,0.964,4.3,5.8,10.08,9.16,42.0,Colluvium,HIGH_RISK
5,8.5,25.4,27.3,53.0,0.119,1.59,1.63,3.27,3.02,31.0,Laterite,SAFE
1,53.0,71.8,17.0,94.6,0.082,3.51,3.15,8.82,7.38,35.0,Residual Soil,MODERATE_RISK
1,1.3,60.1,24.3,80.4,0.36,2.98,3.59,5.11,4.97,35.0,Residual Soil,MODERATE_RISK
4,6.6,48.4,23.7,53.7,0.04,2.21,1.84,2.91,2.73,48.0,Clay Loam,SAFE
1,56.9,45.5,26.9,58.7,0.015,2.02,1.71,5.8,4.61,35.0,Residual Soil,MODERATE_RISK
1,7.4,66.6,23.2,93.5,0.151,3.38,2.94,4.6,4.63,35.0,Residual Soil,MODERATE_RISK
4,6.2,86.8,19.8,91.5,0.015,4.18,2.86,5.43,4.57,48.0,Clay Loam,HIGH_RISK
6,3.7,57.2,24.0,63.5,0.07,3.11,2.99,5.2,4.57,38.0,Sandy Loam,MODERATE_RISK
6,49.0,81.9,19.7,42.2,0.083,3.8,2.95,8.25,6.22,38.0,Sandy Loam,HIGH_RISK
4,17.3,50.2,16.3,42.8,0.119,2.61,2.4,4.28,3.84,48.0,Clay Loam,MODERATE_RISK
5,28.1,27.7,26.9,56.5,0.718,1.18,2.87,6.96,5.79,31.0,Laterite,MODERATE_RISK
1,6.8,24.6,26.3,76.5,0.037,1.07,1.44,3.36,2.55,35.0,Residual Soil,SAFE
1,35.5,23.9,25.9,73.9,0.071,1.3,1.23,5.2,3.96,35.0,Residual Soil,MODERATE_RISK
5,35.7,48.5,29.2,76.8,0.021,2.29,1.8,5.07,3.85,31.0,Laterite,MODERATE_RISK
6,9.4,45.3,21.3,81.6,0.14,2.16,2.37,3.87,3.4,38.0,Sandy Loam,SAFE
3,13.2,73.8,18.3,41.1,0.195,3.53,4.06,7.97,7.04,28.0,Weathered Granite,MODERATE_RISK
3,5.9,75.7,23.7,46.1,0.099,4.14,3.73,5.46,5.02,28.0,Weathered Granite,MODERATE_RISK
3,93.8,23.8,22.6,60.9,0.042,1.07,0.87,9.05,5.58,28.0,Weathered Granite,HIGH_RISK
6,25.9,36.6,20.6,49.0,0.145,1.84,2.12,4.36,3.82,38.0,Sandy Loam,MODERATE_RISK
6,68.2,40.6,23.7,44.4,0.116,1.99,1.47,7.51,5.21,38.0,Sandy Loam,MODERATE_RISK
5,9.0,61.1,21.6,77.2,0.028,3.1,2.58,4.88,4.46,31.0,Laterite,MODERATE_RISK
1,38.1,30.8,16.7,87.3,0.078,1.42,1.97,5.99,4.75,35.0,Residual Soil,MODERATE_RISK
5,36.3,30.0,22.2,83.7,0.086,1.46,1.47,5.37,3.61,31.0,Laterite,MODERATE_RISK
5,29.4,90.8,19.5,87.4,0.608,4.62,5.55,10.06,9.07,31.0,Laterite,HIGH_RISK
6,84.3,80.3,24.9,78.6,0.284,3.84,3.93,12.23,9.68,38.0,Sandy Loam,HIGH_RISK
3,12.5,33.5,21.4,82.7,0.199,1.89,1.99,4.23,3.74,28.0,Weathered Granite,MODERATE_RISK
2,3.5,50.5,28.4,55.8,0.329,2.76,3.29,5.56,5.2,42.0,Colluvium,MODERATE_RISK
1,27.8,46.7,30.4,97.6,0.199,2.46,2.8,6.53,5.27,35.0,Residual Soil,MODERATE_RISK
6,32.7,79.3,26.7,50.6,0.351,3.98,4.14,9.3,7.55,38.0,Sandy Loam,MODERATE_RISK
3,21.4,58.3,17.8,52.4,0.008,2.32,1.13,2.58,2.16,28.0,Weathered Granite,MODERATE_RISK
2,5.8,29.6,30.0,56.8,0.091,1.56,1.66,2.72,2.65,42.0,Colluvium,SAFE
2,17.6,75.4,30.3,96.6,0.206,3.69,4.21,8.63,7.46,42.0,Colluvium,MODERATE_RISK
6,9.4,49.8,24.1,97.3,0.131,2.44,2.23,4.74,3.87,38.0,Sandy Loam,MODERATE_RISK
4,13.9,39.7,29.3,86.1,0.029,1.61,0.93,2.82,2.05,48.0,Clay Loam,SAFE
1,25.9,48.2,21.8,76.5,0.062,2.51,2.4,5.59,4.26,35.0,Residual Soil,MODERATE_RISK
2,34.2,57.3,16.5,70.2,0.057,2.58,2.76,7.39,5.94,42.0,Colluvium,MODERATE_RISK
6,6.6,45.7,21.0,96.3,0.045,2.31,2.14,3.95,3.36,38.0,Sandy Loam,SAFE
6,13.0,38.1,30.9,80.3,0.063,2.09,2.38,3.85,3.44,38.0,Sandy Loam,SAFE
3,7.8,49.9,18.0,94.8,0.108,2.4,2.48,4.84,4.49,28.0,Weathered Granite,MODERATE_RISK
4,5.5,21.4,24.0,58.4,0.29,1.31,2.13,3.2,3.1,48.0,Clay Loam,SAFE
1,38.2,77.9,24.1,59.4,0.203,3.75,3.45,8.61,6.96,35.0,Residual Soil,MODERATE_RISK
5,60.0,32.8,21.9,89.6,0.27,1.76,2.3,7.44,5.78,31.0,Laterite,MODERATE_RISK
3,11.6,23.3,22.2,48.7,0.323,0.9,1.68,4.25,3.67,28.0,Weathered Granite,MODERATE_RISK
2,34.8,69.0,24.3,94.9,0.081,3.66,3.15,7.37,5.67,42.0,Colluvium,MODERATE_RISK
2,56.8,78.0,21.8,69.4,0.064,4.08,3.38,9.06,7.01,42.0,Colluvium,MODERATE_RISK
3,46.8,81.0,18.3,93.7,0.009,4.14,3.41,8.51,6.76,28.0,Weathered Granite,HIGH_RISK
6,5.0,57.0,24.9,59.5,0.4,2.77,3.03,4.78,4.19,38.0,Sandy Loam,MODERATE_RISK
2,78.3,35.4,28.3,81.5,0.01,1.49,1.47,8.47,5.76,42.0,Colluvium,HIGH_RISK
4,11.8,75.3,27.5,68.0,0.203,3.69,3.3,6.55,5.27,48.0,Clay Loam,MODERATE_RISK
1,10.4,72.5,20.8,76.4,0.071,3.85,3.22,5.7,5.21,35.0,Residual Soil,MODERATE_RISK
4,1.6,38.5,19.0,69.3,0.446,1.95,3.0,3.54,3.52,48.0,Clay Loam,SAFE
2,16.6,87.8,22.9,96.1,0.082,4.08,3.23,5.56,4.99,42.0,Colluvium,HIGH_RISK
5,2.9,27.8,30.3,80.1,0.254,1.17,1.11,3.28,2.53,31.0,Laterite,SAFE
1,7.1,93.7,26.6,54.6,0.05,4.94,3.99,6.62,6.08,35.0,Residual Soil,HIGH_RISK
1,9.5,84.5,26.8,92.8,0.053,4.32,3.19,6.02,4.71,35.0,Residual Soil,HIGH_RISK
3,41.4,71.6,27.6,57.1,0.136,3.33,3.29,8.09,6.59,28.0,Weathered Granite,MODERATE_RISK
3,52.1,90.4,25.7,61.6,0.931,4.17,5.78,12.34,10.24,28.0,Weathered Granite,HIGH_RISK
5,9.0,74.2,24.5,45.9,0.109,3.58,3.64,5.94,5.47,31.0,Laterite,MODERATE_RISK
6,48.9,34.3,26.6,92.2,0.413,1.34,2.31,7.44,5.38,38.0,Sandy Loam,MODERATE_RISK
1,48.7,53.2,21.8,56.6,0.231,2.63,2.81,7.88,6.22,35.0,Residual Soil,MODERATE_RISK
5,36.2,25.4,18.3,55.0,0.238,1.76,1.53,6.15,4.71,31.0,Laterite,MODERATE_RISK
3,4.0,49.2,26.9,93.4,0.086,2.14,2.01,3.03,2.86,28.0,Weathered Granite,SAFE
3,29.3,75.6,29.0,86.7,0.073,3.74,3.19,6.6,5.41,28.0,Weathered Granite,MODERATE_RISK
1,72.5,49.0,19.5,48.2,0.032,2.71,1.87,9.01,6.21,35.0,Residual Soil,HIGH_RISK
4,28.7,44.8,27.3,84.6,0.498,2.39,3.43,7.91,6.58,48.0,Clay Loam,MODERATE_RISK
2,10.1,64.7,30.7,93.0,0.481,3.21,3.89,6.66,6.05,42.0,Colluvium,MODERATE_RISK
3,17.4,85.4,24.0,44.6,0.206,4.24,3.94,7.0,6.24,28.0,Weathered Granite,HIGH_RISK
6,25.9,23.6,20.7,87.9,0.053,0.95,0.93,2.52,1.97,38.0,Sandy Loam,SAFE
6,17.9,48.9,24.5,71.8,0.042,2.39,1.9,4.89,3.92,38.0,Sandy Loam,MODERATE_RISK
3,3.2,31.9,21.8,78.8,0.671,1.64,3.4,5.79,5.16,28.0,Weathered Granite,MODERATE_RISK
4,9.4,72.2,21.5,68.6,0.01,3.83,3.07,5.14,4.54,48.0,Clay Loam,MODERATE_RISK
4,40.5,27.9,25.7,80.5,0.278,1.27,1.99,6.25,4.9,48.0,Clay Loam,MODERATE_RISK
5,49.4,69.9,17.6,42.0,0.066,3.46,2.81,8.05,6.3,31.0,Laterite,MODERATE_RISK
6,3.7,41.5,18.2,84.2,0.081,1.89,1.44,3.27,2.94,38.0,Sandy Loam,SAFE
5,76.1,34.9,24.1,41.9,0.268,1.79,2.02,8.6,6.39,31.0,Laterite,HIGH_RISK
6,10.0,90.2,23.9,66.4,0.014,4.67,4.21,6.8,6.24,38.0,Sandy Loam,HIGH_RISK
2,27.1,21.4,25.4,48.8,0.066,1.2,1.44,3.97,3.22,42.0,Colluvium,SAFE
2,34.8,52.8,31.5,87.8,0.456,2.41,3.66,8.43,6.7,42.0,Colluvium,MODERATE_RISK
1,41.8,21.6,24.4,58.2,0.18,1.11,1.81,6.09,4.54,35.0,Residual Soil,MODERATE_RISK
5,72.9,56.3,26.4,66.3,0.211,2.68,2.64,9.89,7.32,31.0,Laterite,HIGH_RISK
3,9.4,57.6,20.1,64.9,0.213,3.08,3.19,5.1,4.34,28.0,Weathered Granite,MODERATE_RISK
5,48.9,44.1,27.1,84.8,0.009,2.17,1.79,7.34,5.38,31.0,Laterite,MODERATE_RISK
3,3.5,29.9,21.9,67.9,0.034,1.19,1.25,1.93,1.59,28.0,Weathered Granite,SAFE
4,30.5,48.2,24.3,85.8,0.101,2.37,2.11,6.2,4.61,48.0,Clay Loam,MODERATE_RISK
5,33.9,70.4,23.6,44.3,0.069,3.61,3.12,8.96,6.83,31.0,Laterite,MODERATE_RISK
4,28.3,78.7,28.1,51.1,0.079,3.98,3.44,6.99,5.91,48.0,Clay Loam,MODERATE_RISK
2,7.3,59.8,18.8,72.0,0.228,2.89,3.16,5.5,4.61,42.0,Colluvium,MODERATE_RISK
2,51.6,64.2,14.9,94.9,0.002,3.09,2.67,8.07,6.35,42.0,Colluvium,MODERATE_RISK
1,4.6,35.0,23.1,44.3,0.162,1.55,1.75,4.01,3.32,35.0,Residual Soil,MODERATE_RISK
5,1.4,41.5,25.9,42.5,0.0,2.0,1.64,2.43,2.66,31.0,Laterite,SAFE
4,31.6,32.1,24.6,49.1,0.01,1.43,1.24,4.51,3.39,48.0,Clay Loam,MODERATE_RISK
3,16.1,38.7,28.9,77.2,0.079,2.13,2.43,5.05,4.36,28.0,Weathered Granite,MODERATE_RISK
2,47.3,36.9,25.7,63.1,0.276,1.66,1.64,6.19,4.36,42.0,Colluvium,MODERATE_RISK
2,12.1,59.0,21.7,87.9,0.023,2.97,2.15,4.57,3.58,42.0,Colluvium,MODERATE_RISK
3,4.6,62.2,14.7,44.2,0.121,3.12,3.06,5.0,4.65,28.0,Weathered Granite,MODERATE_RISK
4,45.3,90.9,23.1,51.4,0.17,4.73,4.37,10.42,8.22,48.0,Clay Loam,HIGH_RISK
4,19.9,34.7,28.1,57.4,0.039,1.95,1.76,4.34,3.61,48.0,Clay Loam,MODERATE_RISK
5,5.2,68.1,22.4,76.4,0.108,3.54,3.36,5.15,5.11,31.0,Laterite,MODERATE_RISK
5,31.9,81.3,24.1,79.7,0.364,4.14,4.47,9.12,7.9,31.0,Laterite,HIGH_RISK
6,17.9,62.0,25.7,47.2,0.108,2.89,2.47,5.41,4.6,38.0,Sandy Loam,MODERATE_RISK
6,23.2,39.1,19.9,94.7,0.026,1.74,1.66,4.62,3.66,38.0,Sandy Loam,MODERATE_RISK
1,15.4,39.7,26.5,59.8,0.148,1.82,1.91,4.72,3.71,35.0,Residual Soil,MODERATE_RISK
2,44.1,22.9,30.5,81.4,0.135,1.3,1.31,6.42,4.48,42.0,Colluvium,MODERATE_RISK
5,44.2,42.9,23.3,70.4,0.004,2.16,1.95,6.2,4.58,31.0,Laterite,MODERATE_RISK
4,30.9,75.8,19.5,52.9,0.014,3.96,3.41,7.65,6.03,48.0,Clay Loam,MODERATE_RISK
3,2.8,23.6,23.7,89.1,0.026,1.38,1.25,2.0,1.83,28.0,Weathered Granite,SAFE
4,45.6,36.4,15.1,87.5,0.022,1.67,1.92,5.97,4.76,48.0,Clay Loam,MODERATE_RISK
2,27.8,73.0,25.3,63.0,0.045,3.66,3.46,7.7,6.09,42.0,Colluvium,MODERATE_RISK
6,29.9,78.7,25.8,74.1,0.091,3.93,3.72,8.36,7.16,38.0,Sandy Loam,MODERATE_RISK
4,11.3,54.1,30.7,55.0,0.07,2.64,3.09,5.0,4.79,48.0,Clay Loam,MODERATE_RISK
1,52.9,72.4,23.2,80.0,0.332,3.51,3.76,9.68,7.77,35.0,Residual Soil,MODERATE_RISK
2,32.3,49.1,25.6,57.9,0.142,2.69,2.44,6.01,4.91,42.0,Colluvium,MODERATE_RISK
6,3.0,32.0,20.6,89.0,0.313,1.61,2.49,3.22,3.14,38.0,Sandy Loam,SAFE
3,13.1,49.9,22.6,52.6,0.112,2.5,2.26,4.42,3.79,28.0,Weathered Granite,MODERATE_RISK
6,54.4,63.5,17.9,40.9,0.014,3.01,2.45,7.45,5.6,38.0,Sandy Loam,MODERATE_RISK
1,1.2,91.1,23.2,55.6,0.093,4.69,3.74,5.79,5.35,35.0,Residual Soil,HIGH_RISK
2,81.4,25.2,22.8,51.1,0.259,1.06,1.81,9.36,6.55,42.0,Colluvium,HIGH_RISK
3,28.4,58.1,25.2,69.5,0.032,3.0,2.05,5.54,4.73,28.0,Weathered Granite,MODERATE_RISK
1,24.9,44.7,21.5,51.8,0.014,2.33,1.88,5.03,4.07,35.0,Residual Soil,MODERATE_RISK
6,7.9,58.1,24.3,84.3,0.06,2.82,2.43,5.04,4.2,38.0,Sandy Loam,MODERATE_RISK
1,7.2,21.8,22.7,54.0,0.074,1.15,1.01,1.69,1.5,35.0,Residual Soil,SAFE
2,71.2,43.5,22.7,81.0,0.055,2.21,1.41,7.43,5.02,42.0,Colluvium,HIGH_RISK
5,8.9,81.5,24.3,73.6,0.022,4.07,2.79,5.22,4.42,31.0,Laterite,HIGH_RISK
1,37.3,61.5,24.2,97.2,0.043,3.08,2.37,6.47,5.25,35.0,Residual Soil,MODERATE_RISK
1,12.5,53.8,27.0,98.0,0.172,2.7,2.84,5.82,4.81,35.0,Residual Soil,MODERATE_RISK
6,3.7,41.4,23.5,90.4,0.073,2.1,1.99,3.56,3.01,38.0,Sandy Loam,SAFE
6,0.3,42.4,22.6,84.1,0.15,2.13,2.15,4.21,3.48,38.0,Sandy Loam,MODERATE_RISK
3,19.6,48.7,23.3,62.4,0.115,2.21,1.85,4.3,3.36,28.0,Weathered Granite,MODERATE_RISK
6,93.0,82.7,21.1,83.7,0.119,4.1,3.74,12.31,9.48,38.0,Sandy Loam,HIGH_RISK
4,11.5,92.5,22.6,95.5,0.043,4.68,3.33,6.09,5.35,48.0,Clay Loam,HIGH_RISK
2,11.0,52.9,32.1,41.4,0.111,2.66,1.74,3.45,2.88,42.0,Colluvium,SAFE
2,10.5,49.5,20.3,71.2,0.004,2.67,2.08,4.23,3.58,42.0,Colluvium,MODERATE_RISK
5,18.4,83.5,22.9,52.6,0.085,4.3,3.53,7.1,6.07,31.0,Laterite,HIGH_RISK
5,14.5,52.0,22.5,72.4,0.128,2.43,2.63,4.84,4.07,31.0,Laterite,MODERATE_RISK
2,53.0,61.4,23.0,67.1,0.03,3.04,2.57,7.59,5.56,42.0,Colluvium,MODERATE_RISK
5,17.6,37.3,22.7,73.4,0.044,1.8,2.07,4.44,3.97,31.0,Laterite,MODERATE_RISK
3,17.7,75.8,25.1,72.0,0.037,3.79,2.98,4.7,4.51,28.0,Weathered Granite,MODERATE_RISK
6,3.7,59.9,17.2,95.7,0.011,2.99,2.57,4.19,3.87,38.0,Sandy Loam,MODERATE_RISK
2,101.5,80.7,28.1,72.0,0.064,4.16,3.44,13.08,9.75,42.0,Colluvium,HIGH_RISK
5,7.2,78.6,26.5,89.1,0.579,3.97,5.33,9.0,8.45,31.0,Laterite,MODERATE_RISK
2,1.9,36.1,19.0,58.5,0.066,2.05,1.78,1.83,1.88,42.0,Colluvium,SAFE
4,27.2,73.7,14.9,65.4,0.093,3.73,3.52,7.46,6.01,48.0,Clay Loam,MODERATE_RISK
1,22.6,80.0,20.1,67.3,0.159,3.83,3.22,7.43,6.2,35.0,Residual Soil,MODERATE_RISK
6,13.4,46.0,23.0,56.2,0.157,2.21,2.11,4.57,3.5,38.0,Sandy Loam,MODERATE_RISK
2,13.7,32.9,34.3,62.0,0.449,1.77,2.74,5.7,4.8,42.0,Colluvium,MODERATE_RISK
1,38.4,20.2,26.2,74.7,0.292,0.69,1.81,5.96,4.42,35.0,Residual Soil,MODERATE_RISK
5,5.4,53.8,16.8,73.7,0.237,2.42,1.99,2.59,2.68,31.0,Laterite,SAFE
1,42.9,46.4,21.2,76.9,0.454,2.32,3.12,8.2,6.38,35.0,Residual Soil,MODERATE_RISK
6,26.2,61.6,23.8,60.4,0.039,3.27,2.62,6.23,5.29,38.0,Sandy Loam,MODERATE_RISK
2,13.6,34.1,25.0,58.3,0.144,1.97,1.38,2.62,2.11,42.0,Colluvium,SAFE
4,15.3,84.5,18.7,75.5,0.327,4.18,4.19,7.45,6.71,48.0,Clay Loam,HIGH_RISK
5,7.4,39.3,23.5,47.7,0.147,2.18,1.72,1.72,1.76,31.0,Laterite,SAFE
2,34.9,37.0,21.1,54.7,0.569,1.86,2.5,6.37,5.18,42.0,Colluvium,MODERATE_RISK
6,18.0,56.1,19.6,42.4,0.016,2.5,1.97,4.18,3.29,38.0,Sandy Loam,MODERATE_RISK
5,9.7,57.4,25.0,44.2,0.087,2.87,2.47,5.18,4.34,31.0,Laterite,MODERATE_RISK
3,22.7,36.1,27.1,54.1,0.568,1.68,2.97,5.97,5.33,28.0,Weathered Granite,MODERATE_RISK
1,136.4,40.4,27.4,41.1,0.072,2.2,2.05,13.85,9.36,35.0,Residual Soil,HIGH_RISK
6,14.3,32.7,26.3,54.2,0.202,1.63,1.65,3.58,3.21,38.0,Sandy Loam,SAFE
3,63.4,73.9,22.0,78.0,0.005,3.44,3.3,9.73,7.48,28.0,Weathered Granite,MODERATE_RISK
2,10.6,77.8,26.9,43.5,0.178,3.59,3.4,6.31,5.38,42.0,Colluvium,MODERATE_RISK
4,1.4,54.7,25.2,65.3,0.409,2.73,3.8,4.82,4.83,48.0,Clay Loam,MODERATE_RISK
5,5.7,73.6,24.5,93.0,0.072,3.2,2.27,4.43,3.92,31.0,Laterite,MODERATE_RISK
1,13.6,75.2,21.6,85.9,0.003,3.66,2.69,5.12,4.04,35.0,Residual Soil,MODERATE_RISK
5,6.2,30.4,22.0,57.7,0.004,1.57,1.47,3.35,2.85,31.0,Laterite,SAFE
2,0.0,92.5,24.3,93.6,0.334,4.41,4.46,5.32,5.23,42.0,Colluvium,HIGH_RISK
5,61.6,81.6,33.8,59.1,0.192,4.28,3.68,9.23,7.14,31.0,Laterite,HIGH_RISK
1,46.4,35.3,25.2,44.2,0.017,2.0,1.1,5.22,3.79,35.0,Residual Soil,MODERATE_RISK
2,33.9,34.0,21.6,97.7,0.008,1.5,1.44,5.12,4.06,42.0,Colluvium,MODERATE_RISK
5,4.6,29.4,20.7,90.5,0.245,1.41,2.06,3.18,2.98,31.0,Laterite,SAFE
4,3.2,30.4,22.0,67.0,0.249,1.72,2.2,3.85,3.14,48.0,Clay Loam,SAFE
6,1.7,76.1,32.7,78.6,0.019,3.8,2.95,5.05,4.37,38.0,Sandy Loam,MODERATE_RISK
2,32.2,55.2,22.4,78.9,0.054,2.48,1.81,5.62,4.19,42.0,Colluvium,MODERATE_RISK
6,66.1,78.7,27.6,51.3,0.227,3.91,3.79,11.02,8.55,38.0,Sandy Loam,HIGH_RISK
2,14.1,76.0,22.5,51.6,0.112,3.63,2.85,5.45,4.68,42.0,Colluvium,MODERATE_RISK
4,3.2,65.3,25.0,67.2,0.471,3.49,3.98,5.92,5.64,48.0,Clay Loam,MODERATE_RISK
6,18.0,71.5,27.2,92.9,0.098,3.7,3.63,6.86,6.13,38.0,Sandy Loam,MODERATE_RISK
3,10.7,21.4,21.7,40.6,0.169,1.01,0.76,1.48,1.34,28.0,Weathered Granite,SAFE
1,11.7,43.4,21.4,85.4,0.107,2.2,2.28,3.96,3.7,35.0,Residual Soil,SAFE
3,24.3,67.8,30.6,43.3,0.43,3.13,4.24,8.56,7.2,28.0,Weathered Granite,MODERATE_RISK
5,31.7,20.7,27.9,67.7,0.076,0.88,1.18,4.07,3.69,31.0,Laterite,MODERATE_RISK
4,2.9,22.5,27.2,77.0,0.039,1.44,1.39,1.95,1.98,48.0,Clay Loam,SAFE
3,0.9,83.9,27.1,79.8,0.059,4.21,3.41,5.41,5.09,28.0,Weathered Granite,HIGH_RISK
2,129.3,71.3,25.8,43.4,0.287,3.75,3.67,16.04,11.81,42.0,Colluvium,HIGH_RISK
5,6.6,39.9,32.1,64.3,0.103,2.04,1.27,2.33,2.05,31.0,Laterite,SAFE
5,1.4,71.6,24.2,73.9,0.066,3.84,3.28,4.96,4.49,31.0,Laterite,MODERATE_RISK
3,5.3,79.4,26.3,43.8,0.118,3.57,3.09,5.27,4.97,28.0,Weathered Granite,MODERATE_RISK
3,1.0,43.0,18.2,47.8,0.021,2.11,1.54,2.87,2.77,28.0,Weathered Granite,SAFE
4,12.4,22.7,20.7,78.5,0.001,1.46,1.16,2.83,2.31,48.0,Clay Loam,SAFE
1,40.5,90.0,19.2,70.3,0.049,4.69,3.92,8.52,7.42,35.0,Residual Soil,HIGH_RISK
3,10.4,45.9,29.1,49.4,0.139,2.56,2.27,4.13,3.6,28.0,Weathered Granite,MODERATE_RISK
3,14.7,28.0,13.8,71.0,0.187,1.4,2.16,4.21,3.79,28.0,Weathered Granite,MODERATE_RISK
6,28.1,56.9,22.4,92.9,0.263,2.74,3.2,6.52,5.82,38.0,Sandy Loam,MODERATE_RISK
2,17.8,77.6,12.0,40.9,0.392,3.67,4.38,8.24,7.15,42.0,Colluvium,MODERATE_RISK
6,49.4,36.6,20.7,77.3,0.08,1.61,1.5,6.49,4.74,38.0,Sandy Loam,MODERATE_RISK
6,50.3,40.2,22.0,44.3,0.202,2.17,2.5,8.14,6.34,38.0,Sandy Loam,MODERATE_RISK
5,0.2,38.2,29.5,40.4,0.012,2.01,1.38,1.59,1.57,31.0,Laterite,SAFE
1,37.6,94.4,25.6,48.7,0.009,4.71,3.99,9.07,7.27,35.0,Residual Soil,HIGH_RISK
2,15.4,34.8,20.7,64.5,0.02,1.84,1.47,3.43,3.06,42.0,Colluvium,SAFE
4,112.4,63.2,28.3,86.5,0.089,3.19,2.51,12.91,9.06,48.0,Clay Loam,HIGH_RISK
4,16.5,89.4,24.1,56.3,0.036,4.66,3.83,7.13,6.09,48.0,Clay Loam,HIGH_RISK
3,108.4,31.0,24.2,76.3,0.051,1.74,1.46,10.86,7.26,28.0,Weathered Granite,HIGH_RISK
3,35.1,92.8,19.2,63.8,0.157,4.43,4.71,9.81,8.34,28.0,Weathered Granite,HIGH_RISK
4,7.1,91.1,20.0,53.6,0.067,4.61,4.02,7.15,5.99,48.0,Clay Loam,HIGH_RISK
3,19.3,86.3,20.7,69.8,0.122,3.98,4.02,7.14,6.44,28.0,Weathered Granite,HIGH_RISK
1,121.1,36.1,24.2,86.3,0.08,1.83,2.04,12.66,8.7,35.0,Residual Soil,HIGH_RISK
6,48.7,67.6,24.3,88.3,0.028,3.5,2.9,8.79,7.06,38.0,Sandy Loam,MODERATE_RISK
3,2.6,77.1,30.2,89.1,0.012,3.59,2.77,3.96,3.72,28.0,Weathered Granite,MODERATE_RISK
5,30.6,94.0,25.5,59.6,0.04,4.62,3.29,7.0,6.12,31.0,Laterite,HIGH_RISK
3,10.6,33.5,13.2,86.0,0.009,1.68,1.11,2.88,2.27,28.0,Weathered Granite,SAFE
2,0.2,77.5,25.1,52.3,0.145,3.92,3.77,4.96,4.89,42.0,Colluvium,MODERATE_RISK
1,12.9,45.4,18.2,82.8,0.238,2.21,2.39,4.95,4.22,35.0,Residual Soil,MODERATE_RISK
2,6.7,33.2,20.1,95.0,0.062,1.43,1.44,2.45,2.61,42.0,Colluvium,SAFE
2,42.7,51.6,20.8,40.8,0.073,2.57,1.67,6.13,4.27,42.0,Colluvium,MODERATE_RISK
5,10.3,79.5,21.3,65.5,0.254,3.64,3.81,5.93,5.56,31.0,Laterite,MODERATE_RISK
1,43.9,54.9,18.5,77.6,0.038,2.7,2.6,8.0,6.11,35.0,Residual Soil,MODERATE_RISK
1,0.0,60.3,24.8,80.7,0.019,2.93,1.87,2.2,2.25,35.0,Residual Soil,MODERATE_RISK
1,9.2,94.6,18.4,50.2,0.104,4.7,4.18,7.37,6.63,35.0,Residual Soil,HIGH_RISK
1,6.9,49.9,25.4,96.4,0.156,2.38,2.78,4.13,4.09,35.0,Residual Soil,MODERATE_RISK
1,6.7,66.2,32.9,75.7,0.137,3.01,3.32,6.42,5.62,35.0,Residual Soil,MODERATE_RISK
5,1.8,47.4,18.7,49.5,0.188,2.3,2.25,3.48,3.46,31.0,Laterite,SAFE
3,5.2,49.5,22.9,41.2,0.009,2.66,2.39,4.98,4.13,28.0,Weathered Granite,MODERATE_RISK
2,20.3,72.2,13.9,85.4,0.084,3.86,3.77,6.87,6.0,42.0,Colluvium,MODERATE_RISK
1,8.6,90.3,22.8,44.6,0.041,5.0,4.24,6.83,6.02,35.0,Residual Soil,HIGH_RISK
3,13.5,60.7,26.6,48.2,0.214,3.37,3.72,7.27,6.62,28.0,Weathered Granite,MODERATE_RISK
3,11.8,77.6,26.9,73.3,0.309,3.64,3.83,5.98,5.47,28.0,Weathered Granite,MODERATE_RISK
2,52.2,26.7,24.3,75.0,0.05,1.25,1.27,5.73,4.01,42.0,Colluvium,MODERATE_RISK
5,58.9,35.8,27.6,79.8,0.015,1.79,1.29,6.89,4.9,31.0,Laterite,MODERATE_RISK
4,17.0,57.7,34.2,62.8,0.044,2.87,2.38,4.42,4.06,48.0,Clay Loam,MODERATE_RISK
4,10.0,21.5,30.8,84.9,0.016,1.09,1.05,2.64,1.97,48.0,Clay Loam,SAFE
3,2.8,39.0,21.9,96.5,0.058,2.43,1.91,3.17,3.09,28.0,Weathered Granite,SAFE
6,76.7,58.8,18.2,55.7,0.116,2.72,2.46,9.07,6.61,38.0,Sandy Loam,HIGH_RISK
6,1.6,21.1,22.4,80.8,0.546,0.91,2.59,4.5,4.28,38.0,Sandy Loam,MODERATE_RISK
2,8.8,39.8,,,0.076,2.32,2.7,4.12,3.71,42.0,Colluvium,MODERATE_RISK
4,8.8,58.6,25.8,79.8,0.037,2.81,1.74,3.7,3.24,48.0,Clay Loam,MODERATE_RISK
3,9.7,63.0,19.3,79.5,0.027,3.23,3.26,5.73,5.08,28.0,Weathered Granite,MODERATE_RISK
5,4.5,89.4,23.7,53.0,0.028,4.68,3.75,5.76,5.11,31.0,Laterite,HIGH_RISK
4,38.2,68.4,27.4,71.0,0.032,3.52,3.2,7.3,5.7,48.0,Clay Loam,MODERATE_RISK
3,3.3,51.1,23.6,72.6,0.215,2.59,3.07,5.03,4.4,28.0,Weathered Granite,MODERATE_RISK
3,25.2,89.8,20.2,80.6,0.009,4.68,4.24,7.94,7.08,28.0,Weathered Granite,HIGH_RISK
1,3.3,78.9,28.7,97.8,0.893,3.77,5.48,9.09,7.81,35.0,Residual Soil,MODERATE_RISK
5,1.8,35.0,16.5,42.0,0.111,1.65,1.59,3.15,2.75,31.0,Laterite,SAFE
1,60.0,29.8,22.7,43.8,0.118,1.6,1.62,8.05,5.69,35.0,Residual Soil,MODERATE_RISK
2,5.3,70.7,23.8,44.5,0.066,3.12,2.59,4.45,3.63,42.0,Colluvium,MODERATE_RISK
1,43.0,62.0,24.1,83.1,0.176,3.38,3.63,8.68,6.86,35.0,Residual Soil,MODERATE_RISK
1,19.7,79.2,24.7,47.9,0.096,4.02,3.48,6.65,5.57,35.0,Residual Soil,MODERATE_RISK
4,2.0,75.4,26.4,76.1,0.06,3.8,2.73,4.07,3.82,48.0,Clay Loam,MODERATE_RISK
6,77.8,66.9,23.9,58.8,0.046,3.02,2.36,9.89,7.41,38.0,Sandy Loam,HIGH_RISK
3,7.1,94.0,22.5,66.5,0.39,4.44,4.25,7.16,6.64,28.0,Weathered Granite,HIGH_RISK
5,49.1,60.0,22.4,52.5,0.052,2.92,2.42,8.17,6.04,31.0,Laterite,MODERATE_RISK
1,4.6,28.5,21.6,90.2,0.086,1.59,1.73,2.97,2.48,35.0,Residual Soil,SAFE
5,48.1,82.1,27.2,74.0,0.065,3.69,2.95,7.57,5.71,31.0,Laterite,HIGH_RISK
6,0.3,38.9,21.4,94.8,0.014,2.1,1.6,2.22,2.06,38.0,Sandy Loam,SAFE
6,17.9,78.3,27.4,73.3,0.031,3.84,3.08,6.83,5.46,38.0,Sandy Loam,MODERATE_RISK
1,36.7,91.8,24.1,47.2,0.032,4.55,3.78,7.83,6.58,35.0,Residual Soil,HIGH_RISK
2,68.3,72.3,21.9,49.9,0.177,3.67,3.62,11.26,8.57,42.0,Colluvium,HIGH_RISK
1,60.0,64.7,26.5,97.4,0.078,3.29,3.11,9.27,7.02,35.0,Residual Soil,MODERATE_RISK
4,42.8,54.5,21.1,82.1,0.228,2.58,3.42,8.11,6.49,48.0,Clay Loam,MODERATE_RISK
3,54.8,47.3,26.6,42.9,0.185,2.49,2.58,8.45,6.22,28.0,Weathered Granite,MODERATE_RISK
2,5.6,46.5,24.9,80.8,0.032,1.86,1.8,3.93,3.16,42.0,Colluvium,SAFE
1,8.4,67.7,21.6,63.9,0.124,3.29,2.53,4.64,4.34,35.0,Residual Soil,MODERATE_RISK
5,8.5,76.3,26.1,57.8,0.204,3.85,3.58,5.92,5.45,31.0,Laterite,MODERATE_RISK
2,11.8,70.9,26.2,48.9,0.15,3.48,3.15,5.02,4.69,42.0,Colluvium,MODERATE_RISK
2,12.5,34.9,28.6,88.7,0.137,1.38,1.21,2.77,2.47,42.0,Colluvium,SAFE
1,19.7,57.0,27.9,43.7,0.202,3.0,2.85,5.18,4.72,35.0,Residual Soil,MODERATE_RISK
2,4.4,79.4,26.0,56.8,0.009,3.72,2.97,4.65,4.56,42.0,Colluvium,MODERATE_RISK
5,29.4,55.7,19.5,57.8,0.197,2.77,2.66,6.31,5.23,31.0,Laterite,MODERATE_RISK
6,4.6,60.2,33.8,49.3,0.048,3.04,3.36,4.23,4.26,38.0,Sandy Loam,MODERATE_RISK
2,9.3,77.8,18.4,69.5,0.127,3.89,3.65,6.91,5.85,42.0,Colluvium,MODERATE_RISK
6,17.5,69.6,27.8,40.7,0.042,3.71,3.69,6.32,5.47,38.0,Sandy Loam,MODERATE_RISK
5,39.8,50.7,25.7,57.5,0.274,2.52,3.29,8.03,6.64,31.0,Laterite,MODERATE_RISK
1,33.6,87.2,19.3,94.2,0.098,4.45,3.66,8.44,6.87,35.0,Residual Soil,HIGH_RISK
3,25.9,32.2,23.5,58.0,0.154,1.6,1.75,5.35,3.81,28.0,Weathered Granite,MODERATE_RISK
2,4.2,94.7,23.7,60.9,0.237,4.86,4.47,6.64,5.8,42.0,Colluvium,HIGH_RISK
3,19.8,28.9,29.2,67.4,0.339,1.72,2.34,3.84,3.9,28.0,Weathered Granite,SAFE
5,2.3,21.1,21.1,72.6,0.198,1.08,1.17,2.48,1.88,31.0,Laterite,SAFE
2,11.8,86.8,23.0,86.9,0.024,4.5,3.54,5.63,5.01,42.0,Colluvium,HIGH_RISK
6,13.3,38.4,14.7,51.0,0.289,2.21,2.74,5.35,4.83,38.0,Sandy Loam,MODERATE_RISK
4,1.0,74.7,30.9,90.6,0.145,4.01,3.74,5.9,5.17,48.0,Clay Loam,MODERATE_RISK
3,8.0,80.8,19.7,83.9,0.141,3.96,3.67,4.52,4.65,28.0,Weathered Granite,HIGH_RISK
2,77.9,84.4,25.3,81.9,0.381,4.43,4.67,12.43,10.16,42.0,Colluvium,HIGH_RISK
3,76.8,94.4,23.6,45.0,0.043,4.77,4.2,12.21,9.85,28.0,Weathered Granite,HIGH_RISK
2,10.9,42.1,23.6,41.3,0.041,2.33,1.91,2.44,2.33,42.0,Colluvium,SAFE
1,1.1,73.3,27.2,74.5,0.108,3.78,3.77,5.07,4.92,35.0,Residual Soil,MODERATE_RISK
6,4.9,28.7,30.7,90.1,0.208,1.49,1.26,2.34,1.95,38.0,Sandy Loam,SAFE
3,12.4,50.5,25.0,73.9,0.089,2.61,2.55,4.77,4.13,28.0,Weathered Granite,MODERATE_RISK
4,73.8,83.6,26.6,52.4,0.151,4.23,3.98,12.03,9.47,48.0,Clay Loam,HIGH_RISK
4,3.8,47.6,25.3,45.3,0.09,2.44,2.02,3.56,2.87,48.0,Clay Loam,SAFE
5,36.0,64.3,28.1,80.6,0.141,3.18,2.86,6.33,5.36,31.0,Laterite,MODERATE_RISK
2,2.9,57.8,22.1,81.9,0.259,2.84,3.19,4.37,4.18,42.0,Colluvium,MODERATE_RISK
3,99.4,68.4,28.3,50.0,0.03,3.77,3.38,13.4,10.0,28.0,Weathered Granite,HIGH_RISK
5,12.0,93.0,28.4,41.6,0.178,4.75,3.81,7.44,6.63,31.0,Laterite,HIGH_RISK
3,37.3,24.2,28.3,63.7,0.232,1.1,1.76,5.14,3.88,28.0,Weathered Granite,MODERATE_RISK
2,10.5,63.0,21.4,73.8,0.089,3.09,2.6,4.87,4.2,42.0,Colluvium,MODERATE_RISK
4,24.7,84.7,23.3,80.9,0.059,4.45,4.07,8.48,7.3,48.0,Clay Loam,HIGH_RISK
1,5.3,56.1,25.0,87.0,0.002,2.66,1.58,2.91,2.73,35.0,Residual Soil,MODERATE_RISK
4,3.9,25.9,18.5,75.4,0.239,1.0,2.25,3.56,2.77,48.0,Clay Loam,SAFE
5,69.5,62.0,30.4,46.4,0.06,2.82,2.17,8.49,6.36,31.0,Laterite,MODERATE_RISK
6,62.4,44.9,24.0,79.6,0.066,1.9,2.15,9.21,6.93,38.0,Sandy Loam,MODERATE_RISK
1,54.6,31.6,25.1,97.1,0.061,1.32,1.22,6.25,4.41,35.0,Residual Soil,MODERATE_RISK
5,24.5,83.7,21.7,92.5,0.104,3.95,3.23,7.0,6.01,31.0,Laterite,HIGH_RISK
2,41.3,59.1,18.7,90.6,0.182,3.23,3.21,8.28,6.83,42.0,Colluvium,MODERATE_RISK
1,1.8,90.0,21.6,57.5,0.222,4.49,4.57,6.59,6.28,35.0,Residual Soil,HIGH_RISK
5,10.2,80.5,24.9,83.5,0.075,3.95,2.92,5.22,4.75,31.0,Laterite,HIGH_RISK
2,9.4,72.0,26.7,89.4,0.163,3.31,3.35,5.62,5.05,42.0,Colluvium,MODERATE_RISK
4,25.2,20.4,24.6,79.3,0.191,0.99,1.36,3.89,3.0,48.0,Clay Loam,SAFE
6,11.0,52.1,25.4,54.5,0.053,2.26,2.14,4.25,3.49,38.0,Sandy Loam,MODERATE_RISK
2,4.0,34.8,22.7,95.3,0.015,1.67,1.38,1.93,1.88,42.0,Colluvium,SAFE
3,22.7,88.3,26.0,66.1,0.338,4.83,4.71,8.28,7.7,28.0,Weathered Granite,HIGH_RISK
2,42.1,33.1,29.9,47.5,0.17,1.79,1.61,6.03,4.24,42.0,Colluvium,MODERATE_RISK
2,12.0,41.5,26.8,46.4,0.157,2.03,2.3,4.14,3.76,42.0,Colluvium,MODERATE_RISK
6,3.5,58.8,27.2,77.6,0.009,3.08,2.69,4.14,3.89,38.0,Sandy Loam,MODERATE_RISK
3,5.5,39.8,25.2,65.4,0.255,1.89,2.48,3.2,3.45,28.0,Weathered Granite,SAFE
5,6.8,35.7,18.0,45.5,0.125,1.62,1.8,3.73,3.47,31.0,Laterite,SAFE
5,8.9,64.9,19.8,82.9,0.282,3.59,4.0,6.97,6.0,31.0,Laterite,MODERATE_RISK
2,25.7,26.7,25.8,86.4,0.551,1.11,2.96,6.85,5.48,42.0,Colluvium,MODERATE_RISK
3,23.0,24.4,24.0,82.1,0.472,1.15,1.77,4.69,3.6,28.0,Weathered Granite,MODERATE_RISK
3,29.8,47.9,25.8,51.7,0.291,2.46,2.14,4.84,3.88,28.0,Weathered Granite,MODERATE_RISK
6,11.3,74.0,30.7,80.0,0.002,3.51,3.33,6.01,5.19,38.0,Sandy Loam,MODERATE_RISK
4,43.4,61.6,26.9,40.6,0.325,3.21,3.14,7.88,6.37,48.0,Clay Loam,MODERATE_RISK
5,5.7,51.7,29.0,57.7,0.012,2.52,1.73,2.57,2.24,31.0,Laterite,SAFE
6,15.8,62.4,24.4,63.1,0.286,3.25,3.37,6.57,5.48,38.0,Sandy Loam,MODERATE_RISK
1,40.4,47.4,20.8,88.4,0.049,2.49,1.64,6.52,4.57,35.0,Residual Soil,MODERATE_RISK
5,5.0,90.2,23.8,62.6,0.141,4.46,3.88,6.97,6.22,31.0,Laterite,HIGH_RISK
6,2.9,24.1,20.8,40.7,0.006,1.55,0.97,2.0,1.67,38.0,Sandy Loam,SAFE
5,53.8,70.5,30.2,60.4,0.221,3.39,3.3,9.24,7.15,31.0,Laterite,MODERATE_RISK
4,10.5,86.8,27.2,68.9,0.018,4.61,3.83,6.48,5.63,48.0,Clay Loam,HIGH_RISK
1,28.8,80.3,26.1,95.0,0.079,4.25,3.53,7.15,5.73,35.0,Residual Soil,HIGH_RISK
4,0.6,33.8,28.9,94.6,0.255,2.04,2.28,3.33,3.46,48.0,Clay Loam,SAFE
1,29.3,42.2,15.9,50.5,0.178,2.14,2.32,6.28,4.87,35.0,Residual Soil,MODERATE_RISK
2,9.5,73.8,26.4,50.7,0.001,3.53,3.14,6.38,5.94,42.0,Colluvium,MODERATE_RISK
6,1.4,26.3,18.8,49.5,0.077,1.73,2.1,2.85,2.91,38.0,Sandy Loam,SAFE
1,23.5,80.9,,,0.006,3.98,3.14,5.59,5.29,35.0,Residual Soil,HIGH_RISK
4,6.9,73.9,22.8,40.3,0.168,3.53,3.88,6.11,5.8,48.0,Clay Loam,MODERATE_RISK
5,12.2,74.7,26.6,47.4,0.521,3.7,4.79,8.61,7.59,31.0,Laterite,MODERATE_RISK
1,2.1,27.5,24.9,71.2,0.16,1.18,1.05,2.78,2.07,35.0,Residual Soil,SAFE
6,4.0,73.8,29.4,54.4,0.038,3.8,2.78,5.15,4.28,38.0,Sandy Loam,MODERATE_RISK
1,8.8,71.0,21.6,45.4,0.066,3.43,2.77,5.5,4.91,35.0,Residual Soil,MODERATE_RISK
3,2.4,82.3,26.8,60.9,0.564,4.06,5.37,7.82,7.43,28.0,Weathered Granite,HIGH_RISK
5,60.4,23.1,24.6,55.9,0.038,1.35,1.04,5.98,4.23,31.0,Laterite,MODERATE_RISK
6,0.2,21.7,17.5,69.6,0.124,1.21,0.77,0.51,0.85,38.0,Sandy Loam,SAFE
6,16.5,48.0,20.3,96.8,0.077,2.4,2.08,4.11,3.58,38.0,Sandy Loam,MODERATE_RISK
2,3.3,31.2,23.4,47.2,0.219,1.59,1.33,2.72,2.2,42.0,Colluvium,SAFE
4,9.2,61.9,28.4,61.6,0.303,3.1,3.07,6.15,5.43,48.0,Clay Loam,MODERATE_RISK
2,65.1,88.8,25.9,94.1,0.063,4.35,3.49,10.62,8.08,42.0,Colluvium,HIGH_RISK
6,4.4,49.4,19.3,90.9,0.162,2.47,2.51,3.99,3.67,38.0,Sandy Loam,SAFE
5,84.4,83.4,23.4,62.9,0.119,4.27,4.08,12.34,9.59,31.0,Laterite,HIGH_RISK
1,5.8,20.0,32.1,80.5,0.049,0.97,1.13,2.1,1.81,35.0,Residual Soil,SAFE
1,33.8,32.6,24.4,45.1,0.048,1.71,1.16,4.55,2.95,35.0,Residual Soil,MODERATE_RISK
5,19.8,22.3,22.7,81.3,0.116,0.95,1.0,2.35,2.12,31.0,Laterite,SAFE
6,54.0,44.6,26.0,96.4,0.025,2.11,1.79,7.47,5.63,38.0,Sandy Loam,MODERATE_RISK
1,20.2,88.1,27.1,71.2,0.25,4.26,4.08,7.52,6.19,35.0,Residual Soil,HIGH_RISK
1,19.1,27.3,22.2,68.9,0.011,1.25,0.95,3.38,2.29,35.0,Residual Soil,SAFE
1,5.4,65.5,26.0,50.9,0.015,3.53,2.35,3.95,3.95,35.0,Residual Soil,MODERATE_RISK
4,4.5,53.9,22.7,76.8,0.063,2.84,2.12,3.69,3.32,48.0,Clay Loam,SAFE
4,62.1,90.4,26.9,74.2,0.019,4.3,3.38,9.69,7.5,48.0,Clay Loam,HIGH_RISK
3,9.9,29.2,24.7,77.8,0.097,1.55,0.6,1.52,1.13,28.0,Weathered Granite,SAFE
2,11.6,35.9,25.9,41.5,0.077,1.72,1.8,3.95,3.06,42.0,Colluvium,SAFE
5,35.7,22.2,21.0,71.8,0.192,0.97,0.94,4.2,2.95,31.0,Laterite,MODERATE_RISK
5,10.3,52.5,20.7,74.5,0.459,2.33,3.45,5.45,5.19,31.0,Laterite,MODERATE_RISK
5,75.9,40.8,27.8,52.0,0.21,2.23,2.59,10.01,7.3,31.0,Laterite,HIGH_RISK
3,33.5,85.2,23.7,52.1,0.03,3.99,3.12,7.55,6.21,28.0,Weathered Granite,HIGH_RISK
4,22.7,65.4,25.1,56.0,0.411,3.26,4.14,8.71,7.65,48.0,Clay Loam,MODERATE_RISK
6,53.2,66.1,22.8,81.3,0.075,3.12,2.94,9.24,6.9,38.0,Sandy Loam,MODERATE_RISK
6,1.3,59.9,27.6,75.2,0.096,3.15,2.72,4.15,3.91,38.0,Sandy Loam,MODERATE_RISK
3,7.4,26.9,21.6,89.1,0.082,1.28,1.14,2.03,1.99,28.0,Weathered Granite,SAFE
6,15.6,53.4,23.5,57.1,0.049,2.64,2.59,5.02,4.12,38.0,Sandy Loam,MODERATE_RISK
5,6.4,95.0,27.1,92.9,0.338,4.73,4.87,7.56,7.01,31.0,Laterite,HIGH_RISK
2,34.1,82.6,28.7,83.1,0.061,4.19,3.85,8.76,7.56,42.0,Colluvium,HIGH_RISK
1,62.9,87.0,21.9,62.9,0.13,4.35,3.15,10.28,7.67,35.0,Residual Soil,HIGH_RISK
4,13.8,81.7,31.8,45.5,0.041,4.08,3.42,6.85,6.03,48.0,Clay Loam,HIGH_RISK
4,10.5,27.7,25.3,54.9,0.239,1.28,1.27,2.54,2.13,48.0,Clay Loam,SAFE
3,81.5,37.1,19.8,95.5,0.223,1.54,1.89,9.1,6.76,28.0,Weathered Granite,HIGH_RISK
4,14.7,20.2,25.5,58.0,0.053,0.79,1.01,2.48,1.66,48.0,Clay Loam,SAFE
5,16.8,42.8,22.5,59.1,0.172,2.28,2.86,4.67,4.24,31.0,Laterite,MODERATE_RISK
6,10.8,28.1,25.7,51.0,0.183,1.34,1.34,2.27,1.74,38.0,Sandy Loam,SAFE
5,60.1,55.5,23.8,86.8,0.124,2.64,2.33,8.29,6.0,31.0,Laterite,MODERATE_RISK
3,21.0,70.8,24.3,56.0,0.138,3.26,2.99,6.35,5.16,28.0,Weathered Granite,MODERATE_RISK
5,35.9,85.6,20.4,59.2,0.128,3.94,3.24,7.98,6.35,31.0,Laterite,HIGH_RISK
6,41.8,76.2,28.0,64.0,0.013,3.67,3.27,7.86,6.11,38.0,Sandy Loam,MODERATE_RISK
2,10.5,90.4,19.4,65.2,0.166,4.7,4.24,6.95,6.28,42.0,Colluvium,HIGH_RISK
3,14.2,24.0,19.6,63.9,0.095,1.09,1.19,2.79,2.36,28.0,Weathered Granite,SAFE
2,47.2,20.9,25.5,69.2,0.087,1.13,1.35,5.61,3.73,42.0,Colluvium,MODERATE_RISK
1,11.3,69.6,30.4,87.2,0.295,3.36,3.55,6.57,5.59,35.0,Residual Soil,MODERATE_RISK
2,39.5,41.7,22.6,87.5,0.004,2.21,1.53,4.8,4.15,42.0,Colluvium,MODERATE_RISK
1,70.8,39.0,26.8,86.3,0.043,1.88,1.61,7.5,5.37,35.0,Residual Soil,HIGH_RISK
1,24.4,44.8,28.3,45.9,0.019,1.99,1.39,3.89,2.67,35.0,Residual Soil,SAFE
2,33.8,40.2,27.3,86.4,0.005,1.96,1.62,4.45,3.2,42.0,Colluvium,MODERATE_RISK
3,40.9,58.4,22.8,47.0,0.048,3.29,3.08,6.94,5.75,28.0,Weathered Granite,MODERATE_RISK
6,46.6,53.0,19.6,47.2,0.67,3.01,4.07,9.09,7.51,38.0,Sandy Loam,MODERATE_RISK
5,12.6,58.4,15.2,95.0,0.047,3.02,2.1,4.04,3.36,31.0,Laterite,MODERATE_RISK
5,1.3,70.5,22.9,87.5,0.163,3.5,3.3,5.37,5.31,31.0,Laterite,MODERATE_RISK
6,12.8,49.0,28.7,72.0,0.019,2.51,1.83,4.09,3.89,38.0,Sandy Loam,MODERATE_RISK
1,28.0,38.8,19.5,90.7,0.138,2.0,2.02,6.06,4.59,35.0,Residual Soil,MODERATE_RISK
1,15.0,32.5,26.8,97.4,0.625,1.62,3.27,6.16,5.51,35.0,Residual Soil,MODERATE_RISK
3,34.6,46.2,20.2,75.4,0.052,2.4,1.43,5.03,3.92,28.0,Weathered Granite,MODERATE_RISK
4,11.0,75.6,24.4,75.5,0.283,3.82,4.11,6.92,6.42,48.0,Clay Loam,MODERATE_RISK
2,25.2,76.8,26.8,83.8,0.903,3.78,5.38,9.99,8.56,42.0,Colluvium,MODERATE_RISK
1,5.2,70.0,21.4,53.5,0.133,3.26,3.0,5.96,5.46,35.0,Residual Soil,MODERATE_RISK
5,34.6,37.6,24.7,49.7,0.056,1.79,1.4,5.0,3.69,31.0,Laterite,MODERATE_RISK
3,19.7,64.1,22.3,84.1,0.168,3.36,3.03,6.3,5.38,28.0,Weathered Granite,MODERATE_RISK
2,5.7,62.8,26.8,60.0,0.28,3.13,3.85,5.66,5.32,42.0,Colluvium,MODERATE_RISK
3,8.6,56.3,24.9,47.8,0.028,2.88,2.48,4.61,3.98,28.0,Weathered Granite,MODERATE_RISK
2,34.5,61.2,24.2,58.3,0.09,3.0,2.94,7.5,6.03,42.0,Colluvium,MODERATE_RISK
2,16.5,56.9,30.2,60.8,0.058,2.63,2.32,5.36,4.14,42.0,Colluvium,MODERATE_RISK
6,6.1,62.4,26.6,96.0,0.05,3.07,2.79,4.99,3.99,38.0,Sandy Loam,MODERATE_RISK
1,85.5,73.7,21.2,80.5,0.296,3.48,3.8,12.48,9.35,35.0,Residual Soil,HIGH_RISK
3,31.4,28.2,23.7,70.8,0.082,1.19,1.27,4.33,3.06,28.0,Weathered Granite,MODERATE_RISK
3,78.7,76.2,23.7,96.2,0.062,4.05,3.76,11.9,9.13,28.0,Weathered Granite,HIGH_RISK
6,13.9,30.2,24.3,92.4,0.139,1.43,1.61,3.58,3.04,38.0,Sandy Loam,SAFE
5,16.1,25.0,34.1,69.7,0.037,1.1,1.68,4.44,3.51,31.0,Laterite,MODERATE_RISK
5,57.1,93.2,25.5,92.5,0.039,4.98,4.39,11.69,9.51,31.0,Laterite,HIGH_RISK
1,18.6,91.8,15.9,63.4,0.11,4.75,3.79,7.55,6.42,35.0,Residual Soil,HIGH_RISK
1,30.7,24.5,21.8,53.4,0.079,1.15,1.1,5.12,3.33,35.0,Residual Soil,MODERATE_RISK
4,7.3,53.2,16.3,53.5,0.052,2.75,2.48,2.98,2.98,48.0,Clay Loam,SAFE
6,14.8,34.0,22.7,78.4,0.008,1.65,1.36,2.99,2.71,38.0,Sandy Loam,SAFE
5,3.3,56.4,16.1,69.1,0.11,2.68,2.68,4.28,3.53,31.0,Laterite,MODERATE_RISK
2,5.8,82.3,20.5,78.2,0.254,4.21,4.37,6.68,6.17,42.0,Colluvium,HIGH_RISK
3,0.0,91.3,17.9,79.8,0.286,4.5,4.05,5.61,5.51,28.0,Weathered Granite,HIGH_RISK
1,1.0,67.6,25.5,41.3,0.04,3.4,3.22,4.05,4.57,35.0,Residual Soil,MODERATE_RISK
3,94.6,46.5,24.0,43.1,0.137,2.53,2.29,10.85,7.9,28.0,Weathered Granite,HIGH_RISK
3,6.9,65.2,25.2,70.9,0.291,3.44,3.45,6.17,5.45,28.0,Weathered Granite,MODERATE_RISK
4,27.2,43.4,23.6,51.1,0.079,2.06,1.71,5.13,4.04,48.0,Clay Loam,MODERATE_RISK
5,45.7,88.2,18.4,76.7,0.404,4.51,5.06,10.87,8.67,31.0,Laterite,HIGH_RISK
1,20.0,85.3,26.1,72.0,0.35,4.04,4.2,8.01,6.7,35.0,Residual Soil,HIGH_RISK
3,4.2,61.9,31.7,74.0,0.035,3.19,2.46,4.7,4.18,28.0,Weathered Granite,MODERATE_RISK
1,32.6,44.4,25.6,57.5,0.045,2.25,1.81,4.56,3.67,35.0,Residual Soil,MODERATE_RISK
2,22.9,42.0,22.3,77.1,0.03,2.18,1.3,3.7,2.93,42.0,Colluvium,SAFE
4,32.8,22.5,18.3,88.1,0.033,1.07,0.7,3.82,2.65,48.0,Clay Loam,SAFE
2,36.7,81.2,20.4,97.9,0.358,4.48,4.29,9.38,7.77,42.0,Colluvium,HIGH_RISK
1,92.6,53.8,25.8,88.6,0.401,2.51,3.13,12.53,9.1,35.0,Residual Soil,HIGH_RISK
1,21.3,44.4,28.3,72.3,0.008,2.41,2.15,4.18,3.37,35.0,Residual Soil,MODERATE_RISK
5,10.5,55.3,25.0,51.2,0.135,2.56,2.62,4.27,3.83,31.0,Laterite,MODERATE_RISK
3,26.1,81.4,27.2,79.5,0.125,4.17,4.09,8.56,6.93,28.0,Weathered Granite,HIGH_RISK
3,1.8,29.3,26.8,94.4,0.074,1.58,1.8,1.99,1.97,28.0,Weathered Granite,SAFE
2,56.9,84.3,26.0,52.3,0.15,4.23,3.68,10.48,8.37,42.0,Colluvium,HIGH_RISK
4,3.2,87.3,21.4,54.8,0.442,4.27,4.75,7.61,6.9,48.0,Clay Loam,HIGH_RISK
6,9.9,91.0,24.7,48.6,0.028,4.58,3.74,6.77,6.05,38.0,Sandy Loam,HIGH_RISK
3,42.3,49.8,20.6,82.7,0.019,2.54,1.44,5.31,3.93,28.0,Weathered Granite,MODERATE_RISK
5,22.7,36.3,24.1,63.6,0.005,2.17,1.39,4.16,3.11,31.0,Laterite,MODERATE_RISK
2,12.5,48.0,25.3,43.6,0.068,2.23,1.94,3.32,2.76,42.0,Colluvium,SAFE
2,16.0,45.0,30.7,90.7,0.062,2.14,1.85,3.85,3.15,42.0,Colluvium,SAFE
6,48.2,33.2,18.8,72.3,0.085,1.72,1.78,6.54,4.85,38.0,Sandy Loam,MODERATE_RISK
5,10.4,65.5,25.9,59.2,0.105,3.22,3.03,4.93,4.59,31.0,Laterite,MODERATE_RISK
4,50.9,55.7,29.9,60.0,0.213,2.76,2.32,7.66,5.78,48.0,Clay Loam,MODERATE_RISK
5,2.3,84.9,27.0,56.8,0.075,4.46,3.95,5.54,5.43,31.0,Laterite,HIGH_RISK
4,37.5,22.4,27.3,66.4,0.06,0.56,0.68,4.15,2.53,48.0,Clay Loam,MODERATE_RISK
5,47.0,68.3,26.4,59.5,0.263,3.3,3.62,10.06,8.02,31.0,Laterite,MODERATE_RISK
5,5.0,77.2,29.2,71.8,0.284,3.51,3.98,5.74,5.21,31.0,Laterite,MODERATE_RISK
1,14.1,77.0,19.7,84.9,0.04,3.61,2.97,5.57,5.02,35.0,Residual Soil,MODERATE_RISK
2,4.5,86.5,18.5,79.1,0.057,4.81,4.39,6.14,5.98,42.0,Colluvium,HIGH_RISK
5,30.7,74.7,24.0,57.1,0.262,3.85,3.6,7.44,5.89,31.0,Laterite,MODERATE_RISK
6,19.2,89.6,15.4,70.7,0.012,4.67,3.49,7.12,6.16,38.0,Sandy Loam,HIGH_RISK
5,25.2,44.9,28.9,88.7,0.059,2.23,2.09,4.94,4.21,31.0,Laterite,MODERATE_RISK
3,5.5,57.7,28.9,44.0,0.089,3.04,2.59,4.7,4.37,28.0,Weathered Granite,MODERATE_RISK
2,5.9,21.1,22.3,44.5,0.031,0.7,0.73,1.74,1.26,42.0,Colluvium,SAFE
3,1.1,20.5,22.5,72.3,0.03,1.23,1.67,2.56,2.41,28.0,Weathered Granite,SAFE
2,9.7,38.0,23.7,77.1,0.083,1.74,1.76,2.9,2.76,42.0,Colluvium,SAFE
3,20.5,27.6,24.2,52.3,0.211,1.27,1.71,4.55,3.73,28.0,Weathered Granite,MODERATE_RISK
5,48.8,39.5,24.5,83.2,0.275,2.08,2.23,7.4,5.64,31.0,Laterite,MODERATE_RISK
5,27.5,33.3,26.2,77.5,0.581,1.73,2.62,5.37,4.45,31.0,Laterite,MODERATE_RISK
1,14.3,22.1,23.3,93.6,0.012,1.12,0.91,2.03,1.87,35.0,Residual Soil,SAFE
6,76.5,88.2,27.8,49.8,0.037,4.14,3.74,10.35,8.28,38.0,Sandy Loam,HIGH_RISK
3,31.8,20.6,25.8,83.6,0.212,1.05,1.38,3.93,3.02,28.0,Weathered Granite,SAFE
4,66.5,75.2,21.6,44.9,0.117,3.95,3.63,10.61,8.02,48.0,Clay Loam,HIGH_RISK
1,18.7,31.4,29.3,72.8,0.06,1.46,1.78,3.64,2.93,35.0,Residual Soil,SAFE
3,7.5,88.4,18.6,72.0,0.035,4.68,4.27,6.59,6.36,28.0,Weathered Granite,HIGH_RISK
3,1.4,87.0,23.6,62.5,0.049,4.18,3.62,6.24,5.74,28.0,Weathered Granite,HIGH_RISK
1,32.4,69.0,27.9,89.0,0.084,3.45,3.06,7.7,6.15,35.0,Residual Soil,MODERATE_RISK
5,3.2,70.4,21.1,40.3,0.029,3.83,2.7,3.96,3.69,31.0,Laterite,MODERATE_RISK
3,9.0,20.4,25.2,70.2,0.5,0.88,2.01,4.13,3.13,28.0,Weathered Granite,MODERATE_RISK
5,19.0,93.9,26.2,52.6,0.017,4.91,3.89,7.96,6.7,31.0,Laterite,HIGH_RISK
1,20.8,85.8,20.6,83.1,0.636,4.68,5.4,10.07,8.5,35.0,Residual Soil,HIGH_RISK
5,22.9,87.1,23.7,42.5,0.277,4.39,4.42,8.61,7.41,31.0,Laterite,HIGH_RISK
2,4.5,69.4,23.4,88.2,0.083,3.36,3.51,6.17,5.69,42.0,Colluvium,MODERATE_RISK
4,11.9,45.9,21.8,88.6,0.202,2.14,2.77,5.49,4.48,48.0,Clay Loam,MODERATE_RISK
3,24.0,87.0,,,0.167,4.61,4.26,7.7,6.8,28.0,Weathered Granite,HIGH_RISK
6,87.5,41.9,20.9,48.8,0.036,2.35,2.22,10.24,7.45,38.0,Sandy Loam,HIGH_RISK
4,32.5,62.2,28.0,76.6,0.062,3.4,2.69,6.36,5.21,48.0,Clay Loam,MODERATE_RISK
5,64.0,27.5,22.4,40.8,0.108,1.37,1.86,8.49,5.92,31.0,Laterite,MODERATE_RISK
3,35.9,89.1,19.7,89.2,0.152,4.66,3.72,8.16,6.76,28.0,Weathered Granite,HIGH_RISK
5,22.4,30.6,24.4,81.9,0.117,1.52,1.84,4.18,3.62,31.0,Laterite,MODERATE_RISK
2,5.3,36.9,26.6,70.8,0.096,1.67,1.77,3.59,3.09,42.0,Colluvium,SAFE
1,27.5,61.9,27.7,82.4,0.088,3.32,2.69,6.36,5.16,35.0,Residual Soil,MODERATE_RISK
3,24.4,77.3,30.2,45.5,0.103,4.19,3.6,8.41,7.08,28.0,Weathered Granite,MODERATE_RISK
2,23.1,66.5,35.8,70.7,0.085,3.12,2.41,5.03,4.33,42.0,Colluvium,MODERATE_RISK
2,16.8,37.4,25.0,56.9,0.117,1.66,1.35,3.11,2.3,42.0,Colluvium,SAFE
3,18.8,20.1,,,0.328,1.01,1.31,4.03,3.2,28.0,Weathered Granite,MODERATE_RISK
5,10.2,76.8,25.8,89.7,0.15,4.03,3.9,6.03,5.76,31.0,Laterite,MODERATE_RISK
6,18.3,93.9,22.9,82.5,0.192,4.47,4.51,8.89,7.34,38.0,Sandy Loam,HIGH_RISK
2,5.5,80.7,27.7,94.2,0.137,4.08,3.03,4.38,3.69,42.0,Colluvium,HIGH_RISK
4,40.9,54.5,18.8,60.1,0.155,2.61,3.1,8.23,6.28,48.0,Clay Loam,MODERATE_RISK
2,5.1,87.8,33.5,92.3,0.13,4.53,4.01,5.5,5.28,42.0,Colluvium,HIGH_RISK
6,2.2,50.7,27.4,58.9,0.004,2.38,2.0,3.2,3.12,38.0,Sandy Loam,SAFE
5,14.3,59.4,17.3,82.5,1.173,3.12,5.57,8.81,7.89,31.0,Laterite,MODERATE_RISK
5,26.8,55.8,21.2,82.7,0.005,2.76,2.62,7.04,5.65,31.0,Laterite,MODERATE_RISK
4,14.4,53.6,27.3,41.1,0.075,2.49,2.28,4.04,2.99,48.0,Clay Loam,MODERATE_RISK
2,8.1,78.1,28.7,60.9,0.017,3.92,3.53,5.53,5.12,42.0,Colluvium,MODERATE_RISK
5,20.4,59.5,18.9,41.1,0.015,2.59,2.48,5.62,4.53,31.0,Laterite,MODERATE_RISK
6,10.7,43.8,26.9,97.8,0.237,2.08,2.78,4.73,4.65,38.0,Sandy Loam,MODERATE_RISK
3,67.5,39.4,16.2,47.1,0.083,2.04,1.69,8.28,5.43,28.0,Weathered Granite,MODERATE_RISK
1,64.0,22.8,23.6,71.5,0.242,0.79,1.3,6.71,4.67,35.0,Residual Soil,MODERATE_RISK
1,17.4,63.7,28.4,85.9,0.048,2.67,2.1,4.15,3.16,35.0,Residual Soil,MODERATE_RISK
1,9.9,37.2,21.8,51.7,0.044,1.39,1.51,3.04,2.47,35.0,Residual Soil,SAFE
2,33.4,31.1,18.0,68.1,0.043,1.82,1.68,4.58,3.25,42.0,Colluvium,MODERATE_RISK
4,0.9,69.0,24.6,75.2,0.144,3.43,3.5,5.52,5.52,48.0,Clay Loam,MODERATE_RISK
5,16.1,71.1,21.6,49.3,0.253,3.45,3.85,7.5,6.35,31.0,Laterite,MODERATE_RISK
3,10.2,76.4,26.5,85.2,0.09,4.01,2.96,5.53,4.76,28.0,Weathered Granite,MODERATE_RISK
6,63.3,57.8,20.5,57.4,0.072,2.81,2.87,9.69,7.24,38.0,Sandy Loam,MODERATE_RISK
3,0.3,87.1,20.9,52.2,0.545,4.41,5.45,7.24,6.84,28.0,Weathered Granite,HIGH_RISK
6,20.1,90.2,15.9,72.4,0.019,4.52,3.56,6.72,6.02,38.0,Sandy Loam,HIGH_RISK
2,33.7,80.6,24.7,63.8,0.1,3.94,3.56,7.92,6.66,42.0,Colluvium,HIGH_RISK
1,16.6,67.7,23.4,93.4,0.079,3.44,2.95,6.48,5.55,35.0,Residual Soil,MODERATE_RISK
2,2.2,42.8,19.2,91.0,0.015,2.29,2.06,2.98,2.57,42.0,Colluvium,SAFE
4,89.8,93.7,24.8,68.0,0.047,4.65,3.75,11.66,9.1,48.0,Clay Loam,HIGH_RISK
4,18.2,40.6,28.1,60.8,0.004,1.94,1.71,3.52,3.17,48.0,Clay Loam,SAFE
6,23.8,35.2,23.1,58.9,0.314,1.69,2.31,5.04,4.13,38.0,Sandy Loam,MODERATE_RISK
5,6.7,53.2,25.1,55.5,0.14,2.2,2.05,2.53,2.72,31.0,Laterite,SAFE
5,16.5,24.3,25.1,71.6,0.253,1.27,1.83,4.55,3.7,31.0,Laterite,MODERATE_RISK
6,14.0,93.4,19.2,86.7,0.111,4.43,4.69,7.37,6.45,38.0,Sandy Loam,HIGH_RISK
4,1.9,64.1,32.2,58.0,0.137,3.33,2.87,4.68,4.21,48.0,Clay Loam,MODERATE_RISK
4,2.8,61.8,22.1,51.0,0.181,3.07,2.92,4.06,3.8,48.0,Clay Loam,MODERATE_RISK
4,45.4,69.2,26.6,67.6,0.358,3.48,3.66,9.88,7.78,48.0,Clay Loam,MODERATE_RISK
2,6.9,57.3,27.1,44.0,0.014,3.01,2.28,3.83,3.64,42.0,Colluvium,MODERATE_RISK
4,5.4,22.4,23.4,80.7,0.06,0.93,1.17,1.95,1.43,48.0,Clay Loam,SAFE
3,17.6,65.9,26.4,70.1,0.185,3.37,3.47,6.88,5.77,28.0,Weathered Granite,MODERATE_RISK
1,36.6,73.7,25.0,68.8,0.477,3.74,4.42,9.05,7.48,35.0,Residual Soil,MODERATE_RISK
4,1.6,51.3,18.3,57.4,0.593,2.53,4.11,6.58,5.85,48.0,Clay Loam,MODERATE_RISK
6,21.5,76.8,22.7,92.5,0.152,3.65,3.61,6.89,5.77,38.0,Sandy Loam,MODERATE_RISK
1,3.2,37.0,21.5,45.2,0.032,1.97,1.62,2.39,2.26,35.0,Residual Soil,SAFE
2,0.9,36.6,22.2,90.4,0.019,1.97,1.17,1.78,1.76,42.0,Colluvium,SAFE
6,1.4,32.1,18.8,61.8,0.438,1.63,2.87,3.87,3.83,38.0,Sandy Loam,SAFE
1,44.9,47.9,28.5,91.1,0.085,2.18,2.05,6.57,5.0,35.0,Residual Soil,MODERATE_RISK
6,3.1,83.5,30.4,82.3,0.033,4.07,3.36,5.46,5.08,38.0,Sandy Loam,HIGH_RISK
2,1.2,82.1,27.9,46.0,0.407,4.09,4.35,5.47,5.93,42.0,Colluvium,HIGH_RISK
3,14.4,48.7,29.1,88.2,0.017,2.57,2.33,5.19,4.31,28.0,Weathered Granite,MODERATE_RISK
2,46.4,64.2,22.6,79.6,0.196,2.89,3.0,8.62,6.88,42.0,Colluvium,MODERATE_RISK
2,7.6,74.1,21.5,41.9,0.147,3.59,3.24,4.54,4.54,42.0,Colluvium,MODERATE_RISK
6,13.7,38.1,20.9,47.8,0.014,1.82,1.13,1.79,1.99,38.0,Sandy Loam,SAFE
5,1.0,32.6,26.6,76.9,0.062,1.61,1.79,3.19,2.92,31.0,Laterite,SAFE
4,14.9,92.9,24.9,78.4,0.024,4.38,3.76,7.21,6.04,48.0,Clay Loam,HIGH_RISK
4,21.5,66.3,23.7,83.3,0.139,3.27,3.11,6.7,5.64,48.0,Clay Loam,MODERATE_RISK
3,21.2,93.6,29.2,81.8,0.097,4.62,3.19,5.77,5.11,28.0,Weathered Granite,HIGH_RISK
3,10.1,45.3,25.6,78.3,0.001,2.06,1.64,4.18,3.49,28.0,Weathered Granite,MODERATE_RISK
4,9.5,72.7,20.6,84.4,0.558,3.61,4.49,7.12,6.34,48.0,Clay Loam,MODERATE_RISK
5,2.8,36.7,21.3,73.4,0.065,1.73,1.39,2.43,2.41,31.0,Laterite,SAFE
4,11.4,39.6,26.7,55.1,0.045,2.08,2.03,4.08,3.46,48.0,Clay Loam,MODERATE_RISK
5,2.6,58.4,28.2,92.9,0.038,2.74,2.52,4.78,4.3,31.0,Laterite,MODERATE_RISK
3,36.4,44.0,26.2,41.1,0.026,2.22,1.99,5.96,4.63,28.0,Weathered Granite,MODERATE_RISK
1,84.7,32.6,31.6,61.3,1.058,1.47,4.66,13.97,10.74,35.0,Residual Soil,HIGH_RISK
6,87.7,39.7,30.5,82.3,0.052,1.87,1.35,9.0,6.12,38.0,Sandy Loam,HIGH_RISK
3,50.1,22.7,25.8,64.8,0.078,1.19,1.05,4.98,3.65,28.0,Weathered Granite,MODERATE_RISK
3,23.0,72.8,20.6,41.4,0.308,3.69,3.9,6.53,6.26,28.0,Weathered Granite,MODERATE_RISK
2,30.2,56.9,18.8,43.8,0.154,2.76,2.48,6.15,4.53,42.0,Colluvium,MODERATE_RISK
2,8.4,27.1,22.5,77.6,0.069,1.3,1.47,2.17,2.15,42.0,Colluvium,SAFE
2,24.9,32.9,27.0,96.0,0.343,1.35,1.95,5.09,4.04,42.0,Colluvium,MODERATE_RISK
6,15.2,27.7,31.3,72.0,0.208,1.67,2.35,4.82,4.03,38.0,Sandy Loam,MODERATE_RISK
2,16.4,65.9,25.7,69.4,0.039,3.43,2.58,5.24,3.96,42.0,Colluvium,MODERATE_RISK
5,35.4,27.1,28.7,58.5,0.155,1.49,2.3,5.76,4.72,31.0,Laterite,MODERATE_RISK
4,8.3,76.6,23.0,54.9,0.383,3.51,4.57,8.04,7.08,48.0,Clay Loam,MODERATE_RISK
1,9.6,21.5,26.5,41.2,0.103,0.96,1.05,2.58,1.91,35.0,Residual Soil,SAFE
3,64.6,38.7,27.3,55.8,0.198,1.87,2.43,8.22,6.16,28.0,Weathered Granite,MODERATE_RISK
5,1.4,86.8,16.1,66.0,0.532,3.95,4.64,8.11,7.13,31.0,Laterite,HIGH_RISK
1,16.6,73.9,22.3,51.5,0.176,3.87,3.93,7.12,5.89,35.0,Residual Soil,MODERATE_RISK
5,61.0,25.5,27.8,45.1,0.016,1.57,1.25,6.09,4.3,31.0,Laterite,MODERATE_RISK
5,23.6,81.6,25.1,81.6,0.042,4.49,3.33,6.5,5.68,31.0,Laterite,HIGH_RISK
3,19.8,57.0,19.2,91.9,0.136,2.64,1.46,3.02,2.43,28.0,Weathered Granite,MODERATE_RISK
4,7.2,83.5,14.3,94.3,0.048,4.2,3.42,6.39,5.6,48.0,Clay Loam,HIGH_RISK
2,10.5,65.1,22.5,75.8,0.474,3.52,4.32,7.86,6.9,42.0,Colluvium,MODERATE_RISK
6,47.8,71.1,23.7,43.1,0.078,3.5,3.43,9.34,7.53,38.0,Sandy Loam,MODERATE_RISK
4,20.5,94.5,20.5,83.0,0.092,4.61,3.97,7.87,6.69,48.0,Clay Loam,HIGH_RISK
6,18.1,37.4,24.6,46.4,0.181,1.5,2.04,5.13,4.26,38.0,Sandy Loam,MODERATE_RISK
3,2.6,66.8,26.0,78.8,0.111,3.57,3.05,4.66,4.26,28.0,Weathered Granite,MODERATE_RISK
3,0.4,54.5,26.7,85.2,0.072,2.72,2.29,3.68,3.75,28.0,Weathered Granite,SAFE
3,82.9,23.0,14.6,82.1,0.012,1.0,1.15,7.95,5.26,28.0,Weathered Granite,HIGH_RISK
1,11.8,21.1,18.7,95.2,0.136,1.11,0.56,1.71,1.17,35.0,Residual Soil,SAFE
6,23.1,28.9,22.8,82.8,0.303,1.48,2.1,5.22,4.16,38.0,Sandy Loam,MODERATE_RISK
4,2.1,68.7,26.3,80.2,0.174,3.47,3.18,3.4,3.48,48.0,Clay Loam,MODERATE_RISK
4,28.7,62.5,26.0,55.2,0.072,3.08,3.09,6.62,5.27,48.0,Clay Loam,MODERATE_RISK
5,67.4,61.5,25.9,93.6,0.02,3.4,2.62,9.4,7.1,31.0,Laterite,MODERATE_RISK
5,21.4,22.4,22.5,50.4,0.254,1.09,1.79,4.36,2.9,31.0,Laterite,MODERATE_RISK
5,3.4,55.2,22.7,92.5,0.426,3.08,4.02,6.08,5.51,31.0,Laterite,MODERATE_RISK
3,21.8,89.3,21.1,58.1,0.074,4.58,3.44,7.2,5.77,28.0,Weathered Granite,HIGH_RISK
4,36.3,49.8,27.1,47.5,0.196,2.56,2.59,6.44,5.19,48.0,Clay Loam,MODERATE_RISK
6,13.0,66.9,20.3,87.9,0.079,3.32,2.76,4.57,3.68,38.0,Sandy Loam,MODERATE_RISK
3,53.0,78.5,27.4,40.1,0.105,4.12,3.89,10.67,8.46,28.0,Weathered Granite,MODERATE_RISK
1,26.2,78.8,24.8,88.3,0.272,3.96,4.19,8.9,7.57,35.0,Residual Soil,MODERATE_RISK
5,57.4,58.9,23.8,55.2,0.013,2.76,2.18,7.56,5.3,31.0,Laterite,MODERATE_RISK
3,24.4,84.3,21.4,91.3,0.113,4.02,3.24,6.78,5.73,28.0,Weathered Granite,HIGH_RISK
3,3.5,49.4,18.6,80.1,0.036,2.55,2.46,4.39,3.97,28.0,Weathered Granite,MODERATE_RISK
1,9.3,86.7,21.4,78.6,0.062,4.15,3.49,6.0,5.53,35.0,Residual Soil,HIGH_RISK
2,5.6,38.0,22.7,61.2,0.155,1.89,1.49,2.95,2.22,42.0,Colluvium,SAFE
4,59.9,41.0,14.5,43.4,0.004,2.26,1.36,7.07,4.6,48.0,Clay Loam,MODERATE_RISK
6,35.7,24.0,23.2,88.1,0.135,1.26,1.54,5.01,4.08,38.0,Sandy Loam,MODERATE_RISK
2,28.2,79.7,27.7,49.9,0.05,3.84,2.84,6.77,5.32,42.0,Colluvium,MODERATE_RISK
5,9.0,51.3,26.3,61.6,0.166,2.85,3.34,5.25,4.71,31.0,Laterite,MODERATE_RISK
3,5.1,37.2,22.0,74.8,0.023,1.97,1.36,2.65,2.4,28.0,Weathered Granite,SAFE
1,35.3,37.4,24.2,68.0,0.2,2.07,2.26,6.18,4.6,35.0,Residual Soil,MODERATE_RISK
1,16.1,87.6,21.8,51.5,0.156,3.93,3.66,6.6,5.74,35.0,Residual Soil,HIGH_RISK
4,6.4,82.5,24.6,48.2,0.532,4.19,4.73,6.98,6.73,48.0,Clay Loam,HIGH_RISK
2,24.0,61.5,30.2,47.1,0.363,3.24,3.01,6.5,5.12,42.0,Colluvium,MODERATE_RISK
4,1.0,66.2,27.9,90.1,0.05,3.65,3.13,4.79,4.34,48.0,Clay Loam,MODERATE_RISK
3,9.9,55.6,26.1,41.8,0.004,2.49,1.78,3.04,2.49,28.0,Weathered Granite,MODERATE_RISK
4,15.8,49.4,22.0,96.7,0.16,2.71,2.68,4.49,3.88,48.0,Clay Loam,MODERATE_RISK
6,4.0,88.7,27.0,51.5,0.139,4.76,4.19,5.78,5.8,38.0,Sandy Loam,HIGH_RISK
1,104.4,29.4,17.3,46.4,0.004,1.07,0.95,9.65,6.55,35.0,Residual Soil,HIGH_RISK
1,5.9,51.4,23.0,73.5,0.02,2.67,2.66,4.62,4.15,35.0,Residual Soil,MODERATE_RISK
5,3.5,45.8,26.3,44.6,0.132,2.41,2.16,4.44,3.85,31.0,Laterite,MODERATE_RISK
5,5.7,57.4,27.0,74.9,0.364,2.8,3.19,5.22,4.83,31.0,Laterite,MODERATE_RISK
3,36.6,54.3,26.7,89.3,0.355,2.62,2.66,6.11,4.86,28.0,Weathered Granite,MODERATE_RISK
6,13.9,58.9,25.2,42.8,0.025,3.08,2.48,4.73,4.13,38.0,Sandy Loam,MODERATE_RISK
2,20.8,30.5,23.2,86.4,0.073,1.4,1.46,4.48,3.16,42.0,Colluvium,MODERATE_RISK
4,0.5,58.5,26.2,62.9,0.007,2.88,2.18,2.97,2.68,48.0,Clay Loam,MODERATE_RISK
3,0.9,38.2,20.2,49.3,0.095,2.07,2.07,3.74,3.26,28.0,Weathered Granite,SAFE
5,14.8,33.8,20.6,50.2,0.21,2.04,2.21,4.59,3.65,31.0,Laterite,MODERATE_RISK
4,42.4,24.9,24.2,93.3,0.234,1.35,1.39,5.8,3.92,48.0,Clay Loam,MODERATE_RISK
5,54.1,77.2,24.7,46.4,0.104,3.89,3.52,10.54,7.94,31.0,Laterite,MODERATE_RISK
4,2.3,52.1,16.7,90.3,0.015,2.5,1.98,2.24,2.56,48.0,Clay Loam,SAFE
2,19.3,67.0,25.8,71.6,0.072,3.15,2.77,6.15,5.39,42.0,Colluvium,MODERATE_RISK
3,61.1,74.6,27.1,42.3,0.403,3.95,4.2,11.14,8.78,28.0,Weathered Granite,HIGH_RISK
4,12.3,70.9,23.7,66.9,0.039,3.51,2.73,4.6,4.24,48.0,Clay Loam,MODERATE_RISK
6,44.2,55.3,33.5,87.4,0.058,3.0,2.62,7.42,5.65,38.0,Sandy Loam,MODERATE_RISK
1,3.6,49.1,21.3,82.1,0.206,2.39,2.46,4.82,3.71,35.0,Residual Soil,MODERATE_RISK
6,68.5,48.2,22.6,68.3,0.198,2.28,2.94,10.56,7.63,38.0,Sandy Loam,MODERATE_RISK
6,34.8,68.0,22.4,89.9,0.365,3.48,4.12,7.96,6.77,38.0,Sandy Loam,MODERATE_RISK
1,70.9,57.1,23.7,47.0,0.074,2.84,2.66,9.28,6.93,35.0,Residual Soil,HIGH_RISK
6,28.2,83.7,22.7,92.8,0.108,3.94,3.42,7.86,6.41,38.0,Sandy Loam,HIGH_RISK
4,11.3,85.6,18.4,89.1,0.094,4.64,3.39,5.98,5.23,48.0,Clay Loam,HIGH_RISK
4,69.6,32.8,21.8,81.1,0.394,1.51,2.15,8.78,6.23,48.0,Clay Loam,MODERATE_RISK
4,8.1,30.2,23.6,87.4,0.22,1.7,1.83,2.61,2.55,48.0,Clay Loam,SAFE
1,10.1,67.3,28.9,71.5,0.267,3.53,3.54,5.75,4.95,35.0,Residual Soil,MODERATE_RISK
6,30.2,42.6,32.8,79.2,0.021,1.88,1.56,4.08,3.39,38.0,Sandy Loam,MODERATE_RISK
1,36.2,21.4,29.3,72.5,0.235,0.87,1.6,4.47,3.36,35.0,Residual Soil,MODERATE_RISK
4,66.3,86.6,20.9,60.6,0.085,4.27,3.75,10.3,8.47,48.0,Clay Loam,HIGH_RISK
6,5.7,37.0,21.2,73.0,0.004,1.68,1.7,2.54,2.31,38.0,Sandy Loam,SAFE
6,40.0,89.7,23.4,54.9,0.009,4.83,3.8,8.52,6.92,38.0,Sandy Loam,HIGH_RISK
5,33.5,73.8,31.1,65.5,0.17,3.65,3.51,7.52,6.15,31.0,Laterite,MODERATE_RISK
5,1.6,77.2,23.3,56.3,0.07,4.04,3.55,5.96,5.26,31.0,Laterite,MODERATE_RISK
2,12.2,35.1,18.7,47.1,0.304,1.86,2.47,4.23,3.89,42.0,Colluvium,MODERATE_RISK
3,8.3,37.6,22.0,58.7,0.199,1.93,2.53,5.17,4.36,28.0,Weathered Granite,MODERATE_RISK
5,9.1,59.1,27.0,89.4,0.003,2.96,2.62,4.42,4.16,31.0,Laterite,MODERATE_RISK
1,101.8,32.9,26.8,62.1,0.174,1.89,1.64,10.82,7.4,35.0,Residual Soil,HIGH_RISK
5,25.7,42.9,23.2,83.4,0.032,1.98,1.65,4.77,3.69,31.0,Laterite,MODERATE_RISK
2,31.6,44.1,26.7,50.2,0.082,2.55,2.28,5.5,4.51,42.0,Colluvium,MODERATE_RISK
6,93.9,32.0,14.9,64.6,0.147,1.34,2.16,10.59,7.67,38.0,Sandy Loam,HIGH_RISK
2,11.8,35.4,24.4,46.7,0.309,1.93,2.37,4.25,3.87,42.0,Colluvium,MODERATE_RISK
6,40.5,79.1,27.4,48.0,0.091,3.67,2.91,7.79,6.19,38.0,Sandy Loam,MODERATE_RISK
6,14.3,32.5,20.7,75.8,0.248,1.56,2.12,4.26,3.7,38.0,Sandy Loam,MODERATE_RISK
3,50.9,22.1,20.7,75.2,0.229,1.12,1.73,6.29,4.41,28.0,Weathered Granite,MODERATE_RISK
5,5.0,67.2,16.5,52.4,0.08,3.26,2.83,4.7,4.75,31.0,Laterite,MODERATE_RISK
1,73.8,93.2,30.4,67.5,0.104,4.62,3.94,11.98,9.26,35.0,Residual Soil,HIGH_RISK
1,6.2,44.8,21.1,90.1,0.181,1.96,2.4,5.02,4.34,35.0,Residual Soil,MODERATE_RISK
4,9.9,28.9,25.0,50.1,0.005,1.25,0.76,1.97,1.56,48.0,Clay Loam,SAFE
6,35.3,62.8,26.4,41.1,0.332,3.24,3.49,8.06,6.12,38.0,Sandy Loam,MODERATE_RISK
1,12.5,88.0,30.0,77.8,0.22,4.41,4.03,7.26,6.32,35.0,Residual Soil,HIGH_RISK
3,23.4,78.8,23.4,43.1,0.043,3.8,3.5,6.65,5.76,28.0,Weathered Granite,MODERATE_RISK
6,14.7,66.7,21.8,96.8,0.596,3.6,4.75,7.44,6.67,38.0,Sandy Loam,MODERATE_RISK
3,33.9,43.6,24.7,75.4,0.03,1.94,1.32,4.54,3.22,28.0,Weathered Granite,MODERATE_RISK
1,6.5,60.6,29.1,67.3,0.368,2.96,3.18,5.83,5.02,35.0,Residual Soil,MODERATE_RISK
1,1.5,26.8,23.3,64.9,0.059,1.24,1.73,3.33,3.02,35.0,Residual Soil,SAFE
4,8.9,70.9,20.2,73.2,0.216,3.67,3.91,5.64,5.59,48.0,Clay Loam,MODERATE_RISK
1,16.1,74.4,17.8,45.3,0.091,3.73,3.51,6.89,5.92,35.0,Residual Soil,MODERATE_RISK
6,4.6,92.4,19.1,93.9,0.2,4.6,4.28,5.7,5.45,38.0,Sandy Loam,HIGH_RISK
6,11.0,39.5,27.5,76.3,0.025,1.61,1.82,3.84,3.14,38.0,Sandy Loam,SAFE
6,12.8,21.4,22.7,50.7,0.047,1.24,0.8,2.42,1.87,38.0,Sandy Loam,SAFE
4,1.5,60.9,21.6,72.6,0.016,3.0,2.67,3.26,3.33,48.0,Clay Loam,MODERATE_RISK
4,21.9,73.0,21.1,47.7,0.301,3.67,3.71,7.82,6.63,48.0,Clay Loam,MODERATE_RISK
1,53.9,79.3,24.3,41.0,0.053,3.82,3.14,9.89,7.42,35.0,Residual Soil,MODERATE_RISK
2,4.1,34.5,23.0,76.6,0.178,1.54,1.98,3.27,3.06,42.0,Colluvium,SAFE
2,22.8,39.6,22.9,77.6,0.257,2.28,2.55,5.72,4.8,42.0,Colluvium,MODERATE_RISK
4,27.3,58.4,29.4,73.9,0.348,2.57,2.97,7.38,5.83,48.0,Clay Loam,MODERATE_RISK
1,13.6,44.8,30.2,50.6,0.017,2.03,1.53,2.82,2.11,35.0,Residual Soil,SAFE
2,30.2,84.5,17.6,75.0,0.335,4.52,4.03,7.91,6.58,42.0,Colluvium,HIGH_RISK
1,13.2,55.5,25.3,43.3,0.033,2.9,2.65,4.61,4.4,35.0,Residual Soil,MODERATE_RISK
1,17.6,80.0,20.9,75.3,0.2,3.93,3.44,6.59,5.34,35.0,Residual Soil,MODERATE_RISK
1,0.2,63.5,23.0,72.1,0.196,3.42,3.88,5.85,5.71,35.0,Residual Soil,MODERATE_RISK
5,29.4,78.0,25.2,78.0,0.001,3.99,3.11,6.74,5.25,31.0,Laterite,MODERATE_RISK
6,27.1,45.0,23.1,91.9,0.037,2.3,2.34,5.53,4.33,38.0,Sandy Loam,MODERATE_RISK
1,1.0,82.4,24.9,89.3,0.102,4.17,3.1,4.46,4.15,35.0,Residual Soil,HIGH_RISK
5,11.5,40.6,26.7,96.9,0.082,2.12,2.16,3.91,3.78,31.0,Laterite,SAFE
4,96.6,61.0,25.2,96.6,0.376,3.15,3.94,13.25,9.93,48.0,Clay Loam,HIGH_RISK
2,13.6,36.1,21.4,84.8,0.067,2.24,2.38,4.28,3.72,42.0,Colluvium,MODERATE_RISK
6,17.4,55.7,21.5,95.5,0.415,2.75,2.99,4.88,4.24,38.0,Sandy Loam,MODERATE_RISK
2,60.2,43.9,18.2,90.3,0.092,2.16,1.79,7.39,5.43,42.0,Colluvium,MODERATE_RISK
6,31.6,40.0,20.6,82.2,0.5,1.75,3.07,6.16,5.13,38.0,Sandy Loam,MODERATE_RISK
2,21.8,92.5,31.8,44.4,0.201,4.61,4.34,8.63,7.3,42.0,Colluvium,HIGH_RISK
6,40.0,32.0,20.8,42.8,0.265,1.97,2.46,6.61,5.12,38.0,Sandy Loam,MODERATE_RISK
2,49.9,79.0,19.2,88.6,0.017,4.15,3.26,8.82,7.07,42.0,Colluvium,MODERATE_RISK
2,15.3,93.8,25.3,68.4,0.132,4.58,4.53,7.83,7.12,42.0,Colluvium,HIGH_RISK
2,16.1,21.5,23.6,87.2,0.023,1.08,1.72,3.75,2.93,42.0,Colluvium,SAFE
2,12.2,72.4,23.2,58.1,0.053,3.36,2.88,5.93,4.87,42.0,Colluvium,MODERATE_RISK
4,85.1,39.0,29.6,63.1,0.147,1.76,1.99,9.12,6.32,48.0,Clay Loam,HIGH_RISK
1,29.9,23.0,26.2,80.6,0.194,1.18,1.54,3.89,3.14,35.0,Residual Soil,SAFE
3,2.2,50.2,21.9,93.1,0.006,2.41,2.33,3.73,3.58,28.0,Weathered Granite,SAFE
5,49.7,90.1,,,0.114,4.3,4.03,9.77,7.92,31.0,Laterite,HIGH_RISK
3,16.4,20.9,22.0,90.0,0.125,1.14,0.97,2.95,1.82,28.0,Weathered Granite,SAFE
3,1.8,64.1,27.5,86.0,0.012,3.19,2.4,4.1,3.81,28.0,Weathered Granite,MODERATE_RISK
6,19.9,57.6,22.8,58.3,0.104,2.57,2.07,4.14,3.25,38.0,Sandy Loam,MODERATE_RISK
1,13.5,85.5,16.8,60.6,0.188,3.86,4.46,8.07,6.93,35.0,Residual Soil,HIGH_RISK
6,52.5,26.3,23.8,42.7,0.008,1.2,1.17,5.44,3.89,38.0,Sandy Loam,MODERATE_RISK
1,5.7,71.1,17.9,40.9,0.214,3.24,3.06,5.08,4.56,35.0,Residual Soil,MODERATE_RISK
1,43.8,71.0,32.7,67.7,0.129,3.18,2.73,6.98,5.73,35.0,Residual Soil,MODERATE_RISK
2,20.4,70.2,20.1,45.5,0.269,3.74,4.04,7.76,6.55,42.0,Colluvium,MODERATE_RISK
4,1.4,90.7,23.4,51.3,0.037,4.52,4.0,6.1,5.47,48.0,Clay Loam,HIGH_RISK
2,89.3,81.7,25.0,89.1,0.269,4.03,4.27,13.0,9.87,42.0,Colluvium,HIGH_RISK
4,18.0,23.1,22.8,73.1,0.015,1.12,0.81,1.98,1.79,48.0,Clay Loam,SAFE
6,8.6,55.3,22.8,76.8,0.078,2.54,2.36,4.6,4.07,38.0,Sandy Loam,MODERATE_RISK
4,15.8,49.8,25.7,50.9,0.033,2.57,2.19,4.32,3.7,48.0,Clay Loam,MODERATE_RISK
6,48.8,43.3,30.1,88.1,0.313,2.14,2.37,7.97,6.23,38.0,Sandy Loam,MODERATE_RISK
3,9.1,53.9,27.1,90.3,0.183,2.54,2.3,3.91,3.72,28.0,Weathered Granite,SAFE
3,5.4,48.8,29.9,70.4,0.004,2.32,1.99,4.07,3.59,28.0,Weathered Granite,MODERATE_RISK
4,3.5,52.4,19.8,92.9,0.001,2.37,1.96,2.75,2.39,48.0,Clay Loam,SAFE
4,8.8,93.4,25.3,89.0,0.052,4.59,3.99,7.43,6.61,48.0,Clay Loam,HIGH_RISK
6,37.9,26.6,24.6,82.4,0.023,1.28,1.33,5.11,3.69,38.0,Sandy Loam,MODERATE_RISK
2,15.9,89.2,25.4,82.6,0.149,4.37,4.39,8.06,6.95,42.0,Colluvium,HIGH_RISK
6,6.5,56.0,29.5,46.1,0.164,2.81,2.51,3.78,3.39,38.0,Sandy Loam,MODERATE_RISK
2,4.5,66.8,23.1,55.7,0.427,3.32,4.13,6.92,6.18,42.0,Colluvium,MODERATE_RISK
3,10.1,82.3,22.4,43.9,0.456,4.16,4.92,8.57,7.48,28.0,Weathered Granite,HIGH_RISK
1,70.3,47.0,26.1,40.5,0.161,2.54,2.42,9.09,6.7,35.0,Residual Soil,HIGH_RISK
4,10.5,52.3,16.9,49.2,0.001,2.73,2.22,3.1,2.94,48.0,Clay Loam,SAFE
2,110.8,50.7,23.1,91.1,0.067,2.73,2.3,11.76,8.25,42.0,Colluvium,HIGH_RISK
6,16.6,48.1,23.5,53.9,0.108,2.24,2.75,4.9,4.43,38.0,Sandy Loam,MODERATE_RISK
3,4.9,89.4,20.3,96.3,0.104,4.37,3.84,6.38,5.69,28.0,Weathered Granite,HIGH_RISK
2,55.4,82.2,28.2,74.6,0.139,4.24,3.94,10.11,7.89,42.0,Colluvium,HIGH_RISK
6,15.4,28.2,19.8,53.8,0.485,1.54,2.61,4.92,3.86,38.0,Sandy Loam,MODERATE_RISK
4,30.9,28.1,23.5,68.8,0.325,1.27,1.85,4.96,4.06,48.0,Clay Loam,MODERATE_RISK
4,102.9,52.1,25.2,52.7,0.017,2.73,1.84,11.73,7.97,48.0,Clay Loam,HIGH_RISK
5,1.3,27.4,29.4,97.1,0.046,1.18,1.41,2.24,2.01,31.0,Laterite,SAFE
1,2.5,66.4,24.0,89.1,0.269,3.42,3.77,5.95,5.69,35.0,Residual Soil,MODERATE_RISK
5,31.9,30.8,27.7,41.5,0.261,1.53,1.92,5.12,3.77,31.0,Laterite,MODERATE_RISK
3,8.3,59.2,26.8,95.0,0.048,2.68,2.02,3.68,3.23,28.0,Weathered Granite,MODERATE_RISK
2,5.1,20.5,24.5,81.8,0.197,0.94,1.4,2.02,1.72,42.0,Colluvium,SAFE
3,1.0,43.7,19.6,44.8,0.167,2.62,2.45,3.93,3.71,28.0,Weathered Granite,SAFE
6,0.6,70.8,18.3,78.9,0.096,3.58,3.09,4.11,3.57,38.0,Sandy Loam,MODERATE_RISK
4,37.2,56.3,24.4,77.5,0.034,3.28,2.35,6.87,5.46,48.0,Clay Loam,MODERATE_RISK
5,3.6,93.4,21.8,52.7,0.329,4.38,4.56,6.76,6.49,31.0,Laterite,HIGH_RISK
5,15.8,85.6,27.7,84.0,0.17,4.43,4.13,7.93,6.64,31.0,Laterite,HIGH_RISK
5,23.3,46.9,27.0,45.0,0.028,1.84,1.88,5.64,4.34,31.0,Laterite,MODERATE_RISK
3,14.0,23.4,23.3,68.4,0.183,1.17,1.44,3.28,2.51,28.0,Weathered Granite,SAFE
4,0.7,83.4,19.4,40.6,0.203,4.3,3.95,6.64,6.04,48.0,Clay Loam,HIGH_RISK
2,38.3,88.3,26.0,96.2,0.327,4.58,4.18,9.71,8.08,42.0,Colluvium,HIGH_RISK
6,0.3,81.5,19.9,83.6,0.038,3.92,3.58,4.68,4.4,38.0,Sandy Loam,HIGH_RISK
2,35.9,29.6,21.0,49.2,0.673,1.69,3.64,8.39,6.59,42.0,Colluvium,MODERATE_RISK
3,55.9,94.8,20.1,59.8,0.025,4.63,3.79,10.41,8.36,28.0,Weathered Granite,HIGH_RISK
6,14.2,39.4,23.4,49.3,0.138,1.94,1.57,3.79,3.45,38.0,Sandy Loam,SAFE
5,19.2,74.3,28.7,84.5,0.161,3.63,3.02,6.16,5.3,31.0,Laterite,MODERATE_RISK
1,16.2,88.1,24.0,43.4,0.081,4.18,3.42,6.51,5.73,35.0,Residual Soil,HIGH_RISK
3,12.3,37.7,22.2,88.7,0.097,2.2,2.34,4.5,3.8,28.0,Weathered Granite,MODERATE_RISK
3,54.6,88.1,17.9,94.6,0.332,4.41,4.61,11.35,9.15,28.0,Weathered Granite,HIGH_RISK
4,56.1,43.2,26.2,79.2,0.155,2.38,1.92,6.76,5.09,48.0,Clay Loam,MODERATE_RISK
2,10.2,93.2,20.9,52.4,0.103,4.87,4.33,7.19,6.44,42.0,Colluvium,HIGH_RISK
3,23.9,41.1,24.5,60.9,0.021,1.86,1.3,3.14,2.8,28.0,Weathered Granite,SAFE
3,65.4,91.5,22.6,67.7,0.001,4.82,3.7,10.53,8.2,28.0,Weathered Granite,HIGH_RISK
5,81.8,24.0,27.4,75.1,0.02,1.3,1.39,8.33,5.75,31.0,Laterite,HIGH_RISK
5,17.8,73.2,23.4,78.8,0.469,3.45,4.4,7.7,6.79,31.0,Laterite,MODERATE_RISK
6,15.1,59.9,23.8,72.1,0.217,3.08,3.44,5.84,5.21,38.0,Sandy Loam,MODERATE_RISK
1,8.2,55.8,25.9,60.4,0.512,2.59,3.6,6.19,5.76,35.0,Residual Soil,MODERATE_RISK
4,79.8,36.8,32.4,91.7,0.005,2.16,2.01,9.24,6.58,48.0,Clay Loam,HIGH_RISK
1,3.9,72.9,27.6,44.7,0.171,3.81,3.39,5.19,4.84,35.0,Residual Soil,MODERATE_RISK
6,21.7,34.3,23.6,67.0,0.007,1.7,1.3,2.98,2.47,38.0,Sandy Loam,SAFE
5,8.3,61.5,24.0,85.0,0.229,3.33,3.25,5.39,4.79,31.0,Laterite,MODERATE_RISK
2,8.2,39.0,21.9,43.5,0.072,1.63,1.53,3.52,2.6,42.0,Colluvium,SAFE
5,13.0,91.7,20.2,80.9,0.015,4.44,3.21,6.44,5.78,31.0,Laterite,HIGH_RISK
4,168.0,22.1,21.8,87.5,0.126,1.05,1.15,15.35,10.0,48.0,Clay Loam,HIGH_RISK
5,1.4,35.0,20.9,78.3,0.049,2.2,2.34,3.47,3.5,31.0,Laterite,SAFE
4,21.6,38.2,26.6,40.8,0.162,1.7,1.52,4.29,3.12,48.0,Clay Loam,MODERATE_RISK
4,2.2,51.1,19.7,50.4,0.161,2.21,1.85,2.62,2.79,48.0,Clay Loam,SAFE
4,4.2,37.5,29.3,59.8,0.183,1.59,1.45,2.36,2.53,48.0,Clay Loam,SAFE
6,14.5,56.9,27.0,53.6,0.733,3.03,5.42,8.92,8.27,38.0,Sandy Loam,MODERATE_RISK
4,17.9,85.4,24.1,95.8,0.073,4.15,3.68,7.41,6.62,48.0,Clay Loam,HIGH_RISK
4,7.5,73.4,24.0,77.8,0.094,3.64,3.11,5.66,5.11,48.0,Clay Loam,MODERATE_RISK
2,9.5,63.5,21.8,57.2,0.245,3.33,3.42,5.87,5.06,42.0,Colluvium,MODERATE_RISK
1,2.3,26.7,25.1,93.9,0.13,1.3,1.5,3.3,2.83,35.0,Residual Soil,SAFE
3,9.0,72.0,28.4,83.0,0.006,3.64,2.74,5.04,4.19,28.0,Weathered Granite,MODERATE_RISK
1,84.9,32.5,21.2,56.5,0.278,1.73,2.06,10.06,6.95,35.0,Residual Soil,HIGH_RISK
4,72.4,79.0,17.9,62.0,0.008,3.86,3.06,10.51,7.9,48.0,Clay Loam,HIGH_RISK
2,10.2,38.8,26.8,51.6,0.028,1.91,1.39,2.27,2.09,42.0,Colluvium,SAFE
5,21.1,51.3,25.3,96.3,0.016,2.61,2.02,4.27,3.66,31.0,Laterite,MODERATE_RISK
2,60.1,46.3,19.5,70.0,0.012,2.49,2.13,7.98,5.49,42.0,Colluvium,MODERATE_RISK
4,0.2,84.4,21.1,92.0,0.004,4.06,2.96,4.43,4.11,48.0,Clay Loam,HIGH_RISK
2,41.6,29.5,20.6,60.1,0.008,0.87,1.5,5.87,4.38,42.0,Colluvium,MODERATE_RISK
2,74.1,62.4,21.1,89.9,0.088,3.26,3.1,10.24,7.84,42.0,Colluvium,HIGH_RISK
4,2.4,30.7,22.7,43.1,0.044,1.72,1.13,1.92,1.88,48.0,Clay Loam,SAFE
6,4.4,72.9,22.9,97.0,0.02,3.69,2.27,3.8,3.47,38.0,Sandy Loam,MODERATE_RISK
2,80.9,87.9,21.4,92.9,0.161,4.45,3.84,12.3,9.22,42.0,Colluvium,HIGH_RISK
3,19.3,52.6,21.0,61.1,0.038,2.52,2.34,5.06,4.31,28.0,Weathered Granite,MODERATE_RISK
3,0.4,56.6,23.1,84.9,0.003,2.93,2.5,3.08,3.04,28.0,Weathered Granite,MODERATE_RISK
2,7.4,89.6,24.7,83.6,0.081,4.65,3.93,5.36,5.36,42.0,Colluvium,HIGH_RISK
6,14.9,59.1,22.7,92.3,0.056,2.97,2.36,4.26,3.82,38.0,Sandy Loam,MODERATE_RISK
5,29.5,56.6,28.6,57.8,0.058,3.33,2.57,5.95,4.84,31.0,Laterite,MODERATE_RISK
4,33.0,63.4,26.0,67.0,0.088,2.86,2.43,5.7,4.48,48.0,Clay Loam,MODERATE_RISK
3,134.7,71.7,17.6,90.2,0.166,3.62,3.09,15.38,11.0,28.0,Weathered Granite,HIGH_RISK
5,8.5,28.0,26.1,85.2,0.144,1.17,1.25,3.1,2.6,31.0,Laterite,SAFE
2,19.3,81.6,26.4,62.8,0.415,4.26,5.05,9.48,8.63,42.0,Colluvium,HIGH_RISK
5,19.1,52.7,22.3,89.1,0.109,2.32,1.95,4.69,3.89,31.0,Laterite,MODERATE_RISK
1,13.0,25.4,18.0,42.7,0.096,1.0,1.27,3.44,2.82,35.0,Residual Soil,SAFE
3,4.6,79.0,24.0,85.4,0.036,3.82,3.39,4.99,4.4,28.0,Weathered Granite,MODERATE_RISK
2,94.8,48.3,24.0,52.0,0.211,2.47,2.29,10.79,7.68,42.0,Colluvium,HIGH_RISK
4,48.0,27.5,19.5,56.6,0.023,1.26,0.82,5.38,3.57,48.0,Clay Loam,MODERATE_RISK
6,17.2,67.5,18.2,68.6,0.101,3.26,3.23,5.98,5.37,38.0,Sandy Loam,MODERATE_RISK
2,23.1,86.0,23.6,66.1,0.082,4.26,3.38,6.71,5.78,42.0,Colluvium,HIGH_RISK
4,6.4,86.6,23.1,70.2,0.161,4.28,3.89,7.28,6.51,48.0,Clay Loam,HIGH_RISK
6,19.6,91.8,22.3,71.6,0.374,4.89,5.65,10.09,9.31,38.0,Sandy Loam,HIGH_RISK
6,29.7,85.1,23.7,59.2,0.439,4.39,5.12,10.94,8.96,38.0,Sandy Loam,HIGH_RISK
2,18.1,20.2,19.6,50.2,0.028,0.95,0.87,1.84,1.73,42.0,Colluvium,SAFE
5,115.9,48.5,22.3,84.6,0.046,2.84,2.66,12.95,9.24,31.0,Laterite,HIGH_RISK
5,23.6,81.4,26.1,63.2,0.25,4.17,4.07,8.2,7.35,31.0,Laterite,HIGH_RISK
6,11.6,47.5,22.6,69.3,0.11,2.18,2.38,4.54,4.06,38.0,Sandy Loam,MODERATE_RISK
5,37.0,65.1,17.3,77.4,0.091,3.31,2.31,5.4,4.52,31.0,Laterite,MODERATE_RISK
1,4.7,65.5,22.1,92.8,0.186,3.38,3.22,5.09,4.83,35.0,Residual Soil,MODERATE_RISK
6,12.1,47.4,19.7,81.0,0.138,2.23,1.57,4.56,3.71,38.0,Sandy Loam,MODERATE_RISK
6,10.7,87.8,25.1,42.6,0.53,4.18,4.98,8.45,7.85,38.0,Sandy Loam,HIGH_RISK
4,14.1,57.7,25.3,88.6,0.132,2.9,2.65,5.41,4.41,48.0,Clay Loam,MODERATE_RISK
5,38.1,54.9,17.4,97.4,0.094,2.67,2.83,6.97,5.52,31.0,Laterite,MODERATE_RISK
6,16.5,94.8,27.0,67.4,0.117,5.04,4.6,8.34,7.65,38.0,Sandy Loam,HIGH_RISK
1,39.5,57.0,19.6,96.2,0.248,3.0,2.99,7.64,5.69,35.0,Residual Soil,MODERATE_RISK
4,21.5,33.4,30.2,71.7,0.142,1.54,1.54,4.59,3.51,48.0,Clay Loam,MODERATE_RISK
2,10.5,58.5,23.8,66.7,0.156,3.01,2.99,5.87,5.05,42.0,Colluvium,MODERATE_RISK
6,41.5,81.1,19.0,59.2,0.533,4.31,4.88,10.84,8.91,38.0,Sandy Loam,HIGH_RISK
1,6.8,78.3,19.4,78.1,0.145,3.64,3.34,5.59,5.34,35.0,Residual Soil,MODERATE_RISK
3,6.4,79.1,25.4,53.3,0.072,3.75,3.61,5.09,4.95,28.0,Weathered Granite,MODERATE_RISK
1,17.6,73.1,22.4,46.1,0.176,3.65,3.2,5.35,4.73,35.0,Residual Soil,MODERATE_RISK
1,7.6,39.1,23.6,41.6,0.162,1.96,1.92,3.53,2.95,35.0,Residual Soil,SAFE
4,0.2,84.7,30.5,57.0,0.002,4.22,3.29,5.39,4.94,48.0,Clay Loam,HIGH_RISK
2,26.1,87.0,21.2,63.0,0.094,4.29,4.66,9.74,8.41,42.0,Colluvium,HIGH_RISK
3,17.9,34.6,24.2,72.0,0.204,1.66,2.12,4.17,3.59,28.0,Weathered Granite,MODERATE_RISK
5,14.7,29.8,29.7,57.0,0.104,1.57,1.91,3.29,2.9,31.0,Laterite,SAFE
5,85.3,93.2,25.1,97.1,0.227,4.89,4.82,14.52,10.98,31.0,Laterite,HIGH_RISK
1,21.2,85.1,17.6,56.9,0.09,4.16,3.85,7.06,6.24,35.0,Residual Soil,HIGH_RISK
4,49.8,87.0,26.0,65.6,0.614,4.84,5.86,11.99,10.19,48.0,Clay Loam,HIGH_RISK
4,3.8,86.5,19.3,46.0,0.052,4.72,4.04,6.12,5.55,48.0,Clay Loam,HIGH_RISK
5,21.1,60.6,,,0.014,3.3,2.25,4.81,4.22,31.0,Laterite,MODERATE_RISK
3,50.6,68.5,20.7,42.8,0.084,3.55,3.2,9.51,7.65,28.0,Weathered Granite,MODERATE_RISK
2,21.9,60.9,35.9,72.5,0.117,3.45,3.08,6.8,5.63,42.0,Colluvium,MODERATE_RISK
3,31.6,23.8,29.9,83.6,0.064,1.13,1.26,4.05,3.12,28.0,Weathered Granite,MODERATE_RISK
6,11.6,75.9,20.8,51.4,0.042,3.63,3.01,6.14,4.97,38.0,Sandy Loam,MODERATE_RISK
6,2.4,57.9,24.1,61.3,0.167,2.79,2.96,4.69,4.44,38.0,Sandy Loam,MODERATE_RISK
2,15.3,68.6,27.0,41.0,0.071,3.23,3.08,6.37,5.45,42.0,Colluvium,MODERATE_RISK
5,12.5,57.7,27.1,88.7,0.15,2.91,1.9,4.51,3.59,31.0,Laterite,MODERATE_RISK
2,50.4,56.9,25.8,85.2,0.226,2.9,2.87,8.21,6.21,42.0,Colluvium,MODERATE_RISK
4,7.0,32.9,29.0,43.7,0.215,1.69,1.44,3.01,2.9,48.0,Clay Loam,SAFE
6,85.1,40.9,23.5,61.2,0.071,2.04,1.92,9.48,6.72,38.0,Sandy Loam,HIGH_RISK
1,79.3,31.9,22.5,95.4,0.126,1.62,1.58,9.18,6.11,35.0,Residual Soil,HIGH_RISK
1,7.1,34.7,22.6,62.7,0.09,2.08,2.34,4.12,3.81,35.0,Residual Soil,MODERATE_RISK
5,10.7,93.0,27.4,70.5,0.307,4.77,4.8,8.54,7.57,31.0,Laterite,HIGH_RISK
4,56.5,31.5,25.5,60.6,0.316,1.76,2.21,8.6,6.28,48.0,Clay Loam,MODERATE_RISK
3,85.0,40.2,25.2,74.6,0.063,2.05,2.11,10.24,7.39,28.0,Weathered Granite,HIGH_RISK
4,14.6,64.3,27.2,96.7,0.014,2.89,2.26,4.51,3.31,48.0,Clay Loam,MODERATE_RISK
1,9.7,65.8,15.8,97.9,0.028,2.93,2.28,4.16,3.27,35.0,Residual Soil,MODERATE_RISK
1,18.7,31.5,25.2,84.9,0.069,1.99,1.92,2.9,2.98,35.0,Residual Soil,SAFE
6,29.1,79.5,24.9,63.5,0.125,3.87,3.95,7.9,6.69,38.0,Sandy Loam,MODERATE_RISK
4,8.0,78.9,30.7,68.7,0.16,3.82,3.79,6.79,5.88,48.0,Clay Loam,MODERATE_RISK
4,33.3,37.8,17.9,60.7,0.06,1.94,1.9,6.0,4.28,48.0,Clay Loam,MODERATE_RISK
1,1.3,41.6,30.2,97.2,0.165,2.19,3.07,4.34,4.18,35.0,Residual Soil,MODERATE_RISK
3,1.3,90.3,24.3,81.1,0.416,4.65,4.75,7.31,6.82,28.0,Weathered Granite,HIGH_RISK
5,12.2,81.9,26.0,66.0,0.158,4.45,3.81,6.6,6.15,31.0,Laterite,HIGH_RISK
5,10.9,72.3,30.7,40.7,0.026,3.92,3.26,6.11,5.37,31.0,Laterite,MODERATE_RISK
4,9.5,26.2,26.2,70.2,0.13,1.15,1.76,4.5,3.52,48.0,Clay Loam,MODERATE_RISK
5,16.9,51.4,25.6,97.1,0.117,2.76,2.28,5.13,4.3,31.0,Laterite,MODERATE_RISK
1,9.7,61.9,25.0,70.3,0.307,3.02,3.86,6.23,5.89,35.0,Residual Soil,MODERATE_RISK
1,5.3,34.1,22.1,50.6,0.065,1.68,1.11,2.05,1.96,35.0,Residual Soil,SAFE
4,9.3,53.6,23.9,41.3,0.082,2.46,2.18,4.71,4.04,48.0,Clay Loam,MODERATE_RISK
4,92.1,65.1,21.1,60.6,0.137,2.92,2.8,10.86,7.97,48.0,Clay Loam,HIGH_RISK
6,13.2,44.6,23.8,93.3,0.111,2.22,1.84,3.51,2.91,38.0,Sandy Loam,SAFE
4,14.7,78.6,14.7,97.8,0.19,3.74,3.38,6.6,5.44,48.0,Clay Loam,MODERATE_RISK
3,21.5,83.0,25.7,94.8,0.006,4.34,3.73,7.96,6.4,28.0,Weathered Granite,HIGH_RISK
5,102.4,44.3,23.5,82.3,0.124,2.16,2.53,12.29,8.72,31.0,Laterite,HIGH_RISK
4,6.9,82.9,22.7,72.4,0.019,4.21,2.79,4.43,4.15,48.0,Clay Loam,HIGH_RISK
2,28.6,27.8,24.9,74.3,0.057,1.66,1.55,4.88,3.92,42.0,Colluvium,MODERATE_RISK
6,31.5,82.8,18.3,71.3,0.163,3.84,3.53,8.02,6.69,38.0,Sandy Loam,HIGH_RISK
2,23.4,31.5,31.7,81.0,0.026,1.43,1.25,3.92,3.19,42.0,Colluvium,SAFE
1,2.3,26.2,23.6,64.3,0.055,1.35,1.15,1.86,1.66,35.0,Residual Soil,SAFE
5,28.2,68.1,23.4,78.8,0.182,3.47,2.93,6.68,5.63,31.0,Laterite,MODERATE_RISK
4,1.7,55.4,20.1,47.1,0.158,2.99,3.33,4.68,4.27,48.0,Clay Loam,MODERATE_RISK
2,22.7,88.1,24.1,55.4,0.014,4.58,4.05,9.13,7.49,42.0,Colluvium,HIGH_RISK
5,33.6,47.2,29.5,88.5,0.129,2.38,2.26,6.16,4.46,31.0,Laterite,MODERATE_RISK
1,5.9,41.5,28.1,92.4,0.024,2.14,1.64,3.21,2.75,35.0,Residual Soil,SAFE
3,46.1,57.6,27.4,71.3,0.044,2.95,2.31,7.04,5.62,28.0,Weathered Granite,MODERATE_RISK
6,0.8,54.2,26.2,41.8,0.092,2.42,1.44,2.65,2.32,38.0,Sandy Loam,SAFE
5,46.4,45.8,22.6,93.8,0.017,2.26,1.97,6.02,4.74,31.0,Laterite,MODERATE_RISK
5,15.4,72.0,18.2,80.7,0.759,3.65,5.43,8.5,7.87,31.0,Laterite,MODERATE_RISK
3,6.1,77.0,23.2,64.0,0.027,3.94,3.27,5.38,4.75,28.0,Weathered Granite,MODERATE_RISK
5,3.6,84.0,23.1,74.7,0.228,4.02,3.87,7.12,6.17,31.0,Laterite,HIGH_RISK
1,76.6,93.0,28.2,64.9,0.266,4.4,4.36,13.27,10.38,35.0,Residual Soil,HIGH_RISK
1,1.9,40.0,25.2,67.0,0.779,1.95,3.64,5.21,5.09,35.0,Residual Soil,MODERATE_RISK
3,5.6,73.7,30.4,91.4,0.084,4.08,3.37,5.76,5.02,28.0,Weathered Granite,MODERATE_RISK
6,10.7,49.6,28.8,49.3,0.311,2.32,2.74,4.65,3.88,38.0,Sandy Loam,MODERATE_RISK
4,24.2,70.8,22.2,46.0,0.474,3.77,4.65,9.12,7.84,48.0,Clay Loam,MODERATE_RISK
2,19.7,55.7,16.8,40.2,0.028,3.1,2.98,6.3,5.15,42.0,Colluvium,MODERATE_RISK
4,3.4,94.5,29.5,58.2,0.098,4.73,4.01,6.75,6.02,48.0,Clay Loam,HIGH_RISK
5,8.6,74.7,29.4,48.5,0.009,3.6,2.59,3.79,3.28,31.0,Laterite,MODERATE_RISK
2,6.8,91.4,18.5,52.8,0.145,4.67,4.18,6.18,6.01,42.0,Colluvium,HIGH_RISK
3,6.0,82.6,30.0,40.7,0.131,4.17,4.33,6.94,6.31,28.0,Weathered Granite,HIGH_RISK
3,13.2,87.7,25.5,53.2,0.034,4.21,3.18,5.31,4.79,28.0,Weathered Granite,HIGH_RISK
6,30.4,81.1,24.6,59.3,0.24,3.92,4.12,8.06,6.73,38.0,Sandy Loam,HIGH_RISK
2,6.1,54.4,30.5,41.8,0.006,2.81,2.67,4.63,4.06,42.0,Colluvium,MODERATE_RISK
1,11.4,38.9,29.4,75.3,0.246,2.13,2.33,3.95,3.56,35.0,Residual Soil,SAFE
2,12.4,47.8,26.6,73.0,0.004,2.33,1.67,4.63,3.49,42.0,Colluvium,MODERATE_RISK
5,93.7,21.5,25.9,45.6,0.16,1.06,1.5,9.48,6.39,31.0,Laterite,HIGH_RISK
1,77.3,59.3,26.5,74.5,0.012,3.1,2.62,9.98,7.58,35.0,Residual Soil,HIGH_RISK
3,40.3,57.9,22.4,97.9,0.043,2.86,2.63,7.32,5.36,28.0,Weathered Granite,MODERATE_RISK
2,6.9,59.4,23.8,94.8,0.192,2.91,3.53,5.09,4.86,42.0,Colluvium,MODERATE_RISK
4,1.8,93.1,20.4,40.2,0.049,4.5,3.8,6.1,5.4,48.0,Clay Loam,HIGH_RISK
6,9.5,88.4,22.7,86.1,0.107,4.27,3.38,6.0,5.56,38.0,Sandy Loam,HIGH_RISK
4,7.8,32.1,22.5,60.5,0.37,2.14,2.84,4.71,4.21,48.0,Clay Loam,MODERATE_RISK
6,17.6,47.7,21.5,43.7,0.008,2.35,1.98,4.51,3.49,38.0,Sandy Loam,MODERATE_RISK
5,37.6,51.8,24.5,57.2,0.25,2.86,3.42,8.35,6.68,31.0,Laterite,MODERATE_RISK
4,48.9,47.0,22.7,58.7,0.01,2.69,2.12,7.81,5.82,48.0,Clay Loam,MODERATE_RISK
2,46.6,79.9,26.0,70.3,0.02,3.96,3.11,9.64,7.89,42.0,Colluvium,MODERATE_RISK
2,11.1,59.3,17.5,78.3,0.019,3.04,2.08,3.48,2.71,42.0,Colluvium,MODERATE_RISK
4,29.1,62.9,23.5,83.4,0.77,3.17,5.01,9.19,7.78,48.0,Clay Loam,MODERATE_RISK
2,9.4,84.0,24.5,54.3,0.03,3.88,4.2,7.1,6.62,42.0,Colluvium,HIGH_RISK
5,1.6,80.4,22.8,58.7,0.341,3.71,3.92,4.97,4.64,31.0,Laterite,HIGH_RISK
1,30.2,29.9,23.3,57.9,0.705,1.5,3.45,7.92,6.48,35.0,Residual Soil,MODERATE_RISK
5,0.2,73.5,17.7,61.0,0.073,3.59,2.93,4.47,4.05,31.0,Laterite,MODERATE_RISK
6,13.2,52.7,25.4,98.0,0.15,3.01,2.47,4.94,4.07,38.0,Sandy Loam,MODERATE_RISK
5,10.0,42.1,26.6,85.1,0.227,2.06,2.46,4.34,3.8,31.0,Laterite,MODERATE_RISK
6,29.6,23.8,26.0,96.5,0.075,1.58,1.5,4.75,3.53,38.0,Sandy Loam,MODERATE_RISK
2,36.3,56.5,28.2,80.2,0.026,2.73,1.55,5.47,4.27,42.0,Colluvium,MODERATE_RISK
1,9.1,46.7,24.8,63.6,0.085,2.72,2.91,5.19,4.83,35.0,Residual Soil,MODERATE_RISK
2,41.7,38.9,25.9,62.6,0.222,2.05,2.43,6.31,5.09,42.0,Colluvium,MODERATE_RISK
3,8.7,72.1,24.6,68.3,0.228,3.72,3.68,6.3,5.57,28.0,Weathered Granite,MODERATE_RISK
2,14.8,77.7,26.8,64.2,0.039,3.78,3.01,6.63,5.53,42.0,Colluvium,MODERATE_RISK
6,32.5,38.4,17.7,88.0,0.029,2.04,1.84,5.48,4.37,38.0,Sandy Loam,MODERATE_RISK
2,29.5,23.7,20.4,67.0,0.38,1.52,2.49,6.16,5.14,42.0,Colluvium,MODERATE_RISK
2,109.3,83.7,30.3,57.1,0.007,4.16,3.47,14.73,10.65,42.0,Colluvium,HIGH_RISK
1,6.4,20.7,14.2,84.9,0.199,0.97,1.69,2.67,2.75,35.0,Residual Soil,SAFE
2,27.1,90.3,23.4,89.6,0.007,4.47,3.99,8.6,7.03,42.0,Colluvium,HIGH_RISK
1,23.5,67.1,28.7,64.4,0.273,3.68,4.36,8.15,7.3,35.0,Residual Soil,MODERATE_RISK
4,61.7,44.1,23.6,78.7,0.354,2.38,2.71,9.54,7.22,48.0,Clay Loam,MODERATE_RISK
3,4.3,38.5,22.4,43.4,0.053,2.21,1.75,3.37,2.77,28.0,Weathered Granite,SAFE
1,34.8,20.7,24.5,70.7,0.012,1.1,1.02,4.11,3.02,35.0,Residual Soil,MODERATE_RISK
6,21.0,37.7,22.6,42.6,0.098,1.89,1.57,3.9,3.19,38.0,Sandy Loam,SAFE
4,8.0,30.3,24.1,41.7,0.053,1.6,1.25,3.0,2.4,48.0,Clay Loam,SAFE
1,16.1,65.9,21.3,75.5,0.081,3.51,3.19,5.15,4.65,35.0,Residual Soil,MODERATE_RISK
1,10.2,32.5,28.4,57.6,0.164,1.58,2.03,3.64,2.89,35.0,Residual Soil,SAFE
3,21.6,59.6,29.7,83.1,0.035,3.25,3.09,6.67,5.41,28.0,Weathered Granite,MODERATE_RISK
6,55.0,64.3,23.5,92.0,0.066,3.29,2.77,8.4,6.38,38.0,Sandy Loam,MODERATE_RISK
5,21.1,42.4,18.5,48.1,0.229,1.64,2.14,4.97,3.94,31.0,Laterite,MODERATE_RISK
5,25.0,22.6,21.9,82.0,0.155,1.31,1.59,3.36,2.64,31.0,Laterite,SAFE
1,18.3,22.8,23.3,69.8,0.059,0.89,0.89,2.37,2.08,35.0,Residual Soil,SAFE
2,1.3,22.0,26.0,46.5,0.164,1.27,1.26,2.33,2.01,42.0,Colluvium,SAFE
6,6.6,75.4,20.0,77.8,0.217,3.95,3.53,5.45,5.47,38.0,Sandy Loam,MODERATE_RISK
4,16.9,43.9,20.9,75.3,0.135,2.26,2.41,4.32,3.84,48.0,Clay Loam,MODERATE_RISK
2,9.3,79.7,26.0,69.9,0.041,4.09,3.15,6.0,5.38,42.0,Colluvium,MODERATE_RISK
2,5.0,52.4,27.8,93.7,0.0,2.84,1.74,3.27,2.79,42.0,Colluvium,SAFE
6,17.5,54.0,21.5,70.2,0.244,2.6,2.8,5.06,4.3,38.0,Sandy Loam,MODERATE_RISK
1,9.7,58.5,18.7,97.4,0.259,3.08,3.68,6.37,5.71,35.0,Residual Soil,MODERATE_RISK
1,7.5,73.5,37.1,69.5,0.179,3.91,2.83,4.32,4.27,35.0,Residual Soil,MODERATE_RISK
1,15.6,40.5,27.1,46.7,0.012,2.38,1.85,3.95,3.28,35.0,Residual Soil,SAFE
1,3.6,29.1,22.9,67.3,0.132,1.23,1.58,2.75,2.53,35.0,Residual Soil,SAFE
5,65.7,61.7,27.5,50.6,0.258,3.17,2.76,8.99,6.83,31.0,Laterite,MODERATE_RISK
1,50.6,44.5,23.5,74.6,0.074,2.03,1.78,7.09,5.12,35.0,Residual Soil,MODERATE_RISK
5,30.7,53.2,27.5,80.2,0.033,2.46,1.73,5.5,4.16,31.0,Laterite,MODERATE_RISK
5,2.8,68.5,24.6,67.2,0.133,3.5,2.9,4.71,4.08,31.0,Laterite,MODERATE_RISK
1,37.4,57.1,24.4,45.7,0.263,2.87,2.96,7.64,6.06,35.0,Residual Soil,MODERATE_RISK
3,41.3,66.5,23.5,67.2,0.008,3.55,2.53,6.37,5.22,28.0,Weathered Granite,MODERATE_RISK
4,36.5,60.8,18.2,44.7,0.136,2.97,2.42,7.23,5.61,48.0,Clay Loam,MODERATE_RISK
2,3.0,75.5,31.8,79.6,0.155,3.75,3.45,5.37,4.98,42.0,Colluvium,MODERATE_RISK
5,25.8,72.9,20.2,85.8,0.138,3.69,4.03,7.64,6.74,31.0,Laterite,MODERATE_RISK
6,44.9,60.1,18.6,95.8,0.157,2.83,2.96,8.1,6.38,38.0,Sandy Loam,MODERATE_RISK
6,21.5,70.9,23.1,48.6,0.15,3.4,3.47,7.3,6.12,38.0,Sandy Loam,MODERATE_RISK
4,26.0,85.5,20.2,70.9,0.021,4.5,3.9,8.19,7.01,48.0,Clay Loam,HIGH_RISK
6,15.3,52.4,23.8,72.9,0.04,2.51,1.92,3.56,3.12,38.0,Sandy Loam,SAFE
3,18.8,51.0,26.8,93.5,0.145,2.79,2.76,6.02,4.94,28.0,Weathered Granite,MODERATE_RISK
6,0.9,77.3,28.0,76.4,0.003,3.99,3.53,5.34,5.06,38.0,Sandy Loam,MODERATE_RISK
2,25.5,63.7,27.3,48.4,0.151,2.88,3.01,6.81,5.58,42.0,Colluvium,MODERATE_RISK
2,2.1,25.3,22.8,65.3,0.164,1.37,1.65,2.24,2.11,42.0,Colluvium,SAFE
5,14.3,86.9,24.2,78.0,0.041,4.45,3.84,7.43,6.41,31.0,Laterite,HIGH_RISK
1,8.7,22.3,25.6,80.6,0.137,1.2,2.11,3.95,3.46,35.0,Residual Soil,SAFE
3,19.7,76.1,17.0,90.1,0.115,3.78,3.62,7.6,6.15,28.0,Weathered Granite,MODERATE_RISK
5,3.6,76.9,26.3,50.5,0.045,3.66,2.97,3.98,3.94,31.0,Laterite,MODERATE_RISK
3,29.4,91.5,18.2,95.2,0.093,4.84,4.13,7.85,7.14,28.0,Weathered Granite,HIGH_RISK
1,39.6,24.1,32.2,43.4,0.361,1.18,1.71,5.61,4.03,35.0,Residual Soil,MODERATE_RISK
6,4.5,64.8,22.4,97.1,0.083,3.06,3.4,6.19,5.31,38.0,Sandy Loam,MODERATE_RISK
6,2.8,52.1,23.3,89.8,0.149,2.7,3.09,5.84,5.61,38.0,Sandy Loam,MODERATE_RISK
1,3.9,44.8,20.9,78.3,0.005,2.09,1.71,2.43,2.15,35.0,Residual Soil,SAFE
5,52.4,26.8,21.5,82.6,0.012,1.15,1.61,6.63,5.04,31.0,Laterite,MODERATE_RISK
1,18.8,62.2,33.1,44.2,0.013,3.03,2.65,5.56,4.62,35.0,Residual Soil,MODERATE_RISK
4,15.7,55.9,27.8,42.4,0.226,2.66,2.68,5.64,4.74,48.0,Clay Loam,MODERATE_RISK
2,2.8,27.8,17.8,45.9,0.065,1.21,1.43,2.81,2.37,42.0,Colluvium,SAFE
5,26.2,65.9,30.0,45.1,0.039,3.46,3.0,6.04,5.21,31.0,Laterite,MODERATE_RISK
3,50.6,75.3,28.8,71.7,0.206,3.74,3.86,9.87,7.54,28.0,Weathered Granite,MODERATE_RISK
4,44.0,77.5,22.9,52.5,0.028,4.13,2.98,6.99,5.72,48.0,Clay Loam,MODERATE_RISK
5,24.6,87.9,25.2,89.9,0.042,4.22,3.26,7.26,5.91,31.0,Laterite,HIGH_RISK
1,2.0,50.7,23.9,65.9,0.085,2.19,2.45,3.67,3.05,35.0,Residual Soil,SAFE
1,3.0,91.5,31.9,80.3,0.06,4.6,4.37,6.19,6.12,35.0,Residual Soil,HIGH_RISK
1,1.3,84.9,20.8,77.9,0.132,4.62,4.52,7.05,6.07,35.0,Residual Soil,HIGH_RISK
1,7.4,42.2,24.6,58.6,0.062,2.22,2.63,4.35,4.35,35.0,Residual Soil,MODERATE_RISK
3,3.6,31.9,22.3,54.1,0.075,2.24,2.19,4.2,3.74,28.0,Weathered Granite,MODERATE_RISK
4,7.5,52.7,18.3,59.9,0.298,2.7,3.21,4.97,4.31,48.0,Clay Loam,MODERATE_RISK
6,12.2,50.1,32.8,86.2,0.324,2.55,2.74,6.2,5.36,38.0,Sandy Loam,MODERATE_RISK
2,71.6,63.2,19.3,74.0,0.264,2.73,2.8,10.36,7.47,42.0,Colluvium,HIGH_RISK
3,23.6,63.8,24.9,54.7,0.3,3.28,2.93,6.93,5.48,28.0,Weathered Granite,MODERATE_RISK
3,45.0,76.2,17.0,87.4,0.127,3.84,3.36,8.13,6.2,28.0,Weathered Granite,MODERATE_RISK
6,31.0,58.2,22.4,43.2,0.156,2.83,2.11,6.54,4.81,38.0,Sandy Loam,MODERATE_RISK
6,3.0,27.9,25.7,80.6,0.122,1.37,1.79,2.32,2.14,38.0,Sandy Loam,SAFE
2,33.3,84.4,20.7,65.5,0.231,4.21,4.18,8.83,7.55,42.0,Colluvium,HIGH_RISK
2,8.0,43.2,26.3,82.4,0.12,2.12,1.45,3.47,3.04,42.0,Colluvium,SAFE
6,25.5,92.8,22.9,93.8,0.018,5.06,4.05,8.37,6.8,38.0,Sandy Loam,HIGH_RISK
1,10.4,28.8,28.6,83.5,0.249,1.37,2.43,3.86,3.59,35.0,Residual Soil,SAFE
3,151.6,91.9,29.4,65.6,0.214,4.63,4.31,19.16,13.28,28.0,Weathered Granite,HIGH_RISK
5,7.6,26.8,21.7,48.8,0.257,1.26,1.48,3.0,2.59,31.0,Laterite,SAFE
2,8.2,37.3,24.3,86.8,0.032,2.02,1.18,2.22,2.35,42.0,Colluvium,SAFE
2,66.7,23.5,24.7,66.7,0.048,1.21,0.59,5.45,3.21,42.0,Colluvium,MODERATE_RISK
6,0.6,72.9,26.5,44.4,0.053,3.59,3.19,5.05,4.42,38.0,Sandy Loam,MODERATE_RISK
4,29.8,83.8,24.1,81.7,0.106,3.8,3.23,7.15,6.05,48.0,Clay Loam,HIGH_RISK
5,32.3,52.6,24.8,56.9,0.022,2.68,2.1,5.81,4.71,31.0,Laterite,MODERATE_RISK
5,45.3,89.6,23.0,42.8,0.073,4.42,3.63,8.28,6.59,31.0,Laterite,HIGH_RISK
2,91.7,64.3,24.5,92.4,0.03,3.2,2.61,11.04,8.22,42.0,Colluvium,HIGH_RISK
1,92.8,67.3,29.2,68.0,0.046,3.13,2.27,11.07,7.61,35.0,Residual Soil,HIGH_RISK
4,1.7,83.4,26.6,56.3,0.184,4.46,4.21,7.39,6.87,48.0,Clay Loam,HIGH_RISK
5,43.1,42.3,26.8,81.6,0.289,2.29,2.27,6.75,5.28,31.0,Laterite,MODERATE_RISK
2,26.0,46.6,26.9,91.4,0.003,2.62,1.88,5.62,4.57,42.0,Colluvium,MODERATE_RISK
5,26.1,87.9,23.4,40.0,0.125,4.62,4.37,9.04,7.68,31.0,Laterite,HIGH_RISK
4,3.4,87.6,25.3,79.9,0.006,4.5,3.73,5.98,5.58,48.0,Clay Loam,HIGH_RISK
4,26.3,93.2,19.7,84.5,0.013,4.43,3.79,7.28,6.41,48.0,Clay Loam,HIGH_RISK
3,101.1,87.6,29.1,52.2,0.183,4.75,4.99,15.09,11.78,28.0,Weathered Granite,HIGH_RISK
6,60.7,29.6,12.9,68.4,0.2,1.29,1.61,7.58,5.35,38.0,Sandy Loam,MODERATE_RISK
6,14.5,81.8,23.7,45.2,0.252,4.04,3.99,6.88,5.94,38.0,Sandy Loam,HIGH_RISK
2,1.0,50.7,28.6,83.3,0.096,2.68,2.35,3.3,3.14,42.0,Colluvium,SAFE
4,11.2,94.3,18.5,89.2,0.295,4.87,4.65,7.78,6.86,48.0,Clay Loam,HIGH_RISK
3,43.8,55.4,25.6,46.3,0.027,2.88,2.08,6.54,4.84,28.0,Weathered Granite,MODERATE_RISK
3,30.2,61.5,21.3,87.4,0.043,2.99,2.55,6.69,5.62,28.0,Weathered Granite,MODERATE_RISK
5,15.4,59.7,22.5,84.8,0.022,2.86,2.46,4.67,4.16,31.0,Laterite,MODERATE_RISK
5,1.4,44.1,27.8,60.1,0.24,2.71,3.01,5.03,4.64,31.0,Laterite,MODERATE_RISK
3,13.9,25.6,24.8,80.0,0.039,1.27,1.15,3.06,2.63,28.0,Weathered Granite,SAFE
5,15.8,87.2,15.9,40.0,0.025,4.33,3.82,6.16,5.73,31.0,Laterite,HIGH_RISK
4,66.0,80.2,20.1,94.0,0.146,3.87,3.54,10.74,8.59,48.0,Clay Loam,HIGH_RISK
1,25.6,30.5,27.9,71.9,0.012,1.57,1.17,2.47,1.65,35.0,Residual Soil,SAFE
4,9.3,78.3,25.8,76.0,0.007,3.95,2.9,4.65,4.04,48.0,Clay Loam,MODERATE_RISK
3,18.6,66.9,31.0,78.6,0.017,3.34,2.26,5.11,4.06,28.0,Weathered Granite,MODERATE_RISK
3,1.7,50.7,30.7,72.6,0.0,2.61,2.53,3.93,3.35,28.0,Weathered Granite,SAFE
4,89.9,39.1,22.6,89.7,0.179,2.31,2.18,9.58,6.86,48.0,Clay Loam,HIGH_RISK
5,11.2,84.5,34.0,75.4,0.124,4.11,3.38,5.41,4.97,31.0,Laterite,HIGH_RISK
5,16.2,72.5,24.1,92.7,0.035,3.63,2.88,4.31,4.42,31.0,Laterite,MODERATE_RISK
6,11.0,61.1,20.1,73.8,0.04,2.93,2.38,3.78,3.64,38.0,Sandy Loam,MODERATE_RISK
3,28.7,65.7,21.5,49.9,0.25,3.34,3.91,8.45,6.92,28.0,Weathered Granite,MODERATE_RISK
2,27.1,26.8,15.0,93.0,0.105,1.23,1.2,3.69,2.91,42.0,Colluvium,SAFE
6,31.4,55.5,30.4,79.5,0.18,2.67,3.47,7.8,6.05,38.0,Sandy Loam,MODERATE_RISK
5,7.8,34.5,30.4,80.6,0.09,1.43,1.43,2.78,2.41,31.0,Laterite,SAFE
4,9.5,35.6,19.9,97.2,0.041,1.8,2.18,4.05,3.54,48.0,Clay Loam,MODERATE_RISK
5,3.3,69.6,23.1,44.4,0.528,3.57,4.71,7.84,6.88,31.0,Laterite,MODERATE_RISK
4,26.6,88.3,24.4,64.9,0.125,4.79,4.32,8.51,7.23,48.0,Clay Loam,HIGH_RISK
6,1.0,50.3,20.2,53.9,0.021,2.61,2.62,4.47,3.85,38.0,Sandy Loam,MODERATE_RISK
3,22.8,35.6,17.0,76.6,0.078,1.69,1.92,3.47,2.86,28.0,Weathered Granite,SAFE
5,50.9,68.7,23.2,86.8,0.06,3.16,2.9,8.98,6.97,31.0,Laterite,MODERATE_RISK
4,55.4,85.3,22.7,96.0,0.036,4.02,4.02,9.82,8.11,48.0,Clay Loam,HIGH_RISK
3,14.9,76.1,22.4,66.4,0.406,3.55,3.91,6.52,5.97,28.0,Weathered Granite,MODERATE_RISK
2,15.4,85.2,24.9,85.6,0.319,4.64,4.37,7.43,6.56,42.0,Colluvium,HIGH_RISK
4,2.0,60.2,29.7,93.2,0.033,3.07,2.35,4.23,3.58,48.0,Clay Loam,MODERATE_RISK
6,27.8,76.4,22.8,79.6,0.065,3.7,3.68,7.3,6.14,38.0,Sandy Loam,MODERATE_RISK
2,43.0,30.5,24.7,54.1,0.216,1.33,2.15,6.34,4.83,42.0,Colluvium,MODERATE_RISK
2,7.0,46.1,26.9,75.3,0.035,2.13,1.65,2.55,2.18,42.0,Colluvium,SAFE
1,13.7,49.2,26.2,96.3,0.134,2.34,1.57,3.58,3.14,35.0,Residual Soil,SAFE
5,45.6,58.3,21.5,97.3,0.18,3.18,3.02,8.55,6.6,31.0,Laterite,MODERATE_RISK
4,52.4,89.7,24.4,77.3,0.159,4.48,3.76,10.68,8.44,48.0,Clay Loam,HIGH_RISK
2,7.0,85.6,26.2,91.4,0.184,3.99,3.6,7.16,5.82,42.0,Colluvium,HIGH_RISK
1,20.0,30.1,19.5,51.6,0.184,1.97,1.81,4.64,3.55,35.0,Residual Soil,MODERATE_RISK
6,5.3,33.0,29.1,54.3,0.502,1.42,2.16,3.85,3.56,38.0,Sandy Loam,SAFE
3,2.7,46.8,29.7,95.3,0.064,2.22,2.53,3.4,3.48,28.0,Weathered Granite,SAFE
4,60.5,41.8,21.1,47.8,0.316,2.35,2.62,9.72,6.9,48.0,Clay Loam,MODERATE_RISK
2,42.9,66.1,24.8,51.1,0.003,3.39,3.14,8.25,6.58,42.0,Colluvium,MODERATE_RISK
5,35.7,87.7,26.6,64.4,0.051,4.29,3.52,7.99,6.62,31.0,Laterite,HIGH_RISK
1,1.2,92.2,21.8,74.2,0.007,4.36,3.17,5.04,4.47,35.0,Residual Soil,HIGH_RISK
2,46.4,69.0,25.9,75.0,0.158,3.26,3.23,8.24,6.63,42.0,Colluvium,MODERATE_RISK
5,14.4,82.9,24.7,56.9,0.016,3.96,3.1,4.63,4.01,31.0,Laterite,HIGH_RISK
2,10.5,59.4,18.1,93.4,0.28,2.97,3.15,5.85,4.9,42.0,Colluvium,MODERATE_RISK
4,19.8,35.6,25.8,93.1,0.156,1.82,1.97,5.21,4.23,48.0,Clay Loam,MODERATE_RISK
4,2.4,59.4,19.6,62.7,0.004,2.94,2.12,3.65,3.26,48.0,Clay Loam,MODERATE_RISK
4,35.3,61.6,27.8,65.2,0.188,3.07,2.53,6.62,5.25,48.0,Clay Loam,MODERATE_RISK
6,21.8,75.7,21.3,80.7,0.297,3.57,3.73,7.35,6.24,38.0,Sandy Loam,MODERATE_RISK
6,5.2,36.5,23.4,78.5,0.162,1.88,2.28,3.92,3.6,38.0,Sandy Loam,SAFE
1,5.2,47.6,29.5,62.2,0.005,2.64,1.86,3.28,3.02,35.0,Residual Soil,SAFE
4,5.1,47.3,26.0,64.0,0.293,2.33,2.79,4.56,4.29,48.0,Clay Loam,MODERATE_RISK
5,1.5,92.0,19.7,60.2,0.198,4.56,4.69,7.17,6.67,31.0,Laterite,HIGH_RISK
2,22.2,53.3,19.9,53.7,0.071,2.68,2.33,6.05,4.72,42.0,Colluvium,MODERATE_RISK
3,45.9,76.6,21.6,66.6,0.06,4.05,3.45,9.08,7.06,28.0,Weathered Granite,MODERATE_RISK
5,0.4,76.3,25.6,79.8,0.098,3.64,3.22,4.91,4.34,31.0,Laterite,MODERATE_RISK
6,1.3,39.9,25.4,83.0,0.303,2.29,2.54,4.24,3.73,38.0,Sandy Loam,MODERATE_RISK
6,21.3,62.9,20.6,85.2,0.044,3.23,2.42,5.66,4.48,38.0,Sandy Loam,MODERATE_RISK
5,42.8,87.1,19.3,61.7,0.016,4.36,3.24,8.76,7.2,31.0,Laterite,HIGH_RISK
6,9.9,55.6,25.1,84.3,0.3,3.02,3.43,5.56,4.84,38.0,Sandy Loam,MODERATE_RISK
4,10.8,90.9,23.3,40.4,0.004,4.31,3.69,6.16,5.75,48.0,Clay Loam,HIGH_RISK
1,22.7,36.1,32.6,67.7,0.363,1.91,2.86,5.7,4.8,35.0,Residual Soil,MODERATE_RISK
2,8.0,25.6,24.1,86.0,0.055,1.37,1.15,2.75,2.18,42.0,Colluvium,SAFE
1,0.7,86.9,31.3,76.5,0.106,4.16,3.97,6.37,5.89,35.0,Residual Soil,HIGH_RISK
2,33.2,83.6,19.3,67.5,0.021,4.27,3.57,7.37,5.92,42.0,Colluvium,HIGH_RISK
2,24.6,94.4,17.7,77.4,0.349,4.78,4.89,9.5,7.99,42.0,Colluvium,HIGH_RISK
1,21.7,71.0,19.5,92.6,0.208,3.51,2.43,6.07,4.61,35.0,Residual Soil,MODERATE_RISK
5,33.8,90.3,28.8,72.9,0.387,4.69,4.67,9.59,8.01,31.0,Laterite,HIGH_RISK
2,28.1,82.0,31.0,86.4,0.172,3.99,3.25,7.28,5.81,42.0,Colluvium,HIGH_RISK
1,5.8,83.3,20.9,96.9,0.031,4.22,3.66,6.32,5.89,35.0,Residual Soil,HIGH_RISK
2,10.9,62.7,22.2,80.9,0.055,3.11,2.68,4.23,3.76,42.0,Colluvium,MODERATE_RISK
3,3.4,48.7,19.3,73.3,0.1,2.31,1.83,3.09,2.29,28.0,Weathered Granite,SAFE
5,3.5,90.1,16.8,42.2,0.14,4.61,4.2,7.22,6.37,31.0,Laterite,HIGH_RISK
4,28.2,52.4,26.9,61.7,0.391,2.58,2.81,6.17,5.27,48.0,Clay Loam,MODERATE_RISK
2,48.9,60.4,24.9,72.8,0.073,2.73,2.09,7.46,5.85,42.0,Colluvium,MODERATE_RISK
3,82.2,53.5,24.0,86.2,0.182,2.31,2.18,9.86,6.96,28.0,Weathered Granite,HIGH_RISK
4,24.7,62.4,18.4,65.4,0.487,3.28,4.25,8.01,6.83,48.0,Clay Loam,MODERATE_RISK
4,5.1,55.3,30.6,95.7,0.025,2.52,2.51,4.12,3.72,48.0,Clay Loam,MODERATE_RISK
2,2.8,23.6,22.0,55.8,0.298,1.24,1.71,2.53,2.46,42.0,Colluvium,SAFE
1,41.9,86.2,26.1,83.2,0.082,4.32,4.1,9.06,7.26,35.0,Residual Soil,HIGH_RISK
2,21.6,53.3,18.2,64.3,0.198,2.59,2.68,5.62,4.66,42.0,Colluvium,MODERATE_RISK
3,24.1,64.2,23.2,68.2,0.052,3.6,3.11,6.63,5.52,28.0,Weathered Granite,MODERATE_RISK
4,38.0,30.4,25.2,86.5,0.061,1.56,1.41,5.07,3.76,48.0,Clay Loam,MODERATE_RISK
2,30.4,20.3,25.3,57.2,0.004,1.17,0.89,3.63,2.59,42.0,Colluvium,SAFE
1,45.0,38.4,24.6,45.6,0.533,1.98,3.31,8.68,6.68,35.0,Residual Soil,MODERATE_RISK
2,1.4,72.8,26.0,70.2,0.252,3.59,3.85,6.15,5.68,42.0,Colluvium,MODERATE_RISK
5,34.4,27.4,19.5,70.7,0.015,1.37,0.88,3.5,2.53,31.0,Laterite,SAFE
1,47.6,88.2,24.8,86.2,1.143,4.7,7.13,14.38,12.18,35.0,Residual Soil,HIGH_RISK
3,8.4,36.1,24.5,96.2,0.139,2.02,2.53,3.48,3.14,28.0,Weathered Granite,SAFE
4,25.6,35.3,24.9,43.2,0.288,2.16,2.65,5.94,5.02,48.0,Clay Loam,MODERATE_RISK
2,9.4,33.6,24.3,74.3,0.01,1.72,1.49,3.06,2.39,42.0,Colluvium,SAFE
1,79.2,21.0,18.9,79.5,0.074,0.87,1.27,8.53,6.08,35.0,Residual Soil,HIGH_RISK
5,0.8,77.9,18.7,97.2,0.166,3.81,3.4,5.24,4.61,31.0,Laterite,MODERATE_RISK
1,21.7,85.6,15.1,94.7,0.017,4.04,3.27,6.92,5.94,35.0,Residual Soil,HIGH_RISK
6,4.6,66.1,27.3,81.3,0.101,3.46,3.32,5.38,4.51,38.0,Sandy Loam,MODERATE_RISK
5,31.1,34.1,27.3,70.3,0.088,1.59,1.91,5.02,3.52,31.0,Laterite,MODERATE_RISK
3,4.8,41.4,27.4,49.4,0.037,1.46,0.57,0.68,0.58,28.0,Weathered Granite,SAFE
4,6.7,55.7,25.2,62.3,0.054,3.28,2.56,4.24,3.37,48.0,Clay Loam,MODERATE_RISK
3,17.0,91.6,15.5,73.9,0.512,4.47,4.81,8.19,7.46,28.0,Weathered Granite,HIGH_RISK
2,61.6,38.6,19.9,82.1,0.051,1.81,1.56,7.21,5.1,42.0,Colluvium,MODERATE_RISK
1,5.9,74.9,24.7,76.9,0.036,4.08,3.1,4.88,4.76,35.0,Residual Soil,MODERATE_RISK
6,3.9,53.0,24.5,81.4,0.115,2.41,2.47,4.23,3.74,38.0,Sandy Loam,MODERATE_RISK
5,35.6,42.3,23.1,64.9,0.167,2.34,2.42,6.5,5.16,31.0,Laterite,MODERATE_RISK
5,17.4,54.2,25.5,82.2,0.194,2.59,2.92,6.0,5.01,31.0,Laterite,MODERATE_RISK
1,60.7,25.3,24.0,48.3,0.211,1.0,1.72,7.66,5.28,35.0,Residual Soil,MODERATE_RISK
6,4.0,79.9,24.5,49.4,0.006,4.34,3.69,5.77,5.23,38.0,Sandy Loam,MODERATE_RISK
1,26.0,38.2,21.4,49.4,0.075,2.09,1.8,4.72,3.49,35.0,Residual Soil,MODERATE_RISK
2,6.6,74.4,27.9,91.7,0.223,3.9,3.82,6.51,5.89,42.0,Colluvium,MODERATE_RISK
3,4.3,25.1,22.3,44.4,0.353,1.33,1.98,4.54,3.65,28.0,Weathered Granite,MODERATE_RISK
5,28.8,91.6,18.7,86.5,0.138,4.7,3.76,7.45,6.33,31.0,Laterite,HIGH_RISK
2,22.5,34.5,20.9,53.5,0.008,1.48,1.49,4.06,3.75,42.0,Colluvium,MODERATE_RISK
3,35.1,86.2,22.6,67.2,0.076,4.33,3.67,7.72,6.39,28.0,Weathered Granite,HIGH_RISK
2,9.3,80.7,28.0,93.1,0.012,3.85,2.67,4.74,4.24,42.0,Colluvium,HIGH_RISK
6,14.9,92.6,23.8,74.0,0.207,4.35,4.26,7.24,6.46,38.0,Sandy Loam,HIGH_RISK
5,13.0,55.8,23.3,52.2,0.01,2.87,2.26,4.37,3.98,31.0,Laterite,MODERATE_RISK
1,103.5,74.6,19.0,56.5,0.031,3.96,2.64,12.32,8.76,35.0,Residual Soil,HIGH_RISK
1,8.6,47.8,27.1,93.4,0.081,2.31,1.68,2.96,2.56,35.0,Residual Soil,SAFE
3,8.7,33.8,21.4,64.8,0.093,1.65,1.39,1.89,2.29,28.0,Weathered Granite,SAFE
4,10.9,53.2,23.6,74.0,0.078,2.43,2.24,4.94,3.91,48.0,Clay Loam,MODERATE_RISK
6,20.8,32.4,29.9,66.7,0.093,1.62,1.81,4.8,3.75,38.0,Sandy Loam,MODERATE_RISK
3,7.3,93.7,26.0,61.9,0.187,4.84,4.66,7.51,7.02,28.0,Weathered Granite,HIGH_RISK
4,61.7,27.2,17.5,53.0,0.069,1.52,1.6,6.89,4.77,48.0,Clay Loam,MODERATE_RISK
2,7.7,64.2,,,0.119,3.32,3.0,5.16,4.75,42.0,Colluvium,MODERATE_RISK
6,56.5,67.0,23.7,81.7,0.054,3.23,3.26,9.59,7.29,38.0,Sandy Loam,MODERATE_RISK
2,2.7,60.4,19.1,55.9,0.065,2.89,2.72,4.68,4.37,42.0,Colluvium,MODERATE_RISK
5,26.7,69.7,26.6,85.8,0.143,3.64,3.41,7.68,6.51,31.0,Laterite,MODERATE_RISK
6,59.4,28.7,24.2,89.6,0.101,1.6,1.75,7.9,5.6,38.0,Sandy Loam,MODERATE_RISK
4,4.6,61.6,24.7,93.4,0.193,3.05,2.9,3.85,3.56,48.0,Clay Loam,MODERATE_RISK
5,86.3,41.5,21.2,49.4,0.123,1.99,1.94,9.66,6.69,31.0,Laterite,HIGH_RISK
1,15.1,90.5,31.0,57.6,0.244,4.76,3.92,7.58,6.51,35.0,Residual Soil,HIGH_RISK
4,72.8,77.2,35.4,89.9,0.088,3.79,3.18,10.13,7.85,48.0,Clay Loam,HIGH_RISK
3,28.2,92.9,22.9,51.5,0.101,4.79,4.66,9.86,8.31,28.0,Weathered Granite,HIGH_RISK
1,9.0,22.8,25.4,40.2,0.166,1.11,1.43,3.77,3.08,35.0,Residual Soil,SAFE
1,5.2,41.4,24.4,90.5,0.038,1.86,1.63,3.46,2.96,35.0,Residual Soil,SAFE
3,9.1,34.7,23.0,58.9,0.073,2.06,2.17,4.31,3.84,28.0,Weathered Granite,MODERATE_RISK
6,2.4,20.8,20.7,64.0,0.147,1.06,1.4,2.07,1.9,38.0,Sandy Loam,SAFE
1,3.9,38.2,19.7,65.9,0.004,1.77,1.19,2.24,1.97,35.0,Residual Soil,SAFE
4,2.8,70.9,19.5,89.2,0.086,3.27,2.88,3.87,3.77,48.0,Clay Loam,MODERATE_RISK
5,13.7,37.3,25.6,59.6,0.137,1.61,1.36,2.75,2.24,31.0,Laterite,SAFE
1,39.7,58.2,21.9,91.8,0.513,2.84,3.87,8.63,7.32,35.0,Residual Soil,MODERATE_RISK
4,3.8,86.6,13.7,75.8,0.314,4.72,4.47,7.04,6.66,48.0,Clay Loam,HIGH_RISK
2,3.5,72.0,25.8,70.6,0.049,3.48,3.21,4.9,4.79,42.0,Colluvium,MODERATE_RISK
4,25.8,49.6,23.8,58.9,0.106,2.77,2.38,5.76,4.49,48.0,Clay Loam,MODERATE_RISK
5,5.5,47.9,29.4,54.1,0.009,2.37,1.68,3.4,2.95,31.0,Laterite,SAFE
4,2.6,54.2,25.5,76.2,0.041,2.47,2.07,2.96,3.03,48.0,Clay Loam,SAFE
3,4.6,33.3,18.1,65.9,0.224,1.57,2.04,3.5,3.42,28.0,Weathered Granite,SAFE
5,64.3,67.6,15.1,92.8,0.02,3.12,2.19,8.22,5.73,31.0,Laterite,MODERATE_RISK
6,43.1,47.3,21.1,68.5,0.045,2.19,1.73,6.14,4.55,38.0,Sandy Loam,MODERATE_RISK
2,10.9,83.9,21.5,69.7,0.432,4.02,4.54,8.03,7.05,42.0,Colluvium,HIGH_RISK
3,26.7,76.7,27.8,64.2,0.26,3.45,3.94,8.51,7.39,28.0,Weathered Granite,MODERATE_RISK
6,19.3,65.8,24.0,85.8,0.228,3.59,2.8,6.08,4.61,38.0,Sandy Loam,MODERATE_RISK
4,28.3,47.3,28.5,64.6,0.3,2.41,3.01,6.99,5.49,48.0,Clay Loam,MODERATE_RISK
5,28.7,35.7,18.7,55.6,0.208,1.65,1.83,4.33,3.8,31.0,Laterite,MODERATE_RISK
2,24.8,78.2,27.9,90.0,0.019,3.95,3.07,6.05,5.07,42.0,Colluvium,MODERATE_RISK
3,7.7,56.5,26.9,74.6,0.109,2.66,2.25,3.58,3.01,28.0,Weathered Granite,MODERATE_RISK
6,1.0,36.9,15.9,74.3,0.088,1.31,1.2,2.06,2.14,38.0,Sandy Loam,SAFE
6,15.2,34.6,29.3,75.4,0.056,2.32,2.21,3.89,3.15,38.0,Sandy Loam,SAFE
2,55.4,32.4,24.4,81.7,0.269,1.66,1.97,7.56,5.73,42.0,Colluvium,MODERATE_RISK
4,21.1,78.3,25.6,58.2,0.094,3.8,3.82,7.55,6.13,48.0,Clay Loam,MODERATE_RISK
2,44.7,37.2,20.5,42.0,0.009,1.47,1.39,4.69,3.22,42.0,Colluvium,MODERATE_RISK
6,119.6,59.5,29.1,87.0,0.048,2.68,2.35,12.55,8.75,38.0,Sandy Loam,HIGH_RISK
1,4.5,53.9,19.3,47.5,0.039,3.03,2.49,4.62,3.85,35.0,Residual Soil,MODERATE_RISK
3,29.4,63.5,27.3,81.9,0.328,3.48,4.12,8.88,7.44,28.0,Weathered Granite,MODERATE_RISK
2,28.0,85.8,27.3,44.8,0.156,4.44,4.42,8.44,7.63,42.0,Colluvium,HIGH_RISK
6,97.7,85.1,20.1,61.8,0.123,4.03,3.24,12.16,8.88,38.0,Sandy Loam,HIGH_RISK
4,106.0,53.8,31.9,43.7,0.106,2.99,2.5,11.0,8.18,48.0,Clay Loam,HIGH_RISK
6,29.0,21.2,24.9,70.3,0.158,1.15,1.58,5.43,4.11,38.0,Sandy Loam,MODERATE_RISK
4,7.0,52.0,26.6,77.9,0.211,2.73,3.1,5.23,4.88,48.0,Clay Loam,MODERATE_RISK
2,40.1,65.5,17.9,49.9,0.121,3.36,2.96,8.59,6.16,42.0,Colluvium,MODERATE_RISK
4,2.8,61.8,32.5,61.6,0.418,2.79,3.26,5.02,4.77,48.0,Clay Loam,MODERATE_RISK
5,37.9,68.9,19.1,94.0,0.565,3.21,4.29,9.61,8.01,31.0,Laterite,MODERATE_RISK
5,60.3,31.6,28.1,65.7,0.805,1.48,4.04,11.33,8.75,31.0,Laterite,MODERATE_RISK
5,12.1,68.5,20.0,86.5,0.166,3.55,3.35,6.81,6.14,31.0,Laterite,MODERATE_RISK
1,24.9,33.7,,,0.405,1.41,1.96,5.18,3.99,35.0,Residual Soil,MODERATE_RISK
2,14.1,76.3,27.2,96.5,0.078,3.78,3.29,6.06,4.96,42.0,Colluvium,MODERATE_RISK
6,14.4,45.4,28.1,92.1,0.294,2.23,2.9,5.52,4.92,38.0,Sandy Loam,MODERATE_RISK
6,9.3,73.2,18.9,58.4,0.36,3.82,4.11,6.39,5.6,38.0,Sandy Loam,MODERATE_RISK
1,35.9,23.6,,,0.352,1.31,2.48,6.4,5.1,35.0,Residual Soil,MODERATE_RISK
4,68.8,50.6,28.2,87.1,0.267,2.33,2.92,9.91,7.67,48.0,Clay Loam,MODERATE_RISK
1,70.7,72.9,20.2,88.6,0.078,3.93,3.36,11.39,8.61,35.0,Residual Soil,HIGH_RISK
4,4.8,37.0,30.4,40.9,0.026,1.62,1.39,2.25,2.0,48.0,Clay Loam,SAFE
4,51.9,79.6,18.2,95.3,0.061,4.2,2.99,9.17,6.93,48.0,Clay Loam,MODERATE_RISK
3,33.4,67.3,21.5,85.1,0.219,3.25,3.62,8.06,6.9,28.0,Weathered Granite,MODERATE_RISK
6,7.3,64.1,25.9,84.5,0.04,3.24,2.61,5.12,4.13,38.0,Sandy Loam,MODERATE_RISK
5,1.7,46.5,20.6,44.7,0.098,2.37,2.07,3.58,3.34,31.0,Laterite,SAFE
4,7.8,56.2,25.1,53.5,0.125,2.85,2.49,4.66,4.48,48.0,Clay Loam,MODERATE_RISK
3,60.8,64.8,25.0,95.8,0.139,3.37,3.25,10.23,7.87,28.0,Weathered Granite,MODERATE_RISK
6,25.1,55.4,23.3,69.0,0.412,2.85,3.18,7.19,5.86,38.0,Sandy Loam,MODERATE_RISK
5,31.9,72.4,27.3,63.1,0.162,3.78,3.21,7.9,6.31,31.0,Laterite,MODERATE_RISK
4,7.4,52.5,23.1,88.7,0.231,2.72,2.85,5.93,4.89,48.0,Clay Loam,MODERATE_RISK
4,31.8,35.2,24.9,45.1,0.131,1.51,1.41,5.47,3.86,48.0,Clay Loam,MODERATE_RISK
1,0.7,36.0,28.6,64.2,0.269,1.85,2.39,3.87,3.54,35.0,Residual Soil,SAFE
1,11.8,20.4,27.2,61.8,0.046,0.91,0.69,1.76,1.54,35.0,Residual Soil,SAFE
6,24.6,42.6,27.1,60.3,0.035,1.91,2.11,5.32,4.57,38.0,Sandy Loam,MODERATE_RISK
5,3.9,76.2,19.4,57.8,0.391,3.75,4.38,5.92,5.35,31.0,Laterite,MODERATE_RISK
4,43.3,79.6,26.1,52.2,0.177,4.02,3.95,9.8,7.37,48.0,Clay Loam,MODERATE_RISK
6,6.7,35.2,20.5,50.0,0.167,1.81,1.77,2.66,2.81,38.0,Sandy Loam,SAFE
6,26.4,91.9,18.9,77.1,0.094,4.81,4.85,9.95,8.41,38.0,Sandy Loam,HIGH_RISK
2,13.0,57.7,23.7,93.3,0.071,3.15,2.6,5.93,4.88,42.0,Colluvium,MODERATE_RISK
1,22.7,88.8,20.4,69.5,0.122,4.51,3.76,6.73,6.02,35.0,Residual Soil,HIGH_RISK
5,2.8,73.0,27.2,57.3,0.019,3.75,3.27,5.1,4.66,31.0,Laterite,MODERATE_RISK
4,0.4,74.2,27.3,49.2,0.091,3.73,3.32,4.48,4.74,48.0,Clay Loam,MODERATE_RISK
6,60.1,26.4,16.4,88.1,0.091,1.47,1.2,5.74,4.14,38.0,Sandy Loam,MODERATE_RISK
4,7.9,36.5,20.7,96.3,0.116,1.92,2.54,4.39,3.81,48.0,Clay Loam,MODERATE_RISK
2,42.8,20.7,18.2,60.3,0.151,1.02,1.56,6.08,4.36,42.0,Colluvium,MODERATE_RISK
5,183.5,73.7,22.1,56.9,0.473,4.12,4.72,22.14,15.62,31.0,Laterite,HIGH_RISK
6,5.9,45.8,25.8,74.9,0.158,2.18,2.94,4.96,4.29,38.0,Sandy Loam,MODERATE_RISK
4,7.7,79.0,23.0,85.0,0.323,4.24,4.6,6.68,6.65,48.0,Clay Loam,MODERATE_RISK
1,27.2,45.4,21.6,66.4,0.122,2.0,1.96,5.18,4.11,35.0,Residual Soil,MODERATE_RISK
2,84.1,81.5,29.2,76.5,0.148,4.24,4.52,12.76,9.68,42.0,Colluvium,HIGH_RISK
5,61.9,29.8,14.8,81.6,0.011,1.78,1.65,6.71,4.93,31.0,Laterite,MODERATE_RISK
2,17.5,33.0,28.9,95.7,0.021,1.27,1.26,2.79,2.59,42.0,Colluvium,SAFE
1,39.6,45.6,21.8,49.6,0.13,2.31,2.12,6.87,5.39,35.0,Residual Soil,MODERATE_RISK
5,3.6,50.6,23.7,97.8,0.076,2.67,2.38,4.13,3.52,31.0,Laterite,MODERATE_RISK
2,94.8,46.2,21.9,62.7,0.241,2.36,2.49,11.48,7.91,42.0,Colluvium,HIGH_RISK
3,83.4,77.3,30.2,81.9,0.118,3.94,3.94,12.15,9.55,28.0,Weathered Granite,HIGH_RISK
1,4.5,27.3,19.1,73.2,0.321,1.39,1.59,2.55,2.0,35.0,Residual Soil,SAFE
1,8.9,46.3,24.0,68.2,0.538,2.1,3.7,5.58,5.27,35.0,Residual Soil,MODERATE_RISK
1,2.6,82.8,26.1,80.5,0.024,4.61,3.5,6.14,5.32,35.0,Residual Soil,HIGH_RISK
3,7.9,25.0,17.6,63.0,0.075,1.15,1.13,3.43,2.89,28.0,Weathered Granite,SAFE
3,42.3,90.7,20.3,47.3,0.164,4.62,4.1,9.81,7.73,28.0,Weathered Granite,HIGH_RISK
4,11.9,94.0,23.4,68.4,0.055,4.57,3.66,6.81,5.76,48.0,Clay Loam,HIGH_RISK
6,2.3,26.6,20.5,70.3,0.047,0.87,1.04,1.66,1.64,38.0,Sandy Loam,SAFE
2,10.5,41.8,20.7,51.7,0.252,1.91,2.28,3.45,3.37,42.0,Colluvium,SAFE
4,99.6,47.9,,,0.59,2.11,3.26,12.44,9.37,48.0,Clay Loam,HIGH_RISK
2,24.8,78.2,26.6,53.2,0.223,4.13,4.02,7.78,6.77,42.0,Colluvium,MODERATE_RISK
6,13.5,64.7,22.6,63.7,0.111,3.11,2.61,4.8,4.25,38.0,Sandy Loam,MODERATE_RISK
3,4.6,68.3,28.3,49.0,0.088,3.31,2.75,4.19,4.1,28.0,Weathered Granite,MODERATE_RISK
6,107.0,76.8,20.0,71.1,0.116,3.63,2.8,12.78,8.79,38.0,Sandy Loam,HIGH_RISK
3,43.0,28.8,19.0,57.8,0.093,1.46,1.31,4.98,3.47,28.0,Weathered Granite,MODERATE_RISK
6,8.3,82.5,31.7,68.4,0.105,3.98,3.65,7.22,5.9,38.0,Sandy Loam,HIGH_RISK
4,1.8,72.9,21.4,53.0,0.034,3.84,3.19,4.25,3.61,48.0,Clay Loam,MODERATE_RISK
5,1.5,63.3,18.8,43.1,0.351,3.23,4.18,6.83,6.36,31.0,Laterite,MODERATE_RISK
4,3.2,86.7,17.0,85.2,0.211,4.22,4.79,7.31,7.07,48.0,Clay Loam,HIGH_RISK
2,21.7,72.5,28.3,77.2,0.171,3.8,3.41,7.08,6.06,42.0,Colluvium,MODERATE_RISK
4,66.0,35.1,22.6,59.8,0.449,1.76,2.51,9.3,6.91,48.0,Clay Loam,MODERATE_RISK
1,17.2,52.2,23.0,42.8,0.05,2.61,2.58,5.32,4.5,35.0,Residual Soil,MODERATE_RISK
2,46.3,57.1,23.4,90.2,0.013,2.56,2.19,6.42,4.96,42.0,Colluvium,MODERATE_RISK
6,14.8,24.1,28.1,49.8,0.262,1.19,2.08,4.14,3.86,38.0,Sandy Loam,MODERATE_RISK
2,30.8,91.6,23.3,94.0,0.967,4.64,6.73,12.64,11.26,42.0,Colluvium,HIGH_RISK
5,32.9,29.6,33.4,67.8,0.13,1.75,1.73,5.28,3.92,31.0,Laterite,MODERATE_RISK
3,4.8,72.3,24.5,59.7,0.009,3.46,2.74,3.98,3.98,28.0,Weathered Granite,MODERATE_RISK
6,11.2,58.0,28.2,83.0,0.227,3.36,3.5,6.79,6.07,38.0,Sandy Loam,MODERATE_RISK
2,25.4,21.9,27.2,90.9,0.011,1.21,0.94,2.2,1.92,42.0,Colluvium,SAFE
6,1.8,89.4,23.9,61.5,0.116,4.17,4.05,6.09,5.76,38.0,Sandy Loam,HIGH_RISK
6,11.2,83.9,21.7,63.6,0.049,4.03,2.98,4.91,4.51,38.0,Sandy Loam,HIGH_RISK
6,19.1,59.3,25.3,65.1,0.37,3.25,4.07,7.72,6.37,38.0,Sandy Loam,MODERATE_RISK
3,139.5,37.2,26.0,93.5,0.09,2.11,1.4,13.77,8.65,28.0,Weathered Granite,HIGH_RISK
4,16.1,29.1,21.7,80.2,0.343,1.46,2.24,3.94,3.64,48.0,Clay Loam,SAFE
6,42.3,47.3,24.7,54.4,0.053,2.39,1.97,7.52,5.28,38.0,Sandy Loam,MODERATE_RISK
1,14.1,39.2,28.9,50.7,0.073,1.73,1.15,2.95,2.07,35.0,Residual Soil,SAFE
5,39.8,58.0,32.3,53.4,0.441,3.16,3.23,8.22,6.13,31.0,Laterite,MODERATE_RISK
3,22.6,92.5,27.4,55.3,0.034,4.43,3.32,6.07,5.21,28.0,Weathered Granite,HIGH_RISK
2,54.4,63.1,31.5,53.4,0.13,3.32,3.06,8.92,6.96,42.0,Colluvium,MODERATE_RISK
3,13.2,86.7,21.5,78.2,0.074,4.61,3.73,7.14,6.24,28.0,Weathered Granite,HIGH_RISK
2,23.2,68.8,26.8,46.7,0.223,3.45,3.12,6.64,5.71,42.0,Colluvium,MODERATE_RISK
3,24.9,55.6,29.4,62.5,0.021,2.97,2.84,6.32,5.13,28.0,Weathered Granite,MODERATE_RISK
2,13.5,84.1,20.4,76.3,0.086,4.57,3.54,6.36,5.61,42.0,Colluvium,HIGH_RISK
6,3.9,55.4,22.1,56.9,0.18,2.82,3.0,4.12,4.14,38.0,Sandy Loam,MODERATE_RISK
4,2.5,85.1,31.0,43.8,0.078,4.22,3.34,4.52,4.47,48.0,Clay Loam,HIGH_RISK
2,0.4,41.9,20.1,44.7,0.009,2.08,1.35,2.64,2.14,42.0,Colluvium,SAFE
2,51.7,29.7,18.6,47.3,0.183,1.34,1.44,6.74,4.82,42.0,Colluvium,MODERATE_RISK
1,6.7,84.1,30.1,88.5,0.105,4.05,3.74,6.66,5.47,35.0,Residual Soil,HIGH_RISK
2,5.9,64.1,28.8,78.2,0.002,3.29,2.23,3.41,3.16,42.0,Colluvium,MODERATE_RISK
1,33.3,86.7,25.7,43.7,0.142,4.3,3.95,8.51,6.96,35.0,Residual Soil,HIGH_RISK
5,9.6,90.3,23.8,62.7,0.379,4.58,4.51,8.15,7.45,31.0,Laterite,HIGH_RISK
6,17.6,24.0,22.2,56.2,0.018,0.9,0.54,1.6,1.03,38.0,Sandy Loam,SAFE
1,4.4,57.6,25.1,73.5,0.134,2.86,2.81,5.13,4.51,35.0,Residual Soil,MODERATE_RISK
4,80.3,48.1,30.3,70.3,0.196,2.61,3.33,11.13,8.26,48.0,Clay Loam,HIGH_RISK
6,47.7,66.9,25.0,67.9,0.011,3.12,2.26,6.78,5.09,38.0,Sandy Loam,MODERATE_RISK
1,49.8,79.5,32.7,58.2,0.003,3.98,3.41,9.08,7.23,35.0,Residual Soil,MODERATE_RISK
6,13.1,41.0,20.4,48.0,0.094,1.68,1.53,2.78,2.35,38.0,Sandy Loam,SAFE
6,35.9,61.8,23.9,83.1,0.235,2.83,2.83,6.17,5.49,38.0,Sandy Loam,MODERATE_RISK
6,3.9,73.2,22.5,91.0,0.026,3.82,3.46,5.54,4.66,38.0,Sandy Loam,MODERATE_RISK
5,0.2,30.1,19.7,94.8,0.272,1.44,1.71,2.85,2.69,31.0,Laterite,SAFE
4,0.5,81.1,23.4,43.4,0.16,4.42,3.67,6.15,5.51,48.0,Clay Loam,HIGH_RISK
3,22.1,65.5,25.7,82.9,0.061,3.36,3.01,6.59,5.45,28.0,Weathered Granite,MODERATE_RISK
3,15.2,91.2,26.1,82.1,0.109,4.67,4.54,9.01,7.74,28.0,Weathered Granite,HIGH_RISK
1,18.2,45.5,32.7,94.9,0.505,2.06,3.39,7.22,6.23,35.0,Residual Soil,MODERATE_RISK
6,0.2,28.1,25.9,54.7,0.037,1.33,0.75,1.51,1.33,38.0,Sandy Loam,SAFE
1,13.7,58.0,28.6,83.0,0.104,2.75,2.33,4.83,4.26,35.0,Residual Soil,MODERATE_RISK
5,31.7,26.4,24.3,43.2,0.147,1.11,1.62,5.58,4.17,31.0,Laterite,MODERATE_RISK
5,14.6,92.7,30.7,76.6,0.022,4.77,4.36,6.6,5.93,31.0,Laterite,HIGH_RISK
2,32.9,22.9,33.6,60.3,0.007,1.32,1.15,4.12,3.03,42.0,Colluvium,MODERATE_RISK
5,6.6,76.5,26.1,84.6,0.002,3.9,2.95,4.02,4.12,31.0,Laterite,MODERATE_RISK
2,41.9,59.4,20.0,90.1,0.059,2.8,2.91,8.05,6.2,42.0,Colluvium,MODERATE_RISK
4,22.2,47.6,21.8,61.2,0.012,2.45,1.97,4.36,3.38,48.0,Clay Loam,MODERATE_RISK
1,5.9,24.9,25.1,70.5,0.244,0.86,1.24,3.84,3.05,35.0,Residual Soil,SAFE
4,6.8,66.7,25.8,46.8,0.888,3.6,5.31,8.25,7.67,48.0,Clay Loam,MODERATE_RISK
5,24.7,63.9,26.8,64.2,0.009,2.94,2.02,5.06,3.89,31.0,Laterite,MODERATE_RISK
4,44.3,41.1,25.8,60.9,0.085,1.83,2.57,7.2,5.56,48.0,Clay Loam,MODERATE_RISK
4,13.4,88.3,24.0,50.6,0.004,4.44,3.99,6.81,6.04,48.0,Clay Loam,HIGH_RISK
4,7.5,42.8,21.5,91.9,0.022,2.18,1.61,2.39,2.24,48.0,Clay Loam,SAFE
5,50.4,53.7,25.6,48.6,0.058,2.67,2.83,7.64,6.13,31.0,Laterite,MODERATE_RISK
6,27.7,60.8,31.4,76.9,0.075,2.82,2.64,5.09,4.29,38.0,Sandy Loam,MODERATE_RISK
4,14.9,27.5,,,0.421,1.6,2.69,5.5,4.78,48.0,Clay Loam,MODERATE_RISK
2,16.7,89.9,26.1,92.9,0.076,4.16,3.34,6.13,5.24,42.0,Colluvium,HIGH_RISK
5,5.7,48.1,28.1,86.0,0.103,2.11,1.84,4.18,3.76,31.0,Laterite,MODERATE_RISK
4,24.6,26.1,22.5,50.2,0.042,1.28,1.14,3.06,2.74,48.0,Clay Loam,SAFE
6,11.1,49.0,22.0,87.4,0.0,2.2,1.17,3.38,2.44,38.0,Sandy Loam,SAFE
5,135.9,65.0,21.0,56.0,0.344,3.49,3.68,17.18,11.9,31.0,Laterite,HIGH_RISK
3,16.4,58.5,23.5,93.5,0.013,2.69,2.19,5.24,4.43,28.0,Weathered Granite,MODERATE_RISK
6,16.6,72.1,22.3,81.1,0.5,3.92,5.03,8.99,7.96,38.0,Sandy Loam,MODERATE_RISK
2,20.9,24.2,28.8,85.5,0.021,1.42,1.01,3.02,2.43,42.0,Colluvium,SAFE
4,62.1,41.3,22.1,44.9,0.139,2.31,2.51,9.37,6.75,48.0,Clay Loam,MODERATE_RISK
3,40.3,81.4,20.8,73.8,1.115,4.45,6.29,12.26,10.47,28.0,Weathered Granite,HIGH_RISK
3,15.0,26.0,31.8,87.6,0.022,1.32,1.47,3.54,2.79,28.0,Weathered Granite,SAFE
5,31.7,84.2,22.2,90.0,0.083,4.01,3.19,7.3,6.04,31.0,Laterite,HIGH_RISK
3,22.1,26.9,24.6,41.7,0.227,1.32,1.78,3.99,3.03,28.0,Weathered Granite,SAFE
2,16.9,82.6,25.8,94.5,0.005,4.02,3.35,6.52,5.57,42.0,Colluvium,HIGH_RISK
2,5.3,47.1,19.5,42.5,0.176,2.21,2.36,4.33,3.53,42.0,Colluvium,MODERATE_RISK
1,15.6,65.9,28.9,75.6,0.013,3.33,2.67,4.79,4.11,35.0,Residual Soil,MODERATE_RISK
2,7.1,31.5,26.5,80.2,0.04,1.51,0.96,2.24,1.8,42.0,Colluvium,SAFE
6,61.6,25.0,30.2,46.2,0.026,1.1,0.69,4.85,3.36,38.0,Sandy Loam,MODERATE_RISK
3,10.2,36.2,21.3,42.8,0.357,1.76,2.78,4.46,4.18,28.0,Weathered Granite,MODERATE_RISK
2,76.1,29.6,24.4,85.5,0.03,1.59,1.18,7.63,5.32,42.0,Colluvium,HIGH_RISK
5,19.0,43.4,24.2,62.3,0.006,2.36,1.88,4.52,3.36,31.0,Laterite,MODERATE_RISK
1,25.0,58.6,25.1,46.2,0.133,2.61,2.04,5.49,4.57,35.0,Residual Soil,MODERATE_RISK
3,19.6,64.2,18.2,84.2,0.064,3.15,2.97,6.06,4.99,28.0,Weathered Granite,MODERATE_RISK
1,3.5,79.2,24.4,89.3,0.078,3.93,2.98,5.03,4.39,35.0,Residual Soil,MODERATE_RISK
3,11.8,69.2,18.3,74.1,0.019,3.22,2.91,5.23,4.65,28.0,Weathered Granite,MODERATE_RISK
5,2.6,65.7,25.4,49.4,0.207,3.26,2.91,4.78,4.26,31.0,Laterite,MODERATE_RISK
1,24.4,50.9,15.5,40.9,0.138,2.57,2.77,6.28,5.23,35.0,Residual Soil,MODERATE_RISK
4,14.8,55.5,16.6,80.6,0.068,2.88,2.51,4.69,4.18,48.0,Clay Loam,MODERATE_RISK
6,37.6,51.1,27.3,71.9,0.028,2.57,1.97,5.79,4.31,38.0,Sandy Loam,MODERATE_RISK
6,6.2,83.2,21.8,77.7,0.135,3.98,4.07,6.9,6.14,38.0,Sandy Loam,HIGH_RISK
3,4.5,37.3,20.0,87.2,0.226,2.27,2.47,4.97,4.19,28.0,Weathered Granite,MODERATE_RISK
4,13.0,20.4,29.1,65.2,0.056,1.19,1.01,3.16,2.59,48.0,Clay Loam,SAFE
1,65.3,68.8,25.3,47.2,0.004,3.55,3.12,9.34,7.07,35.0,Residual Soil,MODERATE_RISK
4,31.0,35.2,27.5,94.5,0.036,1.96,1.23,3.76,2.77,48.0,Clay Loam,SAFE
4,13.6,86.8,23.3,71.6,0.172,4.39,3.27,5.73,4.87,48.0,Clay Loam,HIGH_RISK
1,18.2,84.4,34.7,75.7,0.678,4.48,5.97,10.46,9.08,35.0,Residual Soil,HIGH_RISK
5,2.2,25.8,21.6,94.1,0.002,1.3,0.8,1.4,0.97,31.0,Laterite,SAFE
4,104.3,28.0,31.0,94.0,0.055,1.4,1.54,11.27,7.39,48.0,Clay Loam,HIGH_RISK
4,27.4,57.1,23.8,73.2,0.01,2.98,2.43,6.48,5.42,48.0,Clay Loam,MODERATE_RISK
5,8.4,65.7,17.4,57.3,0.057,3.6,2.7,4.72,4.32,31.0,Laterite,MODERATE_RISK
4,22.0,40.6,25.9,97.8,0.078,2.33,2.28,5.07,4.44,48.0,Clay Loam,MODERATE_RISK
4,2.9,73.8,25.3,79.5,0.38,3.81,4.06,6.58,5.79,48.0,Clay Loam,MODERATE_RISK
4,84.4,64.6,19.8,63.7,0.013,3.33,2.38,10.85,7.31,48.0,Clay Loam,HIGH_RISK
6,4.8,44.4,20.3,72.5,0.225,2.36,2.25,4.04,3.61,38.0,Sandy Loam,MODERATE_RISK
2,26.1,21.9,23.9,64.1,0.076,1.29,0.74,2.98,2.53,42.0,Colluvium,SAFE
5,7.0,76.3,25.4,91.5,0.25,4.07,4.13,6.45,5.84,31.0,Laterite,MODERATE_RISK
4,31.6,36.1,14.1,68.0,0.108,1.76,1.45,4.15,3.24,48.0,Clay Loam,MODERATE_RISK
6,37.5,82.6,28.2,87.8,0.006,4.39,3.52,8.38,6.47,38.0,Sandy Loam,HIGH_RISK
5,28.0,51.5,22.0,88.7,0.438,2.64,3.37,7.61,6.26,31.0,Laterite,MODERATE_RISK
3,23.8,63.3,18.7,87.8,0.013,3.3,2.4,5.87,4.7,28.0,Weathered Granite,MODERATE_RISK
3,55.7,85.5,27.8,81.9,0.137,4.55,3.59,10.42,7.63,28.0,Weathered Granite,HIGH_RISK
4,2.0,84.8,23.9,89.6,0.315,4.39,5.22,8.73,7.64,48.0,Clay Loam,HIGH_RISK
6,10.0,47.9,28.9,62.5,0.012,2.58,2.09,3.25,2.77,38.0,Sandy Loam,SAFE
6,7.1,35.7,25.8,46.7,0.121,1.71,2.28,4.19,3.34,38.0,Sandy Loam,MODERATE_RISK
5,110.6,78.1,24.0,88.9,0.261,4.2,4.49,15.8,11.58,31.0,Laterite,HIGH_RISK
5,12.3,52.5,23.4,68.9,0.644,2.76,4.04,7.01,6.33,31.0,Laterite,MODERATE_RISK
6,33.0,34.4,25.9,47.4,0.193,1.75,2.03,5.27,4.05,38.0,Sandy Loam,MODERATE_RISK
5,28.9,87.8,22.3,46.7,0.049,4.61,3.88,8.85,7.48,31.0,Laterite,HIGH_RISK
6,6.0,34.9,20.6,49.2,0.18,2.26,2.9,4.54,4.1,38.0,Sandy Loam,MODERATE_RISK
2,6.8,21.9,26.4,83.6,0.184,0.86,1.49,1.68,1.82,42.0,Colluvium,SAFE
6,8.3,21.5,23.4,81.2,0.181,0.91,1.03,2.22,1.95,38.0,Sandy Loam,SAFE
3,13.2,66.7,24.1,51.8,0.289,3.87,4.07,7.04,6.57,28.0,Weathered Granite,MODERATE_RISK
5,6.7,69.6,28.4,89.1,0.014,3.57,3.14,6.17,5.13,31.0,Laterite,MODERATE_RISK
6,0.5,43.3,23.5,56.3,0.017,2.2,1.46,2.47,2.3,38.0,Sandy Loam,SAFE
6,52.9,44.0,24.1,86.0,0.154,2.18,2.35,7.6,5.55,38.0,Sandy Loam,MODERATE_RISK
5,84.2,45.5,21.6,68.4,0.461,2.52,3.8,12.34,9.65,31.0,Laterite,HIGH_RISK
2,10.4,71.0,,,0.094,4.07,3.28,5.65,4.82,42.0,Colluvium,MODERATE_RISK
2,10.3,24.4,25.4,62.1,0.485,1.09,2.11,5.1,4.19,42.0,Colluvium,MODERATE_RISK
5,0.2,89.7,27.6,60.1,0.417,4.47,5.18,8.12,7.77,31.0,Laterite,HIGH_RISK
1,28.5,36.7,21.7,88.8,0.35,1.76,2.35,5.1,4.0,35.0,Residual Soil,MODERATE_RISK
5,43.6,95.0,22.2,42.0,0.361,4.9,4.71,10.43,8.73,31.0,Laterite,HIGH_RISK
5,4.0,32.9,27.2,96.5,0.343,1.89,2.81,4.52,3.92,31.0,Laterite,MODERATE_RISK
2,4.3,77.9,,77.6,0.257,4.22,4.32,6.27,6.39,42.0,Colluvium,MODERATE_RISK
2,39.0,36.8,20.4,65.1,0.178,1.99,2.15,5.45,3.97,42.0,Colluvium,MODERATE_RISK
5,23.9,26.1,29.2,76.4,0.004,1.81,1.8,4.91,3.54,31.0,Laterite,MODERATE_RISK
5,1.1,85.6,17.2,47.1,0.021,4.17,3.76,5.33,4.85,31.0,Laterite,HIGH_RISK
5,24.4,84.4,27.1,69.8,0.022,4.05,3.28,7.5,5.92,31.0,Laterite,HIGH_RISK
2,9.2,50.3,18.9,97.1,0.004,2.81,2.85,5.02,4.54,42.0,Colluvium,MODERATE_RISK
5,11.5,72.7,31.5,53.6,0.019,3.66,3.46,5.87,5.61,31.0,Laterite,MODERATE_RISK
5,36.7,61.8,17.8,81.9,0.378,2.81,2.79,5.91,5.17,31.0,Laterite,MODERATE_RISK
4,41.6,84.0,28.6,65.2,0.164,4.14,3.49,9.17,7.29,48.0,Clay Loam,HIGH_RISK
1,12.8,43.6,23.7,77.8,0.056,2.23,1.28,3.09,2.5,35.0,Residual Soil,SAFE
3,73.5,59.3,22.5,51.9,0.237,2.84,2.89,9.99,7.32,28.0,Weathered Granite,HIGH_RISK
1,13.0,56.4,24.7,67.3,0.101,2.62,2.04,3.65,3.29,35.0,Residual Soil,MODERATE_RISK
4,36.9,46.5,26.5,96.8,0.023,2.28,1.65,6.23,4.52,48.0,Clay Loam,MODERATE_RISK
3,16.5,86.9,20.4,51.3,0.324,4.13,4.6,7.69,6.95,28.0,Weathered Granite,HIGH_RISK
5,57.0,32.4,20.7,76.9,0.062,1.75,1.06,5.97,3.96,31.0,Laterite,MODERATE_RISK
4,59.6,31.2,26.6,73.4,0.18,1.17,1.51,7.32,4.91,48.0,Clay Loam,MODERATE_RISK
5,2.3,63.3,17.2,72.8,0.051,3.18,2.73,5.0,4.37,31.0,Laterite,MODERATE_RISK
2,68.9,69.3,21.7,75.7,0.104,3.57,3.14,10.11,7.64,42.0,Colluvium,HIGH_RISK
6,43.7,34.6,36.2,69.1,0.254,1.71,2.17,6.38,4.79,38.0,Sandy Loam,MODERATE_RISK
4,39.2,49.3,20.1,41.0,0.026,2.68,1.55,5.41,3.87,48.0,Clay Loam,MODERATE_RISK
2,5.6,91.0,28.6,92.2,0.567,4.28,4.88,8.22,7.48,42.0,Colluvium,HIGH_RISK
4,40.9,38.5,21.7,88.0,0.011,1.78,1.92,6.72,5.08,48.0,Clay Loam,MODERATE_RISK
4,47.5,70.1,26.0,50.1,0.115,3.44,2.74,7.22,6.08,48.0,Clay Loam,MODERATE_RISK
2,8.5,75.5,26.6,64.0,0.372,3.92,4.75,7.86,7.37,42.0,Colluvium,MODERATE_RISK
3,76.0,53.6,28.5,84.7,0.437,2.72,3.06,9.95,7.26,28.0,Weathered Granite,HIGH_RISK
1,1.3,90.3,23.2,96.8,0.04,4.94,3.61,5.96,5.34,35.0,Residual Soil,HIGH_RISK
5,4.1,75.2,32.0,95.2,0.023,3.6,2.66,4.53,3.78,31.0,Laterite,MODERATE_RISK
4,19.3,54.3,21.6,92.2,0.193,2.44,2.87,5.39,4.3,48.0,Clay Loam,MODERATE_RISK
5,21.4,62.7,24.9,49.2,0.006,3.49,2.65,6.45,5.63,31.0,Laterite,MODERATE_RISK
6,25.9,71.9,25.0,93.0,0.1,3.31,3.05,6.81,5.91,38.0,Sandy Loam,MODERATE_RISK
2,0.4,64.4,19.5,90.9,0.239,3.36,3.43,5.29,4.76,42.0,Colluvium,MODERATE_RISK
5,80.7,85.9,22.9,61.9,0.123,4.1,3.63,11.81,9.15,31.0,Laterite,HIGH_RISK
2,1.1,46.8,24.6,62.9,0.031,1.93,2.02,3.11,3.15,42.0,Colluvium,SAFE
5,3.9,42.5,22.3,66.7,0.1,2.05,2.17,3.38,2.73,31.0,Laterite,SAFE
1,0.4,36.0,33.8,78.1,0.381,1.98,2.38,3.23,3.3,35.0,Residual Soil,SAFE
1,20.9,22.8,20.6,55.1,0.144,0.9,1.07,3.89,2.77,35.0,Residual Soil,SAFE
1,67.3,23.2,28.7,41.3,0.192,1.28,2.12,8.32,6.13,35.0,Residual Soil,MODERATE_RISK
1,27.4,85.3,27.4,48.2,0.061,4.42,3.81,7.64,7.09,35.0,Residual Soil,HIGH_RISK
1,43.2,70.9,23.9,65.5,0.031,3.29,2.27,6.8,5.53,35.0,Residual Soil,MODERATE_RISK
1,0.3,69.5,20.5,56.4,0.044,3.43,2.44,4.4,3.83,35.0,Residual Soil,MODERATE_RISK
2,19.5,66.1,20.9,84.3,0.114,3.62,3.51,7.39,6.47,42.0,Colluvium,MODERATE_RISK
4,15.4,83.7,21.9,46.2,0.049,4.32,3.81,6.75,5.57,48.0,Clay Loam,HIGH_RISK
5,17.3,56.0,16.9,93.2,0.117,2.75,2.27,5.4,4.48,31.0,Laterite,MODERATE_RISK
1,1.9,85.3,20.0,91.9,0.185,4.35,4.26,6.6,6.2,35.0,Residual Soil,HIGH_RISK
2,28.8,47.0,18.1,92.7,0.199,2.21,2.84,6.14,5.25,42.0,Colluvium,MODERATE_RISK
2,17.5,89.5,29.4,82.9,0.027,4.7,4.28,7.58,6.59,42.0,Colluvium,HIGH_RISK
2,36.2,72.4,26.5,46.2,0.208,3.84,4.18,9.85,8.08,42.0,Colluvium,MODERATE_RISK
4,16.6,39.3,27.1,65.4,0.168,1.99,2.26,5.76,4.76,48.0,Clay Loam,MODERATE_RISK
5,4.0,62.3,26.4,47.6,0.002,3.16,2.48,4.2,3.3,31.0,Laterite,MODERATE_RISK
4,26.1,60.0,24.7,97.3,0.009,2.8,2.15,5.03,4.03,48.0,Clay Loam,MODERATE_RISK
3,4.7,30.3,29.8,59.3,0.156,1.24,1.45,2.49,2.04,28.0,Weathered Granite,SAFE
2,51.5,64.3,21.6,73.9,0.073,3.14,2.47,7.44,5.83,42.0,Colluvium,MODERATE_RISK
3,23.7,43.6,24.4,85.2,0.024,2.16,1.69,4.12,3.59,28.0,Weathered Granite,MODERATE_RISK
6,4.3,23.9,27.0,93.4,0.007,1.41,1.53,2.28,2.01,38.0,Sandy Loam,SAFE
1,82.0,91.1,18.7,83.8,0.026,4.74,3.39,11.61,8.44,35.0,Residual Soil,HIGH_RISK
1,18.3,68.1,36.4,79.1,0.474,3.44,3.71,7.09,6.13,35.0,Residual Soil,MODERATE_RISK
4,1.9,85.8,24.1,67.0,0.195,4.53,4.46,6.77,6.06,48.0,Clay Loam,HIGH_RISK
5,24.6,70.7,24.6,75.1,0.113,3.35,2.91,6.22,5.14,31.0,Laterite,MODERATE_RISK
3,7.3,46.8,29.0,45.5,0.426,2.56,2.75,5.09,4.36,28.0,Weathered Granite,MODERATE_RISK
5,40.7,58.5,27.7,91.3,0.145,2.77,2.63,7.09,5.69,31.0,Laterite,MODERATE_RISK
4,42.6,70.7,24.2,71.5,0.194,3.78,3.54,8.64,7.02,48.0,Clay Loam,MODERATE_RISK
1,96.5,92.0,24.5,42.3,0.05,4.6,3.7,13.18,9.79,35.0,Residual Soil,HIGH_RISK
5,17.4,39.0,18.0,93.4,0.133,1.55,1.84,4.92,4.2,31.0,Laterite,MODERATE_RISK
5,15.2,85.6,21.8,68.4,0.023,4.43,3.21,5.79,5.13,31.0,Laterite,HIGH_RISK
1,35.0,89.3,26.1,90.4,0.078,4.63,3.94,9.01,7.29,35.0,Residual Soil,HIGH_RISK
3,3.6,70.3,25.8,89.7,0.005,3.42,2.69,3.95,3.66,28.0,Weathered Granite,MODERATE_RISK
1,19.8,89.8,28.9,87.3,0.037,4.42,3.66,7.25,6.03,35.0,Residual Soil,HIGH_RISK
5,19.8,49.8,23.5,43.6,0.012,2.46,1.48,4.08,2.98,31.0,Laterite,MODERATE_RISK
3,2.3,91.5,18.5,54.3,0.074,4.19,3.42,5.86,4.95,28.0,Weathered Granite,HIGH_RISK
3,13.5,72.7,28.2,90.8,0.278,3.16,3.37,5.94,5.48,28.0,Weathered Granite,MODERATE_RISK
1,48.0,23.2,29.7,92.1,0.071,1.42,1.51,5.55,3.94,35.0,Residual Soil,MODERATE_RISK
5,48.5,88.0,27.6,66.6,0.267,4.24,4.75,10.61,8.8,31.0,Laterite,HIGH_RISK
4,2.6,56.3,23.3,65.5,0.16,3.19,3.27,5.6,4.94,48.0,Clay Loam,MODERATE_RISK
5,2.4,54.5,28.2,50.2,0.107,3.0,2.86,5.52,4.74,31.0,Laterite,MODERATE_RISK
2,7.6,62.5,37.7,96.2,0.041,3.44,3.26,5.92,5.41,42.0,Colluvium,MODERATE_RISK
6,51.9,31.2,24.5,52.4,0.383,1.43,2.2,6.82,5.23,38.0,Sandy Loam,MODERATE_RISK
4,3.5,55.2,18.8,51.1,0.008,2.44,2.44,4.34,3.64,48.0,Clay Loam,MODERATE_RISK
3,31.8,82.3,21.7,78.3,0.175,3.9,3.98,8.04,6.7,28.0,Weathered Granite,HIGH_RISK
4,2.7,21.2,26.5,54.1,0.146,0.97,1.08,1.66,1.71,48.0,Clay Loam,SAFE
3,24.4,40.5,17.6,94.4,0.087,1.55,2.08,5.17,4.24,28.0,Weathered Granite,MODERATE_RISK
3,11.0,20.2,24.7,40.6,0.041,0.91,0.99,2.54,2.2,28.0,Weathered Granite,SAFE
4,38.9,51.2,25.5,40.3,0.085,2.52,2.93,7.54,5.94,48.0,Clay Loam,MODERATE_RISK
3,6.7,74.6,30.1,69.3,0.309,3.47,3.79,5.92,5.17,28.0,Weathered Granite,MODERATE_RISK
3,25.5,79.9,29.2,68.3,0.272,3.79,3.68,8.09,6.8,28.0,Weathered Granite,MODERATE_RISK
2,6.7,90.9,27.5,49.5,0.426,4.5,4.65,7.25,6.73,42.0,Colluvium,HIGH_RISK
5,31.3,65.6,15.3,68.7,0.055,3.35,2.74,7.24,5.77,31.0,Laterite,MODERATE_RISK
5,51.7,39.1,27.7,63.9,0.073,1.78,1.47,5.66,3.85,31.0,Laterite,MODERATE_RISK
6,3.4,89.3,26.8,91.6,0.003,4.52,4.01,6.39,5.71,38.0,Sandy Loam,HIGH_RISK
6,50.4,78.1,25.0,40.5,0.43,3.93,4.43,10.06,8.06,38.0,Sandy Loam,HIGH_RISK
2,22.5,63.1,17.1,96.6,0.06,3.16,2.22,4.71,4.02,42.0,Colluvium,MODERATE_RISK
6,3.4,72.2,20.9,76.2,0.078,3.48,3.08,4.64,4.41,38.0,Sandy Loam,MODERATE_RISK
4,13.9,89.3,19.3,48.8,0.358,4.2,4.47,8.58,7.37,48.0,Clay Loam,HIGH_RISK
1,4.4,73.4,15.9,42.7,0.112,4.01,3.4,6.11,5.56,35.0,Residual Soil,MODERATE_RISK
1,30.1,47.6,24.0,71.2,0.125,2.51,2.46,6.54,5.45,35.0,Residual Soil,MODERATE_RISK
1,35.6,73.5,20.8,53.6,0.029,3.88,3.18,7.63,6.24,35.0,Residual Soil,MODERATE_RISK
2,2.8,23.0,34.5,57.5,0.104,1.13,1.41,2.43,2.3,42.0,Colluvium,SAFE
2,17.6,49.0,23.3,54.2,0.376,2.42,3.24,6.9,5.65,42.0,Colluvium,MODERATE_RISK
3,42.1,50.5,29.2,77.7,0.123,2.62,2.57,7.57,5.68,28.0,Weathered Granite,MODERATE_RISK
1,68.8,32.5,17.7,72.1,0.044,1.26,0.75,6.64,4.56,35.0,Residual Soil,MODERATE_RISK
4,18.0,21.7,21.9,44.5,0.005,0.86,1.34,4.19,3.01,48.0,Clay Loam,MODERATE_RISK
6,75.0,30.0,24.4,70.5,0.061,1.34,0.79,7.59,5.09,38.0,Sandy Loam,HIGH_RISK
4,19.2,69.1,20.4,85.9,0.128,3.36,3.03,6.2,5.58,48.0,Clay Loam,MODERATE_RISK
6,12.5,80.2,22.3,44.7,0.007,3.83,2.76,4.91,4.46,38.0,Sandy Loam,HIGH_RISK
1,47.1,94.1,23.1,91.6,0.141,4.77,4.36,10.03,8.18,35.0,Residual Soil,HIGH_RISK
1,17.0,46.0,23.1,73.5,0.111,2.32,2.23,4.54,3.57,35.0,Residual Soil,MODERATE_RISK
1,16.0,65.0,31.4,95.1,0.229,3.53,3.46,6.7,5.78,35.0,Residual Soil,MODERATE_RISK
2,16.8,90.3,25.5,48.6,0.004,5.01,4.48,8.48,7.53,42.0,Colluvium,HIGH_RISK
6,46.9,32.5,25.9,97.6,0.228,1.37,2.11,6.19,4.73,38.0,Sandy Loam,MODERATE_RISK
2,44.6,73.8,26.2,77.4,0.11,3.72,3.21,7.41,6.26,42.0,Colluvium,MODERATE_RISK
2,12.9,76.6,26.5,72.9,0.069,3.86,3.54,5.87,5.37,42.0,Colluvium,MODERATE_RISK
5,10.1,26.7,23.7,69.9,0.505,1.33,3.05,5.18,4.69,31.0,Laterite,MODERATE_RISK
4,16.9,84.6,22.7,41.4,0.026,4.01,3.62,7.38,6.17,48.0,Clay Loam,HIGH_RISK
4,21.3,81.0,24.7,94.5,0.117,3.87,3.41,6.68,5.42,48.0,Clay Loam,HIGH_RISK
3,6.8,22.5,28.6,77.4,0.058,1.17,0.63,1.62,1.2,28.0,Weathered Granite,SAFE
2,39.5,26.8,28.5,45.3,0.112,1.15,1.35,5.39,3.82,42.0,Colluvium,MODERATE_RISK
6,16.7,23.7,23.0,41.2,0.121,1.22,1.54,3.13,2.76,38.0,Sandy Loam,SAFE
5,10.2,45.1,27.1,42.9,0.014,2.21,1.58,3.92,3.14,31.0,Laterite,SAFE
5,2.8,58.2,23.2,75.3,0.162,2.94,2.84,4.15,4.13,31.0,Laterite,MODERATE_RISK
4,6.8,59.9,24.1,75.6,0.151,2.8,2.67,5.33,4.59,48.0,Clay Loam,MODERATE_RISK
2,74.5,40.1,22.1,69.0,0.22,2.04,2.71,9.96,7.23,42.0,Colluvium,HIGH_RISK
3,9.1,88.4,23.3,57.8,0.014,4.24,3.99,6.54,5.76,28.0,Weathered Granite,HIGH_RISK
2,4.6,47.6,29.4,70.8,0.053,2.41,2.44,3.47,3.18,42.0,Colluvium,SAFE
1,15.4,23.4,24.4,69.9,0.158,1.44,1.6,3.73,3.07,35.0,Residual Soil,SAFE
2,9.2,42.5,24.5,41.1,0.022,2.18,2.15,5.09,4.05,42.0,Colluvium,MODERATE_RISK
1,0.9,59.8,18.2,56.4,0.17,3.05,3.14,4.99,4.35,35.0,Residual Soil,MODERATE_RISK
1,9.8,50.6,22.8,43.1,0.009,2.69,2.16,4.16,3.78,35.0,Residual Soil,MODERATE_RISK
3,19.6,40.5,23.0,92.2,0.061,1.74,2.2,4.53,3.85,28.0,Weathered Granite,MODERATE_RISK
6,20.1,29.8,20.7,82.1,0.281,1.83,2.09,5.04,4.12,38.0,Sandy Loam,MODERATE_RISK
4,11.0,81.4,24.1,97.8,0.223,3.86,3.94,6.87,5.93,48.0,Clay Loam,HIGH_RISK
2,14.8,94.7,22.3,57.5,0.155,4.91,4.64,8.11,6.98,42.0,Colluvium,HIGH_RISK
1,84.2,44.7,24.3,91.0,0.307,2.38,2.74,11.09,7.99,35.0,Residual Soil,HIGH_RISK
2,11.8,48.6,24.5,75.0,0.185,2.25,2.52,3.82,3.15,42.0,Colluvium,SAFE
6,7.5,66.4,20.2,66.3,0.11,3.52,3.43,5.69,5.28,38.0,Sandy Loam,MODERATE_RISK
4,7.0,73.9,22.4,52.9,0.585,3.79,4.86,7.25,6.64,48.0,Clay Loam,MODERATE_RISK
6,15.3,49.4,24.3,82.8,0.178,2.85,2.96,5.68,4.83,38.0,Sandy Loam,MODERATE_RISK
4,35.6,87.9,28.7,92.4,0.138,4.43,3.99,8.47,7.16,48.0,Clay Loam,HIGH_RISK
5,5.8,62.0,25.0,53.6,0.079,3.08,2.94,4.55,4.16,31.0,Laterite,MODERATE_RISK
4,30.9,53.8,21.4,50.2,0.349,2.59,3.05,6.38,5.12,48.0,Clay Loam,MODERATE_RISK
3,0.5,68.5,25.6,80.4,0.053,3.08,2.53,4.39,4.2,28.0,Weathered Granite,MODERATE_RISK
6,13.6,91.5,30.8,96.7,0.001,4.51,3.62,6.18,5.21,38.0,Sandy Loam,HIGH_RISK
1,37.4,79.6,27.7,83.5,0.033,3.92,3.59,8.06,6.18,35.0,Residual Soil,MODERATE_RISK
5,10.3,23.0,26.2,56.5,0.017,1.2,0.49,2.32,1.81,31.0,Laterite,SAFE
3,20.7,44.9,26.9,64.4,0.058,1.96,1.47,4.14,2.93,28.0,Weathered Granite,MODERATE_RISK
2,5.7,55.3,29.8,62.3,0.262,2.72,3.64,4.9,5.01,42.0,Colluvium,MODERATE_RISK
6,33.9,43.6,28.3,89.4,0.158,2.3,2.4,7.0,5.48,38.0,Sandy Loam,MODERATE_RISK
1,1.3,72.5,26.3,84.7,0.028,3.76,2.97,5.38,4.77,35.0,Residual Soil,MODERATE_RISK
4,47.9,82.0,28.3,74.2,0.233,3.73,3.92,10.49,8.14,48.0,Clay Loam,HIGH_RISK
1,5.5,74.9,19.7,55.9,0.105,3.89,3.19,5.56,4.77,35.0,Residual Soil,MODERATE_RISK
2,51.9,94.2,18.0,94.4,0.108,4.66,3.42,8.73,6.87,42.0,Colluvium,HIGH_RISK
5,10.9,40.4,24.6,77.9,0.067,1.98,1.89,3.68,2.98,31.0,Laterite,SAFE
5,32.1,85.6,24.3,96.3,0.3,3.81,3.73,7.44,6.57,31.0,Laterite,HIGH_RISK
6,9.6,77.5,21.8,73.6,0.057,4.17,3.54,5.64,5.01,38.0,Sandy Loam,MODERATE_RISK
5,59.1,47.2,27.3,87.6,0.015,2.4,2.06,7.26,5.49,31.0,Laterite,MODERATE_RISK
6,3.4,75.1,16.5,87.2,0.054,3.45,2.96,4.4,4.32,38.0,Sandy Loam,MODERATE_RISK
6,4.9,27.8,21.9,59.6,0.188,1.47,1.23,2.32,1.83,38.0,Sandy Loam,SAFE
6,17.0,79.2,22.1,95.9,0.161,4.03,3.71,6.7,5.95,38.0,Sandy Loam,MODERATE_RISK
4,2.1,59.9,17.5,41.3,0.031,3.24,2.82,4.15,3.72,48.0,Clay Loam,MODERATE_RISK
3,5.5,41.9,30.0,84.6,0.018,2.03,1.26,2.18,1.9,28.0,Weathered Granite,SAFE
6,72.0,69.2,18.6,96.0,0.162,3.46,2.8,10.71,7.73,38.0,Sandy Loam,HIGH_RISK
6,93.8,68.1,21.6,59.7,0.169,3.28,2.81,12.8,8.95,38.0,Sandy Loam,HIGH_RISK
3,11.8,35.7,27.6,77.6,0.068,1.9,1.95,3.64,3.19,28.0,Weathered Granite,SAFE
1,64.2,22.3,26.6,72.6,0.278,0.96,1.0,6.8,4.34,35.0,Residual Soil,MODERATE_RISK
6,19.7,52.5,19.6,84.2,0.574,2.45,3.93,7.05,6.38,38.0,Sandy Loam,MODERATE_RISK
4,7.9,62.7,26.7,90.2,0.035,3.12,2.72,5.1,4.2,48.0,Clay Loam,MODERATE_RISK
5,30.3,85.7,25.2,75.0,0.129,4.04,3.54,7.5,6.02,31.0,Laterite,HIGH_RISK
5,26.9,89.6,33.3,87.3,0.001,4.8,3.4,6.9,5.79,31.0,Laterite,HIGH_RISK
2,113.0,59.7,25.6,58.1,0.187,3.37,3.02,14.57,10.18,42.0,Colluvium,HIGH_RISK
2,7.7,76.5,23.4,53.3,0.08,3.73,3.46,5.13,4.88,42.0,Colluvium,MODERATE_RISK
5,27.9,52.9,20.6,65.0,0.032,2.37,2.37,4.56,3.94,31.0,Laterite,MODERATE_RISK
5,1.3,76.0,21.0,79.3,0.209,3.87,3.41,5.59,4.73,31.0,Laterite,MODERATE_RISK
4,3.0,35.4,20.7,50.9,0.25,1.67,2.43,3.7,3.63,48.0,Clay Loam,SAFE
3,0.1,47.8,29.5,79.5,0.018,2.62,2.36,3.23,3.06,28.0,Weathered Granite,SAFE
2,188.1,67.6,24.1,62.9,0.006,3.22,2.59,20.3,13.52,42.0,Colluvium,HIGH_RISK
3,40.5,21.4,26.3,86.1,0.061,1.18,0.91,4.97,3.88,28.0,Weathered Granite,MODERATE_RISK
4,38.6,74.2,30.1,42.1,0.148,3.73,3.25,7.93,6.64,48.0,Clay Loam,MODERATE_RISK
5,17.8,82.7,14.6,78.7,0.237,4.0,4.46,7.76,6.93,31.0,Laterite,HIGH_RISK
6,8.9,49.9,29.1,77.7,0.118,2.54,2.44,4.59,3.7,38.0,Sandy Loam,MODERATE_RISK
3,4.1,53.6,24.2,94.6,0.13,2.86,3.08,4.08,3.72,28.0,Weathered Granite,MODERATE_RISK
5,8.4,83.8,25.7,81.4,0.241,4.21,4.16,6.65,6.3,31.0,Laterite,HIGH_RISK
5,11.8,78.2,20.7,86.2,0.113,3.93,3.35,5.95,5.16,31.0,Laterite,MODERATE_RISK
1,35.3,41.6,21.0,92.5,0.142,1.91,2.13,6.13,4.71,35.0,Residual Soil,MODERATE_RISK
3,19.4,44.3,26.0,79.2,0.109,2.44,2.93,5.88,4.76,28.0,Weathered Granite,MODERATE_RISK
6,2.0,70.9,33.5,56.8,0.319,3.75,3.76,5.45,5.24,38.0,Sandy Loam,MODERATE_RISK
3,0.5,62.2,28.0,90.4,0.04,3.03,2.82,4.73,4.48,28.0,Weathered Granite,MODERATE_RISK
5,2.7,32.2,29.1,83.4,0.046,1.59,1.47,1.6,2.0,31.0,Laterite,SAFE
6,13.2,43.2,23.2,64.6,0.021,2.44,1.58,3.29,2.67,38.0,Sandy Loam,SAFE
4,67.6,87.5,21.6,81.2,0.257,4.15,3.65,10.62,8.33,48.0,Clay Loam,HIGH_RISK
1,25.4,71.6,20.9,90.3,0.08,3.7,3.06,7.13,5.79,35.0,Residual Soil,MODERATE_RISK
5,40.5,93.9,22.0,96.6,0.064,4.58,3.96,8.95,7.53,31.0,Laterite,HIGH_RISK
2,15.7,77.5,15.8,95.2,0.597,4.23,5.44,9.63,8.5,42.0,Colluvium,MODERATE_RISK
2,11.2,90.6,21.1,58.9,0.392,4.54,4.34,7.57,6.55,42.0,Colluvium,HIGH_RISK
1,2.9,36.2,21.8,64.5,0.536,2.06,3.45,4.49,4.68,35.0,Residual Soil,MODERATE_RISK
4,52.2,77.9,23.3,46.4,0.023,3.74,3.03,8.69,6.75,48.0,Clay Loam,MODERATE_RISK
5,38.2,21.5,24.5,54.4,0.333,0.83,1.66,4.67,3.56,31.0,Laterite,MODERATE_RISK
3,4.6,70.3,25.4,91.2,0.06,3.47,3.13,5.24,4.74,28.0,Weathered Granite,MODERATE_RISK
1,17.9,55.2,23.9,60.9,0.002,2.81,2.78,5.24,4.39,35.0,Residual Soil,MODERATE_RISK
4,16.7,46.0,21.7,76.0,0.074,2.2,2.07,5.03,4.14,48.0,Clay Loam,MODERATE_RISK
3,24.5,84.7,16.1,78.6,0.107,4.39,3.43,7.01,5.88,28.0,Weathered Granite,HIGH_RISK
2,73.1,84.1,21.7,85.3,0.017,4.16,3.32,10.44,7.77,42.0,Colluvium,HIGH_RISK
2,21.7,21.7,20.1,50.6,0.116,0.67,1.14,4.05,3.48,42.0,Colluvium,MODERATE_RISK
3,19.4,65.7,25.9,57.7,0.257,3.4,3.76,6.76,5.73,28.0,Weathered Granite,MODERATE_RISK
1,1.3,47.6,27.6,66.0,0.071,2.2,2.17,3.81,3.44,35.0,Residual Soil,SAFE
2,1.6,51.2,27.8,61.2,0.065,2.49,2.03,3.41,3.07,42.0,Colluvium,SAFE
5,5.2,82.4,27.0,97.0,0.062,4.43,3.32,5.21,4.58,31.0,Laterite,HIGH_RISK
6,0.8,43.2,23.5,88.4,0.385,2.51,3.34,4.41,4.25,38.0,Sandy Loam,MODERATE_RISK
3,34.0,90.7,21.9,67.8,0.007,4.42,3.19,8.13,6.2,28.0,Weathered Granite,HIGH_RISK
3,32.1,33.5,21.0,91.0,0.088,1.79,1.9,5.67,4.77,28.0,Weathered Granite,MODERATE_RISK
2,3.7,69.7,18.0,60.2,0.046,3.37,3.04,4.47,4.15,42.0,Colluvium,MODERATE_RISK
1,45.2,70.4,28.0,85.6,0.336,3.46,3.64,9.2,7.3,35.0,Residual Soil,MODERATE_RISK
5,4.2,38.9,23.3,53.0,0.015,1.82,1.47,3.04,2.95,31.0,Laterite,SAFE
1,9.0,44.4,19.0,84.8,0.08,1.88,1.8,3.48,2.82,35.0,Residual Soil,SAFE
4,7.2,82.6,20.7,66.5,0.078,4.15,3.37,5.75,5.39,48.0,Clay Loam,HIGH_RISK
4,11.6,77.1,20.5,46.2,0.329,3.91,3.7,6.99,6.16,48.0,Clay Loam,MODERATE_RISK
6,7.3,44.7,24.2,55.8,0.036,2.1,1.78,4.02,2.91,38.0,Sandy Loam,MODERATE_RISK
2,16.8,60.0,28.3,63.3,0.155,3.22,3.06,5.87,4.98,42.0,Colluvium,MODERATE_RISK
2,13.1,24.6,22.6,83.5,0.022,1.14,1.39,2.46,2.26,42.0,Colluvium,SAFE
2,107.8,35.7,15.0,44.2,0.462,1.66,2.48,11.69,8.26,42.0,Colluvium,HIGH_RISK
6,1.4,56.4,23.2,78.3,0.135,2.93,3.07,4.37,4.16,38.0,Sandy Loam,MODERATE_RISK
4,3.8,26.4,23.4,81.5,0.148,1.01,0.91,1.2,1.05,48.0,Clay Loam,SAFE
1,1.4,83.2,23.1,77.9,0.085,4.34,3.32,4.25,4.07,35.0,Residual Soil,HIGH_RISK
6,24.6,73.9,21.5,84.1,0.063,3.61,2.99,7.38,5.86,38.0,Sandy Loam,MODERATE_RISK
6,1.4,90.8,24.9,50.3,0.036,4.74,3.62,5.81,5.69,38.0,Sandy Loam,HIGH_RISK
1,45.3,72.0,24.3,74.1,0.139,3.86,3.1,8.01,6.17,35.0,Residual Soil,MODERATE_RISK
2,17.9,90.5,23.9,94.6,0.464,4.65,5.7,9.97,8.74,42.0,Colluvium,HIGH_RISK
5,18.7,61.6,25.7,75.4,0.067,2.92,2.4,4.2,3.73,31.0,Laterite,MODERATE_RISK
1,20.6,65.0,22.3,75.5,0.322,3.0,4.06,8.32,6.73,35.0,Residual Soil,MODERATE_RISK
4,4.7,93.3,22.1,82.7,0.024,4.38,3.28,4.32,4.32,48.0,Clay Loam,HIGH_RISK
3,5.5,68.2,29.5,59.3,0.413,3.63,3.63,6.14,5.24,28.0,Weathered Granite,MODERATE_RISK
3,9.6,22.3,26.2,80.6,0.065,1.09,1.45,2.02,1.72,28.0,Weathered Granite,SAFE
6,22.5,74.3,27.3,93.1,0.072,3.6,2.88,5.91,4.76,38.0,Sandy Loam,MODERATE_RISK
3,5.9,87.9,28.9,40.6,0.093,4.37,3.82,6.82,5.67,28.0,Weathered Granite,HIGH_RISK
5,3.1,79.7,26.1,90.5,0.19,4.2,3.52,4.71,4.84,31.0,Laterite,MODERATE_RISK
2,87.8,63.8,27.7,52.7,0.191,3.35,3.24,11.81,8.81,42.0,Colluvium,HIGH_RISK
4,0.6,70.3,17.7,66.4,0.098,3.6,2.76,4.5,4.26,48.0,Clay Loam,MODERATE_RISK
5,40.6,94.3,24.8,89.4,0.111,4.84,4.18,9.75,8.11,31.0,Laterite,HIGH_RISK
4,38.8,26.8,23.3,87.8,0.005,1.38,0.98,4.61,3.22,48.0,Clay Loam,MODERATE_RISK
4,8.8,70.0,30.7,91.7,0.054,3.56,3.08,5.57,4.88,48.0,Clay Loam,MODERATE_RISK
2,3.6,41.3,27.7,94.5,0.064,2.11,2.07,3.09,3.09,42.0,Colluvium,SAFE
6,3.9,68.0,21.5,65.9,0.123,3.4,3.16,6.02,5.52,38.0,Sandy Loam,MODERATE_RISK
3,29.9,65.6,25.5,78.1,0.123,3.43,3.25,6.46,5.25,28.0,Weathered Granite,MODERATE_RISK
2,25.7,31.5,24.7,62.6,0.186,1.65,1.85,5.41,4.67,42.0,Colluvium,MODERATE_RISK
5,38.2,35.5,25.8,60.3,0.189,1.6,1.72,5.73,4.03,31.0,Laterite,MODERATE_RISK
6,69.3,66.6,19.9,65.0,0.04,3.44,3.01,10.37,7.63,38.0,Sandy Loam,MODERATE_RISK
5,29.4,29.6,25.4,83.1,0.221,1.53,1.85,5.52,4.25,31.0,Laterite,MODERATE_RISK
6,4.2,39.9,23.1,69.1,0.003,2.12,1.68,3.13,2.75,38.0,Sandy Loam,SAFE
5,7.0,82.6,25.1,87.2,0.189,4.11,3.97,6.11,6.04,31.0,Laterite,HIGH_RISK
2,46.2,44.5,21.1,83.2,0.016,2.39,1.65,6.03,4.65,42.0,Colluvium,MODERATE_RISK
6,5.9,56.6,21.7,41.2,0.196,2.82,3.27,4.65,4.51,38.0,Sandy Loam,MODERATE_RISK
6,1.9,90.6,28.7,76.6,0.112,4.67,4.0,6.0,5.81,38.0,Sandy Loam,HIGH_RISK
4,30.4,37.0,19.8,65.3,0.086,1.76,1.7,5.14,4.0,48.0,Clay Loam,MODERATE_RISK
4,12.9,49.2,20.1,66.5,0.176,2.38,2.42,4.97,4.06,48.0,Clay Loam,MODERATE_RISK
1,63.2,65.5,23.8,87.5,0.006,3.4,2.93,9.65,7.35,35.0,Residual Soil,MODERATE_RISK
5,26.3,76.7,20.9,71.8,0.038,3.77,3.23,6.07,5.27,31.0,Laterite,MODERATE_RISK
4,2.4,87.6,20.5,91.4,0.144,4.82,4.27,6.32,5.76,48.0,Clay Loam,HIGH_RISK
1,73.8,88.7,24.4,81.3,0.282,4.55,4.92,12.95,10.48,35.0,Residual Soil,HIGH_RISK
4,7.5,78.2,18.0,72.1,0.072,3.91,2.38,3.51,3.29,48.0,Clay Loam,MODERATE_RISK
5,10.3,37.1,20.0,83.8,0.045,2.02,2.12,3.59,2.99,31.0,Laterite,SAFE
6,12.9,21.9,32.2,42.2,0.11,1.0,1.41,3.15,2.4,38.0,Sandy Loam,SAFE
3,1.3,48.8,25.8,41.6,0.146,2.62,1.98,3.78,3.36,28.0,Weathered Granite,SAFE
5,17.2,30.6,21.0,44.8,0.082,1.71,1.89,3.73,3.39,31.0,Laterite,SAFE
2,3.3,73.3,25.7,65.4,0.314,3.92,4.4,6.3,6.08,42.0,Colluvium,MODERATE_RISK
4,12.8,69.6,26.3,53.7,0.111,3.39,3.21,5.54,5.03,48.0,Clay Loam,MODERATE_RISK
4,10.8,23.3,28.0,97.1,0.005,0.92,0.28,1.45,0.85,48.0,Clay Loam,SAFE
6,37.1,82.7,23.5,71.5,0.038,4.01,3.53,8.87,7.11,38.0,Sandy Loam,HIGH_RISK
2,40.6,38.7,27.9,78.4,0.09,1.88,2.08,6.32,4.77,42.0,Colluvium,MODERATE_RISK
6,4.2,52.4,15.8,56.2,0.179,2.95,2.73,3.71,3.55,38.0,Sandy Loam,SAFE
2,11.4,70.1,19.8,58.7,0.037,3.94,3.4,5.4,4.92,42.0,Colluvium,MODERATE_RISK
3,11.7,52.2,24.7,59.5,0.561,2.68,3.72,6.61,5.69,28.0,Weathered Granite,MODERATE_RISK
4,4.1,53.1,25.3,80.5,0.058,2.66,2.57,4.68,4.24,48.0,Clay Loam,MODERATE_RISK
4,40.0,24.9,20.4,67.5,0.114,1.18,1.19,5.89,3.93,48.0,Clay Loam,MODERATE_RISK
3,30.7,50.1,25.0,70.0,0.003,2.67,1.97,4.82,3.62,28.0,Weathered Granite,MODERATE_RISK
1,5.3,77.4,21.5,74.3,0.324,4.31,4.41,7.11,6.31,35.0,Residual Soil,MODERATE_RISK
6,11.4,88.6,22.9,84.6,0.233,4.79,4.13,6.59,6.2,38.0,Sandy Loam,HIGH_RISK
3,2.8,51.0,28.1,45.2,0.033,2.78,2.28,3.19,3.12,28.0,Weathered Granite,SAFE
6,24.7,51.8,27.6,85.1,0.406,2.81,3.57,6.84,5.53,38.0,Sandy Loam,MODERATE_RISK
5,3.2,72.7,20.0,72.7,0.057,3.8,3.47,5.29,5.03,31.0,Laterite,MODERATE_RISK
4,106.6,90.7,19.8,78.8,0.177,4.53,4.23,14.43,10.76,48.0,Clay Loam,HIGH_RISK
6,37.9,40.0,22.4,59.0,0.256,1.85,1.82,7.0,5.03,38.0,Sandy Loam,MODERATE_RISK
2,12.4,53.0,23.9,63.7,0.203,2.65,3.13,5.46,4.79,42.0,Colluvium,MODERATE_RISK
6,21.6,79.7,21.4,53.4,0.374,4.07,4.81,9.44,7.8,38.0,Sandy Loam,MODERATE_RISK
5,60.6,65.7,28.2,96.8,0.3,2.99,3.33,9.51,7.41,31.0,Laterite,MODERATE_RISK
4,20.2,28.3,25.4,68.8,0.784,1.38,3.23,7.58,5.91,48.0,Clay Loam,MODERATE_RISK
3,4.8,67.1,25.6,97.8,0.03,3.19,2.48,4.27,3.73,28.0,Weathered Granite,MODERATE_RISK
5,11.9,34.0,18.9,68.4,0.055,1.9,1.62,3.8,3.02,31.0,Laterite,SAFE
4,46.3,58.3,28.7,52.7,0.152,2.81,2.79,7.59,6.1,48.0,Clay Loam,MODERATE_RISK
6,25.8,59.7,12.7,69.4,0.198,3.05,2.94,6.96,5.65,38.0,Sandy Loam,MODERATE_RISK
1,26.3,85.7,27.3,42.3,0.115,4.14,3.4,7.37,6.26,35.0,Residual Soil,HIGH_RISK
1,50.4,54.7,27.7,92.5,0.012,3.05,2.78,8.01,5.96,35.0,Residual Soil,MODERATE_RISK
2,56.1,41.0,22.3,87.5,0.276,1.71,2.27,7.35,5.52,42.0,Colluvium,MODERATE_RISK
4,63.1,37.3,29.1,82.1,0.486,1.96,2.71,8.99,6.86,48.0,Clay Loam,MODERATE_RISK
1,2.5,85.6,23.7,75.4,0.078,4.02,3.54,5.35,5.23,35.0,Residual Soil,HIGH_RISK
3,19.6,32.8,24.2,73.6,0.038,1.54,1.39,4.09,2.92,28.0,Weathered Granite,MODERATE_RISK
4,33.7,51.9,25.4,97.8,0.003,2.64,1.91,5.44,4.05,48.0,Clay Loam,MODERATE_RISK
3,35.4,34.0,36.7,56.1,0.041,1.75,1.88,4.69,3.86,28.0,Weathered Granite,MODERATE_RISK
3,23.3,78.0,29.4,85.2,0.181,3.95,3.74,7.8,6.87,28.0,Weathered Granite,MODERATE_RISK
1,4.6,55.6,26.8,73.7,0.364,2.81,3.28,5.93,5.26,35.0,Residual Soil,MODERATE_RISK
4,39.9,46.3,20.3,96.6,0.015,2.19,1.77,5.01,3.67,48.0,Clay Loam,MODERATE_RISK
6,31.8,47.1,24.6,88.0,0.121,2.32,2.35,6.97,5.14,38.0,Sandy Loam,MODERATE_RISK
5,2.3,83.9,20.7,97.9,0.178,4.2,3.87,6.69,5.98,31.0,Laterite,HIGH_RISK
1,15.6,61.5,27.3,74.1,0.049,3.11,2.61,4.85,4.29,35.0,Residual Soil,MODERATE_RISK
1,4.8,73.8,24.6,51.9,0.127,3.68,3.64,5.29,4.95,35.0,Residual Soil,MODERATE_RISK
6,10.3,87.3,19.5,69.2,0.188,4.51,3.75,6.98,5.85,38.0,Sandy Loam,HIGH_RISK
4,0.5,87.6,24.3,81.2,0.273,4.4,3.96,5.3,5.38,48.0,Clay Loam,HIGH_RISK
4,12.8,44.6,20.6,84.9,0.09,2.27,2.32,4.17,3.59,48.0,Clay Loam,MODERATE_RISK
3,20.0,91.4,24.6,40.0,0.207,4.49,4.94,8.35,7.59,28.0,Weathered Granite,HIGH_RISK
6,24.2,21.9,20.6,69.3,0.054,0.88,1.13,3.63,2.39,38.0,Sandy Loam,SAFE
6,27.2,48.3,24.1,53.6,0.036,2.45,2.63,6.85,5.67,38.0,Sandy Loam,MODERATE_RISK
4,45.2,87.2,27.0,90.7,0.031,4.6,3.64,9.26,7.24,48.0,Clay Loam,HIGH_RISK
3,6.1,40.6,23.8,48.9,0.067,2.12,1.71,3.56,3.26,28.0,Weathered Granite,SAFE
1,3.2,40.5,22.4,78.7,0.005,1.86,1.64,2.54,2.47,35.0,Residual Soil,SAFE
2,47.7,42.7,24.8,55.4,0.05,2.3,2.28,7.28,5.22,42.0,Colluvium,MODERATE_RISK
5,4.3,65.9,26.8,60.7,0.158,3.23,2.66,3.72,3.61,31.0,Laterite,MODERATE_RISK
1,92.0,52.9,19.6,94.6,0.157,2.79,2.64,11.27,8.41,35.0,Residual Soil,HIGH_RISK
4,46.2,74.5,25.0,53.9,0.011,3.65,2.94,7.73,5.99,48.0,Clay Loam,MODERATE_RISK
5,17.4,87.1,29.3,45.5,0.051,4.43,3.49,6.55,6.01,31.0,Laterite,HIGH_RISK
2,99.6,70.6,26.3,44.0,0.126,3.43,2.95,12.28,8.92,42.0,Colluvium,HIGH_RISK
2,2.6,35.3,24.2,69.3,0.058,1.67,1.76,2.69,2.76,42.0,Colluvium,SAFE
3,9.0,90.0,26.6,77.2,0.081,4.19,3.74,7.38,6.33,28.0,Weathered Granite,HIGH_RISK
5,25.4,39.8,25.8,59.0,0.187,2.09,2.47,6.62,5.18,31.0,Laterite,MODERATE_RISK
3,10.8,31.2,27.0,80.0,0.001,1.63,1.41,3.69,3.29,28.0,Weathered Granite,SAFE
1,65.9,26.7,15.9,43.5,0.049,1.42,1.02,7.7,5.27,35.0,Residual Soil,MODERATE_RISK
6,1.7,62.3,17.8,89.7,0.023,3.17,2.73,4.94,4.28,38.0,Sandy Loam,MODERATE_RISK
6,19.9,28.5,28.0,87.4,0.02,1.27,0.79,2.77,2.14,38.0,Sandy Loam,SAFE
6,22.3,30.4,18.0,97.2,0.479,1.71,2.71,5.79,4.72,38.0,Sandy Loam,MODERATE_RISK
5,26.4,42.5,25.6,94.3,0.071,2.32,1.76,4.87,3.82,31.0,Laterite,MODERATE_RISK
6,7.4,41.1,22.6,60.7,0.112,1.9,1.67,2.99,2.87,38.0,Sandy Loam,SAFE
1,11.3,65.3,20.0,63.2,0.199,3.37,3.32,5.36,4.84,35.0,Residual Soil,MODERATE_RISK
3,46.4,81.3,25.4,83.3,0.007,4.24,3.28,8.78,6.73,28.0,Weathered Granite,HIGH_RISK
5,5.4,77.1,24.8,47.8,0.041,3.76,2.87,3.95,3.61,31.0,Laterite,MODERATE_RISK
3,43.8,39.7,32.4,58.2,0.268,1.93,2.69,7.61,5.93,28.0,Weathered Granite,MODERATE_RISK
5,20.7,38.4,21.5,46.9,0.297,2.03,2.48,4.88,4.01,31.0,Laterite,MODERATE_RISK
3,35.9,92.4,29.8,66.4,0.07,4.32,3.51,8.1,6.33,28.0,Weathered Granite,HIGH_RISK
2,31.3,20.6,25.4,72.0,0.07,0.81,0.53,3.39,2.06,42.0,Colluvium,SAFE
3,5.8,86.0,21.4,52.2,0.212,4.1,3.35,5.31,5.1,28.0,Weathered Granite,HIGH_RISK
6,21.0,35.0,27.2,41.5,0.052,1.39,1.2,2.66,2.17,38.0,Sandy Loam,SAFE
2,50.6,91.0,26.3,81.7,0.019,4.77,3.46,8.64,6.93,42.0,Colluvium,HIGH_RISK
3,14.1,45.7,24.1,41.2,0.045,1.89,1.86,4.15,3.23,28.0,Weathered Granite,MODERATE_RISK
5,85.0,53.0,25.1,96.5,0.073,2.72,2.4,10.12,7.16,31.0,Laterite,HIGH_RISK
5,15.0,73.0,21.6,52.9,0.008,3.81,3.54,6.79,5.72,31.0,Laterite,MODERATE_RISK
5,3.9,64.1,20.7,78.5,0.098,3.15,2.88,4.64,4.17,31.0,Laterite,MODERATE_RISK
4,12.3,43.8,27.0,65.2,0.202,2.06,2.04,3.95,3.06,48.0,Clay Loam,SAFE
1,75.8,61.5,23.1,43.5,0.108,3.12,2.26,9.63,7.13,35.0,Residual Soil,HIGH_RISK
5,9.6,74.8,23.7,67.4,0.011,3.74,3.27,5.34,4.84,31.0,Laterite,MODERATE_RISK
2,50.6,23.2,25.1,70.0,0.087,1.36,0.96,5.69,3.93,42.0,Colluvium,MODERATE_RISK
5,53.3,20.8,25.1,89.6,0.185,0.51,0.84,5.31,3.79,31.0,Laterite,MODERATE_RISK
4,10.8,54.4,18.3,82.5,0.009,2.54,2.56,5.97,5.03,48.0,Clay Loam,MODERATE_RISK
6,2.2,29.9,29.1,44.6,0.009,1.61,1.5,1.86,1.75,38.0,Sandy Loam,SAFE
2,32.2,69.8,24.5,52.1,0.069,3.5,3.12,7.08,5.93,42.0,Colluvium,MODERATE_RISK
4,9.3,36.1,23.2,58.1,0.033,1.96,1.95,3.51,3.2,48.0,Clay Loam,SAFE
6,38.2,52.5,25.7,46.8,0.41,2.68,3.65,7.86,6.6,38.0,Sandy Loam,MODERATE_RISK
2,14.6,34.8,24.9,66.5,0.131,1.71,2.24,4.89,4.27,42.0,Colluvium,MODERATE_RISK
3,16.6,61.1,27.1,97.1,0.051,2.99,2.36,4.65,4.13,28.0,Weathered Granite,MODERATE_RISK
1,37.6,28.7,26.2,69.8,0.183,1.9,1.96,4.76,3.98,35.0,Residual Soil,MODERATE_RISK
1,12.0,21.7,26.9,83.0,0.07,1.39,1.05,2.88,2.53,35.0,Residual Soil,SAFE
4,14.6,23.8,29.4,79.6,0.021,1.29,1.09,2.48,2.04,48.0,Clay Loam,SAFE
6,11.8,91.6,27.5,89.3,0.041,4.6,3.76,6.53,5.81,38.0,Sandy Loam,HIGH_RISK
1,11.4,30.7,23.4,52.5,0.154,1.64,1.25,3.13,2.67,35.0,Residual Soil,SAFE
6,18.7,73.1,19.5,83.7,0.008,3.82,2.88,5.63,4.78,38.0,Sandy Loam,MODERATE_RISK
6,41.4,25.1,30.7,91.1,0.048,1.34,1.65,5.6,4.28,38.0,Sandy Loam,MODERATE_RISK
4,11.2,28.1,23.0,49.9,0.035,1.25,1.18,3.9,2.82,48.0,Clay Loam,SAFE
4,18.6,58.2,22.1,60.1,0.034,3.27,2.93,4.81,3.9,48.0,Clay Loam,MODERATE_RISK
4,27.8,54.9,17.1,96.3,0.172,2.79,2.71,5.65,4.86,48.0,Clay Loam,MODERATE_RISK
1,7.8,91.4,,,0.262,4.97,4.2,6.38,5.62,35.0,Residual Soil,HIGH_RISK
4,8.1,90.9,24.6,56.4,0.189,4.58,4.19,7.83,6.65,48.0,Clay Loam,HIGH_RISK
1,67.7,78.5,17.9,72.7,0.156,3.88,3.88,10.91,8.65,35.0,Residual Soil,HIGH_RISK
4,32.1,65.2,25.8,63.5,0.372,3.54,3.59,8.07,6.8,48.0,Clay Loam,MODERATE_RISK
5,21.5,54.1,22.0,68.4,0.009,2.77,2.47,5.19,4.58,31.0,Laterite,MODERATE_RISK
6,26.1,46.7,34.8,60.6,0.027,2.36,1.46,4.58,3.07,38.0,Sandy Loam,MODERATE_RISK
4,0.7,91.0,21.7,56.2,0.08,4.31,3.69,5.58,5.25,48.0,Clay Loam,HIGH_RISK
2,24.1,65.2,22.3,79.1,0.07,3.39,3.09,6.69,5.51,42.0,Colluvium,MODERATE_RISK
6,17.8,63.4,20.5,85.2,0.081,3.07,2.61,5.98,5.09,38.0,Sandy Loam,MODERATE_RISK
6,19.7,37.4,29.1,90.7,0.035,1.78,2.27,5.2,4.55,38.0,Sandy Loam,MODERATE_RISK
4,11.1,23.5,22.5,49.0,0.024,1.08,0.79,1.71,1.16,48.0,Clay Loam,SAFE
3,2.1,90.9,21.1,87.7,0.107,4.63,3.85,6.1,5.59,28.0,Weathered Granite,HIGH_RISK
4,5.4,43.5,26.8,54.8,0.395,1.87,2.74,5.75,4.99,48.0,Clay Loam,MODERATE_RISK
6,75.3,53.2,18.5,64.8,0.075,2.62,2.09,9.44,6.64,38.0,Sandy Loam,HIGH_RISK
2,13.1,28.6,26.5,92.3,0.007,1.63,0.89,2.46,2.27,42.0,Colluvium,SAFE
6,15.7,82.8,31.1,66.4,0.184,3.89,3.33,5.57,4.93,38.0,Sandy Loam,HIGH_RISK
2,1.4,22.1,26.3,51.4,0.052,1.14,1.3,2.42,2.04,42.0,Colluvium,SAFE
1,1.0,82.5,26.6,49.3,0.042,4.0,3.23,5.36,4.62,35.0,Residual Soil,HIGH_RISK
5,31.6,30.5,27.5,67.4,0.059,1.44,1.84,5.44,4.21,31.0,Laterite,MODERATE_RISK
6,19.3,86.5,30.8,84.2,0.193,4.66,4.17,7.86,6.2,38.0,Sandy Loam,HIGH_RISK
4,17.8,74.7,28.8,97.8,0.256,3.4,3.7,8.39,6.83,48.0,Clay Loam,MODERATE_RISK
1,7.0,32.4,25.8,85.7,0.133,1.77,1.97,3.94,3.6,35.0,Residual Soil,SAFE
5,34.1,62.4,27.6,90.9,0.058,3.02,2.45,7.02,5.16,31.0,Laterite,MODERATE_RISK
4,4.6,43.4,20.5,83.4,0.056,2.06,1.55,2.73,2.09,48.0,Clay Loam,SAFE
3,5.3,33.4,27.1,91.9,0.02,1.45,0.7,1.41,1.42,28.0,Weathered Granite,SAFE
4,15.4,84.4,20.0,44.4,0.406,4.37,4.88,8.87,8.01,48.0,Clay Loam,HIGH_RISK
2,8.4,50.3,22.5,93.9,0.152,2.48,2.8,4.81,4.01,42.0,Colluvium,MODERATE_RISK
2,7.1,49.9,11.7,63.0,0.004,2.43,1.48,2.76,2.74,42.0,Colluvium,SAFE
3,25.9,32.7,,,0.163,1.66,1.71,4.87,3.86,28.0,Weathered Granite,MODERATE_RISK
1,26.3,48.7,21.4,44.4,0.089,2.4,1.99,4.83,4.1,35.0,Residual Soil,MODERATE_RISK
5,43.5,85.4,28.4,81.5,0.539,3.87,4.88,10.91,8.83,31.0,Laterite,HIGH_RISK
4,13.5,47.2,25.6,82.7,0.256,2.26,2.48,4.84,4.44,48.0,Clay Loam,MODERATE_RISK
2,1.9,91.4,28.5,97.8,0.028,4.75,4.28,7.06,6.32,42.0,Colluvium,HIGH_RISK
1,8.0,91.0,19.7,84.6,0.191,4.25,3.86,6.12,5.54,35.0,Residual Soil,HIGH_RISK
3,97.8,30.9,28.2,62.2,0.1,1.33,0.99,8.31,5.58,28.0,Weathered Granite,HIGH_RISK
6,22.7,33.3,32.4,72.3,0.031,1.58,1.22,3.49,2.63,38.0,Sandy Loam,SAFE
2,30.9,84.7,27.1,61.3,0.18,4.09,3.7,8.22,6.48,42.0,Colluvium,HIGH_RISK
3,0.2,49.5,27.2,51.4,0.119,2.47,2.49,4.23,3.81,28.0,Weathered Granite,MODERATE_RISK
4,18.3,20.3,24.7,54.4,0.005,0.8,0.54,1.93,1.36,48.0,Clay Loam,SAFE
5,1.0,40.5,21.9,52.9,0.156,1.95,2.16,3.59,3.08,31.0,Laterite,SAFE
2,21.1,64.8,27.0,71.8,0.151,3.23,2.8,6.46,5.52,42.0,Colluvium,MODERATE_RISK
2,63.4,79.9,18.0,92.6,0.023,4.12,3.28,10.37,8.34,42.0,Colluvium,MODERATE_RISK
4,86.4,30.0,22.3,92.9,0.064,1.75,1.36,8.56,5.63,48.0,Clay Loam,HIGH_RISK
6,19.4,28.3,16.9,43.2,0.132,1.36,1.23,3.06,2.49,38.0,Sandy Loam,SAFE
1,15.3,89.2,21.2,44.6,0.022,4.84,4.32,7.92,6.83,35.0,Residual Soil,HIGH_RISK
5,72.5,76.3,26.6,54.2,0.287,3.78,3.67,12.12,9.56,31.0,Laterite,HIGH_RISK
2,28.0,64.2,26.0,54.8,0.004,3.38,2.61,6.16,5.1,42.0,Colluvium,MODERATE_RISK
5,1.7,77.7,24.2,45.5,0.016,4.27,3.78,5.72,5.51,31.0,Laterite,MODERATE_RISK
2,15.7,52.2,24.7,62.5,0.019,2.64,2.39,4.16,3.93,42.0,Colluvium,MODERATE_RISK
5,6.9,76.9,16.5,74.1,0.113,3.57,3.69,5.9,5.41,31.0,Laterite,MODERATE_RISK
3,15.9,47.9,22.5,73.5,0.145,2.41,2.51,4.68,4.03,28.0,Weathered Granite,MODERATE_RISK
2,15.2,38.3,21.3,71.5,0.078,1.79,1.49,3.46,3.12,42.0,Colluvium,SAFE
5,21.8,74.7,21.4,59.6,0.051,3.68,3.71,6.55,5.94,31.0,Laterite,MODERATE_RISK
1,11.0,51.5,26.4,81.0,0.249,2.97,3.3,5.67,4.88,35.0,Residual Soil,MODERATE_RISK
3,4.5,93.6,20.6,87.9,0.011,4.44,3.54,5.17,4.73,28.0,Weathered Granite,HIGH_RISK
3,17.5,46.2,21.6,60.1,0.049,2.37,2.06,4.96,3.93,28.0,Weathered Granite,MODERATE_RISK
1,44.3,89.1,15.7,45.0,0.006,4.28,3.5,8.36,7.0,35.0,Residual Soil,HIGH_RISK
5,27.3,90.0,22.8,57.2,0.002,4.44,3.49,7.13,6.32,31.0,Laterite,HIGH_RISK
4,10.3,38.1,19.6,48.0,0.065,2.05,1.42,3.1,3.0,48.0,Clay Loam,SAFE
1,68.5,79.9,24.3,67.1,0.033,4.06,3.84,11.01,8.38,35.0,Residual Soil,HIGH_RISK
5,60.8,52.5,20.2,49.0,0.047,2.58,2.2,9.34,6.73,31.0,Laterite,MODERATE_RISK
1,5.9,88.8,24.4,66.8,0.258,4.31,4.28,7.36,6.48,35.0,Residual Soil,HIGH_RISK
1,1.0,53.8,23.4,52.8,0.027,2.75,2.9,4.44,4.08,35.0,Residual Soil,MODERATE_RISK
2,33.8,75.8,30.7,82.8,0.227,4.13,3.78,8.56,7.21,42.0,Colluvium,MODERATE_RISK
5,43.9,55.0,26.0,41.6,0.169,2.57,2.76,6.47,5.25,31.0,Laterite,MODERATE_RISK
4,85.9,37.1,16.6,72.2,0.059,2.24,1.73,10.08,7.18,48.0,Clay Loam,HIGH_RISK
2,55.1,35.0,18.9,49.8,0.119,1.99,2.05,7.74,5.57,42.0,Colluvium,MODERATE_RISK
1,22.9,51.9,24.2,40.1,0.088,2.87,2.62,5.73,4.9,35.0,Residual Soil,MODERATE_RISK
6,18.9,76.7,20.3,90.4,0.021,3.9,3.42,6.92,5.77,38.0,Sandy Loam,MODERATE_RISK
1,0.7,65.4,12.1,78.9,0.357,3.5,4.23,6.74,5.79,35.0,Residual Soil,MODERATE_RISK
1,7.1,71.6,29.4,45.7,0.126,3.38,2.91,4.72,4.08,35.0,Residual Soil,MODERATE_RISK
5,15.4,41.2,26.9,78.5,0.318,1.93,2.92,5.8,4.96,31.0,Laterite,MODERATE_RISK
5,24.8,56.1,26.1,75.5,0.26,2.96,3.59,7.89,6.91,31.0,Laterite,MODERATE_RISK
2,20.4,23.3,21.6,67.5,0.012,1.22,0.94,3.27,2.34,42.0,Colluvium,SAFE
4,33.9,81.3,25.7,64.3,0.035,4.04,3.34,7.6,6.2,48.0,Clay Loam,HIGH_RISK
2,8.2,94.2,21.2,91.5,0.024,4.21,3.29,5.74,5.19,42.0,Colluvium,HIGH_RISK
3,20.8,50.5,24.8,54.2,0.266,2.44,2.66,6.35,5.02,28.0,Weathered Granite,MODERATE_RISK
1,2.3,20.8,20.3,63.1,0.298,0.81,1.18,2.35,1.9,35.0,Residual Soil,SAFE
6,13.3,32.7,30.1,59.1,0.113,1.73,1.96,3.42,3.05,38.0,Sandy Loam,SAFE
1,34.7,68.9,17.7,84.7,0.017,3.41,2.16,6.31,4.78,35.0,Residual Soil,MODERATE_RISK
1,29.6,65.9,28.9,93.2,0.022,3.17,2.39,6.18,4.55,35.0,Residual Soil,MODERATE_RISK
2,116.8,79.1,24.2,89.3,0.252,4.48,4.33,16.42,11.89,42.0,Colluvium,HIGH_RISK
6,8.1,39.0,22.0,86.3,0.397,2.16,3.31,5.63,5.16,38.0,Sandy Loam,MODERATE_RISK
6,17.2,77.3,24.7,97.2,0.033,4.08,3.2,5.99,5.32,38.0,Sandy Loam,MODERATE_RISK
6,10.0,71.6,26.9,80.4,0.002,4.02,3.35,5.14,5.03,38.0,Sandy Loam,MODERATE_RISK
2,14.5,44.2,29.5,83.6,0.06,2.37,2.05,3.89,3.61,42.0,Colluvium,SAFE
1,48.6,60.9,25.3,97.0,0.005,2.89,2.61,8.41,6.17,35.0,Residual Soil,MODERATE_RISK
2,28.8,31.0,20.4,40.4,0.264,1.37,2.0,5.4,4.09,42.0,Colluvium,MODERATE_RISK
5,53.5,53.9,24.2,76.8,0.101,2.89,2.86,8.52,6.4,31.0,Laterite,MODERATE_RISK
5,5.7,86.1,31.3,82.9,0.154,3.89,3.41,6.22,5.41,31.0,Laterite,HIGH_RISK
2,51.7,51.6,29.4,93.2,0.08,2.56,1.98,7.65,5.46,42.0,Colluvium,MODERATE_RISK
6,1.5,83.0,27.6,91.3,0.064,3.72,3.28,4.67,4.41,38.0,Sandy Loam,HIGH_RISK
1,54.9,64.3,27.2,88.8,0.038,3.23,2.55,8.82,6.39,35.0,Residual Soil,MODERATE_RISK
2,10.0,34.4,26.8,94.9,0.221,1.89,2.18,3.24,3.19,42.0,Colluvium,SAFE
2,9.4,63.6,28.6,71.2,0.178,3.24,3.22,5.81,4.91,42.0,Colluvium,MODERATE_RISK
2,17.9,57.9,22.2,40.4,0.067,3.08,3.04,6.16,5.02,42.0,Colluvium,MODERATE_RISK
3,70.6,49.9,18.6,40.6,0.058,2.89,2.72,10.3,7.64,28.0,Weathered Granite,HIGH_RISK
5,1.2,29.0,24.3,71.6,0.0,1.42,0.93,1.68,1.62,31.0,Laterite,SAFE
6,10.9,51.3,20.7,65.2,0.01,3.13,2.19,4.03,3.47,38.0,Sandy Loam,MODERATE_RISK
4,48.5,25.5,19.8,66.2,0.146,1.32,2.01,6.81,5.26,48.0,Clay Loam,MODERATE_RISK
6,12.6,27.4,21.1,63.2,0.108,1.56,1.1,4.0,3.11,38.0,Sandy Loam,SAFE
4,5.6,51.2,33.9,93.2,0.086,2.44,2.07,3.59,3.57,48.0,Clay Loam,SAFE
3,13.8,42.9,24.5,60.8,0.264,2.47,2.96,5.84,5.13,28.0,Weathered Granite,MODERATE_RISK
2,12.2,89.4,25.4,89.7,0.105,4.68,4.55,6.79,6.69,42.0,Colluvium,HIGH_RISK
3,61.8,48.2,19.1,92.4,0.073,2.7,2.32,8.01,5.98,28.0,Weathered Granite,MODERATE_RISK
3,35.9,76.8,16.6,69.0,0.026,3.85,3.17,7.89,6.6,28.0,Weathered Granite,MODERATE_RISK
1,17.6,59.8,20.7,65.9,0.258,2.74,2.7,4.65,4.42,35.0,Residual Soil,MODERATE_RISK
5,111.4,72.8,29.8,84.1,0.129,3.73,3.41,14.3,10.26,31.0,Laterite,HIGH_RISK
4,15.7,39.5,25.3,81.1,0.015,1.64,1.01,2.41,1.81,48.0,Clay Loam,SAFE
2,1.5,90.6,26.4,59.1,0.157,4.46,3.81,5.32,4.99,42.0,Colluvium,HIGH_RISK
4,7.6,59.8,27.0,45.9,0.083,3.03,2.9,4.59,4.29,48.0,Clay Loam,MODERATE_RISK
6,14.3,82.3,21.6,55.4,0.25,4.59,4.29,8.34,6.92,38.0,Sandy Loam,HIGH_RISK
4,4.3,47.4,29.6,47.6,0.377,2.43,3.35,5.54,4.91,48.0,Clay Loam,MODERATE_RISK
6,73.7,27.5,21.5,57.1,0.138,1.4,1.49,7.68,5.59,38.0,Sandy Loam,HIGH_RISK
5,36.4,70.5,29.6,55.2,0.197,3.51,2.99,7.78,6.3,31.0,Laterite,MODERATE_RISK
6,7.8,20.6,25.8,77.0,0.009,0.76,0.99,2.52,1.54,38.0,Sandy Loam,SAFE
4,22.3,55.6,16.8,95.4,0.123,2.8,2.21,4.91,3.78,48.0,Clay Loam,MODERATE_RISK
4,32.0,34.5,21.0,79.8,0.211,1.75,1.85,5.81,4.84,48.0,Clay Loam,MODERATE_RISK
6,70.9,67.1,16.9,93.7,0.103,3.16,2.78,10.35,7.84,38.0,Sandy Loam,HIGH_RISK
3,53.3,93.5,28.7,85.5,0.135,4.44,4.26,11.08,8.66,28.0,Weathered Granite,HIGH_RISK
5,18.1,54.8,23.9,82.2,0.344,2.64,2.99,5.6,4.56,31.0,Laterite,MODERATE_RISK
1,37.3,81.3,15.1,64.0,0.033,4.08,3.08,7.01,5.5,35.0,Residual Soil,HIGH_RISK
2,20.6,58.1,25.5,58.8,0.016,2.81,2.34,4.31,3.86,42.0,Colluvium,MODERATE_RISK
4,20.1,57.2,21.9,89.1,0.176,2.65,2.58,5.15,4.78,48.0,Clay Loam,MODERATE_RISK
2,3.0,89.8,18.1,92.5,0.26,4.55,4.28,6.48,6.41,42.0,Colluvium,HIGH_RISK
1,3.4,86.7,30.7,66.2,0.285,4.44,4.47,6.83,6.02,35.0,Residual Soil,HIGH_RISK
2,18.9,78.9,24.4,40.5,0.154,3.97,3.28,6.41,5.43,42.0,Colluvium,MODERATE_RISK
1,7.8,42.2,22.8,86.0,0.269,2.0,1.89,4.33,3.37,35.0,Residual Soil,MODERATE_RISK
6,0.5,60.9,22.4,56.5,0.181,3.16,3.71,5.44,5.15,38.0,Sandy Loam,MODERATE_RISK
3,32.1,36.8,17.9,40.6,0.014,1.8,1.51,4.81,3.37,28.0,Weathered Granite,MODERATE_RISK
4,0.8,53.3,18.8,86.7,0.215,2.43,2.64,3.12,3.08,48.0,Clay Loam,SAFE
1,22.6,56.3,29.1,70.0,0.03,3.02,2.27,6.33,4.76,35.0,Residual Soil,MODERATE_RISK
2,19.4,82.4,22.1,79.7,0.04,4.19,3.74,6.5,5.87,42.0,Colluvium,HIGH_RISK
4,86.7,87.2,24.1,93.1,0.075,4.34,3.54,11.89,8.8,48.0,Clay Loam,HIGH_RISK
3,16.6,51.1,15.8,71.4,0.057,2.24,1.13,3.37,2.51,28.0,Weathered Granite,SAFE
6,1.6,21.3,18.7,69.2,0.058,0.92,0.74,1.36,1.29,38.0,Sandy Loam,SAFE
4,20.1,84.6,26.4,56.9,0.028,4.63,3.7,7.98,6.97,48.0,Clay Loam,HIGH_RISK
1,46.0,33.1,25.5,57.7,0.052,1.35,1.18,5.81,4.5,35.0,Residual Soil,MODERATE_RISK
3,144.0,66.6,31.0,86.2,0.003,3.28,2.57,15.33,10.57,28.0,Weathered Granite,HIGH_RISK
2,14.1,21.9,29.4,66.0,0.096,1.09,0.97,3.11,2.33,42.0,Colluvium,SAFE
3,9.7,50.0,,49.5,0.22,2.56,2.49,5.09,4.56,28.0,Weathered Granite,MODERATE_RISK
3,59.3,93.9,25.9,45.5,0.297,4.4,4.32,10.89,8.93,28.0,Weathered Granite,HIGH_RISK
5,5.3,27.6,22.7,67.4,0.258,1.41,1.41,3.02,2.69,31.0,Laterite,SAFE
3,23.9,51.8,32.2,67.0,0.081,2.25,1.46,3.99,2.81,28.0,Weathered Granite,SAFE
3,13.0,43.0,28.6,77.9,0.197,2.17,2.36,4.53,4.14,28.0,Weathered Granite,MODERATE_RISK
4,1.0,87.9,24.7,67.3,0.051,4.26,3.6,5.55,5.2,48.0,Clay Loam,HIGH_RISK
2,10.7,85.2,24.8,48.3,0.009,4.09,3.56,6.01,5.21,42.0,Colluvium,HIGH_RISK
4,7.7,37.8,29.8,69.5,0.169,2.06,2.08,3.52,3.02,48.0,Clay Loam,SAFE
4,29.0,26.1,26.3,92.6,0.157,1.26,1.12,4.49,3.37,48.0,Clay Loam,MODERATE_RISK
1,74.3,67.0,30.2,49.2,0.243,3.44,2.9,9.53,6.67,35.0,Residual Soil,HIGH_RISK
4,7.8,45.2,15.2,80.0,0.144,2.36,2.05,3.17,2.9,48.0,Clay Loam,SAFE
5,41.7,70.4,25.8,74.4,0.026,3.77,3.22,8.5,6.58,31.0,Laterite,MODERATE_RISK
5,1.4,22.4,21.9,83.4,0.288,0.88,2.0,3.08,2.7,31.0,Laterite,SAFE
1,19.3,30.0,31.0,48.7,0.148,1.68,1.8,4.74,3.65,35.0,Residual Soil,MODERATE_RISK
6,1.8,71.5,30.2,94.6,0.247,3.58,3.24,5.18,4.43,38.0,Sandy Loam,MODERATE_RISK
2,68.0,35.9,24.1,76.0,0.223,1.72,1.78,7.44,5.56,42.0,Colluvium,MODERATE_RISK
2,36.3,84.3,30.1,89.1,0.053,3.99,3.1,7.59,5.68,42.0,Colluvium,HIGH_RISK
4,26.8,24.4,31.1,54.3,0.012,1.34,0.99,3.9,2.87,48.0,Clay Loam,SAFE
4,43.4,36.2,24.3,82.9,0.029,1.63,1.73,6.18,4.4,48.0,Clay Loam,MODERATE_RISK
6,26.1,94.9,33.9,85.3,0.015,4.85,4.28,8.27,7.5,38.0,Sandy Loam,HIGH_RISK
4,86.8,52.5,23.9,63.1,0.042,3.01,2.48,10.53,7.56,48.0,Clay Loam,HIGH_RISK
2,31.3,72.7,23.1,62.3,0.092,3.83,3.39,7.31,5.66,42.0,Colluvium,MODERATE_RISK
3,64.6,33.7,27.5,78.2,0.356,1.96,2.4,8.11,6.18,28.0,Weathered Granite,MODERATE_RISK
5,18.2,65.7,22.6,45.4,0.308,3.14,2.92,5.1,4.3,31.0,Laterite,MODERATE_RISK
3,3.1,74.5,24.3,82.7,0.19,3.88,4.21,6.76,6.36,28.0,Weathered Granite,MODERATE_RISK
3,18.8,43.6,29.6,42.5,0.004,1.95,0.88,2.39,2.0,28.0,Weathered Granite,SAFE
2,3.4,82.2,24.1,51.1,0.063,4.06,2.89,4.89,4.67,42.0,Colluvium,HIGH_RISK
3,22.4,65.3,17.2,78.5,0.172,3.61,3.94,7.4,6.45,28.0,Weathered Granite,MODERATE_RISK
6,16.5,49.2,25.5,45.7,0.021,2.34,1.94,3.57,3.28,38.0,Sandy Loam,SAFE
1,24.4,61.8,21.2,96.4,0.242,3.31,3.04,6.31,5.31,35.0,Residual Soil,MODERATE_RISK
4,0.3,63.3,27.5,90.4,0.369,3.37,4.01,7.09,6.14,48.0,Clay Loam,MODERATE_RISK
1,5.4,32.4,26.8,76.3,0.066,1.83,1.89,3.22,3.09,35.0,Residual Soil,SAFE
5,16.9,50.2,29.9,87.5,0.184,2.26,1.96,4.61,3.5,31.0,Laterite,MODERATE_RISK
4,75.1,45.8,27.6,91.5,0.024,2.4,1.83,8.84,6.21,48.0,Clay Loam,HIGH_RISK
3,12.1,50.1,28.4,55.0,0.176,2.47,2.77,4.42,3.92,28.0,Weathered Granite,MODERATE_RISK
5,13.8,77.1,21.3,89.3,0.003,4.07,3.02,6.36,5.49,31.0,Laterite,MODERATE_RISK
4,31.4,56.2,27.2,51.3,0.025,2.48,2.14,5.6,4.24,48.0,Clay Loam,MODERATE_RISK
6,23.1,90.5,31.9,64.0,0.186,4.6,4.67,8.2,7.17,38.0,Sandy Loam,HIGH_RISK
6,8.9,42.0,21.2,72.4,0.187,2.15,1.56,2.8,2.47,38.0,Sandy Loam,SAFE
6,13.2,51.2,31.2,81.4,0.154,2.16,2.09,4.09,3.8,38.0,Sandy Loam,MODERATE_RISK
6,6.1,79.0,21.8,41.7,0.097,3.77,3.39,5.95,5.16,38.0,Sandy Loam,MODERATE_RISK
3,84.6,61.0,20.6,56.8,0.169,2.68,2.11,9.59,6.73,28.0,Weathered Granite,HIGH_RISK
1,3.5,61.0,25.2,75.3,0.223,2.9,2.83,5.84,4.65,35.0,Residual Soil,MODERATE_RISK
4,11.6,24.0,26.9,60.7,0.509,1.31,2.89,4.79,4.12,48.0,Clay Loam,MODERATE_RISK
3,0.7,49.9,27.6,85.0,0.329,2.53,2.8,4.56,4.22,28.0,Weathered Granite,MODERATE_RISK
6,6.3,40.3,20.2,77.8,0.237,2.05,1.91,2.38,2.39,38.0,Sandy Loam,SAFE
1,37.9,95.0,25.7,53.6,0.178,4.54,4.51,9.74,8.11,35.0,Residual Soil,HIGH_RISK
5,5.6,43.1,21.3,48.5,0.128,2.38,2.42,4.26,4.11,31.0,Laterite,MODERATE_RISK
5,2.1,86.3,18.0,76.5,0.019,4.31,3.48,4.83,4.3,31.0,Laterite,HIGH_RISK
5,16.1,70.7,20.3,66.1,0.027,3.54,2.88,6.36,5.72,31.0,Laterite,MODERATE_RISK
6,0.3,45.6,21.0,49.8,0.257,2.47,3.06,4.83,4.66,38.0,Sandy Loam,MODERATE_RISK
5,2.2,60.8,26.1,58.9,0.244,2.84,3.09,4.65,4.27,31.0,Laterite,MODERATE_RISK
2,41.2,83.0,28.6,57.6,0.143,4.2,3.98,9.48,7.76,42.0,Colluvium,HIGH_RISK
4,36.9,86.3,18.1,46.3,0.087,4.4,3.57,8.01,6.45,48.0,Clay Loam,HIGH_RISK
4,61.7,32.0,25.4,71.7,0.004,1.49,0.63,6.51,4.28,48.0,Clay Loam,MODERATE_RISK
6,48.2,45.5,19.3,84.3,0.059,2.41,2.29,7.8,6.25,38.0,Sandy Loam,MODERATE_RISK
2,28.7,45.1,26.5,73.4,0.082,2.35,2.46,6.17,4.8,42.0,Colluvium,MODERATE_RISK
3,1.3,23.2,21.5,87.9,0.1,1.14,1.14,2.12,1.8,28.0,Weathered Granite,SAFE
3,38.2,64.9,19.8,47.4,0.397,3.22,4.03,8.36,6.88,28.0,Weathered Granite,MODERATE_RISK
5,46.7,84.1,27.2,65.3,0.017,4.31,3.4,9.57,7.32,31.0,Laterite,HIGH_RISK
1,40.1,48.6,21.7,75.3,0.11,2.59,2.37,6.71,5.13,35.0,Residual Soil,MODERATE_RISK
3,17.8,75.5,22.7,79.2,0.069,3.79,3.76,7.58,6.21,28.0,Weathered Granite,MODERATE_RISK
1,6.6,67.1,15.1,80.4,0.692,3.58,4.85,8.18,7.28,35.0,Residual Soil,MODERATE_RISK
4,46.7,48.2,27.8,82.3,0.297,2.54,2.82,8.47,6.5,48.0,Clay Loam,MODERATE_RISK
1,32.5,30.6,27.3,77.8,0.087,1.17,0.64,3.04,2.06,35.0,Residual Soil,SAFE
4,98.8,73.2,24.0,45.5,1.215,3.38,6.56,17.28,13.19,48.0,Clay Loam,HIGH_RISK
2,4.2,84.1,17.9,80.3,0.108,4.44,3.66,6.95,5.97,42.0,Colluvium,HIGH_RISK
2,6.4,71.4,28.8,82.0,0.027,3.52,2.94,4.16,3.96,42.0,Colluvium,MODERATE_RISK
6,6.0,21.3,21.3,97.6,0.122,1.1,1.15,1.66,1.95,38.0,Sandy Loam,SAFE
6,39.3,36.2,22.2,80.2,0.038,2.04,1.61,5.58,4.16,38.0,Sandy Loam,MODERATE_RISK
5,5.2,25.2,33.2,79.8,0.152,1.26,1.43,2.58,2.45,31.0,Laterite,SAFE
3,1.7,62.8,21.2,69.9,0.416,3.15,3.76,5.51,5.1,28.0,Weathered Granite,MODERATE_RISK
5,163.6,76.7,27.0,90.3,0.231,3.66,3.97,19.35,13.85,31.0,Laterite,HIGH_RISK
4,0.6,28.3,26.2,97.8,0.048,1.49,1.79,3.18,2.61,48.0,Clay Loam,SAFE
5,45.1,82.9,25.6,85.2,0.053,4.26,3.76,9.24,7.52,31.0,Laterite,HIGH_RISK
1,11.4,61.7,25.1,75.5,0.011,2.97,2.79,4.96,4.54,35.0,Residual Soil,MODERATE_RISK
4,46.1,71.7,25.5,44.6,0.051,3.4,3.13,8.37,6.73,48.0,Clay Loam,MODERATE_RISK
6,20.2,92.9,25.1,82.2,0.015,5.17,4.33,7.86,7.31,38.0,Sandy Loam,HIGH_RISK
2,58.0,26.3,23.8,81.1,0.104,1.3,1.79,6.48,4.67,42.0,Colluvium,MODERATE_RISK
6,65.2,87.6,30.0,85.0,0.185,4.24,3.55,10.69,8.47,38.0,Sandy Loam,HIGH_RISK
3,0.2,29.5,18.7,47.2,0.209,1.62,1.72,2.98,2.88,28.0,Weathered Granite,SAFE
4,2.0,49.5,28.1,77.9,0.009,2.46,1.75,2.71,2.51,48.0,Clay Loam,SAFE
4,7.2,83.9,27.3,57.2,0.062,3.98,3.28,4.36,4.62,48.0,Clay Loam,HIGH_RISK
1,27.7,88.0,26.8,84.1,0.051,4.5,3.96,7.87,6.67,35.0,Residual Soil,HIGH_RISK
3,54.8,58.0,28.5,53.9,0.017,2.73,1.9,7.69,5.57,28.0,Weathered Granite,MODERATE_RISK
2,15.4,64.6,23.6,79.7,0.068,3.55,3.19,5.3,4.77,42.0,Colluvium,MODERATE_RISK
4,23.3,73.1,16.5,57.1,0.053,3.75,2.98,6.68,5.24,48.0,Clay Loam,MODERATE_RISK
4,5.2,82.5,23.7,40.5,0.151,4.07,3.6,5.59,5.31,48.0,Clay Loam,HIGH_RISK
1,40.9,29.1,20.0,76.7,0.322,1.48,2.21,6.58,5.17,35.0,Residual Soil,MODERATE_RISK
5,85.5,80.8,21.1,46.6,0.091,4.22,4.15,12.72,9.69,31.0,Laterite,HIGH_RISK
2,7.8,56.1,19.0,78.2,0.206,2.84,2.68,4.08,4.14,42.0,Colluvium,MODERATE_RISK
6,17.1,53.8,22.1,93.7,0.024,3.11,2.54,5.9,4.72,38.0,Sandy Loam,MODERATE_RISK
3,2.3,51.8,21.6,96.2,0.338,2.82,2.95,5.02,4.14,28.0,Weathered Granite,MODERATE_RISK
4,20.5,58.2,14.5,53.7,0.025,3.01,2.27,5.37,4.74,48.0,Clay Loam,MODERATE_RISK
4,17.5,90.9,26.8,86.9,0.032,4.36,3.26,6.74,5.88,48.0,Clay Loam,HIGH_RISK
6,3.9,61.1,32.9,60.5,0.017,3.03,2.55,4.39,4.03,38.0,Sandy Loam,MODERATE_RISK
2,14.6,91.5,26.4,92.2,0.056,4.67,4.03,7.69,6.56,42.0,Colluvium,HIGH_RISK
5,10.2,33.5,23.2,85.7,0.121,1.51,1.78,3.15,2.85,31.0,Laterite,SAFE
4,18.4,74.3,23.8,44.3,0.663,3.97,4.94,9.57,7.96,48.0,Clay Loam,MODERATE_RISK
2,22.0,80.9,22.3,63.6,0.237,3.85,3.94,8.31,6.91,42.0,Colluvium,HIGH_RISK
6,0.2,70.9,24.4,59.6,0.072,3.42,2.99,4.69,4.13,38.0,Sandy Loam,MODERATE_RISK
1,35.8,65.5,23.9,85.5,0.129,3.16,2.9,7.07,5.74,35.0,Residual Soil,MODERATE_RISK
5,31.2,62.4,20.6,63.8,0.146,3.27,2.68,5.9,5.06,31.0,Laterite,MODERATE_RISK
3,11.4,84.6,30.7,79.7,0.26,4.07,4.08,7.15,6.12,28.0,Weathered Granite,HIGH_RISK
4,1.4,81.6,18.1,74.9,0.2,3.72,3.63,6.4,5.8,48.0,Clay Loam,HIGH_RISK
2,35.2,29.2,26.9,96.6,0.126,1.68,1.75,4.86,3.83,42.0,Colluvium,MODERATE_RISK
1,77.6,83.6,23.6,94.4,0.166,4.09,3.89,12.55,9.61,35.0,Residual Soil,HIGH_RISK
3,6.9,51.1,31.6,64.8,0.206,2.34,2.7,4.37,3.92,28.0,Weathered Granite,MODERATE_RISK
2,9.8,39.0,25.4,82.0,0.021,1.8,1.17,2.35,2.14,42.0,Colluvium,SAFE
2,5.1,85.2,22.6,88.1,0.034,4.6,3.72,5.4,4.96,42.0,Colluvium,HIGH_RISK
3,21.5,52.4,23.0,92.1,0.175,2.49,2.67,5.35,4.21,28.0,Weathered Granite,MODERATE_RISK
1,4.2,80.6,24.2,44.0,0.285,4.01,3.98,6.63,5.68,35.0,Residual Soil,HIGH_RISK
6,11.0,39.8,19.4,57.5,0.079,1.9,2.04,4.33,3.52,38.0,Sandy Loam,MODERATE_RISK
1,29.9,20.3,20.9,58.6,0.586,0.77,2.4,6.11,4.54,35.0,Residual Soil,MODERATE_RISK
5,20.5,57.2,16.9,65.2,0.037,2.71,1.69,3.92,3.51,31.0,Laterite,MODERATE_RISK
4,12.2,27.5,20.3,49.8,0.081,1.11,1.38,2.49,2.17,48.0,Clay Loam,SAFE
3,13.6,76.6,24.4,68.8,0.071,4.02,3.39,6.2,5.6,28.0,Weathered Granite,MODERATE_RISK
6,20.6,40.7,25.2,78.5,0.4,2.06,2.32,4.95,4.29,38.0,Sandy Loam,MODERATE_RISK
3,0.1,53.3,16.1,68.8,0.05,3.16,2.6,4.01,3.71,28.0,Weathered Granite,MODERATE_RISK
3,2.0,26.5,23.5,78.6,0.095,1.18,0.85,1.27,1.89,28.0,Weathered Granite,SAFE
1,53.3,41.5,26.3,43.9,0.031,1.9,1.84,6.88,5.63,35.0,Residual Soil,MODERATE_RISK
4,2.0,78.6,23.3,90.8,0.11,4.24,3.71,5.8,5.61,48.0,Clay Loam,MODERATE_RISK
5,30.7,31.4,21.5,94.5,0.292,1.78,2.02,5.66,4.22,31.0,Laterite,MODERATE_RISK
2,63.2,68.5,22.4,75.8,0.054,3.5,3.21,10.48,8.18,42.0,Colluvium,MODERATE_RISK
2,7.9,88.8,21.8,91.1,0.25,4.22,4.26,6.85,5.89,42.0,Colluvium,HIGH_RISK
3,11.6,71.0,21.5,47.6,0.363,3.9,4.14,7.41,6.8,28.0,Weathered Granite,MODERATE_RISK
4,21.0,80.8,24.7,86.3,0.011,4.03,2.88,6.9,5.07,48.0,Clay Loam,HIGH_RISK
6,53.4,28.2,33.2,46.9,0.212,1.32,1.44,6.72,4.69,38.0,Sandy Loam,MODERATE_RISK
1,71.1,38.8,21.0,63.7,0.044,2.17,1.61,8.69,6.26,35.0,Residual Soil,HIGH_RISK
4,33.6,87.1,22.7,58.8,0.029,4.35,3.79,8.06,6.81,48.0,Clay Loam,HIGH_RISK
4,2.3,73.6,23.8,74.0,0.138,3.45,2.67,3.83,3.34,48.0,Clay Loam,MODERATE_RISK
1,27.7,68.0,21.3,57.5,0.183,3.41,3.26,7.03,5.88,35.0,Residual Soil,MODERATE_RISK
3,13.2,69.8,28.4,77.0,0.075,3.33,2.81,5.24,4.63,28.0,Weathered Granite,MODERATE_RISK
4,15.9,51.1,14.5,61.3,0.006,1.95,1.89,4.64,3.77,48.0,Clay Loam,MODERATE_RISK
2,1.3,23.3,21.9,89.9,0.359,0.99,1.94,2.65,2.48,42.0,Colluvium,SAFE
1,5.3,78.8,27.3,76.8,0.197,3.83,3.82,6.11,5.75,35.0,Residual Soil,MODERATE_RISK
6,39.1,70.9,22.8,52.5,0.048,3.31,2.63,7.61,6.11,38.0,Sandy Loam,MODERATE_RISK
5,15.1,55.5,20.7,59.5,0.103,2.89,2.25,4.69,3.91,31.0,Laterite,MODERATE_RISK
3,9.0,87.5,25.8,89.2,0.004,4.22,3.29,5.65,5.34,28.0,Weathered Granite,HIGH_RISK
1,12.1,45.2,27.6,62.4,0.062,2.36,2.31,4.55,3.85,35.0,Residual Soil,MODERATE_RISK
5,48.2,42.1,24.8,71.1,0.111,1.86,2.05,6.37,4.75,31.0,Laterite,MODERATE_RISK
5,34.6,85.5,20.8,77.6,0.109,4.46,3.77,7.85,6.87,31.0,Laterite,HIGH_RISK
6,7.9,79.8,25.8,60.2,0.035,3.73,2.83,4.08,4.13,38.0,Sandy Loam,MODERATE_RISK
4,3.1,58.6,22.4,57.1,0.225,2.46,2.33,3.85,3.35,48.0,Clay Loam,MODERATE_RISK
6,7.3,29.8,27.0,67.6,0.053,1.74,1.51,3.31,2.59,38.0,Sandy Loam,SAFE
4,63.4,36.1,29.9,52.5,0.13,1.63,1.73,8.05,6.05,48.0,Clay Loam,MODERATE_RISK
4,21.8,69.2,13.6,56.5,0.048,3.81,3.63,7.76,6.45,48.0,Clay Loam,MODERATE_RISK
1,19.1,48.9,24.4,43.6,0.083,2.56,2.33,5.75,4.62,35.0,Residual Soil,MODERATE_RISK
1,22.7,82.7,17.1,57.6,0.035,4.29,3.72,7.47,6.29,35.0,Residual Soil,HIGH_RISK
3,11.4,91.2,33.8,58.6,0.15,4.77,4.03,6.92,6.43,28.0,Weathered Granite,HIGH_RISK
4,41.1,80.4,22.1,95.8,0.083,4.04,3.49,9.26,7.73,48.0,Clay Loam,HIGH_RISK
5,18.5,48.3,27.0,74.2,0.002,2.44,2.0,4.13,3.49,31.0,Laterite,MODERATE_RISK
2,3.1,79.2,23.9,85.7,0.004,4.22,3.35,4.68,4.97,42.0,Colluvium,MODERATE_RISK
3,3.5,46.4,20.8,42.6,0.096,2.34,2.15,3.34,2.97,28.0,Weathered Granite,SAFE
1,19.2,32.5,20.3,46.2,0.03,1.48,1.31,3.27,2.56,35.0,Residual Soil,SAFE
6,68.9,22.5,30.3,87.2,0.132,1.24,1.53,7.83,5.6,38.0,Sandy Loam,MODERATE_RISK
3,9.2,48.9,27.8,76.2,0.079,2.02,2.2,3.61,3.1,28.0,Weathered Granite,SAFE
3,50.9,87.8,31.8,51.1,0.159,4.65,3.52,9.54,7.62,28.0,Weathered Granite,HIGH_RISK
3,36.1,37.9,24.2,63.5,0.457,2.16,3.43,7.75,6.26,28.0,Weathered Granite,MODERATE_RISK
3,7.1,35.5,25.2,71.2,0.113,2.01,1.43,3.33,2.4,28.0,Weathered Granite,SAFE
2,0.9,92.7,22.9,88.9,0.232,4.87,4.68,6.49,5.89,42.0,Colluvium,HIGH_RISK
6,2.7,21.9,22.9,43.5,0.21,1.08,2.2,3.45,3.11,38.0,Sandy Loam,SAFE
6,32.6,78.9,19.8,74.6,0.382,3.92,4.27,8.85,7.53,38.0,Sandy Loam,MODERATE_RISK
6,5.6,44.1,24.3,81.6,0.036,1.96,1.73,3.16,2.49,38.0,Sandy Loam,SAFE
4,11.6,22.8,20.8,96.7,0.263,1.49,1.89,4.23,3.52,48.0,Clay Loam,MODERATE_RISK
5,17.4,88.8,25.8,86.8,0.354,4.34,4.73,8.62,7.57,31.0,Laterite,HIGH_RISK
6,32.3,30.5,24.7,56.0,0.075,1.59,1.61,4.93,3.73,38.0,Sandy Loam,MODERATE_RISK
3,3.0,61.4,25.2,81.2,0.056,3.12,2.46,4.28,3.61,28.0,Weathered Granite,MODERATE_RISK
3,13.0,40.6,30.7,84.3,0.456,1.76,2.74,5.57,4.76,28.0,Weathered Granite,MODERATE_RISK
6,16.6,24.9,23.8,82.3,0.148,0.9,0.83,2.71,2.01,38.0,Sandy Loam,SAFE
6,19.5,23.7,27.0,87.6,0.072,1.19,1.13,3.45,2.83,38.0,Sandy Loam,SAFE
3,42.6,28.7,32.2,92.4,0.235,1.34,1.65,6.21,4.29,28.0,Weathered Granite,MODERATE_RISK
4,4.7,25.4,29.2,45.7,0.054,1.25,1.2,1.35,1.43,48.0,Clay Loam,SAFE
1,41.2,77.0,28.6,46.1,0.029,4.06,3.12,7.8,5.99,35.0,Residual Soil,MODERATE_RISK
1,29.5,56.4,22.8,86.2,0.118,2.86,2.58,6.42,5.09,35.0,Residual Soil,MODERATE_RISK
6,20.3,45.7,24.9,54.6,0.125,2.44,2.33,4.97,3.93,38.0,Sandy Loam,MODERATE_RISK
2,30.1,51.4,18.7,43.4,0.262,2.66,2.94,6.67,5.29,42.0,Colluvium,MODERATE_RISK
6,13.3,89.7,26.0,63.3,0.092,4.42,3.89,7.09,6.2,38.0,Sandy Loam,HIGH_RISK
6,3.7,88.3,25.1,87.6,0.253,4.21,4.07,6.6,5.88,38.0,Sandy Loam,HIGH_RISK
1,27.4,73.7,24.1,47.3,0.056,3.74,2.92,6.81,5.84,35.0,Residual Soil,MODERATE_RISK
3,18.6,86.4,28.1,79.0,0.128,4.34,3.88,6.91,6.32,28.0,Weathered Granite,HIGH_RISK
6,25.5,44.0,19.2,40.2,0.035,2.38,1.96,4.27,3.7,38.0,Sandy Loam,MODERATE_RISK
3,10.3,48.6,30.5,46.4,0.073,2.4,2.45,4.9,4.32,28.0,Weathered Granite,MODERATE_RISK
3,59.3,66.0,27.6,60.3,0.292,3.24,3.81,10.09,7.99,28.0,Weathered Granite,MODERATE_RISK
2,22.1,66.8,23.7,44.8,0.036,3.29,2.33,4.86,4.34,42.0,Colluvium,MODERATE_RISK
3,2.2,56.1,23.4,89.1,0.249,2.62,3.03,4.27,4.02,28.0,Weathered Granite,MODERATE_RISK
1,14.9,50.0,25.9,90.1,0.05,2.79,2.63,5.71,5.16,35.0,Residual Soil,MODERATE_RISK
4,35.3,94.0,30.1,83.8,0.005,4.93,3.56,8.27,6.55,48.0,Clay Loam,HIGH_RISK
4,39.5,81.6,24.4,54.1,0.017,3.84,3.3,8.28,6.39,48.0,Clay Loam,HIGH_RISK
5,17.1,52.6,24.6,70.3,0.205,2.79,3.12,6.39,5.12,31.0,Laterite,MODERATE_RISK
6,56.3,74.5,,,0.046,3.36,2.54,8.29,6.0,38.0,Sandy Loam,MODERATE_RISK
1,7.8,40.2,31.1,56.3,0.159,2.21,2.17,4.39,3.39,35.0,Residual Soil,MODERATE_RISK
3,13.2,27.5,22.5,69.9,0.18,1.24,1.59,2.84,2.54,28.0,Weathered Granite,SAFE
4,57.2,46.4,23.9,82.6,0.063,2.39,2.27,7.44,5.77,48.0,Clay Loam,MODERATE_RISK
1,56.6,50.2,29.9,45.5,0.097,2.12,1.69,6.49,4.75,35.0,Residual Soil,MODERATE_RISK
4,28.9,21.2,24.6,57.2,0.078,0.82,1.24,4.38,2.97,48.0,Clay Loam,MODERATE_RISK
3,49.0,81.1,28.5,93.7,0.442,4.15,4.04,10.23,8.06,28.0,Weathered Granite,HIGH_RISK
4,2.3,46.9,20.4,64.9,0.058,2.2,2.33,3.44,3.4,48.0,Clay Loam,SAFE
6,50.1,63.5,23.2,94.5,0.03,3.01,2.66,7.88,5.99,38.0,Sandy Loam,MODERATE_RISK
6,9.7,25.5,29.9,97.5,0.068,1.55,1.26,3.3,2.45,38.0,Sandy Loam,SAFE
5,4.9,33.1,21.3,70.5,0.166,2.1,2.44,3.7,3.14,31.0,Laterite,SAFE
5,6.8,86.7,23.4,56.7,0.179,4.52,3.84,6.45,5.71,31.0,Laterite,HIGH_RISK
4,13.5,65.7,25.0,85.9,0.387,3.07,3.65,6.21,5.41,48.0,Clay Loam,MODERATE_RISK
1,7.2,91.3,20.0,49.2,0.32,4.92,4.97,8.58,7.62,35.0,Residual Soil,HIGH_RISK
6,9.7,94.9,22.3,54.6,0.051,4.43,3.77,6.75,6.03,38.0,Sandy Loam,HIGH_RISK
1,3.6,47.9,24.5,85.5,0.091,2.33,1.89,2.42,2.34,35.0,Residual Soil,SAFE
1,8.8,42.4,24.2,65.2,0.206,2.13,2.17,3.83,3.42,35.0,Residual Soil,SAFE
4,21.2,84.4,29.1,51.7,0.373,4.6,4.84,7.92,7.27,48.0,Clay Loam,HIGH_RISK
1,14.6,94.9,30.2,77.8,0.062,4.93,3.91,7.48,6.2,35.0,Residual Soil,HIGH_RISK
6,10.6,67.2,20.6,82.5,0.088,3.27,2.96,6.31,5.64,38.0,Sandy Loam,MODERATE_RISK
3,34.3,79.6,24.4,47.3,0.345,3.79,3.88,7.47,6.27,28.0,Weathered Granite,MODERATE_RISK
5,56.0,78.6,26.7,56.1,0.067,4.13,3.81,9.48,7.7,31.0,Laterite,MODERATE_RISK
3,35.3,46.7,30.1,52.8,0.098,2.23,2.55,6.73,5.09,28.0,Weathered Granite,MODERATE_RISK
1,10.1,63.1,26.9,62.0,0.352,3.2,3.53,6.09,5.44,35.0,Residual Soil,MODERATE_RISK
3,34.1,82.5,25.2,84.3,0.243,3.85,4.09,8.66,7.27,28.0,Weathered Granite,HIGH_RISK
6,4.1,71.6,26.7,81.4,0.042,3.69,3.01,3.97,4.22,38.0,Sandy Loam,MODERATE_RISK
6,3.5,21.6,26.7,78.4,0.059,1.18,0.84,1.7,1.39,38.0,Sandy Loam,SAFE
1,10.6,45.3,20.3,40.4,0.065,2.02,1.68,3.81,3.39,35.0,Residual Soil,SAFE
4,41.2,30.8,24.8,48.2,0.366,1.75,2.52,8.5,6.42,48.0,Clay Loam,MODERATE_RISK
3,7.1,37.5,29.8,53.0,1.027,1.99,4.14,7.43,6.9,28.0,Weathered Granite,MODERATE_RISK
4,1.6,87.9,23.2,55.8,0.223,4.54,4.49,6.21,5.61,48.0,Clay Loam,HIGH_RISK
4,3.5,22.8,24.5,48.5,0.099,1.06,1.17,2.03,1.9,48.0,Clay Loam,SAFE
2,48.9,36.5,23.0,63.8,0.002,1.86,1.79,6.89,4.49,42.0,Colluvium,MODERATE_RISK
1,25.1,43.2,14.7,44.4,0.179,2.17,2.46,5.35,4.43,35.0,Residual Soil,MODERATE_RISK
5,7.3,66.3,24.1,83.5,0.074,3.29,2.89,5.31,4.84,31.0,Laterite,MODERATE_RISK
6,20.3,60.1,25.2,85.7,0.15,3.04,2.78,6.15,5.37,38.0,Sandy Loam,MODERATE_RISK
6,18.7,36.4,22.0,73.3,0.14,2.07,2.53,5.91,4.96,38.0,Sandy Loam,MODERATE_RISK
1,26.6,32.3,19.4,45.2,0.098,1.83,2.41,6.14,4.83,35.0,Residual Soil,MODERATE_RISK
5,6.6,37.8,20.5,91.6,0.433,1.65,2.52,4.45,4.04,31.0,Laterite,MODERATE_RISK
6,50.0,57.7,27.1,96.0,0.004,3.08,2.79,7.87,6.62,38.0,Sandy Loam,MODERATE_RISK
1,9.3,40.3,31.9,51.7,0.187,2.25,2.15,3.32,3.08,35.0,Residual Soil,SAFE
6,29.6,91.1,29.5,80.9,0.079,4.52,3.68,8.0,6.83,38.0,Sandy Loam,HIGH_RISK
4,0.4,54.8,18.6,88.8,0.188,2.84,2.72,3.91,3.62,48.0,Clay Loam,SAFE
3,11.7,24.4,27.4,71.3,0.169,1.32,1.77,3.44,3.16,28.0,Weathered Granite,SAFE
3,10.8,74.7,21.3,58.8,0.002,3.57,2.54,5.23,4.59,28.0,Weathered Granite,MODERATE_RISK
6,19.6,44.7,21.7,67.8,0.05,2.16,2.34,5.76,4.5,38.0,Sandy Loam,MODERATE_RISK
2,1.9,69.0,22.2,69.7,0.031,3.6,3.25,4.41,4.43,42.0,Colluvium,MODERATE_RISK
5,39.0,41.0,26.8,63.2,0.027,1.95,1.84,5.77,4.55,31.0,Laterite,MODERATE_RISK
5,6.1,62.8,27.8,93.9,0.196,3.34,3.17,5.03,4.75,31.0,Laterite,MODERATE_RISK
5,28.3,77.9,23.6,83.1,0.041,4.16,3.7,7.97,6.62,31.0,Laterite,MODERATE_RISK
4,40.6,89.6,23.7,54.0,0.097,4.71,3.18,6.88,5.96,48.0,Clay Loam,HIGH_RISK
5,20.6,39.6,25.9,74.0,0.043,2.38,2.17,4.17,3.4,31.0,Laterite,MODERATE_RISK
3,33.8,45.1,26.3,79.9,0.13,2.24,2.23,5.99,4.71,28.0,Weathered Granite,MODERATE_RISK
4,27.1,54.8,28.7,48.1,0.191,2.78,2.23,5.91,4.68,48.0,Clay Loam,MODERATE_RISK
1,11.0,89.5,18.9,60.8,0.06,4.54,3.93,6.81,6.29,35.0,Residual Soil,HIGH_RISK
5,41.4,87.6,24.1,92.5,0.139,4.37,4.09,9.78,7.72,31.0,Laterite,HIGH_RISK
5,8.7,26.7,19.7,72.9,0.261,1.44,1.38,2.86,2.45,31.0,Laterite,SAFE
1,21.2,29.9,23.8,52.6,0.015,1.15,0.61,3.25,2.16,35.0,Residual Soil,SAFE
5,34.2,57.2,23.1,47.1,0.186,2.9,3.5,8.73,7.01,31.0,Laterite,MODERATE_RISK
1,11.9,28.0,23.8,70.1,0.059,1.12,1.02,2.1,1.85,35.0,Residual Soil,SAFE
4,9.0,45.9,20.8,71.8,0.02,2.1,2.03,4.21,3.29,48.0,Clay Loam,MODERATE_RISK
3,15.4,31.1,18.1,59.4,0.118,1.7,2.05,4.56,4.01,28.0,Weathered Granite,MODERATE_RISK
1,42.6,67.7,15.6,76.6,0.038,3.35,2.91,9.03,6.96,35.0,Residual Soil,MODERATE_RISK
2,66.5,91.2,23.5,44.0,0.258,4.7,4.84,12.18,9.56,42.0,Colluvium,HIGH_RISK
1,19.7,94.8,22.3,48.4,0.007,4.7,3.15,6.24,5.25,35.0,Residual Soil,HIGH_RISK
5,27.1,48.1,21.3,71.7,0.016,2.63,2.08,4.77,4.2,31.0,Laterite,MODERATE_RISK
4,58.4,64.9,29.3,43.6,0.11,3.2,1.97,7.14,5.35,48.0,Clay Loam,MODERATE_RISK
6,2.6,84.2,20.6,91.1,0.133,3.82,2.93,4.8,4.15,38.0,Sandy Loam,HIGH_RISK
4,6.6,28.8,29.7,48.2,0.196,1.49,1.62,3.06,2.49,48.0,Clay Loam,SAFE
6,30.9,71.7,30.5,79.1,0.045,3.15,2.46,6.43,5.21,38.0,Sandy Loam,MODERATE_RISK
1,43.4,50.7,16.2,62.7,0.277,2.24,2.64,7.69,6.08,35.0,Residual Soil,MODERATE_RISK
3,48.6,35.5,24.4,63.2,0.459,1.6,2.65,7.75,6.05,28.0,Weathered Granite,MODERATE_RISK
2,13.4,50.2,22.4,84.4,0.104,2.31,2.2,4.25,3.59,42.0,Colluvium,MODERATE_RISK
4,2.3,25.7,12.4,69.0,0.214,1.18,1.64,2.16,2.28,48.0,Clay Loam,SAFE
5,14.4,72.2,18.2,82.1,0.112,3.4,3.16,5.54,4.84,31.0,Laterite,MODERATE_RISK
6,6.6,39.0,27.1,69.3,0.011,1.67,1.08,2.12,1.64,38.0,Sandy Loam,SAFE
5,8.6,43.4,32.1,74.4,0.059,2.48,1.94,3.7,3.51,31.0,Laterite,SAFE
3,37.0,29.1,27.6,84.1,0.014,1.32,1.09,4.95,3.61,28.0,Weathered Granite,MODERATE_RISK
6,2.0,84.8,25.3,75.2,0.675,3.79,5.05,8.04,7.19,38.0,Sandy Loam,HIGH_RISK
4,43.9,57.0,23.9,75.7,0.039,2.78,2.02,7.32,5.43,48.0,Clay Loam,MODERATE_RISK
1,14.0,62.9,30.7,85.8,0.152,2.92,3.12,5.31,4.75,35.0,Residual Soil,MODERATE_RISK
5,22.7,62.7,32.6,95.0,0.05,2.96,2.74,5.81,4.79,31.0,Laterite,MODERATE_RISK
3,2.3,50.8,21.7,61.8,0.159,2.68,2.36,3.28,3.19,28.0,Weathered Granite,SAFE
4,10.3,34.4,16.0,73.5,0.035,1.63,1.35,3.49,2.58,48.0,Clay Loam,SAFE
4,2.3,75.9,15.6,45.0,0.231,3.56,4.14,6.14,5.93,48.0,Clay Loam,MODERATE_RISK
4,81.5,29.5,29.3,60.8,0.018,1.56,1.35,9.12,6.15,48.0,Clay Loam,HIGH_RISK
4,41.2,27.8,23.8,63.9,0.338,1.62,2.43,7.67,5.5,48.0,Clay Loam,MODERATE_RISK
6,15.4,73.3,24.7,88.4,0.275,3.77,3.66,6.93,5.94,38.0,Sandy Loam,MODERATE_RISK
4,6.3,35.7,16.8,69.8,0.17,1.29,1.45,2.83,2.3,48.0,Clay Loam,SAFE
5,67.7,43.0,21.0,82.4,0.01,1.93,2.03,8.48,5.5,31.0,Laterite,MODERATE_RISK
3,10.6,55.6,22.8,41.1,0.035,2.79,2.37,4.24,3.7,28.0,Weathered Granite,MODERATE_RISK
6,4.4,53.7,24.8,66.9,0.294,2.64,2.97,4.59,4.45,38.0,Sandy Loam,MODERATE_RISK
4,20.7,73.1,22.4,92.3,0.02,3.59,2.93,5.98,5.03,48.0,Clay Loam,MODERATE_RISK
2,72.0,66.8,19.9,53.0,0.025,3.14,3.35,11.7,8.84,42.0,Colluvium,HIGH_RISK
2,0.1,68.3,20.9,41.8,0.118,3.13,2.87,3.79,3.71,42.0,Colluvium,MODERATE_RISK
3,6.8,73.6,28.8,65.1,0.048,4.08,3.16,5.39,4.72,28.0,Weathered Granite,MODERATE_RISK
1,69.7,41.9,25.0,80.9,0.038,2.1,1.6,8.33,5.65,35.0,Residual Soil,MODERATE_RISK
1,4.7,44.2,26.4,66.4,0.129,2.34,2.49,3.97,3.37,35.0,Residual Soil,SAFE
6,3.0,52.8,20.4,66.7,0.07,2.64,1.89,3.28,3.1,38.0,Sandy Loam,SAFE
6,21.1,43.1,12.2,78.8,0.023,2.16,1.93,3.83,3.41,38.0,Sandy Loam,SAFE
6,49.5,93.9,21.9,54.8,0.115,4.68,3.87,10.43,8.14,38.0,Sandy Loam,HIGH_RISK
1,16.2,81.1,20.5,83.6,0.073,3.83,2.73,5.96,4.54,35.0,Residual Soil,HIGH_RISK
2,130.4,32.3,25.4,48.9,0.199,1.31,1.35,12.41,8.22,42.0,Colluvium,HIGH_RISK
1,28.4,20.4,37.1,63.0,0.016,1.1,0.94,3.24,2.23,35.0,Residual Soil,SAFE
5,1.9,23.2,26.8,78.0,0.145,1.2,1.81,3.26,2.89,31.0,Laterite,SAFE
4,123.5,38.3,34.9,88.0,0.086,2.1,2.21,12.62,8.37,48.0,Clay Loam,HIGH_RISK
6,13.1,28.6,26.3,85.9,0.078,1.58,1.41,2.66,2.32,38.0,Sandy Loam,SAFE
2,8.5,60.0,21.5,81.9,0.04,2.84,2.68,4.67,4.12,42.0,Colluvium,MODERATE_RISK
3,20.4,84.3,25.4,60.8,0.005,4.44,3.46,7.58,5.8,28.0,Weathered Granite,HIGH_RISK
3,9.1,75.3,31.1,47.1,0.282,3.92,3.54,6.36,5.91,28.0,Weathered Granite,MODERATE_RISK
4,2.3,36.2,31.3,52.6,0.059,1.95,1.74,2.47,2.29,48.0,Clay Loam,SAFE
2,0.0,49.9,21.7,90.2,0.171,2.94,2.41,2.77,2.82,42.0,Colluvium,SAFE
1,14.9,58.1,25.0,89.7,0.442,3.31,4.21,7.53,6.73,35.0,Residual Soil,MODERATE_RISK
1,45.3,80.8,18.3,95.2,0.125,4.18,3.96,9.69,7.78,35.0,Residual Soil,HIGH_RISK
5,21.2,82.9,27.3,44.4,0.076,4.26,3.37,6.71,5.78,31.0,Laterite,HIGH_RISK
5,178.5,88.2,30.2,71.1,0.047,4.63,3.89,21.02,14.33,31.0,Laterite,HIGH_RISK
1,8.5,58.2,24.2,77.6,0.408,2.79,3.5,5.86,5.24,35.0,Residual Soil,MODERATE_RISK
3,8.2,72.1,21.3,81.2,0.172,3.49,3.57,4.87,4.33,28.0,Weathered Granite,MODERATE_RISK
6,4.4,28.4,25.4,77.3,0.164,1.55,1.36,2.19,1.95,38.0,Sandy Loam,SAFE
3,4.5,62.4,25.7,84.7,0.083,2.95,2.79,4.77,4.55,28.0,Weathered Granite,MODERATE_RISK
5,8.4,38.7,24.3,60.8,0.28,2.05,2.08,3.99,3.13,31.0,Laterite,SAFE
4,39.4,52.4,24.7,50.4,0.188,2.65,2.92,7.44,5.85,48.0,Clay Loam,MODERATE_RISK
1,59.0,67.6,23.3,51.9,0.05,3.21,3.04,9.11,6.56,35.0,Residual Soil,MODERATE_RISK
5,92.3,39.3,28.0,40.7,0.137,1.97,1.79,9.07,6.34,31.0,Laterite,HIGH_RISK
5,6.6,23.9,26.9,60.3,0.084,1.46,1.79,3.26,2.94,31.0,Laterite,SAFE
6,53.3,20.8,20.1,45.3,0.001,1.06,0.38,4.66,3.06,38.0,Sandy Loam,MODERATE_RISK
1,9.9,21.7,20.0,58.6,0.247,1.1,1.95,3.84,3.16,35.0,Residual Soil,SAFE
6,3.0,20.6,23.0,76.4,0.02,1.1,1.37,2.54,1.78,38.0,Sandy Loam,SAFE
1,51.0,28.3,26.9,91.9,0.107,1.51,1.63,7.15,4.86,35.0,Residual Soil,MODERATE_RISK
6,25.3,38.0,24.6,88.7,0.061,1.83,1.59,3.93,3.4,38.0,Sandy Loam,SAFE
3,4.5,36.6,21.4,54.7,0.063,1.9,1.8,2.41,2.52,28.0,Weathered Granite,SAFE
4,14.0,94.0,25.0,47.8,0.097,4.49,3.7,6.38,5.66,48.0,Clay Loam,HIGH_RISK
4,8.5,43.0,22.7,51.2,0.873,1.99,5.0,7.81,7.22,48.0,Clay Loam,MODERATE_RISK
1,33.4,29.6,27.5,96.3,0.079,1.35,1.14,3.97,2.75,35.0,Residual Soil,SAFE
2,15.1,60.9,25.3,71.9,0.03,3.14,3.0,6.43,5.62,42.0,Colluvium,MODERATE_RISK
5,113.4,84.3,22.7,50.6,0.143,4.25,3.61,14.56,10.4,31.0,Laterite,HIGH_RISK
5,1.4,70.9,24.9,88.8,0.04,3.52,3.42,6.23,5.54,31.0,Laterite,MODERATE_RISK
1,11.0,42.2,29.3,62.9,0.017,2.25,2.45,4.55,3.69,35.0,Residual Soil,MODERATE_RISK
6,16.4,62.1,21.7,92.2,0.008,3.18,2.68,4.75,4.15,38.0,Sandy Loam,MODERATE_RISK
2,17.5,73.6,25.6,55.1,0.003,3.62,2.99,5.48,5.03,42.0,Colluvium,MODERATE_RISK
3,9.5,74.6,23.7,62.8,0.085,3.52,2.78,5.44,4.46,28.0,Weathered Granite,MODERATE_RISK
6,32.7,70.0,25.7,69.3,0.083,3.34,2.6,5.95,5.02,38.0,Sandy Loam,MODERATE_RISK
6,51.9,85.3,21.4,91.8,0.031,3.97,3.36,9.47,7.15,38.0,Sandy Loam,HIGH_RISK
1,69.8,85.3,24.4,90.4,0.23,4.29,4.56,12.25,9.45,35.0,Residual Soil,HIGH_RISK
1,40.9,63.4,28.4,73.3,0.021,3.0,2.3,6.26,4.9,35.0,Residual Soil,MODERATE_RISK
5,47.5,52.2,20.3,52.9,0.37,2.51,3.78,10.16,8.18,31.0,Laterite,MODERATE_RISK
1,20.0,68.1,18.7,63.4,0.133,3.38,2.92,5.69,4.81,35.0,Residual Soil,MODERATE_RISK
1,43.7,81.4,18.8,96.6,0.004,4.28,3.5,8.33,6.87,35.0,Residual Soil,HIGH_RISK
1,9.0,20.4,19.3,75.3,0.494,1.21,2.52,4.46,4.16,35.0,Residual Soil,MODERATE_RISK
5,12.7,94.4,26.4,85.3,0.055,4.71,3.9,6.61,5.76,31.0,Laterite,HIGH_RISK
3,9.5,33.7,18.4,66.1,0.09,1.94,1.21,3.68,2.51,28.0,Weathered Granite,SAFE
3,15.7,55.3,22.8,70.9,0.05,2.36,1.85,4.56,3.59,28.0,Weathered Granite,MODERATE_RISK
1,8.4,85.4,26.5,64.9,0.196,4.65,4.37,6.93,6.6,35.0,Residual Soil,HIGH_RISK
5,81.5,36.9,25.7,80.8,0.1,1.98,1.86,9.07,6.21,31.0,Laterite,HIGH_RISK
3,9.4,55.8,22.5,89.4,0.021,2.81,2.5,3.49,3.55,28.0,Weathered Granite,MODERATE_RISK
6,2.6,29.9,24.8,69.4,0.017,1.32,1.33,2.27,1.97,38.0,Sandy Loam,SAFE
3,18.7,49.6,24.4,67.9,0.194,2.39,2.42,4.75,4.41,28.0,Weathered Granite,MODERATE_RISK
3,1.5,33.3,23.1,59.7,0.041,1.79,1.27,2.07,2.33,28.0,Weathered Granite,SAFE
5,2.9,47.3,23.2,50.3,0.022,2.49,2.52,3.03,3.28,31.0,Laterite,SAFE
6,6.2,48.0,32.9,94.5,0.104,2.53,1.93,3.38,2.66,38.0,Sandy Loam,SAFE
5,15.6,94.5,27.2,58.3,0.244,4.58,4.22,8.43,6.69,31.0,Laterite,HIGH_RISK
1,14.2,94.6,33.9,86.4,0.049,4.54,3.52,6.44,5.64,35.0,Residual Soil,HIGH_RISK
4,40.2,28.6,22.0,81.5,0.049,1.47,1.55,5.15,4.05,48.0,Clay Loam,MODERATE_RISK
3,33.6,74.4,23.7,85.9,0.269,3.87,4.3,9.13,7.73,28.0,Weathered Granite,MODERATE_RISK
4,13.9,23.9,18.7,94.3,0.024,1.2,0.98,2.55,1.88,48.0,Clay Loam,SAFE
5,10.2,22.3,20.8,76.2,0.144,1.41,1.63,4.36,3.13,31.0,Laterite,MODERATE_RISK
5,9.5,27.9,31.6,92.1,0.465,1.4,2.64,4.55,4.24,31.0,Laterite,MODERATE_RISK
5,37.2,92.4,21.9,49.7,0.276,4.62,5.07,9.98,8.89,31.0,Laterite,HIGH_RISK
4,1.3,90.6,31.7,76.3,0.01,4.66,3.23,4.96,4.46,48.0,Clay Loam,HIGH_RISK
5,0.3,34.5,19.0,84.8,0.058,1.97,1.97,3.08,3.0,31.0,Laterite,SAFE
1,39.7,32.1,19.8,55.8,0.023,1.34,1.25,5.33,4.34,35.0,Residual Soil,MODERATE_RISK
5,16.2,38.0,22.6,83.0,0.447,1.68,2.57,5.53,4.57,31.0,Laterite,MODERATE_RISK
2,3.5,58.7,23.7,85.2,0.64,2.87,4.31,7.72,6.75,42.0,Colluvium,MODERATE_RISK
4,6.7,62.7,27.7,88.2,0.04,3.77,3.36,5.28,4.96,48.0,Clay Loam,MODERATE_RISK
2,67.4,36.6,25.8,58.1,0.166,1.78,2.1,8.2,5.91,42.0,Colluvium,MODERATE_RISK
5,49.1,76.7,22.3,79.5,0.276,3.81,4.52,9.78,8.4,31.0,Laterite,MODERATE_RISK
1,30.9,43.2,23.5,57.6,0.04,2.28,1.98,5.77,4.37,35.0,Residual Soil,MODERATE_RISK
3,16.5,89.2,22.7,82.9,0.031,4.66,3.83,6.62,5.88,28.0,Weathered Granite,HIGH_RISK
6,18.4,69.3,20.3,66.9,0.002,3.5,2.75,6.04,4.71,38.0,Sandy Loam,MODERATE_RISK
6,92.5,52.7,20.4,74.7,0.08,2.87,2.7,11.2,8.02,38.0,Sandy Loam,HIGH_RISK
5,84.4,79.2,28.1,64.1,0.345,3.72,4.0,13.61,9.96,31.0,Laterite,HIGH_RISK
1,6.1,81.3,16.7,49.4,0.35,3.91,4.18,6.04,5.78,35.0,Residual Soil,HIGH_RISK
4,41.7,41.8,30.5,50.3,0.021,2.32,1.92,6.73,4.67,48.0,Clay Loam,MODERATE_RISK
2,5.5,45.5,22.6,44.5,0.034,2.28,1.89,3.73,3.38,42.0,Colluvium,SAFE
2,6.0,90.2,20.9,75.8,0.079,4.26,3.46,5.93,5.11,42.0,Colluvium,HIGH_RISK
2,28.2,32.4,27.0,89.2,0.228,1.36,1.9,4.55,4.04,42.0,Colluvium,MODERATE_RISK
4,13.0,23.2,29.9,41.2,0.142,1.0,1.14,3.02,2.66,48.0,Clay Loam,SAFE
6,67.0,54.1,28.5,43.8,0.108,2.71,2.68,9.44,7.11,38.0,Sandy Loam,MODERATE_RISK
1,2.3,80.1,26.0,66.5,0.134,4.1,3.72,4.85,4.46,35.0,Residual Soil,HIGH_RISK
4,17.9,77.9,28.3,82.8,0.015,3.83,2.99,6.7,5.39,48.0,Clay Loam,MODERATE_RISK
2,62.7,89.0,17.1,49.1,0.097,4.53,4.38,11.41,8.86,42.0,Colluvium,HIGH_RISK
5,58.6,60.0,21.9,55.8,0.725,2.91,4.47,12.13,9.36,31.0,Laterite,HIGH_RISK
3,4.3,27.5,,,0.014,1.62,1.52,2.59,2.63,28.0,Weathered Granite,SAFE
4,11.4,64.2,28.9,63.1,0.11,3.72,3.1,6.05,5.15,48.0,Clay Loam,MODERATE_RISK
4,24.1,78.4,22.5,53.0,0.053,3.84,2.62,5.43,4.44,48.0,Clay Loam,MODERATE_RISK
1,4.3,27.0,27.4,60.5,0.116,1.45,1.34,2.46,2.0,35.0,Residual Soil,SAFE
1,86.1,32.9,26.1,82.3,0.128,1.72,1.12,8.64,5.64,35.0,Residual Soil,HIGH_RISK
4,61.6,20.9,20.6,75.4,0.129,1.07,1.17,6.52,4.6,48.0,Clay Loam,MODERATE_RISK
2,4.6,64.5,21.7,44.7,0.287,3.36,3.99,5.92,5.22,42.0,Colluvium,MODERATE_RISK
3,3.2,86.5,29.2,77.0,0.074,4.42,3.49,3.96,4.14,28.0,Weathered Granite,HIGH_RISK
1,2.2,70.3,20.9,67.7,0.109,3.42,2.43,3.4,3.34,35.0,Residual Soil,MODERATE_RISK
2,60.0,93.7,24.5,94.2,0.002,4.95,4.42,11.78,8.93,42.0,Colluvium,HIGH_RISK
5,5.4,24.7,20.9,56.8,0.234,1.28,1.58,2.1,1.77,31.0,Laterite,SAFE
1,13.5,87.7,22.7,82.1,0.045,4.31,3.58,5.86,5.3,35.0,Residual Soil,HIGH_RISK
2,14.9,81.1,23.8,82.4,0.254,4.54,4.63,7.42,7.06,42.0,Colluvium,HIGH_RISK
2,22.8,43.6,20.9,52.8,0.046,2.16,2.02,4.96,4.23,42.0,Colluvium,MODERATE_RISK
3,1.9,93.0,20.2,92.4,0.002,4.7,3.99,5.69,5.29,28.0,Weathered Granite,HIGH_RISK
3,6.4,41.6,25.1,68.5,0.025,2.12,2.04,4.18,3.81,28.0,Weathered Granite,MODERATE_RISK
5,67.0,86.7,20.6,79.4,0.637,4.31,4.84,12.99,10.15,31.0,Laterite,HIGH_RISK
2,59.8,86.1,20.8,48.5,0.058,4.39,3.26,9.77,7.43,42.0,Colluvium,HIGH_RISK
6,38.0,76.8,20.2,55.0,0.017,3.67,3.34,8.2,6.61,38.0,Sandy Loam,MODERATE_RISK
2,0.5,62.3,23.7,74.0,0.019,3.23,2.41,3.27,3.33,42.0,Colluvium,MODERATE_RISK
3,9.9,29.0,27.8,58.5,0.056,1.1,0.85,1.69,1.32,28.0,Weathered Granite,SAFE
6,24.7,59.9,30.0,69.0,0.006,2.74,1.83,5.08,3.88,38.0,Sandy Loam,MODERATE_RISK
1,8.0,46.8,21.1,61.7,0.107,2.71,2.37,4.65,3.73,35.0,Residual Soil,MODERATE_RISK
1,60.1,79.4,32.6,77.2,0.036,3.72,2.98,9.63,7.34,35.0,Residual Soil,MODERATE_RISK
4,25.1,76.9,20.0,68.3,0.11,3.45,2.81,5.99,5.19,48.0,Clay Loam,MODERATE_RISK
3,1.9,88.3,28.3,40.3,0.023,4.17,3.09,4.59,4.5,28.0,Weathered Granite,HIGH_RISK
4,59.9,21.1,21.1,77.7,0.084,1.4,1.47,6.53,4.38,48.0,Clay Loam,MODERATE_RISK
6,79.1,80.7,20.5,64.5,0.137,3.68,3.11,11.38,8.31,38.0,Sandy Loam,HIGH_RISK
3,2.0,90.4,21.0,59.8,0.01,4.33,3.31,4.14,4.39,28.0,Weathered Granite,HIGH_RISK
5,19.0,79.2,23.8,45.5,0.076,3.67,2.51,4.18,3.81,31.0,Laterite,MODERATE_RISK
2,9.0,29.8,26.3,52.8,0.054,1.44,1.9,2.57,2.5,42.0,Colluvium,SAFE
5,12.5,26.1,26.7,53.0,0.041,1.22,1.38,2.0,1.89,31.0,Laterite,SAFE
6,5.0,21.6,20.2,94.3,0.139,0.98,1.05,2.65,2.22,38.0,Sandy Loam,SAFE
3,21.6,67.2,20.0,65.1,0.133,3.73,3.11,6.79,5.69,28.0,Weathered Granite,MODERATE_RISK
6,79.2,67.2,20.3,42.4,0.149,3.12,2.95,10.16,7.46,38.0,Sandy Loam,HIGH_RISK
2,17.5,94.0,23.6,48.1,0.026,4.68,3.82,7.08,6.33,42.0,Colluvium,HIGH_RISK
1,2.2,49.9,23.2,44.6,0.05,2.56,1.82,3.64,2.85,35.0,Residual Soil,SAFE
1,24.2,44.9,20.2,74.2,0.035,2.05,0.98,3.66,2.95,35.0,Residual Soil,SAFE
6,10.4,66.8,25.1,50.8,0.117,3.44,2.95,6.31,5.08,38.0,Sandy Loam,MODERATE_RISK
4,48.4,81.9,33.1,68.9,0.093,4.02,3.03,8.36,6.64,48.0,Clay Loam,HIGH_RISK
3,14.3,90.3,22.0,61.5,0.06,4.59,3.9,6.67,5.92,28.0,Weathered Granite,HIGH_RISK
3,5.4,80.2,22.3,86.6,0.231,3.99,3.94,5.8,5.35,28.0,Weathered Granite,HIGH_RISK
1,5.3,52.0,,,0.015,2.19,1.51,2.7,2.65,35.0,Residual Soil,SAFE
5,36.6,67.6,21.8,66.6,0.553,3.64,4.41,10.01,8.36,31.0,Laterite,MODERATE_RISK
2,7.7,84.2,26.7,81.8,0.019,4.62,4.28,7.09,6.38,42.0,Colluvium,HIGH_RISK
5,36.4,56.8,21.1,65.1,0.222,2.8,3.14,7.44,6.38,31.0,Laterite,MODERATE_RISK
5,5.8,36.3,31.3,86.0,0.069,1.64,1.38,3.16,2.78,31.0,Laterite,SAFE
6,9.7,32.7,25.4,78.4,0.301,1.94,3.14,5.75,4.86,38.0,Sandy Loam,MODERATE_RISK
1,15.7,20.0,21.5,63.8,0.012,1.38,0.78,2.37,1.36,35.0,Residual Soil,SAFE
1,71.7,73.9,21.6,69.2,0.07,3.66,2.89,9.69,7.28,35.0,Residual Soil,HIGH_RISK
1,67.1,28.3,21.9,96.1,0.061,1.37,1.25,7.12,5.17,35.0,Residual Soil,MODERATE_RISK
6,5.8,38.3,29.5,78.4,0.748,1.9,3.3,5.65,5.16,38.0,Sandy Loam,MODERATE_RISK
4,11.1,42.3,18.9,92.5,0.636,1.78,3.87,6.3,6.03,48.0,Clay Loam,MODERATE_RISK
5,4.0,62.0,21.3,50.4,0.032,3.04,2.58,3.57,3.31,31.0,Laterite,MODERATE_RISK
6,17.8,49.8,21.8,68.0,0.149,2.83,2.47,4.89,4.15,38.0,Sandy Loam,MODERATE_RISK
3,15.4,70.6,23.9,92.7,0.115,3.5,3.28,6.13,5.3,28.0,Weathered Granite,MODERATE_RISK
2,57.8,24.2,,58.7,0.025,1.0,0.92,6.69,4.52,42.0,Colluvium,MODERATE_RISK
4,66.5,29.3,18.0,96.1,0.028,1.56,1.24,6.6,4.73,48.0,Clay Loam,MODERATE_RISK
3,12.1,57.4,22.4,45.6,0.68,2.74,3.87,6.89,6.4,28.0,Weathered Granite,MODERATE_RISK
5,16.9,45.3,23.6,92.4,0.09,2.25,1.64,3.67,3.39,31.0,Laterite,SAFE
1,56.6,42.2,21.5,65.8,0.02,1.86,2.2,7.71,6.06,35.0,Residual Soil,MODERATE_RISK
5,41.1,25.0,26.7,44.3,0.036,1.04,0.53,4.85,3.31,31.0,Laterite,MODERATE_RISK
6,0.1,87.2,27.7,91.0,0.047,4.51,4.26,6.44,5.93,38.0,Sandy Loam,HIGH_RISK
2,9.6,71.9,23.7,54.6,0.107,3.62,2.96,4.75,4.38,42.0,Colluvium,MODERATE_RISK
6,13.7,29.1,24.9,41.3,0.061,1.3,1.46,3.73,3.1,38.0,Sandy Loam,SAFE
4,6.5,24.9,15.4,47.9,0.091,1.27,1.43,3.07,2.58,48.0,Clay Loam,SAFE
4,5.6,93.1,22.3,78.2,0.027,4.53,3.9,5.8,5.25,48.0,Clay Loam,HIGH_RISK
2,1.0,71.1,28.0,96.7,0.059,3.4,3.12,4.16,3.96,42.0,Colluvium,MODERATE_RISK
3,25.8,51.3,22.3,46.5,0.011,2.8,1.79,4.95,4.04,28.0,Weathered Granite,MODERATE_RISK
3,7.6,72.6,21.1,66.8,0.331,3.79,3.82,6.32,5.65,28.0,Weathered Granite,MODERATE_RISK
4,1.3,76.7,33.1,50.5,0.033,3.83,2.75,3.99,3.77,48.0,Clay Loam,MODERATE_RISK
4,6.6,78.5,31.3,83.2,0.212,3.95,3.85,6.83,6.01,48.0,Clay Loam,MODERATE_RISK
1,40.5,55.8,25.9,46.8,0.065,2.79,2.03,5.99,4.43,35.0,Residual Soil,MODERATE_RISK
3,47.7,52.2,28.6,53.9,0.096,2.71,1.86,6.82,4.99,28.0,Weathered Granite,MODERATE_RISK
2,16.5,20.8,15.1,51.4,0.052,0.88,0.79,3.09,2.16,42.0,Colluvium,SAFE
3,13.4,89.5,20.8,72.0,0.179,4.65,3.59,6.29,5.43,28.0,Weathered Granite,HIGH_RISK
1,95.3,65.2,22.1,90.6,0.279,3.33,3.58,12.08,8.83,35.0,Residual Soil,HIGH_RISK
6,5.6,35.2,23.1,69.6,0.051,1.71,1.14,1.96,1.73,38.0,Sandy Loam,SAFE
4,6.1,89.0,22.0,43.4,0.042,4.35,3.35,5.61,5.16,48.0,Clay Loam,HIGH_RISK
4,8.6,88.6,13.8,72.7,0.172,4.6,3.51,6.45,5.85,48.0,Clay Loam,HIGH_RISK
1,4.7,94.2,25.5,86.3,0.033,4.68,4.34,6.63,5.87,35.0,Residual Soil,HIGH_RISK
2,11.9,85.6,26.2,47.7,0.153,4.14,3.33,6.81,6.07,42.0,Colluvium,HIGH_RISK
4,60.4,94.8,30.4,44.2,0.015,4.66,3.66,9.67,7.69,48.0,Clay Loam,HIGH_RISK
5,23.9,38.4,20.8,50.9,0.145,2.07,1.55,4.32,3.14,31.0,Laterite,MODERATE_RISK
4,13.3,83.2,20.5,83.3,0.108,3.84,3.15,5.67,4.9,48.0,Clay Loam,HIGH_RISK
5,68.1,81.7,13.3,74.3,0.018,4.01,3.79,11.81,8.61,31.0,Laterite,HIGH_RISK
1,1.2,37.3,22.8,71.4,0.157,2.08,2.22,2.69,2.4,35.0,Residual Soil,SAFE
1,5.9,27.4,27.6,54.5,0.089,1.34,1.12,2.36,2.32,35.0,Residual Soil,SAFE
4,20.9,93.5,21.6,59.3,0.037,4.73,3.88,7.37,6.22,48.0,Clay Loam,HIGH_RISK
3,23.9,42.2,32.6,96.0,0.065,2.33,1.89,5.51,4.36,28.0,Weathered Granite,MODERATE_RISK
5,1.0,85.3,23.0,54.0,0.102,4.44,3.83,5.41,5.14,31.0,Laterite,HIGH_RISK
2,12.9,20.3,24.6,92.3,0.014,0.93,1.01,2.75,2.16,42.0,Colluvium,SAFE
4,26.2,21.6,18.5,73.7,0.474,1.05,2.16,4.92,4.11,48.0,Clay Loam,MODERATE_RISK
2,29.9,54.9,25.1,47.2,0.164,2.93,2.9,6.84,5.14,42.0,Colluvium,MODERATE_RISK
4,25.4,37.9,16.1,67.1,0.016,2.08,1.78,4.52,3.87,48.0,Clay Loam,MODERATE_RISK
3,9.7,71.7,26.8,95.0,0.26,3.57,3.54,5.89,5.28,28.0,Weathered Granite,MODERATE_RISK
3,2.5,62.4,26.9,64.3,0.058,3.11,2.44,2.87,2.84,28.0,Weathered Granite,MODERATE_RISK
3,13.9,25.8,29.4,90.1,0.136,1.34,1.32,3.3,2.73,28.0,Weathered Granite,SAFE
6,3.4,32.2,19.9,54.9,0.049,1.88,1.86,2.52,2.3,38.0,Sandy Loam,SAFE
3,73.7,49.1,24.6,73.1,0.198,2.67,2.96,9.78,7.39,28.0,Weathered Granite,HIGH_RISK
1,16.1,33.9,26.3,88.9,0.193,1.83,1.7,3.06,2.65,35.0,Residual Soil,SAFE
1,9.5,79.4,25.8,93.4,0.12,3.75,3.28,5.15,4.87,35.0,Residual Soil,MODERATE_RISK
6,36.3,51.2,20.5,68.2,0.041,2.51,1.91,6.02,4.52,38.0,Sandy Loam,MODERATE_RISK
5,17.2,27.0,14.4,77.1,0.044,1.31,1.42,3.73,2.74,31.0,Laterite,SAFE
2,9.3,56.3,25.4,40.2,0.072,3.1,2.55,4.9,4.29,42.0,Colluvium,MODERATE_RISK
4,41.8,26.8,23.4,54.7,0.024,1.29,1.76,5.47,4.11,48.0,Clay Loam,MODERATE_RISK
4,50.5,29.7,21.7,56.2,0.062,1.74,1.64,6.61,4.42,48.0,Clay Loam,MODERATE_RISK
6,27.9,38.0,27.1,45.4,0.173,1.79,2.31,5.39,4.43,38.0,Sandy Loam,MODERATE_RISK
1,1.2,84.5,23.8,56.2,0.267,4.13,3.8,6.27,5.55,35.0,Residual Soil,HIGH_RISK
4,20.9,89.3,18.7,58.6,0.061,4.56,3.83,7.63,6.56,48.0,Clay Loam,HIGH_RISK
1,36.0,82.0,16.3,96.2,0.04,4.41,3.83,8.3,6.72,35.0,Residual Soil,HIGH_RISK
5,3.7,45.1,19.5,78.8,0.268,2.21,2.26,4.21,3.41,31.0,Laterite,MODERATE_RISK
2,6.5,40.4,33.6,64.7,0.332,1.51,2.21,4.09,3.8,42.0,Colluvium,MODERATE_RISK
5,53.5,61.2,26.9,97.3,0.079,2.75,2.75,7.71,6.17,31.0,Laterite,MODERATE_RISK
6,0.5,74.1,24.8,48.9,0.004,3.76,2.92,3.58,3.61,38.0,Sandy Loam,MODERATE_RISK
3,34.9,94.5,23.3,67.6,0.178,4.43,3.82,7.85,6.71,28.0,Weathered Granite,HIGH_RISK
3,16.1,29.9,23.0,77.5,0.23,1.32,2.29,5.55,4.64,28.0,Weathered Granite,MODERATE_RISK
3,14.8,23.7,28.7,43.2,0.003,1.19,0.61,1.59,1.26,28.0,Weathered Granite,SAFE
5,0.2,72.1,22.0,81.6,0.136,3.12,2.95,5.38,4.46,31.0,Laterite,MODERATE_RISK
4,42.8,82.4,26.3,45.8,0.133,4.04,3.42,8.02,6.58,48.0,Clay Loam,HIGH_RISK
2,11.2,83.5,22.6,48.1,0.071,3.94,3.08,4.93,4.7,42.0,Colluvium,HIGH_RISK
3,19.5,70.9,31.8,49.3,0.208,3.25,3.45,7.17,6.15,28.0,Weathered Granite,MODERATE_RISK
6,28.3,91.6,27.0,93.9,0.084,4.42,3.73,8.32,6.87,38.0,Sandy Loam,HIGH_RISK
6,30.3,58.3,29.0,79.6,0.169,2.7,2.79,6.89,5.64,38.0,Sandy Loam,MODERATE_RISK
3,78.1,88.5,21.7,78.0,0.109,4.52,3.27,11.49,8.48,28.0,Weathered Granite,HIGH_RISK
3,18.9,92.6,28.2,72.2,0.043,4.87,4.18,7.38,6.73,28.0,Weathered Granite,HIGH_RISK
2,12.8,83.5,22.7,57.0,0.14,4.1,3.48,6.66,6.01,42.0,Colluvium,HIGH_RISK
3,76.8,43.2,24.4,76.0,0.2,2.04,1.67,8.77,5.84,28.0,Weathered Granite,HIGH_RISK
2,25.7,34.7,30.5,63.8,0.547,1.65,3.53,7.17,6.29,42.0,Colluvium,MODERATE_RISK
6,8.9,61.1,19.8,48.4,0.072,2.83,2.66,4.75,4.63,38.0,Sandy Loam,MODERATE_RISK
3,3.4,54.0,24.8,80.0,0.01,2.44,2.05,3.88,3.46,28.0,Weathered Granite,SAFE
5,46.2,85.8,25.8,47.5,0.663,3.96,5.53,12.19,10.28,31.0,Laterite,HIGH_RISK
5,11.2,27.5,26.1,51.1,0.147,1.11,1.4,1.92,1.72,31.0,Laterite,SAFE
6,27.0,39.3,22.2,87.4,0.439,2.29,2.91,6.97,5.54,38.0,Sandy Loam,MODERATE_RISK
2,15.9,76.4,32.3,78.3,0.016,3.68,2.94,6.09,5.08,42.0,Colluvium,MODERATE_RISK
5,5.5,27.1,18.8,76.6,0.063,0.77,0.6,1.15,0.91,31.0,Laterite,SAFE
2,23.0,44.1,29.8,64.3,0.022,2.09,1.59,4.28,3.1,42.0,Colluvium,MODERATE_RISK
5,1.6,49.0,28.9,63.0,0.271,2.13,2.14,3.39,3.07,31.0,Laterite,SAFE
5,13.3,66.7,31.6,80.0,0.318,3.35,3.34,5.08,4.89,31.0,Laterite,MODERATE_RISK
2,19.8,31.9,17.6,82.9,0.104,1.59,1.85,4.16,3.16,42.0,Colluvium,MODERATE_RISK
4,14.3,84.5,20.5,69.6,0.031,4.24,3.58,6.33,5.62,48.0,Clay Loam,HIGH_RISK
5,34.5,53.6,30.0,96.2,0.02,2.67,2.05,5.76,4.51,31.0,Laterite,MODERATE_RISK
3,44.0,88.8,16.5,95.4,0.133,4.37,3.59,8.64,6.92,28.0,Weathered Granite,HIGH_RISK
6,36.9,55.1,17.6,63.9,0.106,2.46,2.16,6.52,5.09,38.0,Sandy Loam,MODERATE_RISK
4,1.0,40.6,22.0,87.6,0.178,2.02,1.64,2.14,2.18,48.0,Clay Loam,SAFE
2,5.4,30.6,24.8,71.5,0.055,1.73,1.59,3.27,2.68,42.0,Colluvium,SAFE
4,19.2,20.3,30.4,69.7,0.077,1.38,1.62,4.27,3.58,48.0,Clay Loam,MODERATE_RISK
1,68.3,59.9,23.3,43.2,0.003,2.95,3.08,10.76,8.11,35.0,Residual Soil,MODERATE_RISK
1,45.0,28.0,21.6,73.3,0.141,1.37,1.19,6.25,4.66,35.0,Residual Soil,MODERATE_RISK
5,46.2,49.4,25.2,92.2,0.083,2.57,2.58,8.44,6.34,31.0,Laterite,MODERATE_RISK
5,9.0,64.2,25.9,85.2,0.378,3.51,3.73,5.72,5.23,31.0,Laterite,MODERATE_RISK
3,14.0,40.7,25.8,85.6,0.154,1.94,1.68,3.81,3.08,28.0,Weathered Granite,SAFE
6,15.9,33.1,23.3,49.3,0.076,1.79,1.32,2.89,2.63,38.0,Sandy Loam,SAFE
4,4.3,78.1,16.2,60.8,0.046,3.74,3.17,6.74,5.6,48.0,Clay Loam,MODERATE_RISK
1,0.8,91.0,20.3,53.5,0.354,4.62,4.48,7.09,6.48,35.0,Residual Soil,HIGH_RISK
5,73.4,27.5,29.7,58.3,0.002,1.57,1.08,8.2,5.85,31.0,Laterite,HIGH_RISK
6,6.9,31.7,24.7,73.6,0.059,1.33,1.11,2.43,1.74,38.0,Sandy Loam,SAFE
4,6.9,92.0,22.7,61.2,0.431,4.49,4.66,6.22,6.13,48.0,Clay Loam,HIGH_RISK
5,2.2,22.8,28.5,72.5,0.159,1.33,1.3,1.73,1.68,31.0,Laterite,SAFE
5,66.0,93.3,19.5,65.4,0.114,4.79,3.45,10.11,7.74,31.0,Laterite,HIGH_RISK
1,21.7,20.3,23.1,56.6,0.034,1.22,1.1,3.19,2.27,35.0,Residual Soil,SAFE
1,27.5,85.5,24.6,45.5,0.269,4.44,4.38,8.95,7.43,35.0,Residual Soil,HIGH_RISK
5,60.6,43.0,22.2,91.7,0.034,2.08,1.53,7.39,5.12,31.0,Laterite,MODERATE_RISK
2,10.6,90.4,24.4,40.7,0.043,4.96,4.21,5.85,5.71,42.0,Colluvium,HIGH_RISK
5,24.3,43.8,23.2,40.1,0.032,2.22,2.29,5.26,4.47,31.0,Laterite,MODERATE_RISK
6,1.0,69.1,18.4,88.0,0.026,2.84,2.36,3.38,2.85,38.0,Sandy Loam,MODERATE_RISK
5,5.2,26.0,24.7,97.8,0.46,1.24,2.77,5.26,4.3,31.0,Laterite,MODERATE_RISK
3,44.5,38.2,18.7,82.2,0.138,1.82,2.54,7.67,5.98,28.0,Weathered Granite,MODERATE_RISK
3,36.4,78.0,24.7,40.9,0.152,4.06,4.46,9.51,8.06,28.0,Weathered Granite,MODERATE_RISK
3,10.8,59.7,29.5,53.1,0.463,2.89,3.34,5.99,4.97,28.0,Weathered Granite,MODERATE_RISK
2,11.8,89.6,22.9,96.4,0.039,4.7,3.52,5.38,5.16,42.0,Colluvium,HIGH_RISK
2,19.1,52.2,19.3,86.9,0.001,2.72,2.05,4.93,3.98,42.0,Colluvium,MODERATE_RISK
5,0.0,85.2,23.5,72.9,0.137,4.06,3.7,5.35,5.21,31.0,Laterite,HIGH_RISK
3,6.9,53.7,20.7,53.7,0.106,2.66,2.92,4.53,4.01,28.0,Weathered Granite,MODERATE_RISK
2,5.8,93.4,26.4,40.8,0.097,4.51,4.09,7.26,6.12,42.0,Colluvium,HIGH_RISK
1,7.2,92.0,23.4,41.2,0.01,4.64,3.38,5.78,5.1,35.0,Residual Soil,HIGH_RISK
5,41.0,44.7,30.8,75.5,0.091,2.08,1.75,5.57,4.16,31.0,Laterite,MODERATE_RISK
6,8.2,86.4,28.7,41.3,0.051,4.33,3.6,5.75,5.19,38.0,Sandy Loam,HIGH_RISK
4,5.3,83.6,23.4,97.6,0.048,4.13,3.0,5.11,4.49,48.0,Clay Loam,HIGH_RISK
5,17.5,35.8,26.9,50.6,0.038,1.76,1.53,3.84,3.41,31.0,Laterite,SAFE
4,50.2,66.8,22.4,81.2,0.061,3.75,2.83,8.28,6.04,48.0,Clay Loam,MODERATE_RISK
3,6.9,25.5,24.1,49.0,0.065,1.2,0.66,0.94,0.73,28.0,Weathered Granite,SAFE
4,2.0,82.8,22.6,71.3,0.055,3.75,2.88,3.95,3.73,48.0,Clay Loam,HIGH_RISK
3,11.0,33.1,27.1,44.7,0.578,1.86,3.35,5.53,5.0,28.0,Weathered Granite,MODERATE_RISK
1,34.4,25.3,29.7,84.5,0.405,1.47,2.51,6.42,5.25,35.0,Residual Soil,MODERATE_RISK
4,20.0,50.0,27.2,73.9,0.128,2.1,2.09,4.71,4.04,48.0,Clay Loam,MODERATE_RISK
5,42.4,63.3,27.7,45.0,0.595,3.02,4.5,10.06,8.5,31.0,Laterite,MODERATE_RISK
3,80.2,84.1,27.7,89.2,0.71,4.29,5.83,15.1,12.07,28.0,Weathered Granite,HIGH_RISK
5,39.3,93.1,26.2,71.7,0.066,4.76,4.07,10.19,7.8,31.0,Laterite,HIGH_RISK
2,23.1,53.0,19.4,93.5,0.088,2.65,2.4,5.87,4.39,42.0,Colluvium,MODERATE_RISK
3,17.0,24.5,30.8,93.2,0.479,1.23,2.46,5.64,4.84,28.0,Weathered Granite,MODERATE_RISK
4,1.0,76.2,31.2,93.4,0.141,3.62,3.27,5.22,4.98,48.0,Clay Loam,MODERATE_RISK
3,103.9,62.4,23.1,44.5,0.036,2.64,1.57,10.7,7.33,28.0,Weathered Granite,HIGH_RISK
5,12.1,53.6,22.5,47.0,0.175,3.09,3.34,6.18,5.21,31.0,Laterite,MODERATE_RISK
1,4.1,43.2,26.4,97.3,0.035,1.97,1.8,3.14,2.72,35.0,Residual Soil,SAFE
3,27.5,57.7,26.2,68.3,0.062,2.92,2.16,5.84,4.5,28.0,Weathered Granite,MODERATE_RISK
4,8.4,45.4,23.2,53.8,0.039,2.24,2.34,3.69,3.18,48.0,Clay Loam,SAFE
2,22.0,76.8,19.0,84.6,0.042,4.02,3.17,6.88,5.76,42.0,Colluvium,MODERATE_RISK
6,22.1,60.8,25.2,55.3,0.001,3.06,2.42,5.48,4.93,38.0,Sandy Loam,MODERATE_RISK
1,14.8,85.8,26.2,82.2,0.319,4.32,4.72,7.36,6.68,35.0,Residual Soil,HIGH_RISK
2,45.2,60.8,26.9,88.6,0.053,2.51,2.23,7.0,5.57,42.0,Colluvium,MODERATE_RISK
3,7.7,37.9,25.4,85.5,0.014,1.73,1.83,2.71,2.36,28.0,Weathered Granite,SAFE
5,14.9,83.8,22.9,55.9,0.014,4.34,3.41,6.04,5.02,31.0,Laterite,HIGH_RISK
5,19.3,61.8,28.0,63.3,0.122,3.22,3.45,6.64,5.91,31.0,Laterite,MODERATE_RISK
4,27.2,35.5,24.3,64.0,0.743,1.58,3.26,6.31,5.37,48.0,Clay Loam,MODERATE_RISK
5,38.3,66.8,22.1,68.5,0.024,3.02,2.88,7.36,6.11,31.0,Laterite,MODERATE_RISK
1,12.6,46.8,23.3,49.7,0.016,2.37,1.26,2.93,2.68,35.0,Residual Soil,SAFE
5,26.0,83.3,17.0,66.2,0.087,3.58,2.79,6.64,5.32,31.0,Laterite,HIGH_RISK
4,4.1,54.0,23.3,69.6,0.124,2.47,2.44,3.76,3.74,48.0,Clay Loam,SAFE
6,67.4,74.5,26.8,70.8,0.052,4.08,3.3,10.48,7.76,38.0,Sandy Loam,MODERATE_RISK
3,12.1,27.2,25.4,87.6,0.054,1.65,1.46,3.11,2.42,28.0,Weathered Granite,SAFE
3,32.7,49.7,30.1,70.0,0.083,2.58,2.33,5.9,4.92,28.0,Weathered Granite,MODERATE_RISK
5,0.5,93.7,22.9,53.4,0.057,4.75,3.61,4.62,4.27,31.0,Laterite,HIGH_RISK
2,5.7,80.6,25.9,78.5,0.37,3.64,3.69,5.94,5.41,42.0,Colluvium,HIGH_RISK
3,16.7,32.0,27.2,86.2,0.006,1.45,1.25,3.58,3.02,28.0,Weathered Granite,SAFE
6,52.6,40.8,33.4,58.5,0.04,1.98,1.5,5.99,4.61,38.0,Sandy Loam,MODERATE_RISK
5,18.7,44.7,24.6,77.4,0.248,2.09,2.82,5.62,4.7,31.0,Laterite,MODERATE_RISK
4,66.4,68.8,19.8,48.5,0.269,3.37,3.45,10.45,8.2,48.0,Clay Loam,HIGH_RISK
6,16.5,76.8,27.4,59.8,0.018,4.1,3.55,7.2,5.87,38.0,Sandy Loam,MODERATE_RISK
5,16.9,76.2,31.5,92.7,0.546,3.7,4.73,8.46,7.31,31.0,Laterite,MODERATE_RISK
6,3.2,58.2,22.7,92.9,0.177,2.84,2.62,4.33,3.95,38.0,Sandy Loam,MODERATE_RISK
3,40.6,80.8,27.4,73.4,0.048,4.19,2.9,7.59,6.08,28.0,Weathered Granite,HIGH_RISK
4,7.1,52.8,28.9,80.7,0.091,2.36,2.52,4.1,3.51,48.0,Clay Loam,MODERATE_RISK
5,57.5,29.3,28.1,89.5,0.053,1.3,0.91,5.4,4.07,31.0,Laterite,MODERATE_RISK
1,60.4,62.3,24.5,95.6,0.024,2.97,2.33,8.18,5.7,35.0,Residual Soil,MODERATE_RISK
4,71.8,91.4,21.2,68.4,0.052,4.58,3.77,11.6,8.86,48.0,Clay Loam,HIGH_RISK
1,18.4,79.5,23.7,72.6,0.13,3.91,3.5,6.78,5.86,35.0,Residual Soil,MODERATE_RISK
6,28.3,63.4,25.8,64.1,0.262,3.11,3.56,8.34,6.43,38.0,Sandy Loam,MODERATE_RISK
2,37.7,68.5,27.6,44.2,0.068,3.29,2.84,7.75,6.33,42.0,Colluvium,MODERATE_RISK
4,3.5,89.8,25.3,64.5,0.064,4.28,3.58,6.27,5.4,48.0,Clay Loam,HIGH_RISK
6,23.0,52.1,,85.9,0.095,2.73,2.77,4.98,4.39,38.0,Sandy Loam,MODERATE_RISK
1,0.9,44.9,26.2,86.7,0.155,2.18,2.39,4.45,3.93,35.0,Residual Soil,MODERATE_RISK
3,17.2,93.3,27.4,91.8,0.209,4.79,4.24,7.87,6.55,28.0,Weathered Granite,HIGH_RISK
3,4.2,84.8,25.5,43.0,0.059,4.02,3.05,5.12,4.38,28.0,Weathered Granite,HIGH_RISK
2,5.1,44.2,20.7,70.6,0.132,2.08,1.81,3.57,3.36,42.0,Colluvium,SAFE
4,11.4,54.8,23.3,46.2,0.074,2.7,2.37,4.48,3.86,48.0,Clay Loam,MODERATE_RISK
4,14.2,51.1,27.8,51.6,0.189,2.53,2.22,3.93,2.93,48.0,Clay Loam,SAFE
4,24.4,31.2,18.5,92.2,0.027,1.71,1.48,4.9,3.62,48.0,Clay Loam,MODERATE_RISK
6,1.9,91.8,15.6,68.8,0.045,4.5,3.7,5.32,5.04,38.0,Sandy Loam,HIGH_RISK
2,17.5,50.3,30.0,84.0,0.083,2.66,1.61,3.32,2.84,42.0,Colluvium,SAFE
4,5.0,85.6,26.0,43.7,0.33,4.35,4.05,6.36,5.44,48.0,Clay Loam,HIGH_RISK
6,21.3,34.2,26.4,64.2,0.128,1.69,0.87,2.82,2.12,38.0,Sandy Loam,SAFE
3,25.4,61.1,19.7,79.1,0.505,2.86,3.7,7.58,6.23,28.0,Weathered Granite,MODERATE_RISK
1,20.3,21.8,27.0,47.7,0.016,1.24,1.36,3.61,2.89,35.0,Residual Soil,SAFE
6,33.5,77.3,25.1,58.9,0.092,3.68,2.65,7.33,5.82,38.0,Sandy Loam,MODERATE_RISK
3,10.2,63.6,17.7,43.7,0.081,3.18,2.39,4.63,4.05,28.0,Weathered Granite,MODERATE_RISK
3,36.2,66.9,29.7,77.8,0.138,3.33,3.03,7.01,6.0,28.0,Weathered Granite,MODERATE_RISK
1,14.2,23.9,24.6,96.3,0.251,1.15,1.35,2.8,2.79,35.0,Residual Soil,SAFE
3,16.6,35.8,22.4,88.0,0.276,1.71,1.88,3.95,3.08,28.0,Weathered Granite,SAFE
2,26.1,25.6,22.5,96.5,0.166,1.12,1.56,4.24,3.25,42.0,Colluvium,MODERATE_RISK
1,0.5,41.7,15.9,89.0,0.154,1.76,1.72,2.36,2.42,35.0,Residual Soil,SAFE
3,26.5,67.1,26.4,89.6,0.446,3.64,3.8,7.27,6.24,28.0,Weathered Granite,MODERATE_RISK
5,24.1,62.5,25.0,73.5,0.073,3.03,2.02,5.1,3.53,31.0,Laterite,MODERATE_RISK
6,9.3,65.9,23.2,70.1,0.268,3.27,4.08,6.64,5.99,38.0,Sandy Loam,MODERATE_RISK
3,2.2,61.2,29.1,63.6,0.382,3.03,3.91,5.57,5.54,28.0,Weathered Granite,MODERATE_RISK
2,2.4,40.5,18.5,87.4,0.101,2.24,1.96,3.37,2.72,42.0,Colluvium,SAFE
4,64.2,38.3,21.6,50.6,0.196,2.3,2.45,9.23,6.81,48.0,Clay Loam,MODERATE_RISK
3,29.2,30.3,20.6,43.3,0.071,1.55,1.31,4.18,2.78,28.0,Weathered Granite,MODERATE_RISK
4,3.4,83.7,22.9,95.0,0.026,4.15,3.55,6.49,5.84,48.0,Clay Loam,HIGH_RISK
5,11.0,66.2,24.3,40.2,0.132,3.09,2.61,5.9,4.89,31.0,Laterite,MODERATE_RISK
3,22.4,34.0,25.7,96.7,0.033,1.41,1.06,3.63,2.59,28.0,Weathered Granite,SAFE
1,45.1,33.3,22.6,82.3,0.092,1.31,1.46,5.56,3.98,35.0,Residual Soil,MODERATE_RISK
4,1.1,85.5,20.5,59.1,0.309,4.12,4.66,7.21,6.36,48.0,Clay Loam,HIGH_RISK
5,6.8,75.7,30.7,80.5,0.013,3.37,2.96,4.37,4.3,31.0,Laterite,MODERATE_RISK
1,55.1,69.5,33.6,87.4,0.005,3.69,3.34,8.98,6.9,35.0,Residual Soil,MODERATE_RISK
1,0.2,50.5,24.6,54.2,0.14,2.61,2.41,2.79,2.98,35.0,Residual Soil,SAFE
1,5.6,39.6,21.0,84.7,0.06,1.93,1.54,2.44,2.04,35.0,Residual Soil,SAFE
1,79.9,93.5,29.9,86.7,0.081,4.9,3.58,11.15,8.92,35.0,Residual Soil,HIGH_RISK
3,23.8,79.8,18.2,54.5,0.078,3.78,3.28,7.14,6.24,28.0,Weathered Granite,MODERATE_RISK
6,7.6,42.6,22.7,42.4,0.014,1.97,1.73,2.83,2.98,38.0,Sandy Loam,SAFE
3,1.7,83.6,21.2,51.8,0.001,3.79,2.94,4.68,4.72,28.0,Weathered Granite,HIGH_RISK
3,0.7,76.9,19.4,51.6,0.343,4.0,4.0,6.43,5.73,28.0,Weathered Granite,MODERATE_RISK
5,7.0,42.3,22.9,43.8,0.037,1.95,2.04,4.21,3.37,31.0,Laterite,MODERATE_RISK
5,53.3,52.0,20.5,82.1,0.083,2.6,2.52,7.87,6.39,31.0,Laterite,MODERATE_RISK
6,13.4,33.9,24.1,62.0,0.536,1.9,3.52,6.51,5.64,38.0,Sandy Loam,MODERATE_RISK
5,31.9,28.3,24.1,91.3,0.263,1.69,1.85,5.5,4.39,31.0,Laterite,MODERATE_RISK
2,62.6,74.2,21.5,54.6,0.017,3.7,2.8,9.84,7.18,42.0,Colluvium,MODERATE_RISK
6,13.1,40.1,22.5,66.3,0.107,2.08,2.35,4.96,4.03,38.0,Sandy Loam,MODERATE_RISK
5,5.3,81.5,23.1,77.1,0.196,3.89,3.69,6.61,5.98,31.0,Laterite,HIGH_RISK
6,18.2,94.7,27.2,90.9,0.18,5.07,4.43,7.27,6.18,38.0,Sandy Loam,HIGH_RISK
3,59.7,25.7,23.4,70.4,0.215,1.25,1.5,6.69,4.92,28.0,Weathered Granite,MODERATE_RISK
3,40.8,55.5,27.3,61.7,0.092,2.79,2.5,7.53,5.87,28.0,Weathered Granite,MODERATE_RISK
6,1.7,80.2,26.3,90.3,0.029,3.93,3.53,5.72,5.09,38.0,Sandy Loam,HIGH_RISK
2,29.5,79.2,26.3,58.0,0.094,4.2,3.59,7.68,6.41,42.0,Colluvium,MODERATE_RISK
2,21.2,77.0,29.6,44.6,0.157,3.89,3.82,7.19,6.26,42.0,Colluvium,MODERATE_RISK
6,59.5,46.2,19.5,65.8,0.141,2.46,2.53,8.95,6.68,38.0,Sandy Loam,MODERATE_RISK
5,3.3,54.0,22.1,85.5,0.011,2.77,1.99,2.26,2.49,31.0,Laterite,SAFE
4,19.1,64.6,31.1,41.8,0.01,3.19,2.32,5.4,4.24,48.0,Clay Loam,MODERATE_RISK
2,52.9,93.0,23.0,74.0,0.504,4.84,5.25,12.15,10.45,42.0,Colluvium,HIGH_RISK
1,13.2,44.6,12.7,74.5,0.025,2.3,1.51,3.08,2.56,35.0,Residual Soil,SAFE
3,16.4,89.2,23.2,93.9,0.052,4.27,3.42,6.69,5.7,28.0,Weathered Granite,HIGH_RISK
6,1.8,40.2,24.5,56.6,0.219,1.81,2.56,3.79,3.94,38.0,Sandy Loam,SAFE
1,8.1,94.2,13.5,56.2,0.079,4.74,4.02,6.69,5.66,35.0,Residual Soil,HIGH_RISK
6,9.8,70.3,29.3,65.5,0.03,3.7,2.82,4.99,4.79,38.0,Sandy Loam,MODERATE_RISK
3,72.6,54.8,21.1,60.7,0.094,3.07,3.31,11.15,8.36,28.0,Weathered Granite,HIGH_RISK
3,8.3,66.0,25.3,82.7,0.126,2.94,2.45,4.42,3.77,28.0,Weathered Granite,MODERATE_RISK
2,15.4,40.4,23.1,77.2,0.09,2.03,1.61,2.69,2.2,42.0,Colluvium,SAFE
2,27.8,40.6,18.8,84.0,0.377,2.13,3.2,6.33,5.14,42.0,Colluvium,MODERATE_RISK
1,4.4,28.5,19.7,87.6,0.05,1.48,1.53,2.1,1.96,35.0,Residual Soil,SAFE
6,16.7,28.6,20.3,93.5,0.162,1.63,1.75,4.19,3.44,38.0,Sandy Loam,MODERATE_RISK
3,33.5,46.1,28.3,65.0,0.018,2.44,2.26,6.35,5.06,28.0,Weathered Granite,MODERATE_RISK
1,50.4,77.2,23.4,97.1,0.075,3.66,3.24,9.73,7.51,35.0,Residual Soil,MODERATE_RISK
4,24.6,65.6,21.9,52.5,0.203,3.08,2.72,5.54,4.58,48.0,Clay Loam,MODERATE_RISK
1,27.6,27.7,20.3,81.4,0.038,1.45,0.55,3.69,2.76,35.0,Residual Soil,SAFE
5,3.4,83.9,28.8,71.0,0.134,4.39,3.74,4.91,5.35,31.0,Laterite,HIGH_RISK
1,72.9,65.1,29.9,87.4,0.025,3.28,3.02,10.37,8.03,35.0,Residual Soil,HIGH_RISK
5,3.6,92.1,28.7,67.7,0.016,4.29,3.35,5.44,4.87,31.0,Laterite,HIGH_RISK
5,37.3,70.3,26.0,85.5,0.111,3.31,3.12,7.78,6.33,31.0,Laterite,MODERATE_RISK
5,7.7,33.1,25.2,93.9,0.169,1.79,1.99,3.45,3.18,31.0,Laterite,SAFE
4,67.8,55.5,19.1,82.5,0.018,2.71,1.71,8.05,6.01,48.0,Clay Loam,MODERATE_RISK
1,31.8,68.6,23.0,85.0,0.375,3.45,3.76,7.57,6.35,35.0,Residual Soil,MODERATE_RISK
1,35.0,22.1,21.3,43.9,0.038,1.32,1.28,5.15,3.54,35.0,Residual Soil,MODERATE_RISK
4,6.2,21.1,16.7,51.9,0.019,0.81,0.47,1.33,1.26,48.0,Clay Loam,SAFE
3,14.6,29.7,28.2,96.5,0.034,1.4,1.11,3.01,2.44,28.0,Weathered Granite,SAFE
2,24.0,38.9,21.2,80.2,0.028,1.84,1.67,4.29,3.19,42.0,Colluvium,MODERATE_RISK
1,36.7,52.2,28.8,72.6,0.014,2.68,2.21,6.09,4.9,35.0,Residual Soil,MODERATE_RISK
2,2.7,56.6,27.5,61.3,0.24,2.98,3.42,5.61,5.44,42.0,Colluvium,MODERATE_RISK
6,82.0,30.4,26.2,42.6,0.103,1.22,1.4,9.45,6.23,38.0,Sandy Loam,HIGH_RISK
6,55.2,70.5,26.5,61.4,0.074,3.52,2.75,7.84,5.9,38.0,Sandy Loam,MODERATE_RISK
4,7.9,64.7,21.5,68.9,0.451,3.41,3.94,5.82,5.47,48.0,Clay Loam,MODERATE_RISK
6,43.3,42.1,31.4,52.3,0.07,1.73,1.6,6.0,4.54,38.0,Sandy Loam,MODERATE_RISK
6,18.3,21.0,24.2,50.0,0.027,1.04,1.31,3.26,2.6,38.0,Sandy Loam,SAFE
3,15.5,25.8,25.2,69.5,0.048,1.05,0.84,2.56,2.18,28.0,Weathered Granite,SAFE
3,9.4,49.4,21.4,74.0,0.041,2.34,1.48,2.96,2.57,28.0,Weathered Granite,SAFE
3,21.7,31.5,20.3,53.9,0.104,1.07,1.3,4.0,3.25,28.0,Weathered Granite,SAFE
6,32.7,48.3,25.9,74.1,0.052,2.69,2.08,5.59,4.25,38.0,Sandy Loam,MODERATE_RISK
4,13.2,67.1,24.9,92.2,0.109,3.28,2.57,4.31,3.63,48.0,Clay Loam,MODERATE_RISK
5,24.8,61.0,20.8,67.4,0.166,2.89,2.82,5.82,4.83,31.0,Laterite,MODERATE_RISK
5,30.0,37.3,18.2,89.7,0.225,1.93,2.51,6.08,4.63,31.0,Laterite,MODERATE_RISK
2,31.0,45.8,18.9,93.8,0.186,2.08,2.05,4.93,4.06,42.0,Colluvium,MODERATE_RISK
5,1.3,66.1,28.8,45.4,0.035,3.08,2.72,4.17,3.46,31.0,Laterite,MODERATE_RISK
5,49.1,84.6,21.5,45.6,0.018,4.53,3.88,9.78,7.72,31.0,Laterite,HIGH_RISK
3,15.3,76.5,22.6,67.6,0.117,4.19,3.94,6.96,6.09,28.0,Weathered Granite,MODERATE_RISK
3,7.6,61.5,29.8,74.1,0.033,2.96,2.25,4.09,3.37,28.0,Weathered Granite,MODERATE_RISK
6,6.9,47.2,19.5,64.7,0.013,2.57,1.76,2.38,2.25,38.0,Sandy Loam,SAFE
2,16.5,47.4,21.1,58.9,0.112,2.44,1.99,3.83,3.29,42.0,Colluvium,SAFE
1,54.5,86.0,20.9,77.2,0.059,4.02,3.63,9.23,7.61,35.0,Residual Soil,HIGH_RISK
2,11.9,22.9,30.5,40.1,0.212,0.96,1.6,3.79,2.87,42.0,Colluvium,SAFE
2,34.6,94.1,32.0,96.1,0.057,5.02,3.9,9.77,7.88,42.0,Colluvium,HIGH_RISK
4,2.5,69.8,27.0,53.5,0.577,3.2,4.93,7.15,6.87,48.0,Clay Loam,MODERATE_RISK
6,16.2,71.1,27.1,93.2,0.213,4.01,3.52,6.46,5.63,38.0,Sandy Loam,MODERATE_RISK
4,119.7,22.8,21.7,46.3,0.009,1.03,1.15,10.95,7.05,48.0,Clay Loam,HIGH_RISK
2,36.8,65.4,31.8,53.8,0.107,3.59,3.65,8.53,6.72,42.0,Colluvium,MODERATE_RISK
2,5.9,56.4,25.1,53.6,0.124,2.76,2.61,4.08,4.13,42.0,Colluvium,MODERATE_RISK
2,17.4,27.9,27.4,97.8,0.178,1.55,1.54,3.84,3.09,42.0,Colluvium,SAFE
5,6.7,40.8,23.6,40.3,0.103,2.32,1.94,3.78,3.17,31.0,Laterite,SAFE
4,13.2,86.8,22.9,77.1,0.099,4.62,3.91,6.31,6.17,48.0,Clay Loam,HIGH_RISK
2,37.9,61.2,30.7,90.4,0.069,2.94,2.88,7.49,5.98,42.0,Colluvium,MODERATE_RISK
3,36.9,51.0,26.2,79.0,0.048,2.38,1.69,4.59,4.11,28.0,Weathered Granite,MODERATE_RISK
6,6.5,25.5,29.8,61.0,0.438,1.26,1.77,3.05,2.43,38.0,Sandy Loam,SAFE
6,63.8,73.6,25.0,95.6,0.057,3.42,3.02,9.47,7.14,38.0,Sandy Loam,MODERATE_RISK
3,22.4,72.7,20.6,91.8,0.01,3.68,3.15,6.4,5.14,28.0,Weathered Granite,MODERATE_RISK
6,11.9,66.1,21.7,65.2,0.027,3.14,3.18,5.57,4.91,38.0,Sandy Loam,MODERATE_RISK
5,17.4,58.3,24.4,73.3,0.292,3.13,2.97,5.6,4.82,31.0,Laterite,MODERATE_RISK
5,23.2,52.5,21.5,96.1,0.133,2.51,2.37,5.28,4.26,31.0,Laterite,MODERATE_RISK
1,20.5,64.5,19.6,97.0,0.226,2.88,3.33,6.75,5.73,35.0,Residual Soil,MODERATE_RISK
1,16.7,37.5,28.8,66.1,0.248,2.16,2.51,5.23,4.31,35.0,Residual Soil,MODERATE_RISK
1,17.6,90.6,21.8,89.1,0.26,4.57,4.38,8.04,6.99,35.0,Residual Soil,HIGH_RISK
6,4.9,64.2,24.6,57.5,0.12,3.22,3.17,4.86,4.35,38.0,Sandy Loam,MODERATE_RISK
5,41.9,43.3,25.2,61.6,0.029,2.38,1.81,6.61,5.16,31.0,Laterite,MODERATE_RISK
5,19.5,53.7,21.6,49.6,0.024,2.86,2.62,6.25,4.84,31.0,Laterite,MODERATE_RISK
5,3.5,80.4,29.8,52.1,0.128,3.87,3.1,4.29,4.17,31.0,Laterite,HIGH_RISK
3,36.3,32.1,19.5,78.1,0.068,1.52,0.96,4.43,2.9,28.0,Weathered Granite,MODERATE_RISK
5,67.4,42.0,,69.6,0.122,1.88,1.79,7.84,5.43,31.0,Laterite,MODERATE_RISK
3,73.6,71.0,25.0,53.4,0.104,3.26,2.15,9.58,6.68,28.0,Weathered Granite,HIGH_RISK
1,11.5,43.7,23.8,63.4,0.138,2.3,2.28,4.33,3.71,35.0,Residual Soil,MODERATE_RISK
1,3.6,79.4,18.8,61.6,0.005,4.05,2.74,4.42,4.06,35.0,Residual Soil,MODERATE_RISK
6,18.3,29.8,27.5,97.3,0.005,1.64,1.41,3.83,2.78,38.0,Sandy Loam,SAFE
1,3.0,77.2,27.0,89.5,0.192,4.12,3.93,5.99,5.48,35.0,Residual Soil,MODERATE_RISK
6,67.9,25.1,21.3,62.5,0.032,1.41,1.2,8.07,5.24,38.0,Sandy Loam,MODERATE_RISK
2,5.1,20.9,26.8,93.0,0.158,1.22,1.58,3.03,2.4,42.0,Colluvium,SAFE
2,7.3,87.4,25.5,59.9,0.119,3.95,3.58,6.42,5.87,42.0,Colluvium,HIGH_RISK
4,13.0,63.6,18.9,78.7,0.601,3.12,4.21,7.24,6.17,48.0,Clay Loam,MODERATE_RISK
6,12.1,46.4,20.6,96.1,0.271,2.51,3.37,5.96,5.28,38.0,Sandy Loam,MODERATE_RISK
4,39.6,37.4,28.6,62.6,0.08,1.64,1.67,6.08,4.82,48.0,Clay Loam,MODERATE_RISK
4,15.2,66.3,25.2,79.4,0.144,3.33,3.33,6.57,5.85,48.0,Clay Loam,MODERATE_RISK
2,4.7,58.2,21.7,57.2,0.019,3.01,2.79,3.94,3.84,42.0,Colluvium,MODERATE_RISK
6,7.8,94.4,20.6,55.4,0.073,4.81,4.27,7.09,6.39,38.0,Sandy Loam,HIGH_RISK
2,17.8,93.7,21.9,73.3,0.199,4.76,5.02,9.19,8.17,42.0,Colluvium,HIGH_RISK
4,4.0,67.6,22.2,96.8,0.146,3.5,3.29,5.19,4.83,48.0,Clay Loam,MODERATE_RISK
6,23.6,53.2,20.6,66.3,0.099,2.7,2.45,5.75,4.96,38.0,Sandy Loam,MODERATE_RISK
4,20.9,56.8,17.0,94.4,0.029,2.55,1.93,4.52,3.65,48.0,Clay Loam,MODERATE_RISK
5,31.4,71.2,28.6,93.0,0.244,3.66,3.58,6.76,6.05,31.0,Laterite,MODERATE_RISK
6,69.4,27.6,27.9,54.7,0.048,1.44,1.08,6.52,4.39,38.0,Sandy Loam,MODERATE_RISK
6,60.8,44.6,18.9,63.3,0.258,1.94,2.53,9.15,7.13,38.0,Sandy Loam,MODERATE_RISK
4,73.0,25.6,24.5,77.3,0.142,1.56,1.4,7.82,5.36,48.0,Clay Loam,HIGH_RISK
5,7.0,25.5,20.4,70.0,0.07,1.38,1.34,2.66,1.94,31.0,Laterite,SAFE
3,3.5,34.7,23.0,45.6,0.006,1.46,1.35,2.3,2.07,28.0,Weathered Granite,SAFE
2,9.0,56.4,22.6,97.6,0.04,2.66,2.29,3.74,3.54,42.0,Colluvium,MODERATE_RISK
4,56.4,78.9,22.3,83.7,0.33,3.83,3.79,9.96,8.2,48.0,Clay Loam,HIGH_RISK
6,89.4,56.4,32.0,65.4,0.256,2.71,3.15,12.04,8.6,38.0,Sandy Loam,HIGH_RISK
2,49.0,45.2,22.2,75.9,0.128,2.32,2.21,7.45,5.23,42.0,Colluvium,MODERATE_RISK
2,2.9,26.2,20.8,45.1,0.094,1.11,0.31,1.79,1.33,42.0,Colluvium,SAFE
2,73.6,61.3,20.9,68.7,0.156,3.29,2.8,9.85,7.4,42.0,Colluvium,HIGH_RISK
3,13.8,40.3,28.2,94.0,0.094,2.22,2.48,5.66,4.35,28.0,Weathered Granite,MODERATE_RISK
1,0.2,66.1,17.4,92.0,0.155,3.43,3.65,5.06,4.8,35.0,Residual Soil,MODERATE_RISK
4,14.6,93.3,20.9,59.6,0.055,4.67,4.06,7.5,6.47,48.0,Clay Loam,HIGH_RISK
1,1.2,28.3,29.8,70.8,0.273,1.6,2.33,3.68,3.54,35.0,Residual Soil,SAFE
1,19.6,35.9,25.0,80.4,0.182,1.74,1.7,4.06,3.2,35.0,Residual Soil,MODERATE_RISK
1,10.3,55.5,24.8,59.7,0.06,2.63,2.21,4.14,3.5,35.0,Residual Soil,MODERATE_RISK
2,16.0,92.6,32.5,43.8,0.266,4.87,5.06,8.56,7.69,42.0,Colluvium,HIGH_RISK
5,23.7,77.9,25.0,69.3,0.1,3.96,3.6,7.75,6.17,31.0,Laterite,MODERATE_RISK
2,50.8,87.4,21.2,74.9,0.029,4.23,3.49,8.88,7.45,42.0,Colluvium,HIGH_RISK
2,27.1,45.0,22.9,40.3,0.012,2.17,1.72,4.91,3.99,42.0,Colluvium,MODERATE_RISK
6,14.2,94.4,19.5,45.5,0.18,4.57,4.55,8.34,7.14,38.0,Sandy Loam,HIGH_RISK
6,42.8,27.7,29.0,52.0,0.301,1.79,2.67,8.12,5.98,38.0,Sandy Loam,MODERATE_RISK
1,59.0,24.0,26.3,60.2,0.247,1.2,1.9,8.06,5.58,35.0,Residual Soil,MODERATE_RISK
2,3.2,84.2,28.5,71.4,0.16,4.24,3.89,6.38,5.89,42.0,Colluvium,HIGH_RISK
1,19.0,89.5,28.9,57.0,0.023,4.62,3.66,6.69,5.64,35.0,Residual Soil,HIGH_RISK
6,8.4,26.8,22.3,56.0,0.015,1.1,1.13,1.97,1.7,38.0,Sandy Loam,SAFE
5,1.2,28.5,20.2,90.4,0.063,1.64,1.17,1.28,1.01,31.0,Laterite,SAFE
4,27.6,22.5,23.8,48.4,0.29,1.0,1.4,3.69,3.02,48.0,Clay Loam,SAFE
1,49.7,27.8,20.5,68.7,0.489,1.76,2.44,7.64,5.92,35.0,Residual Soil,MODERATE_RISK
5,4.4,35.7,24.7,95.3,0.041,1.72,1.87,2.79,2.57,31.0,Laterite,SAFE
4,41.8,92.8,28.5,76.3,0.215,4.85,4.31,10.41,8.44,48.0,Clay Loam,HIGH_RISK
3,48.0,70.1,23.3,81.6,0.128,3.01,2.91,7.92,6.37,28.0,Weathered Granite,MODERATE_RISK
1,61.4,78.4,24.6,65.0,0.005,3.68,2.92,9.34,7.1,35.0,Residual Soil,MODERATE_RISK
1,7.7,78.2,23.6,41.2,0.117,3.85,4.3,6.93,6.46,35.0,Residual Soil,MODERATE_RISK
3,58.6,60.1,27.2,77.5,0.246,2.6,2.95,8.41,6.29,28.0,Weathered Granite,MODERATE_RISK
3,9.7,79.8,21.3,76.7,0.048,4.11,2.87,5.63,4.89,28.0,Weathered Granite,MODERATE_RISK
1,20.1,64.7,15.2,46.4,0.341,3.3,4.02,7.99,6.84,35.0,Residual Soil,MODERATE_RISK
3,1.3,43.6,25.9,66.8,0.04,1.98,1.59,2.89,2.77,28.0,Weathered Granite,SAFE
2,1.1,62.1,28.0,93.1,0.012,3.1,2.46,4.08,3.68,42.0,Colluvium,MODERATE_RISK
4,31.9,60.0,25.8,51.9,0.026,3.16,2.4,5.77,4.64,48.0,Clay Loam,MODERATE_RISK
4,14.7,81.8,21.4,66.7,0.272,3.67,3.81,6.52,5.71,48.0,Clay Loam,HIGH_RISK
4,7.4,93.6,19.5,66.7,0.081,4.43,3.84,6.58,6.17,48.0,Clay Loam,HIGH_RISK
2,5.3,50.8,26.0,87.0,0.239,2.47,2.5,4.95,3.75,42.0,Colluvium,MODERATE_RISK
3,27.7,77.3,24.6,87.8,0.114,3.87,3.29,7.34,6.15,28.0,Weathered Granite,MODERATE_RISK
5,0.0,27.5,23.5,84.0,0.098,1.36,1.41,2.6,2.26,31.0,Laterite,SAFE
3,41.0,78.3,31.3,61.2,0.247,4.09,3.31,7.98,6.41,28.0,Weathered Granite,MODERATE_RISK
1,2.1,47.9,20.2,44.2,0.083,2.49,1.81,3.43,2.9,35.0,Residual Soil,SAFE
6,5.3,23.0,31.1,60.3,0.243,1.29,2.26,3.6,3.28,38.0,Sandy Loam,SAFE
4,12.2,47.2,24.1,79.4,0.016,2.08,1.81,3.81,3.29,48.0,Clay Loam,SAFE
3,16.6,65.8,16.7,80.8,0.152,3.32,2.95,5.57,4.66,28.0,Weathered Granite,MODERATE_RISK
5,11.0,28.9,23.3,96.0,0.182,1.38,1.14,3.03,2.42,31.0,Laterite,SAFE
1,9.7,89.3,27.8,66.3,0.344,4.76,4.82,8.46,7.56,35.0,Residual Soil,HIGH_RISK
2,83.0,25.8,22.5,76.7,0.038,1.32,1.47,8.11,5.41,42.0,Colluvium,HIGH_RISK
2,25.7,89.8,18.1,71.3,0.139,4.36,4.7,9.77,8.31,42.0,Colluvium,HIGH_RISK
5,0.6,73.0,23.3,48.7,0.085,3.82,3.88,7.06,6.25,31.0,Laterite,MODERATE_RISK
1,14.1,44.7,20.6,66.7,0.072,2.35,1.83,3.7,2.98,35.0,Residual Soil,SAFE
4,52.0,49.3,26.0,71.6,0.017,2.3,1.74,6.71,4.66,48.0,Clay Loam,MODERATE_RISK
3,9.0,75.6,27.1,95.1,0.022,3.71,2.59,5.22,4.26,28.0,Weathered Granite,MODERATE_RISK
1,2.5,65.1,19.8,61.3,0.272,3.19,3.12,4.91,4.53,35.0,Residual Soil,MODERATE_RISK
2,35.5,70.4,21.2,96.8,0.208,3.77,3.58,8.21,6.7,42.0,Colluvium,MODERATE_RISK
5,23.3,49.2,27.0,71.5,0.072,2.5,2.11,5.98,4.92,31.0,Laterite,MODERATE_RISK
5,21.1,56.6,20.6,54.1,0.264,2.98,3.79,6.7,5.84,31.0,Laterite,MODERATE_RISK
3,1.4,94.2,19.7,51.1,0.013,4.61,3.33,4.71,4.31,28.0,Weathered Granite,HIGH_RISK
5,3.8,36.0,19.3,48.2,0.147,1.87,1.92,3.39,3.13,31.0,Laterite,SAFE
5,24.4,51.3,25.4,66.3,0.304,2.83,2.56,4.98,4.07,31.0,Laterite,MODERATE_RISK
1,5.8,41.9,25.2,41.3,0.274,2.02,2.54,4.09,3.57,35.0,Residual Soil,MODERATE_RISK
4,17.5,77.4,21.3,65.8,0.07,3.89,2.92,5.59,4.66,48.0,Clay Loam,MODERATE_RISK
3,19.7,77.3,24.0,97.3,0.205,3.59,3.82,7.79,5.98,28.0,Weathered Granite,MODERATE_RISK
1,8.3,41.9,30.1,78.9,0.084,1.94,1.72,3.59,3.13,35.0,Residual Soil,SAFE
4,74.1,26.1,20.1,84.1,0.275,1.24,1.4,7.19,5.2,48.0,Clay Loam,HIGH_RISK
1,46.2,20.9,16.2,46.9,0.113,0.83,0.37,3.9,2.71,35.0,Residual Soil,MODERATE_RISK
6,32.0,52.1,25.8,67.4,0.217,2.87,2.65,6.19,5.42,38.0,Sandy Loam,MODERATE_RISK
1,2.0,50.8,23.6,56.6,0.012,2.37,2.0,3.05,3.13,35.0,Residual Soil,SAFE
5,2.8,94.1,21.2,91.9,0.134,4.86,4.42,6.31,5.93,31.0,Laterite,HIGH_RISK
4,17.0,55.2,26.6,50.5,0.12,2.8,2.45,5.26,4.6,48.0,Clay Loam,MODERATE_RISK
3,4.4,39.2,27.4,66.6,0.141,1.97,2.28,3.42,3.17,28.0,Weathered Granite,SAFE
3,95.7,86.8,15.2,74.1,0.178,4.64,3.91,13.82,10.16,28.0,Weathered Granite,HIGH_RISK
4,4.3,56.8,21.4,69.8,0.375,2.39,2.16,3.58,3.08,48.0,Clay Loam,MODERATE_RISK
5,16.7,64.9,33.3,88.2,0.231,3.21,3.35,5.87,5.14,31.0,Laterite,MODERATE_RISK
2,11.3,27.2,26.3,53.4,0.037,1.14,1.41,3.71,3.0,42.0,Colluvium,SAFE
1,25.5,48.7,26.7,61.9,0.262,2.04,2.81,6.96,5.9,35.0,Residual Soil,MODERATE_RISK
5,3.5,90.8,28.7,85.9,0.02,4.3,3.11,5.09,4.75,31.0,Laterite,HIGH_RISK
6,14.1,64.2,24.1,70.6,0.146,3.21,2.84,5.27,4.43,38.0,Sandy Loam,MODERATE_RISK
4,8.0,45.8,27.2,63.3,0.322,2.14,2.9,4.46,3.92,48.0,Clay Loam,MODERATE_RISK
1,54.7,66.9,26.9,41.7,0.016,3.52,2.68,8.93,6.81,35.0,Residual Soil,MODERATE_RISK
3,1.0,88.3,26.2,83.7,0.284,4.37,4.38,7.06,6.61,28.0,Weathered Granite,HIGH_RISK
2,61.3,40.5,22.7,96.4,0.24,1.96,2.07,7.6,5.84,42.0,Colluvium,MODERATE_RISK
6,44.7,57.9,24.7,76.0,0.105,2.83,2.25,6.61,5.04,38.0,Sandy Loam,MODERATE_RISK
3,8.8,91.9,21.6,89.7,0.055,4.58,3.56,6.27,5.64,28.0,Weathered Granite,HIGH_RISK
4,38.9,32.9,24.1,70.0,0.078,1.56,1.77,5.18,4.16,48.0,Clay Loam,MODERATE_RISK
1,0.8,74.0,19.3,53.4,0.519,3.53,4.39,6.34,5.73,35.0,Residual Soil,MODERATE_RISK
4,85.2,66.1,20.8,40.8,0.034,3.5,3.28,11.22,8.43,48.0,Clay Loam,HIGH_RISK
1,18.7,71.0,22.9,77.9,0.13,3.43,3.29,5.93,5.38,35.0,Residual Soil,MODERATE_RISK
5,9.0,46.3,20.2,68.6,0.013,2.24,2.31,3.82,3.55,31.0,Laterite,SAFE
2,11.3,43.5,22.0,85.4,0.037,2.26,2.16,4.6,3.82,42.0,Colluvium,MODERATE_RISK
5,1.7,71.3,23.3,80.3,0.216,3.63,3.78,4.93,5.37,31.0,Laterite,MODERATE_RISK
5,113.6,36.2,25.6,97.3,0.054,1.63,1.43,11.45,7.97,31.0,Laterite,HIGH_RISK
4,1.0,51.5,27.8,69.6,0.638,2.73,5.0,7.71,7.13,48.0,Clay Loam,MODERATE_RISK
2,26.6,34.1,22.1,64.8,0.104,1.81,1.79,5.3,4.04,42.0,Colluvium,MODERATE_RISK
1,14.6,20.6,29.3,56.6,0.109,1.07,0.59,2.18,1.74,35.0,Residual Soil,SAFE
1,74.4,92.8,27.8,67.7,0.006,4.55,3.74,11.37,8.68,35.0,Residual Soil,HIGH_RISK
6,7.1,52.4,26.0,90.6,0.47,2.54,3.15,4.89,4.76,38.0,Sandy Loam,MODERATE_RISK
3,19.0,92.7,24.6,42.5,0.029,4.59,4.06,8.11,6.64,28.0,Weathered Granite,HIGH_RISK
6,16.5,30.5,25.3,96.7,0.116,1.28,1.59,3.95,3.12,38.0,Sandy Loam,SAFE
6,30.3,64.1,28.7,97.6,0.076,3.2,2.73,6.27,5.26,38.0,Sandy Loam,MODERATE_RISK
1,1.8,35.1,28.9,74.7,0.081,1.93,1.52,2.88,2.69,35.0,Residual Soil,SAFE
4,5.4,79.3,29.3,59.2,0.155,4.14,3.82,5.94,5.18,48.0,Clay Loam,MODERATE_RISK
5,6.0,78.8,24.2,52.9,0.163,3.86,3.38,5.55,4.83,31.0,Laterite,MODERATE_RISK
5,33.5,28.4,26.2,56.0,0.025,1.63,1.62,4.81,3.36,31.0,Laterite,MODERATE_RISK
5,5.2,88.4,29.4,42.9,0.104,4.8,4.32,7.16,6.28,31.0,Laterite,HIGH_RISK
2,21.3,34.6,21.5,67.6,0.234,1.67,2.92,5.59,4.56,42.0,Colluvium,MODERATE_RISK
1,6.1,66.0,22.7,43.3,0.088,3.44,2.88,4.66,4.34,35.0,Residual Soil,MODERATE_RISK
4,49.4,93.9,24.1,81.7,0.027,4.24,3.38,8.69,6.95,48.0,Clay Loam,HIGH_RISK
2,71.3,86.2,27.6,61.6,0.056,4.06,3.37,10.89,8.19,42.0,Colluvium,HIGH_RISK
3,18.3,91.7,27.7,51.6,0.036,4.6,3.75,7.28,6.25,28.0,Weathered Granite,HIGH_RISK
4,10.9,45.7,23.1,71.6,0.02,2.08,2.03,3.36,3.27,48.0,Clay Loam,SAFE
6,6.7,27.9,18.0,96.5,0.071,1.8,1.57,3.09,2.43,38.0,Sandy Loam,SAFE
4,1.3,34.1,25.0,80.3,0.117,1.82,2.4,2.97,2.6,48.0,Clay Loam,SAFE
4,7.8,57.5,20.3,68.5,0.011,3.07,2.66,5.71,4.9,48.0,Clay Loam,MODERATE_RISK
5,26.5,79.5,18.0,85.1,0.139,3.97,3.45,7.04,5.87,31.0,Laterite,MODERATE_RISK
4,19.1,31.3,18.9,82.8,0.745,1.36,3.1,6.7,5.37,48.0,Clay Loam,MODERATE_RISK
6,72.1,69.5,25.3,91.7,0.499,3.37,4.51,12.63,9.94,38.0,Sandy Loam,HIGH_RISK
6,12.6,44.3,29.4,51.9,0.265,2.27,2.62,5.06,3.95,38.0,Sandy Loam,MODERATE_RISK
1,29.6,45.6,24.2,89.8,0.046,2.15,1.86,4.57,3.5,35.0,Residual Soil,MODERATE_RISK
4,16.8,69.6,24.8,57.5,0.003,3.61,2.72,5.85,4.39,48.0,Clay Loam,MODERATE_RISK
5,18.0,55.0,28.7,94.6,0.269,2.89,3.1,6.11,5.27,31.0,Laterite,MODERATE_RISK
4,7.8,80.9,17.8,56.3,0.009,4.05,3.08,5.48,5.14,48.0,Clay Loam,HIGH_RISK
3,15.2,31.7,26.1,93.8,0.035,1.22,1.49,3.41,2.68,28.0,Weathered Granite,SAFE
3,15.9,79.2,24.0,95.9,0.118,4.3,4.01,7.35,6.26,28.0,Weathered Granite,MODERATE_RISK
5,30.7,24.8,26.3,48.4,0.029,1.2,0.99,3.5,2.95,31.0,Laterite,SAFE
1,70.6,34.6,22.1,96.5,0.269,2.27,2.57,9.43,7.07,35.0,Residual Soil,HIGH_RISK
1,10.0,69.2,20.7,45.0,0.225,3.59,3.57,5.95,5.83,35.0,Residual Soil,MODERATE_RISK
6,1.1,84.1,24.6,52.7,0.211,4.16,3.96,5.68,5.42,38.0,Sandy Loam,HIGH_RISK
6,17.1,39.0,30.6,65.8,0.254,2.04,2.11,4.6,3.86,38.0,Sandy Loam,MODERATE_RISK
2,19.7,44.5,27.4,97.6,0.037,1.82,1.0,3.26,2.74,42.0,Colluvium,SAFE
5,4.6,60.3,22.0,68.3,0.196,3.22,2.92,4.87,4.35,31.0,Laterite,MODERATE_RISK
4,35.7,35.9,18.6,71.9,0.066,2.31,2.01,5.82,4.55,48.0,Clay Loam,MODERATE_RISK
5,104.9,80.8,17.3,80.3,0.165,3.62,3.17,13.35,9.11,31.0,Laterite,HIGH_RISK
2,72.9,78.0,29.3,96.2,0.02,3.84,3.38,11.02,8.65,42.0,Colluvium,HIGH_RISK
6,5.5,30.9,,,0.183,1.52,1.7,3.04,2.75,38.0,Sandy Loam,SAFE
5,52.1,54.8,22.7,53.0,0.537,2.92,4.51,11.02,8.85,31.0,Laterite,MODERATE_RISK
5,30.5,78.1,29.3,57.6,0.007,4.33,3.32,8.01,6.65,31.0,Laterite,MODERATE_RISK
6,15.1,45.3,17.5,45.7,0.015,2.34,1.96,3.55,2.87,38.0,Sandy Loam,SAFE
2,19.4,67.5,30.0,77.4,0.02,3.8,3.01,5.91,4.94,42.0,Colluvium,MODERATE_RISK
6,47.4,23.8,23.0,50.5,0.084,1.22,1.36,6.0,4.39,38.0,Sandy Loam,MODERATE_RISK
1,16.4,65.7,19.4,54.9,0.052,3.38,3.18,5.29,4.77,35.0,Residual Soil,MODERATE_RISK
4,11.7,31.4,23.0,91.5,0.247,1.64,2.24,4.99,4.2,48.0,Clay Loam,MODERATE_RISK
6,17.0,82.3,21.1,59.0,0.096,4.36,3.17,6.24,5.38,38.0,Sandy Loam,HIGH_RISK
2,21.6,46.7,25.8,72.9,0.099,2.25,2.25,5.58,4.6,42.0,Colluvium,MODERATE_RISK
3,5.2,41.1,21.4,63.1,0.189,2.22,2.04,4.04,3.18,28.0,Weathered Granite,MODERATE_RISK
1,57.8,83.1,16.4,44.3,0.067,3.91,3.24,9.69,7.69,35.0,Residual Soil,HIGH_RISK
3,28.0,23.8,23.1,61.0,0.065,1.13,1.31,3.09,2.41,28.0,Weathered Granite,SAFE
6,25.1,49.7,18.6,63.7,0.212,2.36,2.19,5.37,4.33,38.0,Sandy Loam,MODERATE_RISK
1,2.6,47.8,24.8,92.0,0.227,2.41,2.96,4.75,4.21,35.0,Residual Soil,MODERATE_RISK
4,23.2,41.4,19.3,58.8,0.002,2.01,1.51,3.58,2.85,48.0,Clay Loam,SAFE
6,3.2,88.4,22.0,62.0,0.023,4.65,4.44,6.02,5.88,38.0,Sandy Loam,HIGH_RISK
4,2.0,76.3,24.7,85.4,0.036,3.64,3.04,4.95,4.64,48.0,Clay Loam,MODERATE_RISK
5,18.7,24.8,23.2,84.0,0.065,0.89,1.42,3.0,2.69,31.0,Laterite,SAFE
3,12.9,73.6,25.0,86.3,0.052,3.41,3.24,6.92,5.86,28.0,Weathered Granite,MODERATE_RISK
1,22.2,59.5,26.7,95.3,0.166,3.17,2.85,6.18,5.01,35.0,Residual Soil,MODERATE_RISK
4,2.3,87.6,19.4,86.1,0.264,4.19,3.75,6.48,5.84,48.0,Clay Loam,HIGH_RISK
2,14.1,43.5,23.7,63.6,0.032,2.25,1.93,4.04,3.44,42.0,Colluvium,MODERATE_RISK
4,4.8,63.1,10.7,87.6,0.124,3.1,2.68,4.78,4.22,48.0,Clay Loam,MODERATE_RISK
2,108.8,57.6,25.0,69.5,0.069,3.04,3.11,13.4,9.7,42.0,Colluvium,HIGH_RISK
6,20.6,56.7,22.8,56.1,0.106,2.79,2.48,5.87,4.51,38.0,Sandy Loam,MODERATE_RISK
1,29.1,54.2,20.1,57.6,0.145,3.26,2.95,5.73,4.51,35.0,Residual Soil,MODERATE_RISK
4,9.8,35.4,25.3,53.0,0.336,2.15,2.31,4.69,4.21,48.0,Clay Loam,MODERATE_RISK
4,2.5,76.7,28.7,48.4,0.032,3.77,3.24,5.39,4.83,48.0,Clay Loam,MODERATE_RISK
1,93.1,53.9,22.1,50.7,0.014,2.6,1.77,10.03,6.99,35.0,Residual Soil,HIGH_RISK
4,8.4,91.9,20.2,43.7,0.148,5.22,4.75,7.59,6.76,48.0,Clay Loam,HIGH_RISK
2,13.8,39.6,24.7,91.5,0.075,1.76,1.81,3.67,3.36,42.0,Colluvium,SAFE
4,26.2,71.2,18.7,94.0,0.027,3.55,2.7,6.29,5.19,48.0,Clay Loam,MODERATE_RISK
3,0.6,90.6,21.4,74.0,0.019,4.53,3.97,6.61,5.92,28.0,Weathered Granite,HIGH_RISK
6,41.6,69.8,28.9,88.7,0.123,3.49,3.08,7.68,6.21,38.0,Sandy Loam,MODERATE_RISK
5,19.2,85.3,24.2,50.6,0.054,3.92,2.86,4.98,4.07,31.0,Laterite,HIGH_RISK
2,8.2,82.1,16.5,92.3,0.894,4.2,6.51,11.66,10.33,42.0,Colluvium,HIGH_RISK
3,1.6,47.0,16.8,69.4,0.078,2.16,1.68,2.98,2.93,28.0,Weathered Granite,SAFE
6,4.4,65.0,24.6,43.9,0.036,3.54,3.09,4.79,4.48,38.0,Sandy Loam,MODERATE_RISK
1,56.4,31.7,27.4,48.2,0.149,1.29,1.61,7.52,5.35,35.0,Residual Soil,MODERATE_RISK
2,29.0,60.2,17.5,57.9,0.042,3.02,2.66,6.78,5.33,42.0,Colluvium,MODERATE_RISK
5,7.2,37.3,25.8,42.5,0.102,1.42,1.55,3.15,2.88,31.0,Laterite,SAFE
6,1.7,75.8,29.3,57.9,0.099,3.36,2.69,3.93,3.95,38.0,Sandy Loam,MODERATE_RISK
5,29.3,59.6,31.6,43.5,0.091,2.81,3.03,7.22,5.76,31.0,Laterite,MODERATE_RISK
1,21.2,50.8,25.3,53.7,0.239,2.4,2.92,6.62,5.5,35.0,Residual Soil,MODERATE_RISK
1,13.0,40.2,26.0,55.4,0.037,2.3,2.09,3.31,3.08,35.0,Residual Soil,SAFE
2,11.3,94.9,15.5,97.7,0.352,4.74,4.45,7.69,6.92,42.0,Colluvium,HIGH_RISK
4,6.1,25.4,32.4,53.7,0.235,1.53,1.64,3.1,2.53,48.0,Clay Loam,SAFE
1,27.7,23.3,21.7,53.9,0.061,1.09,1.25,4.22,3.39,35.0,Residual Soil,MODERATE_RISK
6,88.2,36.3,20.3,79.8,0.03,1.94,1.04,8.64,5.82,38.0,Sandy Loam,HIGH_RISK
4,4.8,92.8,23.0,89.8,0.049,4.49,3.84,6.74,6.2,48.0,Clay Loam,HIGH_RISK
3,22.7,93.4,30.0,62.4,0.061,4.51,3.39,6.8,5.55,28.0,Weathered Granite,HIGH_RISK
5,13.8,69.1,32.8,90.8,0.122,3.09,2.58,4.97,4.06,31.0,Laterite,MODERATE_RISK
4,14.8,86.0,24.5,59.7,0.007,4.37,3.09,5.98,5.54,48.0,Clay Loam,HIGH_RISK
5,7.3,36.0,28.0,51.4,0.369,1.85,2.66,4.48,4.25,31.0,Laterite,MODERATE_RISK
4,43.6,92.9,,59.1,0.016,4.8,4.22,9.12,7.42,48.0,Clay Loam,HIGH_RISK
3,16.6,30.7,19.8,75.3,0.049,1.58,1.52,3.72,3.17,28.0,Weathered Granite,SAFE
1,19.6,27.6,29.9,61.3,0.017,1.79,1.62,4.11,3.18,35.0,Residual Soil,MODERATE_RISK
3,9.1,28.4,21.5,79.0,0.044,1.46,1.35,2.57,1.88,28.0,Weathered Granite,SAFE
1,5.0,63.0,30.1,53.7,0.273,3.35,3.7,5.88,4.96,35.0,Residual Soil,MODERATE_RISK
1,2.2,78.6,29.2,80.7,0.143,3.87,3.67,4.09,4.28,35.0,Residual Soil,MODERATE_RISK
5,31.3,47.5,26.5,60.2,0.039,2.19,1.05,4.68,3.65,31.0,Laterite,MODERATE_RISK
6,5.5,93.3,31.3,66.4,0.308,4.81,5.04,8.45,7.89,38.0,Sandy Loam,HIGH_RISK
3,29.3,52.6,32.9,72.3,0.242,2.61,3.05,6.25,5.53,28.0,Weathered Granite,MODERATE_RISK
4,12.4,31.3,23.3,79.8,0.21,1.73,1.91,3.52,3.23,48.0,Clay Loam,SAFE
3,13.4,54.9,20.8,53.8,0.282,2.82,2.51,5.56,4.65,28.0,Weathered Granite,MODERATE_RISK
5,15.8,70.9,16.5,88.5,0.145,3.39,3.22,5.52,5.15,31.0,Laterite,MODERATE_RISK
1,11.5,82.4,33.0,81.9,0.104,4.33,3.87,6.96,5.71,35.0,Residual Soil,HIGH_RISK
5,2.7,54.4,22.2,53.6,0.07,2.55,2.12,3.15,3.15,31.0,Laterite,SAFE
2,9.3,64.5,28.5,96.5,0.038,3.35,2.85,5.22,4.33,42.0,Colluvium,MODERATE_RISK
2,27.2,40.1,21.0,78.6,0.122,2.26,2.5,5.95,4.64,42.0,Colluvium,MODERATE_RISK
4,27.4,68.4,30.2,66.2,0.33,3.34,4.38,8.62,7.5,48.0,Clay Loam,MODERATE_RISK
5,8.4,93.9,21.2,49.1,0.135,4.93,4.39,7.45,6.85,31.0,Laterite,HIGH_RISK
4,15.4,23.7,19.2,70.9,0.378,1.26,2.24,4.35,3.61,48.0,Clay Loam,MODERATE_RISK
4,5.4,86.5,23.2,49.6,0.066,4.5,3.55,4.86,4.82,48.0,Clay Loam,HIGH_RISK
2,5.9,62.2,21.9,64.9,0.178,2.94,2.74,4.12,3.95,42.0,Colluvium,MODERATE_RISK
4,0.6,38.9,26.4,63.7,0.157,1.99,2.02,2.55,2.48,48.0,Clay Loam,SAFE
2,56.8,91.6,23.8,81.8,0.166,4.3,4.29,10.18,8.28,42.0,Colluvium,HIGH_RISK
1,5.9,56.3,26.5,51.2,0.155,3.16,3.24,5.52,5.35,35.0,Residual Soil,MODERATE_RISK
5,6.5,44.9,22.8,87.7,0.038,1.84,2.16,3.67,3.23,31.0,Laterite,SAFE
4,8.2,33.6,21.3,58.9,0.023,1.61,0.91,2.2,1.73,48.0,Clay Loam,SAFE
2,3.4,38.3,21.7,65.8,0.577,1.73,2.72,4.61,4.16,42.0,Colluvium,MODERATE_RISK
3,25.5,82.5,32.2,84.8,0.007,4.26,3.76,8.06,6.68,28.0,Weathered Granite,HIGH_RISK
4,2.0,66.1,24.9,76.3,0.095,3.69,3.67,5.87,5.52,48.0,Clay Loam,MODERATE_RISK
6,3.6,88.5,16.1,57.9,0.083,4.56,3.91,5.66,5.64,38.0,Sandy Loam,HIGH_RISK
1,25.9,37.4,21.9,62.4,0.067,2.46,0.83,3.61,2.53,35.0,Residual Soil,SAFE
1,10.4,29.1,24.4,57.7,0.228,1.18,1.4,3.04,2.35,35.0,Residual Soil,SAFE
3,30.8,20.5,31.4,74.5,0.205,0.76,1.32,5.54,4.38,28.0,Weathered Granite,MODERATE_RISK
2,20.4,58.1,28.1,59.3,0.353,2.73,2.97,6.09,5.16,42.0,Colluvium,MODERATE_RISK
4,7.4,94.9,20.3,82.1,0.075,4.77,4.1,6.93,5.87,48.0,Clay Loam,HIGH_RISK
2,26.3,72.1,33.7,73.6,0.125,3.4,3.66,7.55,6.73,42.0,Colluvium,MODERATE_RISK
1,3.1,43.1,23.9,48.5,0.334,2.0,3.03,4.82,4.63,35.0,Residual Soil,MODERATE_RISK
2,19.2,85.8,29.0,58.0,0.764,4.41,6.06,10.62,9.72,42.0,Colluvium,HIGH_RISK
1,14.4,78.6,19.4,52.8,0.522,3.68,4.49,7.67,7.13,35.0,Residual Soil,MODERATE_RISK
2,7.8,21.2,14.4,62.6,0.19,0.83,1.09,2.35,2.48,42.0,Colluvium,SAFE
3,23.2,81.3,18.4,69.9,0.023,3.99,3.49,7.4,5.98,28.0,Weathered Granite,HIGH_RISK
5,51.3,42.5,11.0,69.4,0.004,2.06,1.67,6.4,4.52,31.0,Laterite,MODERATE_RISK
3,170.4,31.2,32.4,83.8,0.262,1.76,2.21,17.36,11.42,28.0,Weathered Granite,HIGH_RISK
3,23.4,37.0,24.9,51.0,0.276,1.67,1.7,4.78,3.61,28.0,Weathered Granite,MODERATE_RISK
5,13.0,55.1,20.3,94.9,0.206,2.61,2.49,4.33,3.87,31.0,Laterite,MODERATE_RISK
5,6.4,51.9,25.8,59.9,0.049,2.71,2.54,3.84,3.48,31.0,Laterite,SAFE
4,7.4,41.7,24.8,57.4,0.153,2.25,1.93,3.71,2.95,48.0,Clay Loam,SAFE
4,16.3,32.9,26.5,79.7,0.057,1.93,1.79,3.7,2.94,48.0,Clay Loam,SAFE
3,11.4,77.2,28.8,86.7,0.09,3.95,3.55,5.71,5.14,28.0,Weathered Granite,MODERATE_RISK
3,61.3,94.3,22.8,62.0,0.072,4.74,4.15,11.99,9.5,28.0,Weathered Granite,HIGH_RISK
1,11.5,78.3,20.5,83.3,0.367,4.03,4.49,7.17,6.43,35.0,Residual Soil,MODERATE_RISK
1,11.7,42.2,27.3,91.3,0.04,2.06,1.96,3.11,3.01,35.0,Residual Soil,SAFE
4,12.1,38.4,27.2,84.5,0.129,1.87,1.7,3.13,2.46,48.0,Clay Loam,SAFE
6,45.3,36.3,24.4,42.0,0.067,1.46,0.93,5.13,2.9,38.0,Sandy Loam,MODERATE_RISK
6,26.3,30.3,32.7,88.0,0.163,1.69,1.58,4.51,3.47,38.0,Sandy Loam,MODERATE_RISK
4,23.8,61.3,22.2,84.9,0.125,3.11,3.08,7.47,5.9,48.0,Clay Loam,MODERATE_RISK
1,10.2,65.4,20.4,78.8,0.387,3.43,3.54,5.74,5.04,35.0,Residual Soil,MODERATE_RISK
1,42.6,72.9,25.7,84.1,0.016,3.08,2.2,6.83,5.0,35.0,Residual Soil,MODERATE_RISK
6,1.0,71.0,21.3,96.8,0.037,3.54,2.63,4.59,3.93,38.0,Sandy Loam,MODERATE_RISK
2,51.2,41.9,26.0,65.0,0.218,1.92,1.64,6.23,4.36,42.0,Colluvium,MODERATE_RISK
2,18.0,44.8,20.7,43.9,0.069,2.54,1.89,4.63,3.54,42.0,Colluvium,MODERATE_RISK
1,12.7,71.1,22.4,66.7,0.027,3.68,3.33,5.09,4.45,35.0,Residual Soil,MODERATE_RISK
2,17.2,46.2,31.6,42.7,0.105,2.36,1.99,5.24,3.71,42.0,Colluvium,MODERATE_RISK
5,27.5,35.9,22.4,57.1,0.158,1.71,1.32,4.68,3.03,31.0,Laterite,MODERATE_RISK
4,0.3,48.1,20.8,74.0,0.007,2.48,1.85,2.46,2.89,48.0,Clay Loam,SAFE
4,51.3,40.4,28.7,58.0,0.052,1.83,1.77,7.17,5.17,48.0,Clay Loam,MODERATE_RISK
1,14.8,26.6,19.8,79.8,0.249,1.31,1.25,3.72,3.16,35.0,Residual Soil,SAFE
3,10.5,82.3,21.2,87.7,0.11,4.0,3.82,5.93,5.43,28.0,Weathered Granite,HIGH_RISK
6,3.7,84.0,26.3,64.4,0.005,4.65,3.3,4.95,4.59,38.0,Sandy Loam,HIGH_RISK
1,14.5,36.5,27.8,92.2,0.05,2.12,1.73,4.43,3.58,35.0,Residual Soil,MODERATE_RISK
2,17.1,24.9,28.9,44.6,0.153,1.46,1.5,3.65,3.07,42.0,Colluvium,SAFE
6,12.9,75.4,21.0,88.7,0.033,3.47,2.71,5.32,4.3,38.0,Sandy Loam,MODERATE_RISK
3,28.4,35.9,26.4,88.1,0.264,1.97,2.35,5.83,4.6,28.0,Weathered Granite,MODERATE_RISK
2,13.7,49.5,22.1,58.7,0.169,2.51,2.75,5.67,4.84,42.0,Colluvium,MODERATE_RISK
5,81.4,24.8,21.6,57.3,0.096,1.48,1.46,8.96,5.72,31.0,Laterite,HIGH_RISK
2,22.9,37.0,28.8,57.7,0.371,1.91,2.46,5.58,4.84,42.0,Colluvium,MODERATE_RISK
5,41.2,79.5,21.8,87.1,0.075,3.97,3.54,7.56,6.52,31.0,Laterite,MODERATE_RISK
6,2.9,80.3,25.1,88.2,0.04,4.06,3.43,5.7,4.71,38.0,Sandy Loam,HIGH_RISK
5,12.7,35.5,24.6,59.1,0.162,1.41,1.41,3.5,2.63,31.0,Laterite,SAFE
6,10.3,45.2,19.7,74.4,0.128,2.11,2.08,3.32,3.05,38.0,Sandy Loam,SAFE
6,21.1,30.1,27.9,48.1,0.061,1.58,1.22,2.93,2.54,38.0,Sandy Loam,SAFE
6,49.4,25.6,26.2,67.2,0.063,1.51,1.14,5.92,4.43,38.0,Sandy Loam,MODERATE_RISK
6,2.0,94.4,16.1,97.9,0.076,4.61,4.16,6.5,5.85,38.0,Sandy Loam,HIGH_RISK
6,1.9,69.2,25.1,49.2,0.052,3.45,3.05,3.74,4.24,38.0,Sandy Loam,MODERATE_RISK
2,47.5,60.7,20.9,95.0,0.186,2.71,2.96,7.83,6.17,42.0,Colluvium,MODERATE_RISK
6,6.0,77.4,28.4,87.8,0.158,4.16,3.99,6.62,5.92,38.0,Sandy Loam,MODERATE_RISK
2,27.6,83.0,18.2,96.4,0.087,4.37,3.49,7.78,6.53,42.0,Colluvium,HIGH_RISK
6,19.6,80.5,22.6,50.4,0.076,4.16,3.86,7.07,6.23,38.0,Sandy Loam,HIGH_RISK
5,44.7,21.2,25.4,52.4,0.068,1.14,1.03,5.05,3.6,31.0,Laterite,MODERATE_RISK
6,3.3,34.0,24.2,41.0,0.05,2.01,2.04,2.88,3.15,38.0,Sandy Loam,SAFE
3,3.5,69.1,27.1,82.0,0.013,3.29,2.63,4.89,4.3,28.0,Weathered Granite,MODERATE_RISK
6,20.3,48.2,17.9,77.4,0.047,2.23,2.02,4.74,3.66,38.0,Sandy Loam,MODERATE_RISK
6,73.1,93.7,30.6,50.3,0.058,4.9,4.2,11.81,9.02,38.0,Sandy Loam,HIGH_RISK
5,13.4,69.9,26.1,85.9,0.119,3.69,3.55,5.82,5.56,31.0,Laterite,MODERATE_RISK
4,9.9,91.7,29.4,57.4,0.223,4.35,3.66,5.65,5.36,48.0,Clay Loam,HIGH_RISK
5,23.3,35.1,27.5,47.8,0.076,1.65,1.08,4.39,2.86,31.0,Laterite,MODERATE_RISK
3,66.6,84.8,24.0,64.5,0.434,4.58,5.17,13.0,10.06,28.0,Weathered Granite,HIGH_RISK
4,45.3,44.1,18.9,45.3,0.263,2.29,2.73,7.52,5.88,48.0,Clay Loam,MODERATE_RISK
1,135.0,94.2,21.7,55.3,0.628,4.87,5.55,19.02,14.31,35.0,Residual Soil,HIGH_RISK
1,0.6,31.8,30.4,61.5,0.313,1.36,2.14,2.94,2.7,35.0,Residual Soil,SAFE
3,3.0,58.7,29.5,89.4,0.144,3.07,2.47,3.89,3.23,28.0,Weathered Granite,MODERATE_RISK
5,23.5,79.5,21.5,86.0,0.137,3.69,4.34,8.41,6.99,31.0,Laterite,MODERATE_RISK
2,43.0,52.4,12.7,65.7,0.021,2.22,2.23,6.79,5.52,42.0,Colluvium,MODERATE_RISK
3,8.4,55.1,23.1,82.0,0.192,2.9,3.08,4.66,4.44,28.0,Weathered Granite,MODERATE_RISK
4,6.8,94.0,22.8,73.0,0.138,4.99,4.43,7.64,7.0,48.0,Clay Loam,HIGH_RISK
4,38.7,51.9,23.0,59.8,0.106,2.54,2.16,6.06,4.95,48.0,Clay Loam,MODERATE_RISK
6,1.5,65.3,26.1,82.1,0.177,3.16,2.67,3.8,3.49,38.0,Sandy Loam,MODERATE_RISK
1,11.5,24.1,27.5,79.6,0.088,1.55,1.47,2.77,2.32,35.0,Residual Soil,SAFE
4,17.6,83.2,28.0,75.9,0.111,4.12,3.37,5.94,5.22,48.0,Clay Loam,HIGH_RISK
3,20.5,68.6,25.8,75.8,0.076,3.42,2.72,5.85,4.95,28.0,Weathered Granite,MODERATE_RISK
4,32.6,50.3,16.8,79.6,0.19,2.85,2.42,6.69,5.44,48.0,Clay Loam,MODERATE_RISK
3,11.0,21.2,22.6,62.3,0.314,0.99,1.81,3.23,3.22,28.0,Weathered Granite,SAFE
2,23.7,64.4,33.2,90.4,0.276,3.09,3.19,5.76,5.21,42.0,Colluvium,MODERATE_RISK
6,22.0,20.9,25.5,49.4,0.231,1.21,1.82,3.98,3.46,38.0,Sandy Loam,SAFE
1,19.8,20.1,25.5,91.3,0.002,0.86,0.83,2.6,2.36,35.0,Residual Soil,SAFE
4,25.6,66.2,25.4,59.9,0.364,3.28,3.78,7.1,6.11,48.0,Clay Loam,MODERATE_RISK
3,7.5,34.2,25.7,47.3,0.048,1.45,2.1,3.45,3.36,28.0,Weathered Granite,SAFE
5,2.2,34.4,14.5,74.8,0.328,1.76,2.64,3.86,3.75,31.0,Laterite,SAFE
1,3.2,69.0,23.0,61.8,0.033,3.46,2.49,3.98,3.76,35.0,Residual Soil,MODERATE_RISK
2,6.4,24.0,23.8,87.3,0.087,1.39,1.51,2.05,1.94,42.0,Colluvium,SAFE
3,17.3,43.5,29.1,65.0,0.208,2.35,2.49,5.41,4.21,28.0,Weathered Granite,MODERATE_RISK
6,45.9,31.2,24.2,78.8,0.153,1.67,1.39,6.59,4.72,38.0,Sandy Loam,MODERATE_RISK
6,30.2,63.5,17.4,57.9,0.081,3.25,2.42,6.76,5.34,38.0,Sandy Loam,MODERATE_RISK
2,38.9,69.6,25.7,52.1,0.17,3.47,3.42,7.95,6.36,42.0,Colluvium,MODERATE_RISK
2,10.8,74.1,20.8,62.5,0.119,3.83,3.63,6.64,5.78,42.0,Colluvium,MODERATE_RISK
6,13.0,39.1,19.1,75.2,0.048,1.73,1.21,3.13,2.31,38.0,Sandy Loam,SAFE
4,12.5,26.7,20.7,78.1,0.156,0.87,1.46,3.17,2.46,48.0,Clay Loam,SAFE
4,5.3,25.9,26.2,73.5,0.034,1.53,1.41,2.63,2.19,48.0,Clay Loam,SAFE
3,1.6,52.0,29.0,97.3,0.178,2.73,3.08,5.09,4.33,28.0,Weathered Granite,MODERATE_RISK
5,22.3,90.9,25.9,80.1,0.0,4.52,3.94,8.14,6.74,31.0,Laterite,HIGH_RISK
3,113.2,36.3,26.5,94.0,0.119,2.03,1.93,11.55,8.04,28.0,Weathered Granite,HIGH_RISK
5,4.6,39.3,25.9,46.8,0.077,1.82,2.18,4.01,3.79,31.0,Laterite,MODERATE_RISK
2,1.2,27.6,24.4,43.6,0.054,1.24,0.82,2.16,2.12,42.0,Colluvium,SAFE
1,37.8,65.4,26.8,58.0,0.109,3.1,3.52,8.75,6.93,35.0,Residual Soil,MODERATE_RISK
3,7.3,71.0,14.3,47.9,0.155,3.66,3.13,6.05,5.44,28.0,Weathered Granite,MODERATE_RISK
3,44.2,68.2,24.4,70.5,0.504,3.09,3.97,8.2,6.97,28.0,Weathered Granite,MODERATE_RISK
5,30.4,84.6,19.8,70.1,0.269,4.08,3.9,8.58,7.05,31.0,Laterite,HIGH_RISK
2,72.8,56.5,28.7,73.4,0.189,2.88,2.76,10.1,7.52,42.0,Colluvium,HIGH_RISK
2,13.1,30.1,23.4,83.2,0.098,1.26,2.18,4.83,4.21,42.0,Colluvium,MODERATE_RISK
5,27.1,41.7,24.1,96.3,0.075,1.95,1.65,4.08,3.17,31.0,Laterite,MODERATE_RISK
2,15.6,69.7,18.0,90.9,0.005,3.04,2.7,5.04,4.27,42.0,Colluvium,MODERATE_RISK
6,24.9,66.0,28.1,46.9,0.067,3.42,2.87,6.75,5.4,38.0,Sandy Loam,MODERATE_RISK
4,14.9,59.8,26.5,59.6,0.283,2.85,3.41,5.78,5.05,48.0,Clay Loam,MODERATE_RISK
6,5.2,71.2,26.2,54.8,0.073,3.34,2.73,4.63,4.38,38.0,Sandy Loam,MODERATE_RISK
1,17.7,67.8,20.7,50.3,0.093,3.13,2.86,5.7,4.7,35.0,Residual Soil,MODERATE_RISK
3,18.8,86.1,20.9,71.6,0.048,4.22,3.71,6.97,5.92,28.0,Weathered Granite,HIGH_RISK
1,41.6,64.0,24.9,72.1,0.048,2.88,2.23,6.96,5.35,35.0,Residual Soil,MODERATE_RISK
3,33.2,78.4,21.2,53.2,0.01,4.31,4.31,8.56,7.34,28.0,Weathered Granite,MODERATE_RISK
4,27.3,38.7,25.7,81.3,0.143,1.46,1.8,4.49,3.51,48.0,Clay Loam,MODERATE_RISK
2,3.0,70.9,15.4,82.5,0.089,3.45,2.96,4.61,4.58,42.0,Colluvium,MODERATE_RISK
6,31.9,87.7,22.0,41.2,0.14,4.41,3.74,7.56,6.28,38.0,Sandy Loam,HIGH_RISK
5,17.3,48.9,31.2,63.0,0.119,2.29,2.22,5.33,4.27,31.0,Laterite,MODERATE_RISK
6,56.1,78.4,25.8,91.6,0.241,3.96,3.53,9.38,7.01,38.0,Sandy Loam,MODERATE_RISK
4,63.1,74.4,24.7,70.2,0.209,3.56,4.01,11.46,8.82,48.0,Clay Loam,HIGH_RISK
1,1.4,24.5,31.9,60.2,0.221,1.53,2.02,2.7,2.37,35.0,Residual Soil,SAFE
5,43.0,63.6,14.7,54.7,0.104,2.96,2.65,7.77,5.8,31.0,Laterite,MODERATE_RISK
2,1.0,29.8,20.7,54.1,0.066,1.02,1.33,1.27,1.04,42.0,Colluvium,SAFE
4,11.4,92.5,22.4,45.8,0.406,4.37,4.5,8.37,7.09,48.0,Clay Loam,HIGH_RISK
5,19.5,80.9,27.4,87.4,0.008,4.12,2.97,6.58,5.42,31.0,Laterite,HIGH_RISK
4,4.0,28.2,27.5,45.0,0.025,1.39,1.15,1.77,1.59,48.0,Clay Loam,SAFE
4,34.3,29.1,20.5,57.0,0.082,1.61,1.57,4.69,3.52,48.0,Clay Loam,MODERATE_RISK
2,0.2,64.6,28.0,42.6,0.143,3.33,3.25,5.12,4.63,42.0,Colluvium,MODERATE_RISK
3,4.6,45.9,22.4,85.3,0.001,2.17,1.3,1.55,1.48,28.0,Weathered Granite,SAFE
5,21.7,22.6,28.8,42.3,0.191,1.03,1.26,3.64,2.81,31.0,Laterite,SAFE
2,31.3,60.6,19.9,57.9,0.123,2.95,1.8,4.8,3.76,42.0,Colluvium,MODERATE_RISK
4,62.1,49.1,23.5,73.3,0.099,2.83,2.21,8.16,6.06,48.0,Clay Loam,MODERATE_RISK
2,30.6,27.6,22.0,63.8,0.083,1.52,1.68,4.65,3.59,42.0,Colluvium,MODERATE_RISK
3,27.9,80.1,28.2,56.4,0.11,4.38,4.12,8.01,6.78,28.0,Weathered Granite,HIGH_RISK
6,12.5,88.6,21.9,56.0,0.026,4.6,3.42,6.98,6.05,38.0,Sandy Loam,HIGH_RISK
5,0.0,76.7,23.8,86.3,0.017,3.82,3.01,4.91,4.57,31.0,Laterite,MODERATE_RISK
3,3.2,81.7,26.0,96.5,0.051,3.88,3.26,4.41,4.27,28.0,Weathered Granite,HIGH_RISK
1,19.1,36.2,26.2,60.2,0.185,1.85,2.36,4.63,4.2,35.0,Residual Soil,MODERATE_RISK
5,28.1,39.8,27.5,42.3,0.133,1.98,2.44,6.34,5.04,31.0,Laterite,MODERATE_RISK
3,13.5,35.6,24.8,42.1,0.098,1.76,1.75,4.19,3.36,28.0,Weathered Granite,MODERATE_RISK
4,32.8,77.4,22.3,84.0,0.127,3.83,3.37,6.99,5.87,48.0,Clay Loam,MODERATE_RISK
5,18.4,91.1,22.6,72.0,0.123,4.14,3.25,6.7,5.68,31.0,Laterite,HIGH_RISK
5,1.9,73.8,24.1,85.4,0.055,3.94,3.35,5.31,4.68,31.0,Laterite,MODERATE_RISK
2,5.3,86.1,25.0,80.5,0.015,4.29,4.1,5.6,5.04,42.0,Colluvium,HIGH_RISK
4,45.8,67.9,23.4,92.6,0.341,3.11,3.9,9.31,7.59,48.0,Clay Loam,MODERATE_RISK
1,32.3,49.1,24.1,91.4,0.137,2.55,2.5,6.27,5.18,35.0,Residual Soil,MODERATE_RISK
6,56.3,51.9,17.9,85.7,0.179,2.42,2.56,8.37,6.1,38.0,Sandy Loam,MODERATE_RISK
3,3.1,25.6,26.7,67.6,0.094,1.39,1.19,1.37,1.63,28.0,Weathered Granite,SAFE
2,115.7,22.4,24.7,57.9,0.212,1.3,1.57,11.23,7.19,42.0,Colluvium,HIGH_RISK
3,5.9,72.2,28.0,69.4,0.132,3.81,3.49,5.4,4.87,28.0,Weathered Granite,MODERATE_RISK
1,0.3,52.9,24.0,69.1,0.008,2.61,2.16,3.0,3.22,35.0,Residual Soil,SAFE
1,149.0,61.4,17.0,75.4,0.331,2.99,3.69,17.2,12.24,35.0,Residual Soil,HIGH_RISK
5,8.2,61.8,22.6,50.8,0.055,2.96,2.82,4.82,4.24,31.0,Laterite,MODERATE_RISK
1,27.6,40.8,23.2,78.0,0.022,1.9,1.74,4.97,3.9,35.0,Residual Soil,MODERATE_RISK
3,4.9,55.7,27.0,66.5,0.014,2.78,1.97,4.23,3.76,28.0,Weathered Granite,MODERATE_RISK
4,21.7,55.3,15.7,76.0,0.191,2.72,2.46,5.86,4.46,48.0,Clay Loam,MODERATE_RISK
4,58.6,49.1,24.2,53.9,0.183,2.29,2.11,8.51,6.42,48.0,Clay Loam,MODERATE_RISK
5,9.6,81.6,26.1,65.2,0.181,3.85,3.69,6.06,5.38,31.0,Laterite,HIGH_RISK
6,27.7,53.8,21.4,52.2,0.371,2.67,2.64,5.67,4.86,38.0,Sandy Loam,MODERATE_RISK
3,5.2,65.3,24.3,90.8,0.064,3.18,2.73,4.91,4.19,28.0,Weathered Granite,MODERATE_RISK
3,24.5,87.2,,,0.124,4.13,4.1,8.1,7.25,28.0,Weathered Granite,HIGH_RISK
1,10.3,85.0,21.1,53.0,0.145,4.42,4.17,7.44,6.54,35.0,Residual Soil,HIGH_RISK
3,5.9,86.8,22.4,42.4,0.583,4.69,5.4,8.13,7.31,28.0,Weathered Granite,HIGH_RISK
2,9.4,40.3,21.2,79.2,0.056,2.21,1.73,3.67,3.16,42.0,Colluvium,SAFE
6,4.9,22.6,26.7,52.4,0.47,0.99,2.44,3.96,3.86,38.0,Sandy Loam,SAFE
1,58.0,39.6,21.1,97.4,0.024,1.97,1.74,7.02,5.32,35.0,Residual Soil,MODERATE_RISK
2,12.7,40.9,20.4,71.0,0.217,2.35,2.46,4.52,3.96,42.0,Colluvium,MODERATE_RISK
5,7.0,88.2,31.1,56.8,0.15,4.18,3.62,6.24,5.72,31.0,Laterite,HIGH_RISK
4,14.9,68.7,27.8,78.1,0.255,3.59,3.66,7.07,5.99,48.0,Clay Loam,MODERATE_RISK
5,9.7,26.1,16.6,56.0,0.004,1.02,0.74,1.7,1.51,31.0,Laterite,SAFE
4,34.1,30.2,20.9,87.6,0.012,1.85,1.75,5.53,4.27,48.0,Clay Loam,MODERATE_RISK
5,88.7,31.7,25.0,57.9,0.011,1.5,1.61,9.68,6.03,31.0,Laterite,HIGH_RISK
3,14.4,67.3,25.3,97.3,0.135,3.81,3.04,6.08,4.97,28.0,Weathered Granite,MODERATE_RISK
2,49.3,75.2,18.0,75.1,0.139,4.11,3.34,9.45,7.38,42.0,Colluvium,MODERATE_RISK
4,20.9,84.5,28.6,89.0,0.355,4.2,4.83,9.82,8.34,48.0,Clay Loam,HIGH_RISK
1,4.3,90.5,27.3,44.2,0.095,4.38,3.84,5.87,5.44,35.0,Residual Soil,HIGH_RISK
2,29.3,35.1,25.9,60.2,0.011,1.79,1.13,4.77,3.44,42.0,Colluvium,MODERATE_RISK
1,18.0,43.2,29.4,82.8,0.035,2.12,2.1,4.65,4.08,35.0,Residual Soil,MODERATE_RISK
2,26.3,38.0,25.8,78.0,0.001,1.82,1.56,3.9,3.19,42.0,Colluvium,SAFE
2,55.1,46.9,25.8,51.3,0.225,2.01,2.94,8.49,6.1,42.0,Colluvium,MODERATE_RISK
5,14.5,88.6,30.2,60.7,0.254,4.33,4.16,7.63,7.05,31.0,Laterite,HIGH_RISK
4,57.9,63.1,28.4,55.3,0.928,2.93,5.46,13.18,10.26,48.0,Clay Loam,HIGH_RISK
4,34.7,75.4,20.6,75.6,0.08,3.88,2.91,6.63,5.62,48.0,Clay Loam,MODERATE_RISK
2,16.8,56.8,26.5,60.0,0.003,3.04,2.86,5.25,4.27,42.0,Colluvium,MODERATE_RISK
3,23.1,22.2,21.3,57.9,0.04,1.26,1.41,3.7,3.21,28.0,Weathered Granite,SAFE
3,9.8,24.8,26.0,52.0,0.133,1.31,1.93,3.25,2.86,28.0,Weathered Granite,SAFE
1,102.8,60.3,25.9,63.7,0.49,2.84,4.08,13.4,10.16,35.0,Residual Soil,HIGH_RISK
1,27.5,73.9,18.5,51.3,0.016,3.74,3.01,5.61,4.47,35.0,Residual Soil,MODERATE_RISK
5,1.1,36.1,23.5,95.8,0.019,1.96,1.27,1.8,1.86,31.0,Laterite,SAFE
2,9.9,74.1,25.1,49.0,0.181,3.59,3.23,5.76,5.15,42.0,Colluvium,MODERATE_RISK
1,24.4,80.8,22.3,93.0,0.165,4.06,3.21,7.09,5.98,35.0,Residual Soil,HIGH_RISK
1,1.4,50.9,25.3,64.9,0.043,2.52,1.87,2.24,2.47,35.0,Residual Soil,SAFE
6,0.6,76.0,27.2,61.9,0.252,4.13,4.19,5.66,5.53,38.0,Sandy Loam,MODERATE_RISK
2,14.9,50.3,23.9,53.4,0.021,2.69,2.2,4.23,3.6,42.0,Colluvium,MODERATE_RISK
5,10.1,70.9,24.9,76.9,0.39,3.67,4.04,6.87,5.98,31.0,Laterite,MODERATE_RISK
1,14.4,77.3,29.5,79.8,0.034,3.52,2.68,5.68,4.66,35.0,Residual Soil,MODERATE_RISK
5,7.6,94.4,25.9,67.1,0.013,4.75,3.31,5.93,5.45,31.0,Laterite,HIGH_RISK
4,4.5,45.9,24.8,43.2,0.062,2.26,2.05,3.25,2.81,48.0,Clay Loam,SAFE
5,29.2,50.8,20.2,93.3,0.031,2.51,2.21,5.83,4.23,31.0,Laterite,MODERATE_RISK
3,18.1,32.4,26.7,96.9,0.112,1.31,1.09,2.66,1.94,28.0,Weathered Granite,SAFE
3,5.6,35.3,25.3,65.0,0.174,1.55,1.6,2.89,2.66,28.0,Weathered Granite,SAFE
5,9.6,72.0,29.1,75.6,0.101,3.59,3.64,6.2,5.48,31.0,Laterite,MODERATE_RISK
3,22.4,88.8,24.2,66.1,0.162,4.66,4.56,9.33,8.0,28.0,Weathered Granite,HIGH_RISK
4,1.9,49.6,16.7,58.7,0.068,2.36,1.65,2.87,2.15,48.0,Clay Loam,SAFE
2,4.0,33.5,17.2,44.5,0.004,1.6,1.27,1.84,1.14,42.0,Colluvium,SAFE
3,1.9,41.4,26.9,66.5,0.548,2.43,4.02,5.8,5.54,28.0,Weathered Granite,MODERATE_RISK
3,41.8,54.1,21.7,87.5,0.257,2.65,2.83,7.42,6.07,28.0,Weathered Granite,MODERATE_RISK
5,34.9,41.8,25.7,41.0,0.011,2.06,1.6,4.41,3.1,31.0,Laterite,MODERATE_RISK
4,35.0,37.5,24.5,73.8,0.089,1.85,2.07,5.79,4.61,48.0,Clay Loam,MODERATE_RISK
2,31.5,75.2,23.3,91.1,0.151,3.49,3.54,7.76,6.66,42.0,Colluvium,MODERATE_RISK
5,27.7,20.6,23.6,52.6,0.032,1.14,1.29,4.38,3.27,31.0,Laterite,MODERATE_RISK
5,16.2,60.4,20.5,50.6,0.129,2.89,2.62,5.53,4.81,31.0,Laterite,MODERATE_RISK
6,25.7,79.5,23.9,84.8,0.114,3.97,3.72,7.69,6.51,38.0,Sandy Loam,MODERATE_RISK
4,1.0,40.0,21.7,54.8,0.035,2.09,2.23,2.61,2.63,48.0,Clay Loam,SAFE
2,24.3,65.2,22.5,51.1,0.023,3.65,2.97,5.79,5.12,42.0,Colluvium,MODERATE_RISK
4,37.6,70.2,22.7,61.9,0.213,3.25,3.12,7.39,6.38,48.0,Clay Loam,MODERATE_RISK
2,17.3,69.1,23.1,62.8,0.058,3.63,3.45,6.89,5.75,42.0,Colluvium,MODERATE_RISK
4,11.1,53.4,27.7,90.7,0.042,2.84,3.01,5.71,4.91,48.0,Clay Loam,MODERATE_RISK
5,8.1,46.0,23.5,75.9,0.201,2.17,2.97,4.98,4.27,31.0,Laterite,MODERATE_RISK
5,25.7,82.7,28.1,63.5,0.2,4.25,3.89,9.07,7.42,31.0,Laterite,HIGH_RISK
1,29.5,76.9,30.2,71.0,0.049,4.17,3.4,8.24,6.61,35.0,Residual Soil,MODERATE_RISK
3,51.2,44.1,27.4,95.3,0.309,2.05,2.26,8.11,6.23,28.0,Weathered Granite,MODERATE_RISK
6,10.5,27.7,26.1,46.6,0.175,1.43,1.7,3.74,3.38,38.0,Sandy Loam,SAFE
4,36.7,25.4,25.3,52.0,0.064,1.35,0.95,4.59,3.39,48.0,Clay Loam,MODERATE_RISK
6,20.6,27.1,27.5,95.8,0.084,1.46,1.26,3.73,3.08,38.0,Sandy Loam,SAFE
1,53.6,63.7,24.4,95.5,0.195,3.34,3.47,8.59,6.75,35.0,Residual Soil,MODERATE_RISK
3,18.8,23.9,27.9,50.3,0.036,1.23,1.21,2.79,2.09,28.0,Weathered Granite,SAFE
4,18.2,45.3,26.5,48.4,0.095,2.37,1.64,3.8,3.19,48.0,Clay Loam,SAFE
2,21.6,76.5,22.6,64.4,0.159,3.64,3.86,7.58,6.48,42.0,Colluvium,MODERATE_RISK
3,34.6,42.1,27.6,42.9,0.116,2.14,1.73,5.3,4.44,28.0,Weathered Granite,MODERATE_RISK
5,83.6,77.2,24.4,78.0,0.141,3.76,3.14,11.53,8.1,31.0,Laterite,HIGH_RISK
1,1.9,75.9,23.6,44.5,0.119,3.55,2.83,3.35,3.55,35.0,Residual Soil,MODERATE_RISK
3,1.4,38.4,22.1,43.4,0.033,1.82,1.36,2.4,2.24,28.0,Weathered Granite,SAFE
3,69.3,74.7,24.7,68.1,0.079,3.79,3.0,10.08,7.4,28.0,Weathered Granite,MODERATE_RISK
5,18.9,76.1,28.0,95.6,0.114,3.89,3.19,6.2,5.12,31.0,Laterite,MODERATE_RISK
4,23.9,49.8,27.6,64.8,0.227,2.24,1.73,4.97,3.78,48.0,Clay Loam,MODERATE_RISK
2,16.5,35.8,25.4,60.7,0.159,1.6,1.8,3.5,2.67,42.0,Colluvium,SAFE
5,2.5,59.1,26.4,97.9,0.083,3.1,2.8,4.28,4.26,31.0,Laterite,MODERATE_RISK
2,36.5,89.1,29.1,70.9,0.55,4.56,5.97,12.02,10.74,42.0,Colluvium,HIGH_RISK
4,34.4,68.0,23.4,61.8,0.017,3.58,3.06,6.92,5.61,48.0,Clay Loam,MODERATE_RISK
3,9.3,33.0,19.5,62.4,0.035,1.92,1.49,1.98,1.81,28.0,Weathered Granite,SAFE
2,9.1,71.2,29.2,51.3,0.063,3.67,2.76,4.29,3.69,42.0,Colluvium,MODERATE_RISK
1,45.5,52.0,21.9,69.7,0.039,2.52,2.1,6.76,4.89,35.0,Residual Soil,MODERATE_RISK
1,1.9,64.4,21.2,65.5,0.147,3.24,3.17,4.78,4.34,35.0,Residual Soil,MODERATE_RISK
5,53.2,75.1,16.8,55.7,0.006,4.09,3.14,8.96,7.19,31.0,Laterite,MODERATE_RISK
4,7.4,58.6,26.3,49.3,0.029,3.48,2.89,4.6,4.84,48.0,Clay Loam,MODERATE_RISK
5,22.5,81.0,17.5,58.1,0.052,4.14,4.04,7.2,6.2,31.0,Laterite,HIGH_RISK
5,68.7,74.2,21.0,69.5,0.172,3.82,3.46,10.75,8.0,31.0,Laterite,HIGH_RISK
6,28.3,66.1,26.4,43.4,0.313,3.45,3.13,6.88,5.46,38.0,Sandy Loam,MODERATE_RISK
5,13.4,31.3,26.9,48.9,0.24,1.57,2.24,4.75,4.06,31.0,Laterite,MODERATE_RISK
6,29.2,82.7,21.4,95.0,0.03,4.37,3.68,7.48,6.4,38.0,Sandy Loam,HIGH_RISK
1,10.5,90.2,23.5,71.5,0.125,4.71,3.63,5.27,5.0,35.0,Residual Soil,HIGH_RISK
1,8.1,30.3,20.5,43.7,0.005,1.59,1.42,1.48,1.51,35.0,Residual Soil,SAFE
5,142.7,56.6,21.8,80.2,0.056,2.77,2.08,14.34,9.92,31.0,Laterite,HIGH_RISK
1,34.7,39.4,25.1,43.6,0.246,1.67,2.21,6.15,4.95,35.0,Residual Soil,MODERATE_RISK
4,25.9,76.6,22.0,82.9,0.092,3.98,4.03,8.0,6.96,48.0,Clay Loam,MODERATE_RISK
6,11.0,74.1,23.0,83.5,0.024,3.75,3.02,5.13,4.66,38.0,Sandy Loam,MODERATE_RISK
6,1.3,30.6,18.1,77.8,0.087,1.38,1.69,1.84,1.91,38.0,Sandy Loam,SAFE
5,0.8,85.8,28.5,82.5,0.033,4.06,2.98,3.59,3.5,31.0,Laterite,HIGH_RISK
1,20.2,33.6,26.0,45.1,0.075,1.81,1.22,3.63,2.89,35.0,Residual Soil,SAFE
2,35.9,79.8,27.2,82.2,0.1,3.67,3.84,8.52,7.12,42.0,Colluvium,MODERATE_RISK
6,19.3,54.3,29.2,47.9,0.065,2.77,2.5,5.11,4.43,38.0,Sandy Loam,MODERATE_RISK
5,45.9,44.6,20.7,59.7,0.415,2.4,3.36,7.94,6.13,31.0,Laterite,MODERATE_RISK
5,0.8,31.9,22.6,94.7,0.124,1.7,2.08,2.7,2.73,31.0,Laterite,SAFE
4,11.4,32.6,16.4,69.2,0.278,1.55,1.92,3.81,3.18,48.0,Clay Loam,SAFE
3,6.8,69.6,36.6,96.1,0.215,3.23,3.48,5.91,5.11,28.0,Weathered Granite,MODERATE_RISK
3,14.8,61.3,23.4,45.2,0.162,3.18,3.23,5.95,5.33,28.0,Weathered Granite,MODERATE_RISK
6,1.9,29.2,28.2,67.7,0.103,1.7,1.28,2.76,2.33,38.0,Sandy Loam,SAFE
4,77.0,28.5,19.0,43.6,0.0,1.31,1.5,8.12,6.09,48.0,Clay Loam,HIGH_RISK
4,6.3,25.4,28.0,76.6,0.143,1.37,1.92,4.03,3.47,48.0,Clay Loam,MODERATE_RISK
4,63.9,75.8,31.4,44.6,0.066,4.11,3.1,9.87,7.41,48.0,Clay Loam,HIGH_RISK
6,13.9,73.4,23.8,50.2,0.019,3.74,3.11,5.83,5.03,38.0,Sandy Loam,MODERATE_RISK
3,105.9,24.4,20.0,55.0,0.088,1.14,1.11,10.6,6.68,28.0,Weathered Granite,HIGH_RISK
4,20.2,62.0,23.4,83.4,0.2,3.31,3.67,6.81,6.17,48.0,Clay Loam,MODERATE_RISK
1,66.8,26.4,15.1,49.5,0.489,1.17,1.98,8.15,5.94,35.0,Residual Soil,MODERATE_RISK
5,0.1,87.8,23.8,89.1,0.07,4.13,4.59,6.28,6.13,31.0,Laterite,HIGH_RISK
5,34.5,88.0,27.3,47.7,0.117,4.56,3.95,9.15,7.25,31.0,Laterite,HIGH_RISK
2,58.3,72.4,23.9,42.0,0.286,3.54,3.91,10.7,8.53,42.0,Colluvium,HIGH_RISK
2,3.8,89.5,22.9,62.9,0.061,4.41,4.13,7.05,6.11,42.0,Colluvium,HIGH_RISK
6,2.5,80.9,26.1,96.8,0.023,3.92,3.15,5.03,4.48,38.0,Sandy Loam,HIGH_RISK
6,13.8,82.1,26.4,46.4,0.05,4.01,3.32,6.64,5.67,38.0,Sandy Loam,HIGH_RISK
5,67.8,62.7,17.4,45.9,0.344,3.42,3.62,10.48,7.98,31.0,Laterite,HIGH_RISK
1,19.5,43.0,24.4,83.6,0.026,2.48,1.8,4.75,3.59,35.0,Residual Soil,MODERATE_RISK
3,18.7,36.3,33.7,58.1,0.06,2.17,2.0,4.3,3.57,28.0,Weathered Granite,MODERATE_RISK
3,3.8,44.5,18.7,81.6,0.094,2.44,2.19,3.59,3.45,28.0,Weathered Granite,SAFE
6,0.0,67.1,23.7,51.6,0.282,3.45,3.45,5.54,5.23,38.0,Sandy Loam,MODERATE_RISK
1,41.5,32.9,31.8,66.7,0.416,1.36,2.2,7.78,5.91,35.0,Residual Soil,MODERATE_RISK
6,2.3,39.4,28.4,55.4,0.083,1.93,1.97,3.55,3.21,38.0,Sandy Loam,SAFE
3,25.1,55.1,21.9,66.2,0.403,3.19,3.52,7.75,6.31,28.0,Weathered Granite,MODERATE_RISK
6,61.5,37.5,24.8,84.6,0.026,1.79,1.44,6.81,5.03,38.0,Sandy Loam,MODERATE_RISK
4,5.9,64.1,24.0,84.2,0.026,3.51,3.16,5.29,4.41,48.0,Clay Loam,MODERATE_RISK
6,27.4,89.2,21.0,69.9,0.447,4.47,4.99,9.63,8.36,38.0,Sandy Loam,HIGH_RISK
5,2.0,76.1,23.7,93.8,0.107,3.27,2.62,4.79,4.35,31.0,Laterite,MODERATE_RISK
6,23.1,70.0,22.9,55.3,0.031,3.63,2.99,6.26,5.23,38.0,Sandy Loam,MODERATE_RISK
5,4.5,63.7,24.5,53.9,0.1,3.44,3.18,5.79,4.92,31.0,Laterite,MODERATE_RISK
1,33.3,56.6,21.0,75.6,0.229,2.82,3.24,6.87,5.73,35.0,Residual Soil,MODERATE_RISK
3,9.0,34.0,18.9,76.0,0.263,1.95,2.12,4.6,3.67,28.0,Weathered Granite,MODERATE_RISK
2,15.6,87.1,23.8,42.7,0.299,4.02,3.95,6.74,6.12,42.0,Colluvium,HIGH_RISK
2,22.9,38.6,30.9,75.3,0.126,1.65,1.49,4.49,3.63,42.0,Colluvium,MODERATE_RISK
3,4.7,26.8,24.3,61.7,0.303,1.38,1.82,2.67,2.6,28.0,Weathered Granite,SAFE
2,33.8,76.3,22.7,83.4,0.107,3.91,3.57,8.37,6.88,42.0,Colluvium,MODERATE_RISK
6,9.0,33.2,27.0,86.9,0.14,1.93,2.14,3.45,3.29,38.0,Sandy Loam,SAFE
1,27.1,47.9,23.4,72.0,0.213,2.52,2.97,7.14,5.94,35.0,Residual Soil,MODERATE_RISK
1,4.3,22.1,31.5,40.1,0.083,0.87,0.92,2.15,1.59,35.0,Residual Soil,SAFE
3,29.1,30.3,24.0,76.9,0.011,1.56,0.86,3.32,2.11,28.0,Weathered Granite,SAFE
2,3.4,33.0,26.8,83.4,0.065,1.77,1.81,3.28,2.93,42.0,Colluvium,SAFE
6,13.9,24.1,21.0,54.4,0.147,0.83,1.15,3.31,2.75,38.0,Sandy Loam,SAFE
1,7.1,69.2,26.0,66.9,0.032,3.45,2.87,4.41,3.76,35.0,Residual Soil,MODERATE_RISK
1,34.5,82.8,25.1,96.0,0.024,4.07,2.94,6.65,5.47,35.0,Residual Soil,HIGH_RISK
4,7.6,48.0,23.8,57.3,0.052,2.27,1.91,2.94,2.94,48.0,Clay Loam,SAFE
4,53.4,85.6,22.0,52.9,0.005,4.38,3.16,8.41,6.6,48.0,Clay Loam,HIGH_RISK
1,55.6,36.0,21.4,52.2,0.204,1.57,2.01,6.92,5.46,35.0,Residual Soil,MODERATE_RISK
3,5.5,44.4,25.1,72.4,0.045,2.3,1.85,3.68,3.4,28.0,Weathered Granite,SAFE
5,23.8,31.3,26.5,95.1,0.02,1.68,1.25,4.06,3.02,31.0,Laterite,MODERATE_RISK
5,2.3,66.5,23.5,75.3,0.18,3.54,2.91,3.7,3.6,31.0,Laterite,MODERATE_RISK
6,12.4,51.5,25.1,57.6,0.278,2.35,3.02,5.27,4.6,38.0,Sandy Loam,MODERATE_RISK
1,31.2,66.0,23.8,77.0,0.003,3.0,2.33,5.41,4.44,35.0,Residual Soil,MODERATE_RISK
1,26.9,77.1,24.4,76.2,0.04,3.91,3.27,7.49,5.89,35.0,Residual Soil,MODERATE_RISK
1,24.5,60.9,23.2,74.6,0.436,2.99,3.48,6.96,5.64,35.0,Residual Soil,MODERATE_RISK
3,8.3,67.1,24.1,49.2,0.073,3.94,2.88,4.21,3.51,28.0,Weathered Granite,MODERATE_RISK
4,11.9,90.1,34.8,76.8,0.419,4.6,4.78,8.21,7.31,48.0,Clay Loam,HIGH_RISK
1,2.7,42.4,25.2,64.9,0.048,2.13,1.74,3.13,3.16,35.0,Residual Soil,SAFE
1,31.7,46.9,26.6,41.1,0.037,2.31,2.05,5.13,3.7,35.0,Residual Soil,MODERATE_RISK
2,17.5,73.8,25.8,71.3,0.036,3.45,2.76,5.41,4.59,42.0,Colluvium,MODERATE_RISK
3,30.8,65.8,22.9,97.4,0.013,3.4,2.54,5.82,4.72,28.0,Weathered Granite,MODERATE_RISK
6,7.2,33.4,29.2,60.3,0.34,1.65,1.89,4.03,3.33,38.0,Sandy Loam,MODERATE_RISK
1,9.8,48.2,22.8,96.0,0.586,2.39,3.68,6.09,5.75,35.0,Residual Soil,MODERATE_RISK
2,10.2,55.1,28.2,45.6,0.464,2.77,3.37,5.51,4.81,42.0,Colluvium,MODERATE_RISK
5,0.7,51.5,22.7,82.5,0.287,2.62,3.35,5.06,4.32,31.0,Laterite,MODERATE_RISK
6,10.4,33.4,20.2,46.6,0.281,1.32,1.94,3.64,3.05,38.0,Sandy Loam,SAFE
1,40.7,89.3,25.5,55.9,0.162,4.63,4.36,10.14,8.13,35.0,Residual Soil,HIGH_RISK
1,56.9,77.2,19.6,73.1,0.262,3.69,3.66,10.65,7.77,35.0,Residual Soil,MODERATE_RISK
2,18.3,56.1,26.1,74.4,0.035,2.78,2.39,5.66,4.64,42.0,Colluvium,MODERATE_RISK
3,15.2,71.0,19.2,85.0,0.074,3.81,3.0,5.53,4.58,28.0,Weathered Granite,MODERATE_RISK
1,0.8,87.3,22.7,75.7,0.154,4.72,3.88,6.04,5.55,35.0,Residual Soil,HIGH_RISK
5,52.8,30.2,18.3,74.4,0.312,1.17,1.88,7.79,5.54,31.0,Laterite,MODERATE_RISK
1,0.3,38.8,35.3,92.9,0.162,1.95,2.22,4.12,3.37,35.0,Residual Soil,MODERATE_RISK
5,72.4,60.7,17.4,66.2,0.274,3.09,2.71,9.42,7.19,31.0,Laterite,HIGH_RISK
6,16.8,79.9,24.0,53.1,0.096,3.69,3.09,6.28,5.26,38.0,Sandy Loam,MODERATE_RISK
6,10.5,22.7,28.6,49.4,0.19,1.3,2.16,4.29,3.66,38.0,Sandy Loam,MODERATE_RISK
4,64.5,93.8,28.1,63.2,0.587,4.71,5.67,14.13,11.43,48.0,Clay Loam,HIGH_RISK
4,0.6,54.1,27.4,81.3,0.025,2.74,2.73,4.76,4.28,48.0,Clay Loam,MODERATE_RISK
5,21.8,46.9,22.7,42.5,0.392,2.16,2.71,5.29,4.56,31.0,Laterite,MODERATE_RISK
3,19.9,42.0,29.4,47.5,0.111,2.18,1.94,4.16,3.3,28.0,Weathered Granite,MODERATE_RISK
1,6.2,33.1,27.7,46.2,0.155,1.82,2.21,4.26,3.44,35.0,Residual Soil,MODERATE_RISK
1,14.0,79.4,24.8,73.9,0.315,4.0,4.33,7.69,6.81,35.0,Residual Soil,MODERATE_RISK
4,26.4,91.7,25.0,54.1,0.079,4.48,3.79,6.68,5.71,48.0,Clay Loam,HIGH_RISK
5,32.5,51.0,22.8,49.6,0.081,2.46,1.83,4.51,3.78,31.0,Laterite,MODERATE_RISK
1,0.0,91.4,20.4,74.4,0.112,4.61,4.37,6.89,6.29,35.0,Residual Soil,HIGH_RISK
1,69.1,81.8,28.9,84.2,0.003,4.1,4.04,12.01,9.36,35.0,Residual Soil,HIGH_RISK
3,4.5,56.1,29.2,59.3,0.103,2.99,2.23,3.03,2.74,28.0,Weathered Granite,MODERATE_RISK
2,6.7,70.6,20.5,73.5,0.052,3.43,3.32,6.07,5.07,42.0,Colluvium,MODERATE_RISK
4,7.6,52.6,23.4,45.7,0.395,2.39,2.96,4.95,4.79,48.0,Clay Loam,MODERATE_RISK
4,1.0,61.9,23.4,94.2,0.014,3.17,2.48,3.29,3.18,48.0,Clay Loam,MODERATE_RISK
2,3.3,24.4,23.9,59.5,0.092,1.12,1.25,1.86,1.92,42.0,Colluvium,SAFE
1,107.4,72.2,24.3,97.9,0.442,3.77,3.98,13.95,10.08,35.0,Residual Soil,HIGH_RISK
3,9.5,24.0,27.8,96.8,0.347,1.2,1.99,3.44,3.0,28.0,Weathered Granite,SAFE
3,3.1,81.3,21.0,85.2,0.181,4.2,3.42,4.44,4.63,28.0,Weathered Granite,HIGH_RISK
4,2.8,81.9,20.6,41.2,0.134,3.89,3.66,5.68,4.93,48.0,Clay Loam,HIGH_RISK
3,31.8,37.8,28.9,71.5,0.049,1.92,2.35,6.36,5.45,28.0,Weathered Granite,MODERATE_RISK
6,48.2,44.3,22.1,45.0,0.069,2.08,1.68,5.7,4.3,38.0,Sandy Loam,MODERATE_RISK
2,7.4,56.1,18.9,91.9,0.014,2.56,2.04,3.66,3.05,42.0,Colluvium,MODERATE_RISK
1,0.5,64.7,22.1,85.8,0.231,3.06,3.11,4.3,4.21,35.0,Residual Soil,MODERATE_RISK
6,6.3,41.6,22.7,96.4,0.059,1.97,2.05,3.91,3.59,38.0,Sandy Loam,SAFE
2,1.5,64.4,30.2,75.3,0.165,3.47,3.39,4.05,3.96,42.0,Colluvium,MODERATE_RISK
5,2.7,42.3,27.7,70.3,0.066,2.0,2.07,3.68,3.11,31.0,Laterite,SAFE
4,14.1,24.2,28.6,70.1,0.094,0.96,0.9,1.57,1.44,48.0,Clay Loam,SAFE
3,6.5,20.2,27.3,62.4,0.121,1.04,1.33,2.41,2.2,28.0,Weathered Granite,SAFE
5,18.1,27.6,27.8,67.2,0.243,1.39,0.83,2.34,1.78,31.0,Laterite,SAFE
3,7.3,79.4,21.2,76.9,0.036,3.87,3.4,5.5,5.08,28.0,Weathered Granite,MODERATE_RISK
6,70.6,92.1,23.2,94.1,0.076,4.57,3.52,10.16,8.03,38.0,Sandy Loam,HIGH_RISK
1,59.1,52.0,20.0,74.6,0.021,2.8,2.2,8.86,6.45,35.0,Residual Soil,MODERATE_RISK
1,20.9,58.5,23.2,89.7,0.012,3.06,2.71,5.09,4.27,35.0,Residual Soil,MODERATE_RISK
1,10.9,31.0,26.7,90.0,0.139,1.67,1.29,2.2,1.96,35.0,Residual Soil,SAFE
3,12.0,61.3,24.5,70.1,0.031,2.83,2.68,5.88,5.22,28.0,Weathered Granite,MODERATE_RISK
5,13.3,30.8,29.2,60.2,0.009,2.12,1.69,3.76,3.17,31.0,Laterite,SAFE
1,32.5,65.8,19.4,77.1,0.341,3.5,4.26,8.36,7.39,35.0,Residual Soil,MODERATE_RISK
5,15.0,90.0,26.0,65.9,0.115,4.6,3.75,6.76,5.83,31.0,Laterite,HIGH_RISK
3,48.6,34.7,19.0,44.7,0.022,1.5,0.72,4.85,3.32,28.0,Weathered Granite,MODERATE_RISK
6,72.1,77.3,24.4,61.9,0.008,4.05,3.26,9.81,7.67,38.0,Sandy Loam,HIGH_RISK
5,10.2,21.8,27.0,97.7,0.019,0.99,1.03,1.98,2.0,31.0,Laterite,SAFE
6,20.6,48.2,23.1,42.8,0.096,2.37,2.39,5.22,4.57,38.0,Sandy Loam,MODERATE_RISK
3,2.5,28.3,26.2,80.4,0.166,1.08,1.02,2.36,1.7,28.0,Weathered Granite,SAFE
3,5.6,46.4,20.2,88.8,0.154,2.07,1.63,2.8,2.73,28.0,Weathered Granite,SAFE
4,13.3,33.0,17.3,77.6,0.023,1.74,1.37,3.06,2.86,48.0,Clay Loam,SAFE
3,5.8,48.0,26.2,73.0,0.151,2.6,2.69,4.09,3.68,28.0,Weathered Granite,MODERATE_RISK
3,52.3,51.3,31.0,81.0,0.078,2.7,2.53,8.53,6.2,28.0,Weathered Granite,MODERATE_RISK
2,4.3,42.5,20.0,64.9,0.094,2.26,2.56,4.64,4.06,42.0,Colluvium,MODERATE_RISK
1,15.2,69.2,28.9,45.3,0.242,3.45,3.37,6.67,5.72,35.0,Residual Soil,MODERATE_RISK
4,23.3,88.9,24.2,95.8,0.061,4.36,3.12,6.6,5.45,48.0,Clay Loam,HIGH_RISK
4,29.4,50.0,18.7,65.1,0.024,2.56,2.48,5.27,4.16,48.0,Clay Loam,MODERATE_RISK
4,12.1,34.4,19.5,78.6,0.31,1.88,2.49,5.25,4.69,48.0,Clay Loam,MODERATE_RISK
2,50.8,40.3,24.1,70.8,0.036,2.02,1.81,6.81,4.82,42.0,Colluvium,MODERATE_RISK
6,21.0,84.1,22.4,43.2,0.052,4.45,3.95,7.45,6.34,38.0,Sandy Loam,HIGH_RISK
3,14.5,62.9,18.7,95.3,0.184,3.1,3.41,6.5,5.63,28.0,Weathered Granite,MODERATE_RISK
1,1.7,54.1,17.2,86.0,0.173,2.51,2.52,4.03,3.38,35.0,Residual Soil,MODERATE_RISK
5,15.6,31.2,20.6,48.6,0.242,1.56,2.33,4.21,3.38,31.0,Laterite,MODERATE_RISK
6,43.0,53.7,24.8,96.9,0.03,2.71,2.42,6.91,5.27,38.0,Sandy Loam,MODERATE_RISK
3,23.8,40.9,24.0,82.7,0.065,2.03,1.62,3.38,3.0,28.0,Weathered Granite,SAFE
2,44.6,90.7,22.0,67.4,0.02,4.79,3.82,9.34,7.55,42.0,Colluvium,HIGH_RISK
3,17.0,86.3,24.8,75.5,0.117,4.48,4.12,8.21,6.57,28.0,Weathered Granite,HIGH_RISK
3,3.2,26.3,28.2,46.2,0.052,1.03,0.77,0.51,0.97,28.0,Weathered Granite,SAFE
2,0.3,58.7,25.6,72.5,0.175,3.24,3.38,5.16,4.95,42.0,Colluvium,MODERATE_RISK
4,9.0,36.9,23.5,44.3,0.0,1.3,1.09,2.69,2.2,48.0,Clay Loam,SAFE
4,29.9,50.8,27.7,71.6,0.009,2.97,2.52,6.58,5.24,48.0,Clay Loam,MODERATE_RISK
1,39.0,85.8,20.2,72.1,0.085,4.23,4.07,8.85,7.48,35.0,Residual Soil,HIGH_RISK
1,8.8,59.6,23.1,90.7,0.476,2.94,3.89,5.99,6.0,35.0,Residual Soil,MODERATE_RISK
4,17.1,45.1,23.2,82.1,0.332,2.24,2.81,5.29,4.76,48.0,Clay Loam,MODERATE_RISK
6,13.7,35.6,19.1,54.5,0.768,1.86,3.77,7.35,6.35,38.0,Sandy Loam,MODERATE_RISK
5,13.2,80.0,22.3,91.5,0.081,4.0,3.4,5.3,4.63,31.0,Laterite,MODERATE_RISK
3,6.6,66.8,15.7,73.2,0.007,3.31,2.76,4.06,3.85,28.0,Weathered Granite,MODERATE_RISK
5,3.7,55.1,31.6,75.2,0.055,3.02,2.99,4.55,4.38,31.0,Laterite,MODERATE_RISK
3,5.5,36.3,20.3,49.8,0.169,1.93,1.87,2.76,2.57,28.0,Weathered Granite,SAFE
4,1.4,45.1,30.3,89.8,0.022,2.06,1.51,2.36,2.07,48.0,Clay Loam,SAFE
1,5.5,92.0,24.2,94.0,0.053,4.75,4.34,7.66,6.88,35.0,Residual Soil,HIGH_RISK
6,0.2,59.0,26.3,84.9,0.009,3.05,2.3,2.86,2.67,38.0,Sandy Loam,MODERATE_RISK
1,24.7,50.1,22.0,94.6,0.097,2.4,2.28,5.32,4.51,35.0,Residual Soil,MODERATE_RISK
5,9.5,59.1,24.8,57.5,0.035,3.11,2.42,4.39,3.76,31.0,Laterite,MODERATE_RISK
1,90.4,78.4,26.6,89.9,0.014,3.89,2.65,11.04,7.52,35.0,Residual Soil,HIGH_RISK
4,5.4,45.5,26.7,68.4,0.079,2.23,2.08,2.76,2.61,48.0,Clay Loam,SAFE
6,10.6,33.4,27.1,49.5,0.065,1.62,1.83,3.27,2.87,38.0,Sandy Loam,SAFE
5,11.1,63.9,22.5,78.8,0.116,2.71,2.5,4.32,3.95,31.0,Laterite,MODERATE_RISK
6,0.2,69.9,22.1,79.7,0.207,3.39,2.89,4.67,4.33,38.0,Sandy Loam,MODERATE_RISK
3,45.7,73.5,17.6,56.6,0.018,3.82,3.14,8.58,6.46,28.0,Weathered Granite,MODERATE_RISK
1,0.8,86.1,26.1,41.6,0.235,4.3,3.92,5.17,5.09,35.0,Residual Soil,HIGH_RISK
6,70.4,47.8,28.3,51.6,0.004,2.13,0.93,6.83,4.46,38.0,Sandy Loam,HIGH_RISK
2,55.7,25.7,30.5,63.2,0.088,1.48,1.42,6.34,4.44,42.0,Colluvium,MODERATE_RISK
1,19.2,91.9,25.2,49.7,0.133,4.54,4.19,8.8,7.18,35.0,Residual Soil,HIGH_RISK
3,19.6,52.6,20.9,51.3,0.472,2.39,3.68,7.23,6.17,28.0,Weathered Granite,MODERATE_RISK
6,26.5,66.7,17.2,62.7,0.128,3.78,3.94,7.49,7.09,38.0,Sandy Loam,MODERATE_RISK
5,12.2,70.0,28.2,95.8,0.026,3.29,2.91,4.95,4.8,31.0,Laterite,MODERATE_RISK
3,26.0,61.0,16.8,84.3,0.109,3.23,3.19,6.68,5.4,28.0,Weathered Granite,MODERATE_RISK
2,1.1,35.4,22.6,58.5,0.076,1.62,1.14,1.98,1.77,42.0,Colluvium,SAFE
6,1.4,76.6,23.1,95.2,0.098,3.86,3.87,6.16,5.57,38.0,Sandy Loam,MODERATE_RISK
4,15.3,80.3,23.7,77.4,0.033,3.83,3.54,6.63,5.78,48.0,Clay Loam,HIGH_RISK
1,19.9,61.5,24.1,66.4,0.104,2.83,2.47,5.19,4.53,35.0,Residual Soil,MODERATE_RISK
5,54.7,56.6,24.6,67.2,0.024,2.93,2.62,8.24,6.23,31.0,Laterite,MODERATE_RISK
4,2.8,28.5,14.3,63.8,0.204,1.51,1.99,3.14,2.74,48.0,Clay Loam,SAFE
6,43.2,26.3,24.1,53.5,0.135,1.54,2.08,5.68,4.68,38.0,Sandy Loam,MODERATE_RISK
6,5.9,45.5,15.1,62.4,0.012,2.27,1.81,3.16,2.55,38.0,Sandy Loam,SAFE
3,12.5,43.3,26.9,70.6,0.331,2.61,2.86,5.0,4.47,28.0,Weathered Granite,MODERATE_RISK
6,9.5,91.5,21.8,70.6,0.144,4.63,3.99,5.92,5.25,38.0,Sandy Loam,HIGH_RISK
5,12.8,78.8,15.4,84.2,0.057,4.05,3.68,7.75,6.28,31.0,Laterite,MODERATE_RISK
4,4.1,69.5,20.7,60.8,0.007,3.2,2.01,3.5,3.25,48.0,Clay Loam,MODERATE_RISK
5,17.5,58.8,21.7,81.6,0.15,2.82,1.81,4.12,3.24,31.0,Laterite,MODERATE_RISK
2,40.4,32.6,28.8,73.5,0.07,1.73,1.86,5.84,4.06,42.0,Colluvium,MODERATE_RISK
2,14.6,93.4,24.8,95.8,0.357,4.65,4.87,8.84,7.59,42.0,Colluvium,HIGH_RISK
1,16.9,48.1,25.4,62.3,0.005,2.44,1.97,3.73,3.06,35.0,Residual Soil,SAFE
1,47.2,28.0,28.7,92.3,0.006,1.24,0.62,4.55,2.79,35.0,Residual Soil,MODERATE_RISK
2,30.6,57.0,23.6,87.6,0.447,2.87,3.12,6.65,5.66,42.0,Colluvium,MODERATE_RISK
6,16.9,85.5,27.0,77.0,0.502,4.3,4.76,8.85,7.38,38.0,Sandy Loam,HIGH_RISK
5,7.4,86.5,26.7,78.0,0.004,4.09,3.39,5.26,4.73,31.0,Laterite,HIGH_RISK
2,54.1,20.8,18.9,44.9,0.189,1.17,1.33,6.87,4.81,42.0,Colluvium,MODERATE_RISK
1,21.5,86.5,29.9,95.1,0.038,3.98,3.57,7.03,5.93,35.0,Residual Soil,HIGH_RISK
2,6.2,40.4,18.3,46.2,0.181,2.06,1.9,3.73,3.11,42.0,Colluvium,SAFE
6,7.8,22.9,27.7,72.7,0.305,1.5,1.96,3.76,3.09,38.0,Sandy Loam,SAFE
2,40.6,83.6,17.9,59.1,0.016,4.32,3.71,9.34,7.22,42.0,Colluvium,HIGH_RISK
5,1.1,84.8,26.4,64.9,0.041,4.37,3.51,4.89,4.56,31.0,Laterite,HIGH_RISK
4,121.0,64.7,31.4,75.4,0.004,3.06,2.36,13.67,9.51,48.0,Clay Loam,HIGH_RISK
6,3.5,63.1,23.1,92.7,0.007,3.51,2.64,3.31,3.22,38.0,Sandy Loam,MODERATE_RISK
1,39.7,81.0,23.0,66.5,0.005,4.33,3.23,8.04,6.47,35.0,Residual Soil,HIGH_RISK
5,12.6,79.0,26.4,97.3,0.242,3.78,3.86,6.53,6.07,31.0,Laterite,MODERATE_RISK
2,16.9,86.8,22.7,74.4,0.053,4.25,3.7,6.2,5.69,42.0,Colluvium,HIGH_RISK
2,53.1,61.5,31.3,49.3,0.102,3.33,3.04,8.36,6.28,42.0,Colluvium,MODERATE_RISK
4,13.3,92.6,24.8,51.0,0.233,4.99,4.51,7.51,6.85,48.0,Clay Loam,HIGH_RISK
1,19.3,94.7,22.7,81.5,0.102,4.48,3.83,7.19,6.44,35.0,Residual Soil,HIGH_RISK
1,1.3,28.7,21.8,42.9,0.084,1.23,1.71,2.41,2.18,35.0,Residual Soil,SAFE
3,0.1,83.7,20.3,67.9,0.002,4.16,2.91,4.41,3.78,28.0,Weathered Granite,HIGH_RISK
1,7.0,57.5,21.5,48.6,0.126,2.44,2.9,4.49,4.06,35.0,Residual Soil,MODERATE_RISK
4,28.5,49.1,22.6,65.1,0.02,2.46,2.06,5.13,4.15,48.0,Clay Loam,MODERATE_RISK
3,3.2,66.0,22.0,83.5,0.217,3.54,3.43,5.26,4.99,28.0,Weathered Granite,MODERATE_RISK
3,3.0,24.2,21.4,66.6,0.045,0.92,1.16,2.07,1.72,28.0,Weathered Granite,SAFE
2,13.2,58.0,32.4,49.5,0.168,2.93,2.23,4.83,3.61,42.0,Colluvium,MODERATE_RISK
2,26.1,85.3,19.9,54.6,0.156,4.15,4.2,8.81,7.13,42.0,Colluvium,HIGH_RISK
1,31.1,36.0,24.6,61.3,0.144,2.13,2.69,6.64,5.4,35.0,Residual Soil,MODERATE_RISK
3,4.9,52.0,26.4,44.0,0.047,2.49,2.46,4.3,4.21,28.0,Weathered Granite,MODERATE_RISK
2,2.1,90.5,26.5,73.9,0.047,4.83,3.37,5.38,4.91,42.0,Colluvium,HIGH_RISK
4,70.5,52.1,23.8,75.2,0.298,2.49,3.12,10.16,7.92,48.0,Clay Loam,HIGH_RISK
2,7.6,46.9,23.0,43.6,0.002,2.5,2.5,4.81,3.92,42.0,Colluvium,MODERATE_RISK
6,48.0,53.0,25.8,63.3,0.03,2.7,2.71,7.45,5.7,38.0,Sandy Loam,MODERATE_RISK
6,49.8,59.0,,64.0,0.141,2.92,2.34,6.47,4.58,38.0,Sandy Loam,MODERATE_RISK
2,37.0,67.4,23.0,59.4,0.255,3.21,3.64,7.9,6.63,42.0,Colluvium,MODERATE_RISK
3,4.6,80.1,17.8,72.3,0.067,4.07,4.0,7.07,6.06,28.0,Weathered Granite,HIGH_RISK
3,43.1,53.9,22.1,60.1,0.159,2.61,2.57,7.16,5.7,28.0,Weathered Granite,MODERATE_RISK
5,36.7,81.3,19.4,64.2,0.122,3.93,3.07,7.68,6.04,31.0,Laterite,HIGH_RISK
6,22.7,60.0,21.3,86.3,0.01,3.29,2.91,6.04,5.48,38.0,Sandy Loam,MODERATE_RISK
4,10.3,45.4,24.1,49.4,0.146,2.38,2.66,5.09,4.74,48.0,Clay Loam,MODERATE_RISK
3,7.6,69.3,25.4,75.9,0.252,3.59,3.59,6.03,4.95,28.0,Weathered Granite,MODERATE_RISK
1,3.2,73.8,31.1,69.3,0.733,3.61,4.73,7.32,6.88,35.0,Residual Soil,MODERATE_RISK
6,17.8,61.9,21.9,57.7,0.005,3.06,2.76,5.87,4.75,38.0,Sandy Loam,MODERATE_RISK
4,22.0,24.2,27.1,82.2,0.162,1.16,1.18,3.3,2.7,48.0,Clay Loam,SAFE
4,11.1,32.7,25.2,72.0,0.08,1.7,1.72,3.65,2.78,48.0,Clay Loam,SAFE
3,16.1,41.4,29.2,67.7,0.001,2.2,2.23,4.55,4.13,28.0,Weathered Granite,MODERATE_RISK
4,11.3,41.2,26.3,78.7,0.143,2.05,1.57,3.21,2.92,48.0,Clay Loam,SAFE
3,25.6,70.5,20.0,86.5,0.02,3.37,3.03,6.18,4.94,28.0,Weathered Granite,MODERATE_RISK
2,57.9,21.4,17.1,96.4,0.071,1.22,1.13,6.22,4.26,42.0,Colluvium,MODERATE_RISK
6,4.5,76.7,25.2,76.5,0.045,3.84,3.15,4.81,4.49,38.0,Sandy Loam,MODERATE_RISK
5,12.0,39.9,21.9,90.7,0.067,1.71,1.72,4.1,3.46,31.0,Laterite,MODERATE_RISK
2,3.8,43.3,20.1,40.1,0.102,1.74,1.47,1.67,1.73,42.0,Colluvium,SAFE
6,24.5,59.6,18.9,70.8,0.067,3.04,2.28,5.82,4.79,38.0,Sandy Loam,MODERATE_RISK
3,32.6,36.2,24.6,52.4,0.121,1.64,1.14,3.45,2.63,28.0,Weathered Granite,SAFE
6,67.2,86.3,30.0,45.5,0.041,4.4,4.01,11.66,9.12,38.0,Sandy Loam,HIGH_RISK
3,8.2,26.4,22.4,70.9,0.151,1.16,1.27,2.14,1.65,28.0,Weathered Granite,SAFE
2,75.0,53.3,26.4,83.3,0.288,2.69,3.19,11.07,8.23,42.0,Colluvium,HIGH_RISK
1,1.6,83.7,23.6,63.9,0.038,4.11,3.26,4.96,4.84,35.0,Residual Soil,HIGH_RISK
1,23.1,66.2,18.8,78.9,0.106,3.66,2.9,5.48,5.02,35.0,Residual Soil,MODERATE_RISK
6,1.5,41.9,26.9,68.4,0.157,2.29,2.5,4.55,4.01,38.0,Sandy Loam,MODERATE_RISK
1,56.1,51.6,19.6,65.4,0.125,2.85,2.75,9.0,6.76,35.0,Residual Soil,MODERATE_RISK
3,18.9,73.0,24.1,56.8,0.068,3.65,3.05,6.34,5.6,28.0,Weathered Granite,MODERATE_RISK
4,27.7,93.0,22.6,62.2,0.154,4.81,4.4,8.5,7.28,48.0,Clay Loam,HIGH_RISK
3,44.5,87.0,27.6,60.3,0.004,4.37,3.22,8.8,7.12,28.0,Weathered Granite,HIGH_RISK
4,4.1,45.7,19.8,77.5,0.069,2.58,2.59,3.57,3.42,48.0,Clay Loam,SAFE
2,1.0,94.9,25.6,46.7,0.114,4.73,4.51,5.73,5.7,42.0,Colluvium,HIGH_RISK
5,52.8,20.3,20.6,45.4,0.003,0.74,0.83,4.69,3.01,31.0,Laterite,MODERATE_RISK
4,9.5,22.1,22.0,78.3,0.106,0.71,0.77,1.45,1.01,48.0,Clay Loam,SAFE
1,3.5,81.8,9.5,71.7,0.159,4.42,4.03,5.95,5.78,35.0,Residual Soil,HIGH_RISK
3,15.8,35.0,32.4,65.0,0.214,1.85,2.59,4.93,4.6,28.0,Weathered Granite,MODERATE_RISK
2,22.8,24.6,26.2,48.8,0.018,1.34,1.51,3.89,3.11,42.0,Colluvium,SAFE
1,0.8,37.8,20.9,63.8,0.699,2.19,4.45,6.41,6.04,35.0,Residual Soil,MODERATE_RISK
2,8.0,52.0,19.5,85.8,0.14,2.27,2.0,2.58,2.75,42.0,Colluvium,SAFE
5,0.8,74.8,22.0,91.6,0.068,3.67,2.88,4.48,4.2,31.0,Laterite,MODERATE_RISK
3,13.6,66.8,26.9,80.7,0.043,3.29,2.8,5.16,4.02,28.0,Weathered Granite,MODERATE_RISK
6,56.4,37.8,16.4,43.5,0.128,2.04,2.14,7.37,5.69,38.0,Sandy Loam,MODERATE_RISK
3,101.4,57.7,23.4,78.9,0.32,2.75,3.12,13.49,9.39,28.0,Weathered Granite,HIGH_RISK
5,25.3,89.5,31.1,54.0,0.11,4.23,3.6,7.3,6.18,31.0,Laterite,HIGH_RISK
3,4.4,81.1,19.5,58.3,0.162,3.81,3.91,6.25,5.62,28.0,Weathered Granite,HIGH_RISK
6,59.1,44.2,24.3,51.4,0.066,2.44,2.12,8.31,5.92,38.0,Sandy Loam,MODERATE_RISK
4,18.2,93.7,32.8,85.0,0.074,4.54,3.49,5.95,5.32,48.0,Clay Loam,HIGH_RISK
2,4.2,73.1,26.5,77.6,0.051,3.54,2.66,4.31,4.09,42.0,Colluvium,MODERATE_RISK
6,63.7,24.7,,,0.183,1.36,1.71,8.06,5.7,38.0,Sandy Loam,MODERATE_RISK
1,35.4,22.6,26.0,78.7,0.067,0.99,1.89,5.62,4.6,35.0,Residual Soil,MODERATE_RISK
5,32.9,32.6,22.4,53.7,0.032,1.29,0.84,3.24,2.67,31.0,Laterite,SAFE
4,30.9,74.6,29.2,65.8,0.069,3.41,2.84,6.49,5.62,48.0,Clay Loam,MODERATE_RISK
1,5.6,33.8,22.4,76.7,0.288,1.68,2.93,4.94,4.42,35.0,Residual Soil,MODERATE_RISK
1,5.9,58.4,16.2,76.9,0.201,3.02,2.87,3.72,3.57,35.0,Residual Soil,MODERATE_RISK
5,29.1,27.0,22.4,85.9,0.061,1.31,1.37,3.71,2.9,31.0,Laterite,SAFE
4,6.2,89.1,20.1,56.7,0.356,4.54,5.26,9.37,8.48,48.0,Clay Loam,HIGH_RISK
1,14.4,45.8,22.9,84.7,0.012,1.97,1.33,3.39,2.91,35.0,Residual Soil,SAFE
1,38.1,88.1,23.0,65.5,0.008,4.1,3.21,8.6,6.25,35.0,Residual Soil,HIGH_RISK
4,38.3,90.9,28.8,78.9,0.02,5.0,3.91,9.36,7.63,48.0,Clay Loam,HIGH_RISK
3,15.1,20.5,26.8,66.4,0.019,1.27,0.62,2.33,1.23,28.0,Weathered Granite,SAFE
1,39.3,54.8,25.1,95.0,0.014,2.89,2.82,7.22,5.74,35.0,Residual Soil,MODERATE_RISK
2,45.6,21.8,24.0,50.4,0.162,0.96,1.08,5.46,3.71,42.0,Colluvium,MODERATE_RISK
4,26.6,88.2,19.8,79.2,0.138,4.36,3.64,8.31,6.64,48.0,Clay Loam,HIGH_RISK
1,6.5,58.9,15.3,73.4,0.156,2.94,2.69,4.97,4.5,35.0,Residual Soil,MODERATE_RISK
5,8.0,25.6,24.5,50.0,0.175,1.54,2.04,3.78,3.16,31.0,Laterite,SAFE
6,9.5,28.3,27.2,43.8,0.212,1.5,1.87,3.48,3.02,38.0,Sandy Loam,SAFE
2,3.1,48.8,23.6,86.4,0.035,2.55,1.91,3.36,2.78,42.0,Colluvium,SAFE
6,8.0,90.5,21.9,49.1,0.146,4.49,4.15,6.6,6.05,38.0,Sandy Loam,HIGH_RISK
6,5.9,72.0,25.9,50.8,0.13,3.76,3.64,6.18,5.72,38.0,Sandy Loam,MODERATE_RISK
1,15.2,85.1,23.7,96.7,0.431,4.32,4.74,7.98,6.98,35.0,Residual Soil,HIGH_RISK
2,59.8,47.5,30.7,81.6,0.04,2.38,1.95,7.53,5.62,42.0,Colluvium,MODERATE_RISK
2,2.8,23.2,28.9,54.5,0.009,1.01,1.14,1.42,1.43,42.0,Colluvium,SAFE
3,31.8,93.1,27.8,74.3,0.159,4.63,4.13,8.52,7.19,28.0,Weathered Granite,HIGH_RISK
6,29.1,21.3,27.0,71.0,0.202,0.85,1.77,4.64,3.6,38.0,Sandy Loam,MODERATE_RISK
2,2.5,91.1,18.8,89.0,0.05,4.55,3.56,6.39,5.77,42.0,Colluvium,HIGH_RISK
3,64.0,47.7,26.7,82.3,0.127,2.4,2.07,7.78,5.84,28.0,Weathered Granite,MODERATE_RISK
4,21.0,20.8,25.5,88.2,0.009,0.56,0.2,2.17,1.38,48.0,Clay Loam,SAFE
3,11.3,71.7,26.4,52.3,0.483,3.54,4.21,6.75,6.2,28.0,Weathered Granite,MODERATE_RISK
5,35.3,93.5,26.0,77.1,0.017,4.44,3.6,8.25,6.9,31.0,Laterite,HIGH_RISK
1,7.4,92.4,25.8,42.3,0.01,4.72,3.41,5.85,5.32,35.0,Residual Soil,HIGH_RISK
4,29.6,32.1,34.8,44.0,0.007,1.73,1.43,3.59,2.81,48.0,Clay Loam,SAFE
4,1.0,33.6,23.7,81.4,0.084,1.59,1.69,1.92,2.23,48.0,Clay Loam,SAFE
5,45.7,62.4,27.7,41.4,0.015,3.23,2.19,6.46,5.14,31.0,Laterite,MODERATE_RISK
3,14.9,67.8,22.1,73.6,0.205,3.51,3.27,5.45,5.33,28.0,Weathered Granite,MODERATE_RISK
1,25.3,75.5,27.2,88.7,0.344,3.73,4.19,8.35,6.79,35.0,Residual Soil,MODERATE_RISK
3,6.3,33.6,27.8,62.0,0.045,1.99,1.4,2.73,2.48,28.0,Weathered Granite,SAFE
2,28.3,91.9,25.5,42.6,0.149,4.45,3.91,7.6,6.75,42.0,Colluvium,HIGH_RISK
3,37.0,67.9,30.7,81.4,0.006,3.69,3.3,7.97,6.63,28.0,Weathered Granite,MODERATE_RISK
4,16.0,83.5,20.5,93.9,0.073,4.13,4.06,7.16,6.28,48.0,Clay Loam,HIGH_RISK
1,24.0,60.5,22.1,81.6,0.052,2.86,2.58,5.74,4.46,35.0,Residual Soil,MODERATE_RISK
3,15.2,51.1,24.8,73.5,0.039,2.48,2.05,3.98,3.72,28.0,Weathered Granite,SAFE
1,56.1,93.3,27.5,53.3,0.155,4.45,3.87,10.54,8.16,35.0,Residual Soil,HIGH_RISK
1,17.2,63.7,24.7,40.9,0.021,3.34,3.01,6.71,5.47,35.0,Residual Soil,MODERATE_RISK
2,46.1,85.0,29.1,80.3,0.296,3.93,4.37,10.63,8.98,42.0,Colluvium,HIGH_RISK
2,40.4,91.5,21.4,53.4,0.164,4.85,4.03,9.97,7.74,42.0,Colluvium,HIGH_RISK
4,13.2,70.7,19.4,89.8,0.186,3.35,3.51,5.62,5.29,48.0,Clay Loam,MODERATE_RISK
5,6.5,61.2,25.2,67.0,0.411,3.23,3.63,5.63,5.04,31.0,Laterite,MODERATE_RISK
1,13.0,20.3,23.7,70.8,0.428,1.02,1.84,4.08,3.21,35.0,Residual Soil,MODERATE_RISK
5,43.7,23.0,26.2,83.7,0.12,1.2,1.27,6.16,4.36,31.0,Laterite,MODERATE_RISK
4,6.5,35.1,23.9,85.2,0.103,1.64,1.92,3.73,3.33,48.0,Clay Loam,SAFE
1,18.6,34.0,22.6,77.3,0.061,1.77,1.69,3.51,3.14,35.0,Residual Soil,SAFE
1,41.0,39.1,23.7,94.4,0.189,1.98,2.24,6.42,5.19,35.0,Residual Soil,MODERATE_RISK
6,10.9,42.9,24.1,97.0,0.116,1.85,1.93,3.93,3.18,38.0,Sandy Loam,SAFE
5,25.7,47.0,22.8,94.9,0.405,2.16,3.08,6.59,5.27,31.0,Laterite,MODERATE_RISK
3,7.0,51.5,23.2,87.8,0.041,2.47,2.06,3.25,2.91,28.0,Weathered Granite,SAFE
2,2.9,27.4,22.4,80.9,0.056,1.22,1.33,2.08,1.98,42.0,Colluvium,SAFE
3,39.5,23.2,27.4,78.5,0.057,1.41,1.1,4.8,3.39,28.0,Weathered Granite,MODERATE_RISK
5,2.6,70.5,24.8,46.0,0.246,3.53,3.76,5.31,4.34,31.0,Laterite,MODERATE_RISK
2,7.9,60.3,33.0,55.7,0.016,2.86,2.59,5.01,3.94,42.0,Colluvium,MODERATE_RISK
3,48.3,53.3,24.6,40.3,0.091,2.57,2.54,7.45,5.69,28.0,Weathered Granite,MODERATE_RISK
6,10.6,67.6,21.8,48.0,0.084,3.28,3.1,5.46,5.0,38.0,Sandy Loam,MODERATE_RISK
2,90.3,82.1,34.7,65.5,0.011,4.05,3.41,12.86,9.24,42.0,Colluvium,HIGH_RISK
1,97.5,52.1,25.7,48.5,0.079,2.39,2.5,11.49,8.29,35.0,Residual Soil,HIGH_RISK
3,7.8,68.1,28.0,92.3,0.108,3.24,2.23,4.46,3.49,28.0,Weathered Granite,MODERATE_RISK
2,1.0,91.5,26.4,86.7,0.01,4.73,4.07,5.67,5.49,42.0,Colluvium,HIGH_RISK
6,30.5,83.0,26.5,44.2,0.107,4.19,4.27,9.06,7.62,38.0,Sandy Loam,HIGH_RISK
2,15.0,52.0,26.1,54.4,0.48,2.57,3.31,6.58,5.7,42.0,Colluvium,MODERATE_RISK
2,2.7,68.4,19.6,87.5,0.579,3.42,4.25,6.18,5.63,42.0,Colluvium,MODERATE_RISK
6,30.7,33.3,25.5,86.6,0.114,1.66,2.06,5.46,4.0,38.0,Sandy Loam,MODERATE_RISK
3,0.8,62.0,18.7,94.8,0.109,3.06,2.5,3.74,3.64,28.0,Weathered Granite,MODERATE_RISK
4,51.0,93.6,23.3,97.9,0.05,4.78,3.77,9.84,7.48,48.0,Clay Loam,HIGH_RISK
3,3.7,58.9,21.1,96.6,0.877,3.03,5.11,8.2,7.32,28.0,Weathered Granite,MODERATE_RISK
5,3.4,89.6,25.4,63.8,0.048,4.17,3.24,4.68,4.71,31.0,Laterite,HIGH_RISK
6,4.8,50.6,25.3,54.5,0.09,2.5,2.53,4.15,3.79,38.0,Sandy Loam,MODERATE_RISK
3,80.6,94.9,25.9,84.0,0.0,4.44,3.31,12.21,9.05,28.0,Weathered Granite,HIGH_RISK
2,29.5,63.4,25.1,57.4,0.064,3.3,2.94,7.3,5.97,42.0,Colluvium,MODERATE_RISK
6,40.4,23.2,21.6,86.8,0.011,1.31,1.17,5.38,3.93,38.0,Sandy Loam,MODERATE_RISK
1,12.7,64.0,23.0,71.0,0.204,3.08,3.58,6.29,5.56,35.0,Residual Soil,MODERATE_RISK
3,10.2,40.6,27.7,86.0,0.123,2.01,2.33,5.38,4.21,28.0,Weathered Granite,MODERATE_RISK
6,6.7,22.4,28.3,56.0,0.127,0.7,0.78,2.22,2.26,38.0,Sandy Loam,SAFE
3,16.4,81.6,19.4,69.5,0.051,4.27,3.19,6.12,5.21,28.0,Weathered Granite,HIGH_RISK
6,20.1,40.7,,,0.253,2.18,2.75,5.84,4.95,38.0,Sandy Loam,MODERATE_RISK
2,25.0,79.7,21.1,94.7,0.0,4.22,3.18,6.54,5.6,42.0,Colluvium,MODERATE_RISK
1,7.4,41.6,28.2,55.5,0.061,2.38,1.99,3.77,3.15,35.0,Residual Soil,SAFE
1,74.2,34.6,28.9,94.3,0.162,1.49,1.36,8.27,5.56,35.0,Residual Soil,HIGH_RISK
5,4.7,93.0,20.3,86.7,0.358,4.83,5.14,8.44,7.93,31.0,Laterite,HIGH_RISK
6,84.3,47.1,25.2,82.4,0.04,2.65,2.05,9.73,6.72,38.0,Sandy Loam,HIGH_RISK
3,0.4,65.1,31.3,85.6,0.117,2.96,2.71,3.36,3.45,28.0,Weathered Granite,MODERATE_RISK
1,16.4,65.7,25.7,75.1,0.116,3.25,2.94,5.84,5.15,35.0,Residual Soil,MODERATE_RISK
1,10.1,62.0,29.7,54.2,0.311,3.03,3.41,6.28,5.43,35.0,Residual Soil,MODERATE_RISK
4,14.9,88.6,28.0,51.0,0.008,4.6,3.9,6.55,5.86,48.0,Clay Loam,HIGH_RISK
4,21.1,70.6,20.4,90.2,0.083,3.05,2.62,5.57,4.84,48.0,Clay Loam,MODERATE_RISK
1,14.3,50.3,23.2,82.1,0.03,2.88,2.17,5.07,4.1,35.0,Residual Soil,MODERATE_RISK
6,13.4,84.7,24.1,52.4,0.003,4.21,2.82,4.7,3.81,38.0,Sandy Loam,HIGH_RISK
5,33.0,33.6,24.4,75.7,0.024,1.86,1.59,4.88,4.02,31.0,Laterite,MODERATE_RISK
1,28.9,60.8,27.7,66.0,0.562,3.03,4.06,9.15,7.32,35.0,Residual Soil,MODERATE_RISK
2,44.8,91.3,25.6,49.2,0.036,4.66,3.62,9.09,7.31,42.0,Colluvium,HIGH_RISK
3,7.2,66.9,12.3,70.8,0.41,2.88,3.55,5.64,4.9,28.0,Weathered Granite,MODERATE_RISK
5,23.5,81.3,18.7,56.3,0.034,3.99,3.55,7.2,5.99,31.0,Laterite,HIGH_RISK
2,22.0,69.0,15.3,45.6,0.402,3.62,4.44,8.83,7.43,42.0,Colluvium,MODERATE_RISK
5,11.5,83.0,24.7,67.1,0.159,4.21,3.38,5.89,5.26,31.0,Laterite,HIGH_RISK
2,16.6,90.8,25.0,74.2,0.018,4.21,3.31,6.59,5.43,42.0,Colluvium,HIGH_RISK
3,9.4,40.5,25.1,42.7,0.131,2.04,2.31,4.33,4.15,28.0,Weathered Granite,MODERATE_RISK
3,3.8,32.7,20.2,63.3,0.058,1.47,1.83,3.21,2.85,28.0,Weathered Granite,SAFE
4,6.0,56.3,26.7,54.9,0.072,2.63,2.07,3.92,3.56,48.0,Clay Loam,MODERATE_RISK
6,2.8,72.6,26.9,41.8,0.087,3.33,3.34,5.09,4.72,38.0,Sandy Loam,MODERATE_RISK
2,28.7,37.0,19.0,47.3,0.082,1.97,1.42,3.95,3.28,42.0,Colluvium,SAFE
4,27.0,20.3,18.1,48.1,0.164,1.24,1.83,5.14,3.58,48.0,Clay Loam,MODERATE_RISK
2,75.2,45.7,24.0,50.6,0.219,2.71,2.74,10.06,7.27,42.0,Colluvium,HIGH_RISK
4,32.7,92.7,31.2,86.6,0.06,4.34,4.12,8.57,7.1,48.0,Clay Loam,HIGH_RISK
3,1.3,72.1,30.8,65.5,0.387,3.76,4.03,6.41,5.76,28.0,Weathered Granite,MODERATE_RISK
5,53.9,50.1,26.3,48.5,0.418,2.67,3.3,9.9,7.69,31.0,Laterite,MODERATE_RISK
4,49.6,34.4,21.1,45.8,0.006,1.6,1.26,5.78,4.22,48.0,Clay Loam,MODERATE_RISK
2,14.6,46.7,27.5,57.3,0.002,2.15,1.26,3.06,2.45,42.0,Colluvium,SAFE
2,22.0,32.7,22.2,86.3,0.083,1.42,0.86,2.46,1.9,42.0,Colluvium,SAFE
6,93.3,28.0,20.9,61.1,0.134,1.29,1.59,9.74,7.13,38.0,Sandy Loam,HIGH_RISK
3,19.0,88.0,15.4,49.3,0.049,4.44,4.0,7.63,6.64,28.0,Weathered Granite,HIGH_RISK
2,58.9,94.8,24.4,63.4,0.045,5.01,4.33,11.2,8.44,42.0,Colluvium,HIGH_RISK
1,2.2,32.3,21.5,72.2,0.17,1.84,1.61,2.41,2.41,35.0,Residual Soil,SAFE
5,5.3,24.1,24.4,41.7,0.138,0.88,1.26,2.68,2.35,31.0,Laterite,SAFE
4,14.5,44.7,14.8,76.4,0.027,2.08,1.45,3.36,2.97,48.0,Clay Loam,SAFE
6,22.0,54.6,24.7,62.9,0.324,2.99,3.49,8.29,6.84,38.0,Sandy Loam,MODERATE_RISK
5,42.4,35.4,14.3,40.6,0.171,1.62,2.15,6.72,4.93,31.0,Laterite,MODERATE_RISK
3,111.1,42.6,28.4,79.1,0.068,2.12,2.01,10.53,7.5,28.0,Weathered Granite,HIGH_RISK
6,12.3,35.1,26.1,81.3,0.173,1.41,2.09,3.56,3.2,38.0,Sandy Loam,SAFE
4,1.2,78.1,22.9,76.5,0.018,4.14,3.32,5.34,5.07,48.0,Clay Loam,MODERATE_RISK
4,40.4,73.4,26.3,59.8,0.095,3.29,2.85,7.19,6.05,48.0,Clay Loam,MODERATE_RISK
1,23.2,67.6,20.1,70.7,0.028,3.05,2.54,5.38,4.47,35.0,Residual Soil,MODERATE_RISK
3,5.5,49.0,24.3,62.5,0.006,2.66,1.74,2.43,2.5,28.0,Weathered Granite,SAFE
6,17.1,88.2,27.2,80.6,0.062,4.79,3.9,6.98,6.34,38.0,Sandy Loam,HIGH_RISK
6,33.9,92.7,11.6,73.8,0.025,4.58,3.64,8.27,6.81,38.0,Sandy Loam,HIGH_RISK
2,36.8,33.0,22.2,44.7,0.151,1.64,1.68,5.66,4.63,42.0,Colluvium,MODERATE_RISK
1,17.3,36.7,23.9,77.3,0.168,2.02,2.2,4.17,3.81,35.0,Residual Soil,MODERATE_RISK
1,9.1,59.4,23.2,79.9,0.024,3.03,2.05,4.21,3.43,35.0,Residual Soil,MODERATE_RISK
6,91.0,26.8,29.8,61.5,0.004,1.27,0.68,7.7,5.01,38.0,Sandy Loam,HIGH_RISK
6,27.2,52.7,19.5,90.8,0.236,2.54,3.08,7.01,5.92,38.0,Sandy Loam,MODERATE_RISK
5,13.1,63.6,21.5,88.9,0.0,2.87,1.69,3.75,3.48,31.0,Laterite,MODERATE_RISK
5,8.2,59.2,16.3,50.2,0.063,3.01,2.78,4.36,4.13,31.0,Laterite,MODERATE_RISK
5,32.8,44.8,30.0,92.4,0.102,2.22,1.97,5.05,4.07,31.0,Laterite,MODERATE_RISK
1,6.9,60.7,23.0,65.6,0.256,2.95,3.18,5.51,5.15,35.0,Residual Soil,MODERATE_RISK
2,4.7,91.9,22.2,82.0,0.274,4.39,4.8,7.3,6.74,42.0,Colluvium,HIGH_RISK
4,18.9,35.5,23.8,87.2,0.194,1.59,1.81,4.13,3.19,48.0,Clay Loam,MODERATE_RISK
5,8.6,69.1,26.5,69.3,0.043,3.58,3.18,5.8,5.21,31.0,Laterite,MODERATE_RISK
2,24.8,23.3,25.4,63.1,0.191,1.34,1.66,4.71,3.58,42.0,Colluvium,MODERATE_RISK
3,3.1,25.0,34.6,93.1,0.042,1.18,1.04,1.35,1.87,28.0,Weathered Granite,SAFE
5,26.6,61.4,25.8,53.4,0.036,2.98,2.42,5.73,4.7,31.0,Laterite,MODERATE_RISK
4,8.3,27.9,22.1,54.9,0.119,1.22,1.54,2.51,2.42,48.0,Clay Loam,SAFE
3,0.0,21.7,21.8,61.0,0.17,1.27,1.31,2.4,1.97,28.0,Weathered Granite,SAFE
3,3.4,32.9,22.4,89.8,0.008,1.65,1.0,2.54,2.28,28.0,Weathered Granite,SAFE
4,67.8,62.4,18.0,94.4,0.009,3.19,2.6,8.9,6.63,48.0,Clay Loam,MODERATE_RISK
5,50.5,72.8,24.2,52.8,0.23,3.71,3.72,9.6,7.6,31.0,Laterite,MODERATE_RISK
1,6.7,35.2,27.1,90.1,0.294,1.7,1.69,3.53,2.94,35.0,Residual Soil,SAFE
4,37.7,70.1,21.5,55.0,0.139,3.27,3.03,7.57,5.8,48.0,Clay Loam,MODERATE_RISK
4,23.4,33.7,20.8,96.3,0.084,1.49,1.08,3.77,2.75,48.0,Clay Loam,SAFE
4,88.4,66.0,30.1,74.6,0.28,3.53,3.85,12.87,9.76,48.0,Clay Loam,HIGH_RISK
3,11.7,50.9,18.3,40.4,0.196,2.4,1.97,3.36,2.69,28.0,Weathered Granite,SAFE
2,28.6,69.0,,,0.13,3.37,3.66,7.84,6.74,42.0,Colluvium,MODERATE_RISK
1,1.6,94.6,19.4,48.6,0.058,4.5,3.67,6.2,5.5,35.0,Residual Soil,HIGH_RISK
5,12.6,90.3,17.8,50.9,0.033,4.27,3.26,6.06,5.31,31.0,Laterite,HIGH_RISK
5,83.0,20.3,25.5,84.5,0.081,0.86,0.85,8.73,5.22,31.0,Laterite,HIGH_RISK
2,19.4,86.4,22.6,52.9,0.051,4.66,4.05,6.74,6.11,42.0,Colluvium,HIGH_RISK
4,8.5,25.0,23.1,96.2,0.062,1.38,1.56,3.21,2.5,48.0,Clay Loam,SAFE
1,3.2,91.5,28.6,76.9,0.109,4.47,3.82,5.66,5.24,35.0,Residual Soil,HIGH_RISK
5,30.4,41.1,21.2,80.2,0.028,2.27,1.47,4.2,2.94,31.0,Laterite,MODERATE_RISK
6,25.9,48.7,27.1,52.6,0.246,2.4,2.29,6.17,4.67,38.0,Sandy Loam,MODERATE_RISK
5,11.7,26.9,30.0,91.8,0.024,1.62,1.45,2.98,2.48,31.0,Laterite,SAFE
4,75.4,28.4,22.2,78.7,0.098,1.86,2.08,8.98,6.37,48.0,Clay Loam,HIGH_RISK
6,0.6,74.5,26.9,90.1,0.206,3.93,4.1,6.37,6.05,38.0,Sandy Loam,MODERATE_RISK
2,9.1,90.8,23.0,95.5,0.1,4.56,4.0,5.65,5.02,42.0,Colluvium,HIGH_RISK
1,63.5,65.8,27.7,47.3,0.067,3.43,3.24,10.62,7.98,35.0,Residual Soil,MODERATE_RISK
2,9.7,73.7,17.7,45.6,0.097,3.69,3.82,7.46,6.37,42.0,Colluvium,MODERATE_RISK
2,7.3,77.1,17.4,86.6,0.283,3.49,4.0,7.04,6.13,42.0,Colluvium,MODERATE_RISK
1,19.1,39.7,22.4,90.2,0.697,1.85,3.85,7.51,6.25,35.0,Residual Soil,MODERATE_RISK
1,43.4,23.4,20.4,73.9,0.15,0.98,0.99,4.85,3.63,35.0,Residual Soil,MODERATE_RISK
5,2.7,20.1,21.9,61.2,0.237,0.87,1.7,2.23,2.6,31.0,Laterite,SAFE
5,71.6,46.3,23.1,77.9,0.002,2.67,2.28,9.75,6.65,31.0,Laterite,HIGH_RISK
1,39.6,38.1,26.9,57.7,0.318,2.13,2.85,7.9,5.98,35.0,Residual Soil,MODERATE_RISK
6,5.0,24.7,22.4,53.8,0.462,1.32,2.82,4.86,4.13,38.0,Sandy Loam,MODERATE_RISK
3,31.1,33.5,20.7,68.3,0.128,1.84,1.96,5.59,4.28,28.0,Weathered Granite,MODERATE_RISK
5,12.2,29.3,22.6,52.5,0.21,1.09,1.47,3.33,2.98,31.0,Laterite,SAFE
3,12.9,88.6,,,0.108,4.58,3.67,6.27,5.7,28.0,Weathered Granite,HIGH_RISK
6,38.2,30.5,20.3,95.5,0.051,1.71,1.43,6.45,4.55,38.0,Sandy Loam,MODERATE_RISK
1,82.3,60.3,17.5,88.7,0.287,2.57,2.98,10.91,8.04,35.0,Residual Soil,HIGH_RISK
6,3.4,64.5,24.3,94.6,0.136,3.38,3.2,4.86,4.45,38.0,Sandy Loam,MODERATE_RISK
5,13.6,60.8,21.7,86.8,0.13,2.76,2.67,5.65,4.87,31.0,Laterite,MODERATE_RISK
2,16.4,27.4,27.9,60.6,0.161,0.98,1.55,3.62,3.12,42.0,Colluvium,SAFE
1,11.8,43.9,18.2,87.1,0.291,2.46,3.1,5.58,5.02,35.0,Residual Soil,MODERATE_RISK
4,11.3,23.8,21.8,93.5,0.197,0.99,1.36,3.65,2.43,48.0,Clay Loam,SAFE
3,1.3,49.7,31.3,94.9,0.036,2.34,1.73,3.04,2.69,28.0,Weathered Granite,SAFE
6,28.9,34.1,20.2,79.6,0.094,1.9,1.92,5.56,4.26,38.0,Sandy Loam,MODERATE_RISK
1,14.3,62.1,23.1,52.3,0.589,3.04,4.87,7.74,7.28,35.0,Residual Soil,MODERATE_RISK
6,5.4,72.0,19.1,42.3,0.121,3.56,3.31,5.6,5.06,38.0,Sandy Loam,MODERATE_RISK
1,42.3,59.9,18.6,48.5,0.418,2.95,3.53,8.18,6.78,35.0,Residual Soil,MODERATE_RISK
5,40.6,52.6,30.2,96.0,0.252,2.7,3.08,7.64,6.02,31.0,Laterite,MODERATE_RISK
5,16.7,49.1,24.7,66.8,0.165,2.41,2.6,5.32,4.68,31.0,Laterite,MODERATE_RISK
5,8.9,83.1,24.5,89.6,0.064,4.18,3.71,6.26,5.86,31.0,Laterite,HIGH_RISK
6,25.4,36.5,17.2,67.0,0.054,1.72,1.95,5.28,3.82,38.0,Sandy Loam,MODERATE_RISK
4,8.5,75.1,25.4,78.3,0.155,3.83,3.64,6.53,5.48,48.0,Clay Loam,MODERATE_RISK
5,6.7,76.8,28.6,41.4,0.085,3.9,3.77,6.61,6.0,31.0,Laterite,MODERATE_RISK
1,32.8,51.4,28.6,54.5,0.24,2.95,3.15,6.68,5.55,35.0,Residual Soil,MODERATE_RISK
5,1.0,42.3,26.7,65.3,0.214,2.04,2.73,5.36,4.79,31.0,Laterite,MODERATE_RISK
2,2.5,55.3,19.5,76.6,0.056,2.73,2.71,4.25,3.95,42.0,Colluvium,MODERATE_RISK
5,0.2,27.0,25.3,49.9,0.182,1.4,1.94,3.53,3.23,31.0,Laterite,SAFE
6,4.1,23.4,26.7,84.3,0.102,1.36,1.63,1.52,1.58,38.0,Sandy Loam,SAFE
4,1.8,28.4,16.8,61.1,0.059,1.2,1.83,2.76,2.64,48.0,Clay Loam,SAFE
2,136.8,34.0,19.5,87.4,0.08,1.72,1.94,13.12,8.91,42.0,Colluvium,HIGH_RISK
6,8.5,57.8,27.6,45.7,0.339,2.39,2.67,4.25,3.75,38.0,Sandy Loam,MODERATE_RISK
6,4.0,83.7,27.5,79.4,0.067,4.13,3.58,5.72,5.42,38.0,Sandy Loam,HIGH_RISK
6,6.9,37.7,17.8,57.0,0.051,2.1,1.75,3.01,2.3,38.0,Sandy Loam,SAFE
1,68.8,90.1,27.2,86.1,0.065,4.36,4.3,12.61,9.76,35.0,Residual Soil,HIGH_RISK
6,18.4,91.6,24.4,63.3,0.036,4.62,4.18,8.63,7.01,38.0,Sandy Loam,HIGH_RISK
1,11.3,91.9,27.1,78.6,0.118,4.49,4.56,7.26,6.43,35.0,Residual Soil,HIGH_RISK
6,51.7,82.8,21.5,94.2,0.024,3.97,3.02,8.42,6.76,38.0,Sandy Loam,HIGH_RISK
3,12.6,47.3,26.6,41.2,0.255,2.56,3.14,5.2,4.47,28.0,Weathered Granite,MODERATE_RISK
2,10.2,25.5,27.4,40.6,0.038,1.07,0.56,2.23,1.39,42.0,Colluvium,SAFE
3,5.8,62.7,22.6,84.7,0.137,3.19,2.49,4.28,3.93,28.0,Weathered Granite,MODERATE_RISK
6,11.9,61.9,24.1,77.5,0.02,3.16,2.47,4.67,3.81,38.0,Sandy Loam,MODERATE_RISK
2,9.5,83.7,21.4,57.0,0.576,4.01,5.39,9.0,8.3,42.0,Colluvium,HIGH_RISK
2,28.3,94.7,30.6,68.7,0.091,4.77,3.79,7.79,6.7,42.0,Colluvium,HIGH_RISK
4,8.5,58.1,23.5,42.4,0.259,2.72,2.95,4.68,4.13,48.0,Clay Loam,MODERATE_RISK
3,21.5,45.9,20.3,51.2,0.22,2.4,2.94,6.16,5.36,28.0,Weathered Granite,MODERATE_RISK
4,1.7,33.9,21.1,64.6,0.188,1.43,1.96,2.94,2.36,48.0,Clay Loam,SAFE
2,5.3,20.4,24.5,88.4,0.263,0.95,2.21,3.91,3.55,42.0,Colluvium,SAFE
1,13.1,58.2,27.0,67.8,0.016,2.86,2.34,3.74,3.16,35.0,Residual Soil,MODERATE_RISK
2,69.1,61.7,18.7,74.0,0.17,3.31,3.03,10.17,7.51,42.0,Colluvium,MODERATE_RISK
4,11.8,81.9,31.4,90.7,0.046,4.12,3.11,5.26,4.62,48.0,Clay Loam,HIGH_RISK
3,27.3,57.8,25.2,57.9,0.231,3.08,3.05,6.83,5.88,28.0,Weathered Granite,MODERATE_RISK
6,7.4,88.7,25.9,80.6,0.472,4.55,4.72,8.12,7.13,38.0,Sandy Loam,HIGH_RISK
6,3.4,67.1,23.6,90.0,0.348,3.46,3.27,4.9,4.56,38.0,Sandy Loam,MODERATE_RISK
3,1.5,83.0,24.1,51.8,0.018,4.08,3.91,6.58,5.82,28.0,Weathered Granite,HIGH_RISK
6,9.1,31.1,23.4,60.7,0.069,1.76,1.63,2.3,2.0,38.0,Sandy Loam,SAFE
6,4.3,84.2,28.1,96.8,0.068,4.14,4.29,7.55,6.47,38.0,Sandy Loam,HIGH_RISK
4,4.8,70.6,24.0,97.0,0.02,3.18,2.35,4.53,3.95,48.0,Clay Loam,MODERATE_RISK
3,35.8,32.8,27.1,52.9,0.015,1.6,1.2,4.22,3.13,28.0,Weathered Granite,MODERATE_RISK
5,0.4,34.2,22.3,43.9,0.073,1.8,1.43,1.74,1.91,31.0,Laterite,SAFE
1,20.4,89.5,24.8,55.7,0.726,4.15,5.31,8.85,7.92,35.0,Residual Soil,HIGH_RISK
1,11.9,22.4,20.8,63.1,0.126,0.94,1.39,3.5,2.75,35.0,Residual Soil,SAFE
6,17.7,54.7,28.9,65.6,0.146,2.49,2.6,5.15,4.54,38.0,Sandy Loam,MODERATE_RISK
1,20.7,43.5,20.7,75.9,0.096,2.33,2.41,5.07,4.17,35.0,Residual Soil,MODERATE_RISK
3,9.4,69.9,22.7,92.2,0.163,3.83,3.96,6.13,5.37,28.0,Weathered Granite,MODERATE_RISK
3,8.7,83.0,22.7,59.2,0.471,4.11,5.03,9.15,8.17,28.0,Weathered Granite,HIGH_RISK
2,33.1,47.0,22.6,89.3,0.133,2.46,2.06,5.25,4.04,42.0,Colluvium,MODERATE_RISK
2,51.3,52.0,26.9,45.4,0.01,2.7,2.03,7.16,5.32,42.0,Colluvium,MODERATE_RISK
1,5.3,93.6,22.7,42.4,0.102,4.99,4.33,7.03,6.26,35.0,Residual Soil,HIGH_RISK
5,2.6,78.8,29.6,69.2,0.739,3.81,6.38,9.58,8.74,31.0,Laterite,MODERATE_RISK
2,57.0,87.3,20.7,43.5,0.074,4.32,3.91,10.12,7.65,42.0,Colluvium,HIGH_RISK
2,10.8,52.9,24.7,62.8,0.135,2.58,2.5,4.43,3.98,42.0,Colluvium,MODERATE_RISK
3,20.0,37.6,20.9,92.0,0.017,1.9,1.77,4.54,2.93,28.0,Weathered Granite,MODERATE_RISK
5,11.1,50.9,25.7,54.0,0.023,3.05,2.33,4.21,3.95,31.0,Laterite,MODERATE_RISK
6,3.4,73.7,23.9,80.9,0.312,3.69,3.97,7.04,6.42,38.0,Sandy Loam,MODERATE_RISK
1,22.2,28.2,23.4,57.5,0.054,1.24,1.44,3.55,2.67,35.0,Residual Soil,SAFE
2,18.6,40.3,28.8,42.6,0.055,1.78,1.58,4.24,3.65,42.0,Colluvium,MODERATE_RISK
5,5.7,23.5,21.4,72.3,0.073,1.43,1.14,1.29,1.76,31.0,Laterite,SAFE
5,15.0,52.4,26.3,88.4,0.509,2.45,3.46,6.0,5.28,31.0,Laterite,MODERATE_RISK
1,39.9,82.1,20.9,63.7,0.013,4.24,3.34,7.79,6.43,35.0,Residual Soil,HIGH_RISK
5,22.3,21.8,24.5,75.8,0.256,0.95,1.12,2.91,2.33,31.0,Laterite,SAFE
5,2.5,70.6,19.2,92.2,0.063,3.28,2.64,4.3,4.2,31.0,Laterite,MODERATE_RISK
5,19.9,89.9,21.3,85.8,0.284,4.62,4.13,7.73,6.42,31.0,Laterite,HIGH_RISK
2,30.3,37.8,23.7,51.2,0.72,1.76,3.2,6.08,5.2,42.0,Colluvium,MODERATE_RISK
1,39.3,72.0,31.3,82.5,0.064,3.69,2.8,8.34,6.59,35.0,Residual Soil,MODERATE_RISK
5,24.8,93.1,24.4,69.1,0.021,4.75,4.15,8.3,7.22,31.0,Laterite,HIGH_RISK
5,4.1,92.2,30.6,83.3,0.023,4.72,4.29,6.76,6.19,31.0,Laterite,HIGH_RISK
2,31.0,37.6,24.9,68.7,0.213,1.83,1.64,5.6,4.46,42.0,Colluvium,MODERATE_RISK
1,28.3,27.5,22.5,47.4,0.023,1.51,1.75,5.38,4.15,35.0,Residual Soil,MODERATE_RISK
3,0.6,31.1,30.2,73.1,0.045,1.37,0.89,1.23,1.21,28.0,Weathered Granite,SAFE
2,13.3,72.7,25.7,68.5,0.034,3.14,2.84,4.35,4.17,42.0,Colluvium,MODERATE_RISK
1,10.1,74.4,21.4,70.0,0.066,3.86,3.36,6.13,5.35,35.0,Residual Soil,MODERATE_RISK
5,27.7,70.6,25.9,91.0,0.012,3.56,3.07,6.34,5.35,31.0,Laterite,MODERATE_RISK
1,6.1,45.2,22.8,91.9,0.291,2.14,2.24,4.47,3.64,35.0,Residual Soil,MODERATE_RISK
1,22.3,32.7,16.0,66.3,0.295,1.34,1.41,3.51,3.4,35.0,Residual Soil,SAFE
6,61.1,63.6,27.7,66.4,0.08,2.77,2.22,7.99,5.81,38.0,Sandy Loam,MODERATE_RISK
1,40.0,56.3,28.4,69.9,0.142,2.83,2.82,6.76,5.61,35.0,Residual Soil,MODERATE_RISK
3,63.6,74.7,31.4,70.1,0.154,4.06,4.3,10.91,9.08,28.0,Weathered Granite,MODERATE_RISK
1,96.0,53.1,25.7,95.1,0.207,2.63,2.42,11.26,7.7,35.0,Residual Soil,HIGH_RISK
3,0.3,45.4,23.0,77.7,0.11,2.2,2.06,3.01,2.96,28.0,Weathered Granite,SAFE
5,24.4,42.0,27.3,56.1,0.107,2.1,1.78,4.38,3.52,31.0,Laterite,MODERATE_RISK
3,13.3,35.9,27.4,70.8,0.15,2.23,2.23,5.44,4.74,28.0,Weathered Granite,MODERATE_RISK
5,49.1,39.9,30.6,76.4,0.182,2.15,1.69,6.76,4.72,31.0,Laterite,MODERATE_RISK
5,7.3,27.1,23.8,77.1,0.064,1.17,1.58,2.96,2.42,31.0,Laterite,SAFE
3,99.1,46.0,23.3,73.9,0.06,2.31,2.04,9.61,6.78,28.0,Weathered Granite,HIGH_RISK
2,23.8,22.7,,,0.047,1.2,1.38,4.39,3.23,42.0,Colluvium,MODERATE_RISK
4,39.4,34.0,26.1,41.9,0.119,1.49,1.48,6.87,4.77,48.0,Clay Loam,MODERATE_RISK
1,2.2,76.0,17.8,59.6,0.067,3.95,3.42,5.21,5.24,35.0,Residual Soil,MODERATE_RISK
6,5.1,44.4,27.1,64.8,0.117,2.06,2.34,3.51,3.3,38.0,Sandy Loam,SAFE
4,35.5,70.1,26.4,43.6,0.078,3.2,2.83,7.17,5.56,48.0,Clay Loam,MODERATE_RISK
1,0.6,73.8,26.3,87.3,0.272,3.71,3.83,5.08,4.88,35.0,Residual Soil,MODERATE_RISK
1,42.4,63.6,24.6,60.0,0.011,3.16,2.32,7.1,5.5,35.0,Residual Soil,MODERATE_RISK
5,0.4,91.9,30.1,93.0,0.127,4.59,3.89,6.62,5.98,31.0,Laterite,HIGH_RISK
1,26.8,21.6,27.5,49.0,0.129,0.93,0.83,3.05,2.13,35.0,Residual Soil,SAFE
6,11.4,75.4,21.6,43.3,0.073,3.64,2.91,4.96,4.11,38.0,Sandy Loam,MODERATE_RISK
1,23.6,91.9,21.6,68.0,0.082,4.82,4.48,8.57,7.37,35.0,Residual Soil,HIGH_RISK
3,29.8,84.7,20.5,51.0,0.242,4.32,4.72,9.21,7.87,28.0,Weathered Granite,HIGH_RISK
4,10.5,32.6,26.2,94.4,0.049,1.44,0.92,1.46,1.21,48.0,Clay Loam,SAFE
3,2.9,44.5,20.0,40.6,0.308,1.83,2.51,3.8,3.79,28.0,Weathered Granite,SAFE
6,1.8,32.9,28.3,63.9,0.34,1.46,2.09,2.99,2.95,38.0,Sandy Loam,SAFE
1,22.2,65.1,29.3,93.8,0.158,3.29,3.53,7.75,6.44,35.0,Residual Soil,MODERATE_RISK
6,18.4,73.4,20.5,62.3,0.222,3.54,3.54,7.36,6.11,38.0,Sandy Loam,MODERATE_RISK
5,33.9,43.8,23.3,45.4,0.142,2.05,2.06,6.5,5.28,31.0,Laterite,MODERATE_RISK
3,17.8,60.5,24.1,57.6,0.112,2.91,2.44,5.48,4.28,28.0,Weathered Granite,MODERATE_RISK
3,13.7,71.8,27.5,68.9,0.51,3.58,3.93,7.09,6.12,28.0,Weathered Granite,MODERATE_RISK
2,12.7,51.6,30.4,50.7,0.05,2.74,2.57,4.43,3.85,42.0,Colluvium,MODERATE_RISK
1,0.7,84.1,17.3,67.1,0.025,4.2,3.54,6.03,5.45,35.0,Residual Soil,HIGH_RISK
5,10.2,77.9,22.7,88.5,0.051,3.91,3.39,6.07,5.47,31.0,Laterite,MODERATE_RISK
3,93.3,24.8,22.9,90.6,0.143,1.2,1.21,8.65,5.53,28.0,Weathered Granite,HIGH_RISK
3,51.7,66.6,18.4,42.9,0.031,3.23,2.63,7.62,5.75,28.0,Weathered Granite,MODERATE_RISK
5,10.0,37.6,22.1,49.3,0.359,2.06,2.96,4.61,4.34,31.0,Laterite,MODERATE_RISK
6,22.2,61.8,25.7,56.0,0.079,3.24,3.12,5.43,4.68,38.0,Sandy Loam,MODERATE_RISK
6,47.0,91.8,22.9,74.5,0.285,5.0,4.5,10.7,8.59,38.0,Sandy Loam,HIGH_RISK
1,14.6,85.9,17.8,60.9,0.043,4.42,3.47,5.75,5.22,35.0,Residual Soil,HIGH_RISK
2,0.5,50.3,35.5,89.0,0.056,2.42,1.69,2.2,1.97,42.0,Colluvium,SAFE
3,1.9,41.9,25.1,81.6,0.009,1.91,1.62,2.6,2.43,28.0,Weathered Granite,SAFE
2,17.9,37.6,24.4,45.8,0.045,2.07,2.06,4.43,3.81,42.0,Colluvium,MODERATE_RISK
6,87.2,59.9,19.6,76.2,0.101,2.83,2.48,10.34,7.45,38.0,Sandy Loam,HIGH_RISK
6,29.5,28.6,25.0,46.6,0.438,1.59,2.39,6.7,5.5,38.0,Sandy Loam,MODERATE_RISK
4,12.3,25.3,19.6,57.2,0.044,1.58,1.17,2.57,1.82,48.0,Clay Loam,SAFE
5,19.5,34.2,21.3,68.0,0.029,1.46,1.36,4.75,3.23,31.0,Laterite,MODERATE_RISK
3,86.1,77.8,21.2,80.1,0.029,3.77,2.79,11.67,8.49,28.0,Weathered Granite,HIGH_RISK
5,1.7,83.1,23.0,54.1,0.144,4.14,3.98,6.47,5.75,31.0,Laterite,HIGH_RISK
5,26.1,66.3,18.1,71.0,0.124,3.16,2.53,6.04,4.76,31.0,Laterite,MODERATE_RISK
2,1.9,68.3,24.3,79.7,0.029,3.42,2.9,4.5,3.93,42.0,Colluvium,MODERATE_RISK
3,11.8,22.1,29.0,66.0,0.693,1.17,2.96,4.93,4.51,28.0,Weathered Granite,MODERATE_RISK
3,40.7,82.1,24.5,90.1,0.082,4.2,3.64,8.19,6.78,28.0,Weathered Granite,HIGH_RISK
3,14.2,79.1,30.2,90.4,0.015,4.26,3.33,5.85,5.2,28.0,Weathered Granite,MODERATE_RISK
5,146.8,39.4,29.3,67.3,0.019,1.71,1.3,13.22,8.47,31.0,Laterite,HIGH_RISK
4,20.5,73.2,27.1,96.4,0.132,3.73,3.43,6.48,5.45,48.0,Clay Loam,MODERATE_RISK
3,9.7,36.1,24.3,44.4,0.58,1.68,2.78,4.9,4.3,28.0,Weathered Granite,MODERATE_RISK
6,6.2,23.0,24.1,40.2,0.127,1.24,1.07,2.09,1.98,38.0,Sandy Loam,SAFE
5,10.8,35.1,27.1,62.1,0.447,1.84,2.71,4.62,4.44,31.0,Laterite,MODERATE_RISK
2,11.7,33.4,22.4,74.9,0.088,1.47,1.32,3.16,2.78,42.0,Colluvium,SAFE
