monitoring_site_id,latitude,longitude,elevation,slope_angle,rainfall,soil_moisture,temperature,humidity,wind_speed,pressure,soil_type,risk_level
6,30.5549,79.5744,1855.8,10.5,41.25,46.2,20.4,76.2,27.6,944.4,Residual Soil,SAFE
5,9.7021,76.931,831.5,38.0,51.5,52.5,15.4,95.6,27.7,962.5,Laterite,MODERATE_RISK
1,9.6823,76.9063,827.4,44.2,13.5,23.3,22.3,67.7,18.7,909.2,Laterite,SAFE
1,11.5112,76.1356,1006.2,46.5,128.1,95.2,24.4,56.5,7.5,952.9,Weathered Granite,HIGH_RISK
1,32.2492,77.2022,2036.4,43.7,10.67,27.5,17.1,59.5,34.4,944.3,Colluvium,SAFE
4,11.3843,76.7304,1927.7,45.6,163.35,79.1,18.3,50.4,23.0,967.1,Weathered Granite,HIGH_RISK
8,11.3934,76.7156,1922.8,34.4,50.44,70.8,19.4,45.9,31.4,951.2,Weathered Granite,MODERATE_RISK
7,17.939,73.6472,1322.1,34.5,180.02,92.3,22.4,79.8,6.8,915.0,Laterite,HIGH_RISK
2,11.3785,76.73,1906.4,7.3,43.45,16.3,27.9,85.0,28.4,917.7,Weathered Granite,SAFE
8,32.2475,77.1791,2063.1,33.8,47.36,56.0,17.7,53.7,22.0,920.4,Colluvium,MODERATE_RISK
6,31.108,77.1919,2279.2,44.1,9.79,18.6,24.0,83.3,6.8,918.6,Clay Loam,SAFE
9,11.4023,76.7159,1925.6,10.3,42.6,57.5,22.5,67.8,22.0,929.7,Laterite,SAFE
9,17.9477,73.5663,634.7,15.4,26.9,15.7,20.6,72.6,27.3,921.9,Residual Soil,SAFE
6,11.374,76.7054,1912.2,47.1,13.59,35.6,14.0,91.9,15.4,989.3,Weathered Granite,SAFE
5,11.5639,76.1284,924.5,32.2,47.3,71.0,8.3,87.8,29.3,895.7,Colluvium,MODERATE_RISK
9,17.9112,73.6463,1355.2,40.7,142.7,89.8,22.9,47.8,16.1,1032.0,Laterite,HIGH_RISK
5,31.1009,77.1805,2291.2,44.6,8.2,23.0,19.7,76.8,29.2,940.6,Clay Loam,SAFE
8,30.5373,79.5702,1924.9,37.7,38.5,69.0,25.4,90.7,11.9,938.2,Weathered Granite,MODERATE_RISK
4,9.6737,76.9342,861.1,40.6,7.81,14.4,21.8,80.4,21.0,1014.8,Laterite,SAFE
6,32.2519,77.2058,2019.3,9.8,37.0,32.6,20.9,78.8,20.9,968.6,Laterite,SAFE
8,32.2232,77.2028,2029.9,50.8,131.9,87.4,16.6,69.9,10.1,1007.6,Colluvium,HIGH_RISK
4,11.5145,76.1283,974.6,41.9,11.9,39.7,20.7,74.4,25.4,952.9,Colluvium,SAFE
1,10.152,77.021,1762.6,52.2,133.6,78.0,16.5,69.3,5.6,941.1,Weathered Granite,HIGH_RISK
10,17.9265,73.6494,1334.1,39.1,162.1,83.4,16.7,79.3,6.6,947.6,Laterite,HIGH_RISK
1,12.4344,75.7491,1103.5,4.9,30.3,45.7,20.0,94.5,6.6,939.5,Residual Soil,SAFE
7,31.1195,77.1657,2332.5,52.0,167.0,80.2,21.4,59.3,34.5,931.3,Clay Loam,HIGH_RISK
4,17.9189,73.6431,1292.9,16.9,48.4,36.9,16.3,78.7,10.9,951.3,Laterite,SAFE
5,10.1668,77.0049,1629.1,41.9,8.47,31.4,25.9,55.9,7.5,942.6,Colluvium,SAFE
9,11.5373,76.1404,979.1,37.1,46.8,70.0,16.6,93.1,19.1,942.7,Colluvium,MODERATE_RISK
3,10.1571,77.0201,1654.0,31.3,46.7,60.7,25.6,85.2,10.4,825.9,Colluvium,MODERATE_RISK
9,11.4232,76.1243,735.2,36.3,102.96,94.4,22.7,45.6,10.7,966.1,Laterite,HIGH_RISK
9,11.5423,76.1396,1015.2,36.6,45.9,58.3,19.3,95.8,27.2,960.0,Colluvium,MODERATE_RISK
6,11.3456,76.783,1858.8,43.2,99.2,91.4,19.3,56.5,10.2,895.9,Laterite,HIGH_RISK
5,17.9252,73.6592,1346.2,38.2,147.07,76.2,22.4,52.7,16.5,1002.8,Laterite,HIGH_RISK
7,30.5615,79.5663,1877.8,47.6,179.2,84.3,13.0,49.7,28.2,967.9,Weathered Granite,HIGH_RISK
10,11.4001,76.0934,788.8,36.5,57.9,66.2,21.9,97.3,9.6,940.8,Clay Loam,MODERATE_RISK
1,17.9356,73.5861,583.4,50.5,117.53,92.6,17.8,53.7,21.7,910.5,Colluvium,HIGH_RISK
8,32.2507,77.209,2100.4,45.3,116.71,89.7,24.5,86.4,5.1,966.2,Colluvium,HIGH_RISK
9,31.1068,77.1551,2237.6,55.8,182.99,94.7,22.0,97.9,6.0,928.4,Clay Loam,HIGH_RISK
2,26.1784,91.7069,434.3,9.4,47.3,62.0,22.8,83.5,23.5,931.2,Weathered Granite,SAFE
2,30.5705,79.559,1857.3,38.8,13.26,47.7,17.4,80.3,20.7,938.6,Weathered Granite,SAFE
4,11.4294,76.094,729.4,43.5,135.96,77.5,25.7,59.1,15.3,1048.7,Laterite,HIGH_RISK
9,17.9477,73.5888,592.8,47.5,168.5,91.0,15.8,61.6,15.4,904.7,Colluvium,HIGH_RISK
7,11.5278,76.1493,1013.4,46.1,129.7,93.5,22.2,93.1,34.6,857.1,Colluvium,HIGH_RISK
4,11.5711,76.1217,893.9,32.9,15.4,32.9,22.1,92.5,12.4,915.4,Colluvium,SAFE
7,31.0986,77.155,2259.1,31.6,53.6,52.4,21.3,92.8,22.0,964.6,Colluvium,MODERATE_RISK
3,11.3882,76.7312,1900.1,34.7,42.57,45.2,17.6,84.0,27.2,938.6,Weathered Granite,MODERATE_RISK
6,10.1531,77.0347,1635.9,43.3,143.9,83.2,13.1,97.6,32.3,904.3,Weathered Granite,HIGH_RISK
4,11.3468,76.7964,1828.3,34.0,138.1,84.9,15.9,53.6,9.9,933.5,Weathered Granite,HIGH_RISK
8,17.9409,73.6782,1399.0,5.5,33.2,56.3,26.0,85.0,12.0,970.2,Clay Loam,SAFE
2,11.3688,76.7936,1836.9,37.0,17.8,13.8,17.0,47.6,20.1,912.3,Weathered Granite,SAFE
8,9.6722,76.9359,801.4,46.8,162.8,93.8,14.9,70.9,27.0,960.6,Weathered Granite,HIGH_RISK
6,32.2477,77.1999,2050.3,36.8,34.8,58.6,20.5,82.2,10.0,975.9,Colluvium,MODERATE_RISK
2,11.5732,76.1323,859.5,41.5,174.5,80.2,21.2,56.6,14.8,930.0,Colluvium,HIGH_RISK
5,11.5373,76.112,922.1,43.8,129.0,92.7,18.6,58.5,33.4,924.7,Colluvium,HIGH_RISK
4,26.1792,91.7066,410.1,8.3,44.1,48.7,15.9,79.1,18.0,975.3,Laterite,SAFE
5,32.2563,77.2008,2021.8,33.6,31.19,58.6,16.7,87.2,20.1,897.9,Colluvium,MODERATE_RISK
1,11.5109,76.155,1072.7,51.9,152.74,95.2,22.6,85.1,28.0,1012.8,Weathered Granite,HIGH_RISK
1,26.8841,88.1911,1674.6,40.8,124.03,88.8,20.1,87.3,34.4,959.9,Colluvium,HIGH_RISK
4,11.402,76.0872,777.7,42.2,179.9,95.6,25.7,94.7,30.8,964.4,Laterite,HIGH_RISK
3,17.9391,73.5943,561.0,27.9,55.4,55.6,15.6,89.0,17.0,939.2,Colluvium,MODERATE_RISK
4,32.2233,77.1998,2071.3,32.9,55.2,70.2,19.2,86.1,16.8,911.9,Colluvium,MODERATE_RISK
3,9.6772,76.913,816.8,45.0,8.8,33.5,22.5,76.1,32.7,883.4,Laterite,SAFE
3,11.5229,76.135,984.5,4.9,25.0,35.0,20.4,66.7,16.7,966.9,Clay Loam,SAFE
4,9.6938,76.9326,784.3,47.0,170.6,96.0,20.1,74.7,19.4,957.7,Laterite,HIGH_RISK
8,26.1685,91.7172,411.6,29.3,11.17,20.7,22.1,83.4,14.0,921.6,Clay Loam,SAFE
9,11.5551,76.1201,819.4,34.8,173.8,83.3,16.7,50.5,27.8,968.2,Colluvium,HIGH_RISK
9,9.6897,76.897,781.1,36.9,53.3,62.2,22.6,50.3,8.3,954.5,Weathered Granite,MODERATE_RISK
6,26.1759,91.6859,463.7,32.7,14.3,21.4,23.0,93.1,9.0,1016.6,Clay Loam,SAFE
8,12.4104,75.7336,1160.2,42.2,185.79,92.6,18.6,59.6,27.3,1011.5,Clay Loam,HIGH_RISK
4,26.9051,88.1933,1705.1,10.2,42.3,55.4,20.9,49.7,12.3,904.2,Colluvium,SAFE
2,26.8811,88.1846,1696.5,38.0,49.6,60.0,21.9,96.4,6.6,872.2,Weathered Granite,MODERATE_RISK
5,31.1063,77.1814,2313.1,45.3,138.3,78.3,15.4,52.2,5.5,922.9,Clay Loam,HIGH_RISK
8,32.2264,77.1875,2070.2,17.3,23.7,61.4,23.5,85.1,8.6,962.0,Sandy Loam,SAFE
1,17.9314,73.6645,1335.0,34.5,53.1,69.8,15.4,79.8,11.8,932.7,Laterite,MODERATE_RISK
1,11.5498,76.1466,985.8,11.0,33.0,54.7,17.8,51.4,5.2,944.3,Weathered Granite,SAFE
8,11.3535,76.7863,1880.1,43.0,157.0,87.4,18.7,75.6,6.0,943.0,Colluvium,HIGH_RISK
6,17.9361,73.5928,598.0,42.3,139.1,72.1,19.8,46.8,22.7,978.7,Colluvium,HIGH_RISK
9,11.4067,76.1228,867.4,36.0,4.24,23.1,18.2,91.6,31.6,909.7,Laterite,SAFE
4,17.9718,73.5692,658.5,31.0,42.52,66.2,21.7,96.4,32.8,972.0,Colluvium,MODERATE_RISK
10,26.1486,91.714,433.4,27.1,15.57,41.3,18.1,57.3,27.0,996.9,Clay Loam,SAFE
4,17.9368,73.6017,643.8,35.2,41.0,54.3,24.1,97.6,34.1,921.9,Colluvium,MODERATE_RISK
9,26.8992,88.1971,1693.7,32.2,56.8,65.8,24.6,57.6,10.5,930.1,Laterite,MODERATE_RISK
1,9.6926,76.9085,846.0,34.7,50.7,69.3,25.9,88.1,30.0,925.6,Laterite,MODERATE_RISK
6,11.5478,76.1453,961.1,40.8,134.64,75.5,23.5,48.4,29.1,895.7,Clay Loam,HIGH_RISK
5,10.156,77.0222,1777.2,50.3,127.1,73.6,27.1,63.2,5.6,958.4,Weathered Granite,HIGH_RISK
10,11.5617,76.1242,887.5,40.0,159.8,74.6,25.6,68.6,33.9,886.8,Colluvium,HIGH_RISK
1,17.9446,73.6775,1331.3,37.6,7.81,46.4,15.7,93.1,27.0,977.5,Laterite,SAFE
3,17.926,73.6648,1379.6,35.1,54.2,71.4,19.0,94.9,5.4,942.8,Laterite,MODERATE_RISK
1,26.1598,91.7007,442.6,12.0,15.24,15.9,17.3,46.8,7.4,909.9,Colluvium,SAFE
1,11.3636,76.8086,1825.9,37.8,52.0,62.8,24.1,68.2,15.1,934.8,Weathered Granite,MODERATE_RISK
8,30.5377,79.5568,1861.3,45.1,177.38,71.7,29.6,75.7,17.3,1010.6,Weathered Granite,HIGH_RISK
3,11.5496,76.136,1008.2,47.6,171.9,72.9,19.2,92.3,13.6,980.4,Colluvium,HIGH_RISK
8,17.9384,73.6403,1322.0,43.7,176.9,71.4,25.8,85.8,33.8,948.4,Laterite,HIGH_RISK
8,10.1349,77.0176,1612.0,44.0,171.2,94.0,19.5,85.8,11.0,902.2,Colluvium,HIGH_RISK
10,17.9511,73.5896,648.5,41.2,5.8,44.9,19.4,83.0,24.0,965.2,Colluvium,SAFE
7,10.1314,77.0153,1687.9,42.2,147.0,85.4,19.8,90.6,6.8,939.0,Colluvium,HIGH_RISK
2,10.1316,77.0314,1684.5,42.4,155.5,90.4,17.4,65.4,9.2,1029.8,Colluvium,HIGH_RISK
3,9.6848,76.9306,894.5,29.3,51.1,66.3,18.5,85.9,24.6,982.5,Colluvium,MODERATE_RISK
10,11.5405,76.1307,1005.4,35.5,49.28,64.5,21.2,88.9,6.1,936.4,Weathered Granite,MODERATE_RISK
10,10.1418,76.9988,1642.2,34.3,57.0,49.2,19.8,95.2,18.7,950.0,Colluvium,MODERATE_RISK
1,9.6659,76.9243,808.6,43.5,154.66,77.5,19.0,53.8,32.5,959.3,Laterite,HIGH_RISK
4,11.5518,76.1135,1042.4,49.0,129.5,85.1,20.7,72.1,10.0,894.7,Colluvium,HIGH_RISK
9,31.1058,77.1714,2261.2,6.6,37.95,60.6,23.3,79.0,14.7,1005.3,Clay Loam,SAFE
5,11.3467,76.8138,1834.0,35.7,4.2,28.4,16.7,55.2,15.7,1014.9,Weathered Granite,SAFE
4,17.9416,73.5906,626.4,47.4,10.7,27.4,19.9,52.9,18.0,924.1,Colluvium,SAFE
4,17.9629,73.5717,621.1,29.4,49.89,71.2,17.7,93.5,7.2,882.7,Colluvium,MODERATE_RISK
6,10.1561,77.0042,1621.2,42.7,100.9,80.4,21.6,76.9,20.2,962.2,Colluvium,HIGH_RISK
4,32.248,77.1901,2030.6,52.9,159.4,75.6,19.6,94.9,6.9,980.4,Weathered Granite,HIGH_RISK
10,11.5491,76.1081,949.7,10.1,37.0,31.6,14.6,96.6,30.4,976.8,Sandy Loam,SAFE
10,10.1603,76.9978,1634.4,46.4,164.51,80.0,11.6,53.0,25.6,966.4,Colluvium,HIGH_RISK
2,32.2253,77.2075,2069.3,46.2,16.7,27.4,18.5,65.6,8.6,946.9,Colluvium,SAFE
1,11.5261,76.1442,956.0,32.2,57.6,57.8,17.6,88.1,20.6,880.2,Colluvium,MODERATE_RISK
9,30.575,79.5558,1941.9,36.8,23.8,58.9,17.8,97.4,12.3,885.8,Laterite,MODERATE_RISK
4,10.1523,76.9986,1683.2,37.7,48.35,51.4,16.3,87.6,20.9,960.3,Colluvium,MODERATE_RISK
6,26.1615,91.6895,456.8,34.4,14.1,12.0,21.3,48.3,20.0,936.3,Clay Loam,SAFE
3,31.1118,77.1534,2246.4,35.2,50.82,71.0,24.2,94.9,5.8,916.7,Clay Loam,MODERATE_RISK
1,11.3541,76.7853,1840.3,34.4,11.1,40.5,12.4,94.1,26.3,957.4,Weathered Granite,SAFE
10,11.5363,76.1226,907.9,31.7,51.87,71.3,24.7,66.0,16.4,924.2,Colluvium,MODERATE_RISK
8,32.2393,77.2069,2017.5,35.6,57.2,63.5,14.1,95.7,26.1,986.6,Colluvium,MODERATE_RISK
4,12.4209,75.7475,1195.5,38.3,6.3,10.6,26.2,72.0,14.0,936.0,Residual Soil,SAFE
10,11.4086,76.1233,862.5,34.8,122.9,89.1,23.7,47.8,10.0,924.4,Laterite,HIGH_RISK
7,26.8862,88.1758,1654.0,36.8,56.0,45.8,16.3,88.4,8.0,856.4,Laterite,MODERATE_RISK
8,11.5377,76.1369,939.3,48.3,168.69,74.9,19.6,65.1,23.1,927.5,Laterite,HIGH_RISK
7,10.1698,77.0437,1796.7,55.5,161.7,78.0,20.9,46.8,6.0,973.5,Weathered Granite,HIGH_RISK
2,11.5407,76.1263,887.2,34.8,7.5,28.3,17.5,72.2,23.1,986.7,Colluvium,SAFE
9,11.5513,76.1162,875.1,35.7,38.34,53.6,27.2,86.2,23.4,942.1,Colluvium,MODERATE_RISK
8,17.9446,73.5684,673.7,30.9,55.2,58.3,17.9,96.5,13.4,972.8,Colluvium,MODERATE_RISK
8,10.1615,77.0212,1641.4,48.7,156.1,71.5,19.4,61.5,22.1,951.7,Colluvium,HIGH_RISK
5,11.5401,76.1514,1050.5,10.5,32.45,47.0,16.0,53.1,15.9,935.7,Weathered Granite,SAFE
7,17.9559,73.5633,635.4,4.9,47.7,55.6,20.8,68.5,6.9,972.2,Weathered Granite,SAFE
5,30.5526,79.585,1863.0,42.0,149.3,87.4,17.5,95.3,8.5,842.5,Weathered Granite,HIGH_RISK
3,26.8961,88.1891,1718.2,34.8,164.1,81.4,18.0,83.8,13.9,919.8,Laterite,HIGH_RISK
8,11.5248,76.1449,995.2,6.0,26.7,22.2,22.2,48.0,9.7,927.7,Clay Loam,SAFE
8,10.1748,77.0183,1796.1,29.1,50.93,71.2,22.4,81.9,17.2,973.5,Weathered Granite,MODERATE_RISK
8,11.3995,76.0963,744.1,36.2,50.05,55.3,23.0,83.5,29.6,927.5,Laterite,MODERATE_RISK
1,10.1695,77.0212,1672.4,42.2,12.98,44.9,21.9,84.8,33.3,959.8,Colluvium,SAFE
9,30.5569,79.5721,1864.1,42.4,115.17,94.0,22.2,66.2,27.8,912.6,Weathered Granite,HIGH_RISK
9,30.5749,79.5793,1900.3,38.5,16.3,46.9,16.5,52.3,13.5,943.9,Weathered Granite,SAFE
6,17.9435,73.5839,613.2,42.2,156.81,72.5,23.8,75.5,26.2,972.5,Colluvium,HIGH_RISK
10,17.9086,73.6638,1429.8,37.9,42.7,55.6,23.6,72.6,13.1,964.2,Laterite,MODERATE_RISK
4,10.1481,77.0035,1633.4,15.5,32.89,20.8,20.8,88.8,6.8,952.4,Residual Soil,SAFE
5,11.3609,76.7853,1888.3,41.8,15.29,28.3,29.9,52.3,22.7,936.9,Weathered Granite,SAFE
8,17.9452,73.5696,651.6,44.9,180.73,92.5,16.1,55.1,30.3,902.9,Colluvium,HIGH_RISK
7,11.3557,76.7794,1840.0,37.9,46.42,56.2,23.3,87.4,12.1,981.3,Weathered Granite,MODERATE_RISK
4,11.528,76.157,1009.9,37.4,37.8,68.4,16.1,84.6,7.1,930.1,Weathered Granite,MODERATE_RISK
9,12.408,75.7315,1154.8,35.0,11.55,46.4,19.9,82.3,14.2,949.7,Residual Soil,SAFE
10,11.3389,76.7969,1789.7,39.0,148.34,82.3,21.0,59.5,22.3,999.1,Weathered Granite,HIGH_RISK
7,9.6726,76.921,836.0,9.1,43.7,34.6,20.5,87.8,30.6,999.5,Residual Soil,SAFE
9,11.3839,76.6938,1918.9,47.8,121.2,86.1,16.4,92.3,26.9,918.7,Weathered Granite,HIGH_RISK
8,11.5455,76.1233,884.5,13.9,40.4,48.9,20.3,77.4,26.5,951.8,Laterite,SAFE
8,26.9087,88.1749,1714.3,39.6,175.4,79.5,19.9,84.8,14.5,903.3,Laterite,HIGH_RISK
6,32.2348,77.171,2028.1,41.9,113.69,87.6,16.9,71.2,11.2,950.2,Colluvium,HIGH_RISK
8,11.36,76.8136,1847.5,30.1,56.8,69.3,16.5,53.3,19.5,900.0,Weathered Granite,MODERATE_RISK
10,26.8828,88.1858,1690.2,38.5,166.21,82.1,23.4,66.6,32.6,963.3,Laterite,HIGH_RISK
4,32.2313,77.1971,2122.8,34.1,51.54,52.1,11.9,86.8,12.9,902.2,Colluvium,MODERATE_RISK
3,32.257,77.1799,2047.2,33.3,46.3,70.7,28.4,64.7,20.5,963.4,Colluvium,MODERATE_RISK
1,26.8701,88.187,1737.4,35.6,15.6,27.6,18.9,74.1,15.4,925.1,Laterite,SAFE
10,32.2602,77.1778,2015.4,39.7,9.19,29.4,13.6,65.3,23.0,1014.7,Colluvium,SAFE
6,30.5642,79.548,1848.7,30.1,56.5,71.0,17.9,81.3,30.9,917.6,Weathered Granite,MODERATE_RISK
3,11.3922,76.7303,1891.8,40.9,139.5,82.8,22.0,50.6,15.1,882.6,Weathered Granite,HIGH_RISK
7,17.9406,73.6581,1407.3,36.9,50.82,55.9,6.4,90.1,12.9,943.5,Laterite,MODERATE_RISK
2,12.4321,75.732,1134.5,35.6,6.7,14.4,15.3,86.2,14.3,968.9,Residual Soil,SAFE
9,10.1415,77.0029,1612.8,33.0,50.1,54.9,25.9,95.5,25.6,911.7,Colluvium,MODERATE_RISK
6,10.135,77.0345,1680.8,34.4,56.6,71.7,22.5,59.8,31.7,962.4,Colluvium,MODERATE_RISK
2,10.1579,77.0386,1775.1,47.5,17.3,13.1,16.7,64.9,15.5,909.9,Weathered Granite,SAFE
8,10.169,77.0085,1803.1,44.1,13.59,21.3,27.0,76.5,13.7,985.5,Weathered Granite,SAFE
10,11.5206,76.1271,1014.1,43.3,4.51,41.2,20.4,62.8,24.7,932.8,Colluvium,SAFE
9,11.5043,76.1313,1033.8,38.0,37.02,68.7,16.7,68.8,34.2,966.0,Weathered Granite,MODERATE_RISK
6,26.1477,91.7016,440.8,12.2,27.1,39.2,19.4,86.9,9.3,910.9,Sandy Loam,SAFE
1,30.5482,79.5548,1900.5,36.0,46.7,63.7,21.9,86.5,7.1,937.1,Clay Loam,MODERATE_RISK
3,11.5208,76.1261,1004.7,29.1,51.3,58.8,19.5,86.8,21.3,962.7,Colluvium,MODERATE_RISK
2,11.5729,76.1371,890.7,38.4,155.7,93.7,13.6,94.7,6.4,935.9,Weathered Granite,HIGH_RISK
2,17.9124,73.64,1303.8,34.8,13.5,41.6,23.4,88.0,10.6,873.9,Laterite,SAFE
5,12.4331,75.7579,1190.8,34.0,51.0,69.4,20.2,47.2,12.6,878.2,Weathered Granite,MODERATE_RISK
8,10.1541,77.0086,1790.2,32.4,44.8,58.2,17.5,97.6,15.0,963.5,Weathered Granite,MODERATE_RISK
6,11.399,76.7013,1985.4,39.4,10.23,18.0,18.8,68.6,18.6,1050.8,Weathered Granite,SAFE
2,26.1708,91.7175,404.3,7.0,22.88,43.0,19.5,91.1,13.5,950.6,Weathered Granite,SAFE
8,17.9551,73.5671,618.2,35.6,43.89,58.6,21.0,82.1,32.8,943.6,Laterite,MODERATE_RISK
2,11.5092,76.1347,1025.5,14.2,27.4,39.1,16.9,59.4,12.9,936.2,Colluvium,SAFE
10,9.7018,76.935,811.0,38.2,5.7,30.3,18.9,67.3,6.5,925.6,Laterite,SAFE
8,17.9427,73.6457,1366.1,36.8,44.88,65.2,14.5,91.3,34.0,938.4,Laterite,MODERATE_RISK
9,30.5446,79.5787,1814.2,10.4,38.78,55.9,19.5,55.8,17.6,941.7,Residual Soil,SAFE
4,11.5363,76.1132,940.2,43.8,128.2,71.3,13.8,57.6,33.1,926.5,Colluvium,HIGH_RISK
5,11.5517,76.1168,939.7,39.8,129.2,73.6,21.5,80.8,29.3,887.4,Colluvium,HIGH_RISK
2,17.966,73.5891,570.0,13.1,36.3,20.9,23.4,72.0,24.4,936.4,Laterite,SAFE
9,30.5636,79.5539,1893.1,32.3,38.2,66.2,14.8,97.3,27.6,931.4,Weathered Granite,MODERATE_RISK
9,30.5396,79.5716,1942.2,38.2,7.54,17.5,17.8,80.9,23.6,983.2,Weathered Granite,SAFE
7,11.361,76.8102,1839.6,43.8,164.3,70.8,18.7,70.3,10.3,940.5,Colluvium,HIGH_RISK
5,17.917,73.6696,1352.7,35.4,36.5,70.6,12.3,92.5,34.7,955.1,Laterite,MODERATE_RISK
7,11.3932,76.0993,742.0,33.5,3.1,29.4,18.4,48.3,27.6,923.3,Laterite,SAFE
9,11.4122,76.0988,722.2,37.4,51.9,61.0,18.5,58.3,7.7,928.2,Weathered Granite,MODERATE_RISK
4,30.5522,79.5813,1842.5,32.0,55.5,70.5,19.3,79.4,25.4,939.5,Weathered Granite,MODERATE_RISK
7,10.1467,77.0408,1826.8,32.7,49.01,62.6,18.1,83.6,20.6,932.8,Weathered Granite,MODERATE_RISK
10,32.2317,77.2038,2017.3,40.2,13.6,28.8,18.5,55.4,31.7,953.9,Colluvium,SAFE
3,11.3537,76.7944,1889.0,36.0,7.2,12.1,14.7,80.0,7.3,1014.0,Weathered Granite,SAFE
4,12.4114,75.7197,1145.3,36.5,44.39,64.0,10.5,88.2,21.7,913.5,Laterite,MODERATE_RISK
3,12.4319,75.7303,1155.7,43.6,94.9,92.0,19.4,55.5,6.2,948.6,Laterite,HIGH_RISK
6,32.2321,77.1798,2074.5,49.0,14.25,42.0,23.9,48.8,12.6,985.6,Colluvium,SAFE
1,10.137,77.0336,1650.8,34.0,56.6,69.8,17.0,79.0,24.7,945.2,Colluvium,MODERATE_RISK
4,12.4363,75.7398,1159.5,30.0,11.06,12.1,15.7,52.3,5.1,935.1,Residual Soil,SAFE
10,10.1687,77.0205,1750.3,13.0,27.0,64.7,17.6,87.8,34.0,891.0,Laterite,SAFE
3,17.938,73.6004,680.3,37.2,34.49,62.6,14.9,91.5,13.1,893.2,Colluvium,MODERATE_RISK
7,10.1693,77.0232,1628.2,47.1,155.59,75.3,19.2,51.5,28.5,936.3,Colluvium,HIGH_RISK
5,17.9667,73.5817,585.8,46.3,145.26,83.1,21.1,98.0,22.1,944.4,Colluvium,HIGH_RISK
5,30.5722,79.5838,1854.0,17.0,34.0,48.4,21.1,78.6,32.8,967.8,Sandy Loam,SAFE
8,11.3821,76.7245,1971.9,35.3,17.8,36.0,26.0,96.5,29.0,920.0,Weathered Granite,SAFE
2,26.8864,88.1761,1678.0,37.0,51.04,52.5,15.0,49.1,6.7,968.1,Laterite,MODERATE_RISK
4,11.3854,76.7032,1880.8,45.5,15.24,19.2,17.9,56.7,19.1,947.9,Weathered Granite,SAFE
1,9.6685,76.91,811.6,37.5,50.7,64.9,23.0,91.5,20.1,879.6,Laterite,MODERATE_RISK
8,17.9662,73.5675,605.1,4.9,44.3,28.5,22.7,73.5,14.3,974.9,Sandy Loam,SAFE
8,10.1576,77.0363,1655.0,33.7,56.6,57.0,24.0,88.5,16.8,949.6,Colluvium,MODERATE_RISK
4,26.8782,88.1847,1701.2,6.5,15.6,57.1,14.3,53.3,25.1,932.0,Clay Loam,SAFE
3,26.1537,91.7135,474.0,37.4,51.2,70.9,24.1,91.3,6.9,946.8,Weathered Granite,MODERATE_RISK
7,32.2303,77.209,2035.2,37.9,49.7,63.3,26.1,78.6,25.9,960.1,Colluvium,MODERATE_RISK
2,10.153,77.0333,1662.8,35.7,55.2,70.5,17.8,58.2,15.5,928.1,Colluvium,MODERATE_RISK
1,30.5429,79.5528,1903.4,40.4,10.3,19.7,16.8,56.0,21.4,956.9,Weathered Granite,SAFE
4,30.5432,79.5585,1862.9,41.5,15.79,39.6,16.0,46.1,27.6,934.0,Weathered Granite,SAFE
5,26.9085,88.1695,1665.5,41.8,139.04,79.3,15.3,94.9,17.1,963.2,Laterite,HIGH_RISK
9,9.6786,76.9297,860.0,32.7,49.01,53.3,25.3,82.2,19.2,969.2,Laterite,MODERATE_RISK
10,32.2351,77.1969,2026.9,34.5,49.3,61.2,16.3,83.2,27.5,980.3,Colluvium,MODERATE_RISK
4,11.353,76.7767,1886.9,41.6,146.0,79.0,22.1,45.1,18.2,995.7,Weathered Granite,HIGH_RISK
6,10.182,77.0159,1718.9,46.3,99.0,94.6,30.4,69.2,21.7,942.1,Weathered Granite,HIGH_RISK
2,11.3587,76.8034,1866.0,35.4,49.8,51.2,20.4,94.2,6.4,895.2,Weathered Granite,MODERATE_RISK
7,11.5055,76.131,1062.9,42.5,180.95,75.6,21.0,60.1,25.4,897.4,Weathered Granite,HIGH_RISK
5,11.3745,76.7157,1909.3,33.6,51.7,65.1,22.4,90.9,5.5,918.3,Colluvium,MODERATE_RISK
1,26.8893,88.1927,1732.9,10.4,41.85,53.1,20.2,66.3,34.1,953.8,Laterite,SAFE
3,11.5308,76.1214,950.3,47.8,165.17,94.6,15.3,97.9,30.1,988.4,Colluvium,HIGH_RISK
1,30.5393,79.5703,1905.0,42.3,8.36,14.7,23.7,87.4,35.0,929.6,Weathered Granite,SAFE
2,31.1088,77.18,2237.0,44.0,148.89,82.4,18.2,92.1,14.8,909.7,Clay Loam,HIGH_RISK
9,10.1438,77.0265,1795.4,37.0,56.6,61.0,15.2,97.4,26.2,921.0,Clay Loam,MODERATE_RISK
10,11.5252,76.1266,984.3,41.3,134.7,80.7,22.3,97.6,14.8,946.9,Colluvium,HIGH_RISK
2,9.6972,76.9331,778.4,42.4,153.9,92.7,18.3,63.6,19.5,904.1,Laterite,HIGH_RISK
8,11.3982,76.0884,823.1,38.2,150.53,71.2,21.0,84.1,7.2,922.0,Laterite,HIGH_RISK
9,17.9347,73.5877,667.7,52.2,186.84,70.8,15.9,53.3,11.0,980.4,Colluvium,HIGH_RISK
5,11.5514,76.1156,990.8,31.3,11.9,25.6,17.2,85.2,19.1,912.0,Colluvium,SAFE
3,9.6739,76.9293,889.4,40.8,14.8,38.5,16.9,67.8,16.9,997.9,Laterite,SAFE
9,11.5716,76.1447,872.7,38.0,14.63,37.8,25.5,66.4,27.6,1007.2,Colluvium,SAFE
6,17.951,73.5631,700.0,44.5,5.6,40.5,18.8,74.1,8.5,968.3,Colluvium,SAFE
10,9.6691,76.8973,820.9,41.2,129.09,86.5,23.9,74.4,11.7,911.7,Laterite,HIGH_RISK
8,11.5512,76.1378,931.5,5.8,47.8,35.5,20.4,58.4,15.9,979.0,Laterite,SAFE
10,11.5256,76.1457,1055.2,29.7,46.37,65.5,17.0,96.4,29.4,908.8,Weathered Granite,MODERATE_RISK
7,9.6821,76.9335,819.3,38.9,152.68,74.0,26.0,48.9,32.1,929.4,Laterite,HIGH_RISK
3,11.5066,76.1621,1073.1,51.2,171.33,87.2,21.3,82.5,26.5,945.9,Clay Loam,HIGH_RISK
9,32.224,77.2043,2093.5,46.3,129.69,87.7,23.0,76.9,23.7,909.1,Clay Loam,HIGH_RISK
2,17.9387,73.5947,627.1,45.4,126.01,79.4,19.8,83.3,34.6,910.0,Colluvium,HIGH_RISK
10,11.4195,76.1102,814.7,37.5,51.6,71.7,16.8,59.0,25.3,981.1,Laterite,MODERATE_RISK
1,11.5205,76.1391,944.3,49.7,171.6,71.2,18.2,65.2,7.0,955.3,Colluvium,HIGH_RISK
1,11.4055,76.1225,705.0,40.2,11.28,32.7,20.3,49.6,18.3,921.0,Laterite,SAFE
9,11.4011,76.7026,1929.7,38.0,13.9,10.7,15.2,54.3,25.4,910.2,Weathered Granite,SAFE
5,17.9719,73.5835,660.3,41.7,10.34,47.5,25.8,82.5,24.2,998.1,Colluvium,SAFE
1,11.4215,76.0906,779.3,16.2,42.24,22.3,22.0,64.6,8.9,955.5,Laterite,SAFE
8,10.1694,77.0326,1767.2,36.5,30.53,56.3,15.3,83.0,16.3,897.9,Weathered Granite,MODERATE_RISK
4,26.1706,91.7008,427.8,35.4,17.0,30.0,18.0,74.5,9.5,931.5,Clay Loam,SAFE
4,11.3656,76.7224,1942.6,36.4,50.0,62.5,24.0,97.7,17.1,981.4,Sandy Loam,MODERATE_RISK
8,26.1628,91.7118,480.3,8.5,49.4,19.5,15.5,50.6,8.4,923.3,Sandy Loam,SAFE
3,10.152,77.017,1617.6,34.8,51.76,49.8,20.6,96.1,26.7,932.1,Colluvium,MODERATE_RISK
1,9.6648,76.9292,792.0,38.9,11.55,37.8,20.9,79.9,23.2,996.1,Laterite,SAFE
6,11.5428,76.1085,942.9,9.9,34.0,54.5,16.0,74.0,18.6,948.8,Laterite,SAFE
4,17.9212,73.6643,1373.4,35.0,10.4,34.0,18.4,70.8,18.7,985.8,Laterite,SAFE
8,32.2358,77.2015,1996.3,48.8,142.84,92.9,18.5,48.1,23.9,922.4,Colluvium,HIGH_RISK
9,11.5514,76.1239,871.9,34.2,51.1,62.9,20.4,97.5,20.5,938.6,Colluvium,MODERATE_RISK
3,11.3957,76.7098,1943.2,30.6,56.8,63.0,19.3,85.2,30.6,909.8,Colluvium,MODERATE_RISK
9,11.5036,76.1272,1032.0,38.8,8.7,39.8,18.3,53.9,26.0,972.2,Weathered Granite,SAFE
9,11.3412,76.8098,1836.1,12.2,42.9,43.8,22.5,87.9,8.3,1017.5,Colluvium,SAFE
5,11.5136,76.1493,1033.6,37.0,49.8,63.6,22.2,86.2,16.3,879.2,Weathered Granite,MODERATE_RISK
4,11.536,76.1128,962.2,41.6,100.4,94.9,19.5,56.7,13.3,1012.2,Colluvium,HIGH_RISK
8,11.5575,76.1153,918.3,45.0,124.3,92.2,25.7,55.6,28.2,903.3,Colluvium,HIGH_RISK
4,10.1382,77.03,1625.2,4.1,30.75,40.8,20.9,85.8,22.1,941.6,Colluvium,SAFE
4,11.3487,76.7998,1831.8,38.3,140.5,83.1,19.8,58.3,17.6,937.1,Weathered Granite,HIGH_RISK
6,10.1733,77.0265,1776.5,36.9,51.2,69.1,18.1,91.3,8.7,978.9,Clay Loam,MODERATE_RISK
4,11.3591,76.7802,1870.4,14.5,20.24,30.6,19.2,77.7,23.1,954.9,Residual Soil,SAFE
1,11.5128,76.1496,991.5,44.0,16.4,29.4,19.4,45.5,21.6,968.5,Colluvium,SAFE
8,10.1389,77.0331,1656.5,38.2,12.16,19.0,15.0,86.1,11.4,941.1,Colluvium,SAFE
9,11.5595,76.1281,888.6,17.9,12.0,22.7,17.1,83.3,29.4,929.1,Colluvium,SAFE
4,11.3596,76.7854,1865.9,36.5,48.9,60.3,24.7,95.2,11.1,953.9,Weathered Granite,MODERATE_RISK
5,10.1731,77.0389,1812.9,36.1,50.7,54.9,21.2,53.8,10.0,942.5,Weathered Granite,MODERATE_RISK
4,30.5456,79.5654,1908.9,48.5,116.71,73.3,20.8,46.6,30.2,961.2,Colluvium,HIGH_RISK
7,32.2559,77.2023,2019.2,48.1,166.6,75.9,16.3,53.5,12.0,930.5,Colluvium,HIGH_RISK
5,30.563,79.559,1897.9,35.9,55.0,58.9,23.8,68.9,32.6,917.9,Weathered Granite,MODERATE_RISK
7,9.6712,76.9335,822.5,39.3,14.25,40.3,26.5,74.0,12.7,934.5,Laterite,SAFE
7,26.8831,88.1949,1686.5,33.4,52.5,70.4,18.8,85.4,9.3,904.1,Laterite,MODERATE_RISK
10,9.6995,76.9037,830.5,37.4,159.17,95.0,24.7,95.2,20.1,977.9,Laterite,HIGH_RISK
9,31.1054,77.1922,2234.1,53.9,80.5,93.2,23.4,96.5,12.4,918.2,Clay Loam,HIGH_RISK
10,11.3711,76.7781,1881.2,39.5,11.06,32.7,18.6,57.3,27.2,868.0,Weathered Granite,SAFE
2,17.947,73.5774,594.8,49.5,168.0,90.2,20.4,83.5,32.3,925.9,Colluvium,HIGH_RISK
2,31.1105,77.1782,2262.9,55.1,185.9,91.1,22.2,59.7,20.6,917.4,Weathered Granite,HIGH_RISK
3,9.6963,76.9041,820.3,35.7,50.22,52.6,20.8,93.1,7.1,922.3,Weathered Granite,MODERATE_RISK
9,11.5475,76.1332,959.1,34.7,8.2,27.1,18.8,80.6,5.5,928.7,Colluvium,SAFE
10,17.9488,73.5712,625.2,52.0,137.17,70.7,24.9,53.2,21.5,949.8,Colluvium,HIGH_RISK
2,11.3926,76.7042,1975.8,44.5,136.8,92.9,22.9,67.7,7.4,843.4,Weathered Granite,HIGH_RISK
4,11.5339,76.1442,1010.5,48.2,154.17,73.2,19.1,90.7,24.7,960.1,Clay Loam,HIGH_RISK
9,17.9441,73.6489,1365.8,37.3,37.9,53.0,18.4,93.1,5.5,961.9,Laterite,MODERATE_RISK
8,10.1485,77.0159,1570.4,43.0,112.59,91.5,19.1,94.2,21.7,946.3,Laterite,HIGH_RISK
8,11.5281,76.1637,1077.9,11.5,28.6,26.7,20.1,75.5,18.4,988.9,Laterite,SAFE
2,11.4008,76.0852,753.6,14.2,42.3,51.8,24.2,97.1,25.0,936.3,Residual Soil,SAFE
9,17.9541,73.5755,564.2,8.1,29.43,37.6,22.3,58.8,26.5,948.3,Laterite,SAFE
2,32.2486,77.178,2011.2,17.9,44.0,48.6,20.9,47.9,14.6,916.9,Colluvium,SAFE
10,32.2411,77.1974,2063.8,35.1,56.0,70.0,17.4,83.3,20.7,928.4,Colluvium,MODERATE_RISK
5,11.4042,76.0937,783.6,4.4,18.4,40.4,24.4,54.2,12.8,891.1,Colluvium,SAFE
7,11.5473,76.1411,981.4,37.2,43.9,51.9,24.2,90.9,18.0,939.8,Colluvium,MODERATE_RISK
8,11.5501,76.138,981.0,6.1,18.7,64.5,19.4,70.2,30.0,934.4,Laterite,SAFE
3,26.1595,91.703,460.2,33.6,12.4,32.8,13.3,63.5,27.9,984.0,Clay Loam,SAFE
5,26.1682,91.7013,466.8,11.5,38.17,49.4,15.3,96.8,30.6,936.6,Clay Loam,SAFE
8,9.6861,76.9083,853.2,39.8,150.3,95.8,23.9,84.1,20.3,1009.7,Laterite,HIGH_RISK
4,11.5316,76.1121,1016.9,34.3,40.7,62.1,16.3,89.6,24.4,939.2,Colluvium,MODERATE_RISK
1,11.3912,76.7262,1898.4,34.1,34.8,67.2,17.9,87.0,17.1,974.4,Weathered Granite,MODERATE_RISK
8,11.5374,76.1319,882.2,44.6,169.9,71.1,16.1,95.4,27.3,955.9,Colluvium,HIGH_RISK
6,9.6692,76.9224,809.0,35.8,45.6,66.7,18.2,96.7,6.3,902.9,Colluvium,MODERATE_RISK
10,11.3841,76.7278,1897.3,6.9,38.7,21.1,16.9,70.1,8.4,935.2,Colluvium,SAFE
10,30.5433,79.5764,1915.9,33.0,53.6,69.3,32.8,81.8,25.7,928.9,Weathered Granite,MODERATE_RISK
1,11.3336,76.8043,1840.5,36.5,14.8,43.6,13.2,59.9,7.2,992.2,Weathered Granite,SAFE
3,9.6895,76.9199,813.8,37.2,51.59,66.9,16.3,85.4,14.8,984.2,Laterite,MODERATE_RISK
6,11.5704,76.147,890.7,35.0,13.09,16.1,21.7,62.4,8.4,937.8,Colluvium,SAFE
6,17.9367,73.6003,596.9,37.5,52.9,64.8,19.2,93.5,24.4,943.1,Colluvium,MODERATE_RISK
4,11.5263,76.1388,1067.6,37.7,56.7,61.0,19.3,88.0,22.1,916.9,Weathered Granite,MODERATE_RISK
1,32.23,77.1887,2003.0,50.8,96.03,77.8,20.8,73.0,5.3,967.2,Laterite,HIGH_RISK
4,11.3986,76.1239,782.9,30.4,55.7,57.1,23.9,83.1,7.5,942.4,Laterite,MODERATE_RISK
7,31.1136,77.1848,2248.3,45.8,127.1,92.4,17.4,67.3,31.8,922.8,Clay Loam,HIGH_RISK
2,11.5308,76.132,1011.6,41.9,162.4,81.5,17.4,50.5,28.0,895.5,Colluvium,HIGH_RISK
4,17.9187,73.6461,1389.6,41.3,167.0,89.7,24.1,76.1,9.2,936.7,Weathered Granite,HIGH_RISK
3,17.9229,73.6441,1324.7,35.5,51.4,70.2,15.4,55.0,22.9,932.0,Colluvium,MODERATE_RISK
2,11.5541,76.1363,934.0,34.6,179.9,90.5,16.9,91.1,14.1,975.9,Colluvium,HIGH_RISK
6,11.4071,76.0988,798.5,37.3,50.5,57.1,23.0,96.9,9.5,927.3,Laterite,MODERATE_RISK
8,31.085,77.1851,2307.3,50.8,106.98,92.0,24.6,56.8,21.9,906.0,Clay Loam,HIGH_RISK
2,11.5214,76.1512,929.3,44.5,162.0,88.3,23.4,94.4,13.1,915.5,Clay Loam,HIGH_RISK
1,26.9035,88.1758,1665.6,34.0,136.95,80.9,22.1,94.8,31.3,833.7,Laterite,HIGH_RISK
9,9.6869,76.9337,811.2,47.3,172.9,73.9,15.4,94.0,33.6,900.6,Laterite,HIGH_RISK
5,10.1699,77.0189,1657.8,42.2,169.68,83.6,17.7,51.4,12.0,926.9,Colluvium,HIGH_RISK
3,11.426,76.1114,817.3,37.3,12.8,10.0,15.8,86.7,13.4,955.9,Laterite,SAFE
6,10.1772,77.0174,1777.8,53.9,174.8,86.2,22.6,91.7,33.6,945.5,Weathered Granite,HIGH_RISK
9,11.5233,76.1469,972.2,41.6,163.5,71.3,16.1,79.6,12.8,930.5,Colluvium,HIGH_RISK
2,9.6748,76.9015,789.0,45.4,17.3,12.4,23.9,64.8,33.5,1004.3,Laterite,SAFE
8,11.5236,76.1324,1080.6,42.7,176.2,72.9,16.9,53.6,13.5,912.2,Weathered Granite,HIGH_RISK
10,30.5698,79.5558,1859.7,4.4,15.7,52.0,23.1,79.1,25.8,872.6,Clay Loam,SAFE
1,32.2298,77.1716,2027.7,46.1,7.9,29.1,26.7,48.4,25.7,1003.6,Colluvium,SAFE
6,11.5286,76.1569,1061.8,28.6,48.13,72.0,18.1,93.3,11.1,960.9,Weathered Granite,MODERATE_RISK
9,17.9725,73.5775,640.8,52.9,167.2,71.6,13.7,90.8,30.2,900.5,Weathered Granite,HIGH_RISK
8,11.5241,76.1418,1010.3,44.9,9.6,15.4,15.2,82.2,16.2,951.9,Colluvium,SAFE
9,26.9083,88.1999,1742.6,35.1,46.2,63.9,26.6,93.7,12.2,929.7,Laterite,MODERATE_RISK
10,26.8812,88.1675,1716.5,37.2,5.72,11.6,17.5,85.2,29.4,1047.2,Laterite,SAFE
7,10.154,77.0376,1748.0,8.9,47.7,52.5,25.8,93.7,9.2,964.0,Residual Soil,SAFE
6,26.8732,88.2003,1707.0,34.3,49.55,68.8,13.3,93.9,12.0,977.6,Laterite,MODERATE_RISK
1,11.4184,76.1184,810.1,12.6,39.1,17.9,20.4,67.6,14.5,990.1,Colluvium,SAFE
3,11.5492,76.1337,1027.8,44.3,112.15,79.2,14.5,47.8,22.3,975.4,Colluvium,HIGH_RISK
9,17.9697,73.57,614.2,31.8,51.8,70.0,24.2,96.9,14.3,933.7,Colluvium,MODERATE_RISK
2,11.542,76.1387,898.8,10.8,29.54,64.4,15.6,58.4,18.0,898.2,Laterite,SAFE
3,17.9257,73.6437,1358.4,37.4,12.32,17.4,18.7,72.4,31.4,1061.3,Laterite,SAFE
2,31.0927,77.1706,2260.8,52.1,150.04,85.2,12.6,85.8,14.5,978.3,Clay Loam,HIGH_RISK
4,26.9,88.1795,1732.0,36.9,54.7,67.1,24.5,89.7,6.7,925.0,Clay Loam,MODERATE_RISK
7,12.4343,75.7513,1175.0,35.4,9.8,12.3,14.5,94.5,30.0,930.7,Residual Soil,SAFE
10,31.0885,77.1694,2295.5,7.2,25.52,16.2,15.8,64.3,9.4,902.1,Sandy Loam,SAFE
10,10.1641,77.0108,1725.5,54.9,146.69,89.2,24.5,71.5,33.9,891.6,Laterite,HIGH_RISK
7,30.5395,79.5743,1886.1,46.7,16.2,28.9,21.3,79.0,30.0,961.9,Weathered Granite,SAFE
2,11.5397,76.1214,971.2,9.8,17.0,46.9,21.8,47.1,32.0,930.1,Laterite,SAFE
6,11.421,76.1132,775.3,37.3,48.95,57.6,19.0,83.9,19.8,1002.3,Laterite,MODERATE_RISK
10,11.5394,76.1218,901.8,15.1,46.6,30.3,22.9,48.4,9.0,964.4,Sandy Loam,SAFE
3,9.6773,76.916,795.3,35.8,48.45,48.0,28.2,89.8,22.1,882.5,Colluvium,MODERATE_RISK
3,11.5237,76.1175,1013.0,41.1,14.58,18.6,19.0,95.4,13.0,943.0,Colluvium,SAFE
9,17.9433,73.6693,1337.7,36.2,55.2,52.9,22.3,86.9,27.3,910.9,Laterite,MODERATE_RISK
10,11.414,76.1145,781.9,35.5,7.0,45.8,25.4,90.3,28.6,931.1,Laterite,SAFE
9,11.5192,76.1516,1050.1,52.8,166.2,93.0,20.3,79.0,32.1,874.4,Laterite,HIGH_RISK
4,11.3457,76.8109,1888.9,17.7,17.9,27.1,21.7,84.8,7.4,953.6,Laterite,SAFE
7,12.4065,75.7215,1174.4,10.9,27.72,62.6,16.3,61.8,9.1,974.0,Clay Loam,SAFE
5,17.9523,73.5955,633.7,43.5,183.7,87.4,19.8,90.4,32.3,896.6,Colluvium,HIGH_RISK
3,11.3956,76.7065,1916.2,36.0,56.9,66.8,18.3,46.5,33.7,967.3,Weathered Granite,MODERATE_RISK
10,11.3661,76.7235,1874.7,42.7,161.53,90.8,17.2,67.9,18.5,976.5,Weathered Granite,HIGH_RISK
8,11.5314,76.1638,1059.0,52.4,92.3,70.9,14.5,75.8,22.2,962.1,Weathered Granite,HIGH_RISK
6,11.569,76.1221,910.6,16.3,7.7,54.4,17.7,54.6,19.7,944.5,Sandy Loam,SAFE
8,10.1711,77.0198,1800.4,54.1,132.9,71.5,26.1,52.3,18.4,925.0,Weathered Granite,HIGH_RISK
3,9.6656,76.9009,834.8,33.5,53.5,71.9,25.4,76.3,20.9,949.5,Clay Loam,MODERATE_RISK
2,31.091,77.1851,2232.5,37.6,44.94,63.6,16.8,86.4,6.0,915.8,Weathered Granite,MODERATE_RISK
10,11.3956,76.6941,1919.6,38.0,12.2,21.5,13.0,50.2,6.1,990.4,Weathered Granite,SAFE
9,9.7011,76.9027,870.9,42.0,13.9,23.3,23.8,91.9,25.7,923.1,Laterite,SAFE
2,30.574,79.5763,1900.0,42.7,15.07,37.7,24.3,76.1,22.9,906.8,Weathered Granite,SAFE
5,26.9015,88.1956,1750.1,41.0,163.4,90.9,22.1,84.2,11.1,1018.5,Laterite,HIGH_RISK
4,9.6848,76.9113,803.9,9.0,38.94,48.9,11.9,90.0,8.2,893.8,Laterite,SAFE
4,11.3955,76.7129,1997.5,42.7,169.24,87.5,19.1,86.5,25.1,900.9,Weathered Granite,HIGH_RISK
1,11.3501,76.7804,1874.7,37.3,41.8,55.7,15.6,48.7,11.3,953.2,Weathered Granite,MODERATE_RISK
7,10.1606,77.034,1647.9,44.7,9.3,11.4,11.9,51.8,32.9,909.7,Colluvium,SAFE
7,31.0979,77.1618,2286.8,37.5,56.0,68.0,18.6,95.0,11.8,956.5,Laterite,MODERATE_RISK
4,31.0953,77.1744,2298.3,33.6,50.55,58.5,20.8,95.6,9.4,885.7,Weathered Granite,MODERATE_RISK
3,26.1664,91.7101,480.8,25.6,7.1,31.6,19.0,70.3,32.0,939.2,Clay Loam,SAFE
5,30.5521,79.5684,1834.1,42.1,11.44,41.2,27.2,62.1,15.0,969.3,Weathered Granite,SAFE
9,11.5702,76.142,928.8,41.7,157.4,78.0,15.5,78.6,8.0,936.5,Laterite,HIGH_RISK
7,11.3658,76.811,1856.6,36.6,45.2,67.8,24.2,92.7,20.7,970.0,Weathered Granite,MODERATE_RISK
1,26.87,88.1746,1653.3,11.4,23.32,33.3,20.5,61.8,33.8,926.9,Weathered Granite,SAFE
6,26.8781,88.1952,1689.7,6.2,27.9,41.7,13.9,74.8,32.5,961.4,Laterite,SAFE
9,11.4108,76.1026,787.9,41.1,176.0,78.4,20.3,62.3,27.0,963.5,Laterite,HIGH_RISK
4,31.1174,77.18,2324.3,36.9,36.5,54.1,24.0,89.2,14.5,958.9,Colluvium,MODERATE_RISK
2,11.3449,76.7899,1838.5,39.9,10.12,45.8,23.2,69.0,34.5,1004.4,Weathered Granite,SAFE
6,11.5709,76.13,881.2,30.2,56.7,69.8,22.7,95.0,11.7,958.9,Colluvium,MODERATE_RISK
5,11.3999,76.108,772.6,14.9,24.6,43.8,21.3,78.6,27.8,921.4,Sandy Loam,SAFE
6,10.1724,77.0297,1839.0,35.0,54.7,56.6,25.4,82.3,23.4,953.1,Weathered Granite,MODERATE_RISK
8,11.3348,76.8047,1845.0,30.1,57.2,60.6,13.7,93.5,27.4,957.6,Weathered Granite,MODERATE_RISK
3,10.1332,77.0172,1702.9,48.6,131.2,86.1,25.3,80.2,24.3,908.0,Weathered Granite,HIGH_RISK
1,26.152,91.6938,459.4,37.7,54.0,67.4,25.3,45.4,28.1,952.4,Weathered Granite,MODERATE_RISK
9,30.5455,79.564,1834.7,44.5,9.35,29.4,23.0,47.8,5.3,938.7,Weathered Granite,SAFE
3,11.5653,76.1454,945.2,40.4,12.6,31.2,13.8,46.7,28.0,1025.7,Colluvium,SAFE
8,26.169,91.7144,428.4,28.3,17.6,18.1,14.6,60.9,14.3,956.0,Clay Loam,SAFE
1,11.509,76.1408,1094.9,45.7,130.2,89.1,20.6,89.5,6.0,919.1,Weathered Granite,HIGH_RISK
10,11.5624,76.1242,940.0,38.9,135.03,83.0,17.1,70.3,10.2,946.2,Colluvium,HIGH_RISK
10,11.3579,76.8061,1815.2,37.1,37.07,69.8,21.2,93.7,13.9,875.7,Weathered Granite,MODERATE_RISK
1,17.9372,73.656,1358.1,45.0,166.32,91.1,29.7,57.1,31.6,925.7,Laterite,HIGH_RISK
9,12.4421,75.7508,1216.8,33.3,17.1,11.1,23.5,76.8,9.0,968.8,Residual Soil,SAFE
2,10.1535,77.0287,1675.6,37.1,39.5,71.4,21.1,88.8,18.0,950.1,Colluvium,MODERATE_RISK
2,11.3965,76.7301,1979.5,38.8,117.98,94.3,25.4,84.6,16.7,937.0,Weathered Granite,HIGH_RISK
2,12.4342,75.7492,1168.8,9.2,33.83,61.2,24.9,71.7,7.9,954.5,Laterite,SAFE
4,30.5439,79.5806,1832.9,43.1,12.7,18.7,18.4,73.8,30.9,887.9,Weathered Granite,SAFE
3,10.1744,77.0151,1800.3,37.3,57.8,64.5,21.7,49.4,34.5,988.6,Weathered Granite,MODERATE_RISK
8,10.1519,77.0365,1656.3,38.0,53.2,54.6,13.5,57.9,13.0,971.4,Colluvium,MODERATE_RISK
9,17.9466,73.5939,629.2,9.1,46.3,18.1,14.3,55.6,13.6,977.3,Residual Soil,SAFE
8,30.549,79.559,1891.9,45.7,178.09,90.5,23.3,85.3,31.3,1021.6,Weathered Granite,HIGH_RISK
5,11.5625,76.1284,929.0,33.4,7.76,34.2,20.3,83.7,33.2,948.4,Colluvium,SAFE
3,11.5405,76.11,906.2,34.4,4.62,35.3,21.4,63.9,34.3,907.4,Colluvium,SAFE
9,32.2526,77.1694,2100.8,37.4,45.2,61.3,17.5,93.5,29.2,964.7,Colluvium,MODERATE_RISK
1,30.5381,79.5818,1906.5,37.8,47.3,67.2,16.5,80.9,7.1,883.5,Weathered Granite,MODERATE_RISK
1,31.0996,77.1632,2311.2,37.5,53.3,63.5,22.7,82.8,5.3,981.9,Colluvium,MODERATE_RISK
4,10.1681,77.0431,1729.9,35.0,45.9,55.9,18.3,83.3,9.6,966.4,Weathered Granite,MODERATE_RISK
4,17.9476,73.602,663.2,9.0,39.5,54.2,19.6,87.0,12.2,963.0,Sandy Loam,SAFE
3,10.1639,77.0155,1785.1,37.0,39.71,46.9,20.8,80.5,30.4,957.5,Weathered Granite,MODERATE_RISK
6,11.5495,76.1167,901.8,40.6,14.91,24.5,19.7,88.5,29.8,879.0,Colluvium,SAFE
3,30.5715,79.5725,1887.6,43.4,176.6,83.7,16.5,62.2,14.9,1001.4,Laterite,HIGH_RISK
10,26.873,88.1785,1715.2,10.4,40.2,32.3,14.6,57.4,6.6,953.4,Sandy Loam,SAFE
4,10.1383,77.0147,1659.2,49.2,153.45,92.4,16.6,97.7,33.6,964.3,Laterite,HIGH_RISK
2,31.0901,77.1552,2255.8,53.3,139.3,82.6,19.8,51.4,22.0,857.0,Clay Loam,HIGH_RISK
9,11.4116,76.1216,750.2,43.6,169.6,95.1,20.4,74.1,20.7,977.5,Laterite,HIGH_RISK
10,11.5316,76.1172,951.3,35.5,45.5,59.9,21.8,68.0,9.6,899.3,Colluvium,MODERATE_RISK
5,17.9374,73.64,1325.2,38.6,164.3,85.9,18.2,45.3,11.2,936.0,Laterite,HIGH_RISK
10,32.2485,77.2017,2036.6,38.1,17.8,34.2,16.8,55.5,28.5,924.6,Colluvium,SAFE
3,12.4314,75.7489,1200.3,35.1,3.2,24.5,23.6,50.5,25.8,967.5,Residual Soil,SAFE
9,12.4243,75.7488,1163.7,37.3,4.8,44.3,21.3,73.0,26.8,915.1,Residual Soil,SAFE
5,12.4394,75.7298,1180.5,39.9,168.9,91.9,15.3,72.5,16.0,962.8,Residual Soil,HIGH_RISK
7,17.9199,73.6673,1361.7,45.0,142.8,76.0,24.6,79.4,10.8,1008.2,Laterite,HIGH_RISK
7,17.938,73.6746,1336.3,35.1,137.4,83.0,13.2,71.0,23.5,1020.0,Laterite,HIGH_RISK
10,11.5025,76.126,1065.0,52.0,121.7,91.5,21.4,48.5,23.8,922.7,Weathered Granite,HIGH_RISK
4,11.5428,76.1157,913.4,33.6,51.26,51.8,16.2,83.0,11.5,934.9,Weathered Granite,MODERATE_RISK
3,11.3523,76.7945,1876.8,40.0,15.1,12.9,21.1,54.2,20.1,881.6,Weathered Granite,SAFE
9,11.5586,76.1243,873.1,33.0,50.99,68.7,13.3,91.3,7.1,908.2,Colluvium,MODERATE_RISK
7,17.9422,73.5981,615.1,45.8,135.0,74.6,28.6,89.9,13.6,969.5,Laterite,HIGH_RISK
8,11.388,76.7087,1895.4,36.2,43.1,71.9,20.7,87.5,33.9,886.5,Weathered Granite,MODERATE_RISK
2,10.1687,77.0157,1766.0,48.9,167.3,93.2,21.2,88.8,11.4,965.3,Weathered Granite,HIGH_RISK
3,11.3499,76.7999,1803.2,39.6,16.1,42.0,24.6,70.6,32.0,936.8,Weathered Granite,SAFE
5,31.0918,77.1874,2298.6,48.2,98.6,93.2,20.8,50.8,16.9,996.4,Clay Loam,HIGH_RISK
8,26.8935,88.1827,1744.9,35.3,151.6,85.7,19.1,51.9,10.8,959.0,Laterite,HIGH_RISK
2,32.2274,77.1821,2026.4,47.3,4.18,43.2,21.8,66.2,11.6,951.4,Colluvium,SAFE
6,12.4399,75.74,1127.5,17.5,23.2,38.8,17.8,50.9,12.4,983.2,Colluvium,SAFE
3,12.4337,75.7547,1185.5,32.8,15.0,21.9,22.3,74.2,32.6,987.2,Residual Soil,SAFE
2,11.3589,76.8037,1836.1,37.2,7.1,28.8,20.6,73.3,34.4,1011.1,Weathered Granite,SAFE
5,11.5468,76.125,969.0,43.1,133.1,87.9,19.4,90.8,27.6,897.2,Colluvium,HIGH_RISK
6,11.5627,76.117,924.4,37.1,156.53,73.2,18.3,89.2,19.3,873.9,Colluvium,HIGH_RISK
3,17.9374,73.5726,670.9,51.5,173.86,73.2,22.4,96.4,31.6,932.6,Colluvium,HIGH_RISK
5,26.875,88.197,1721.1,37.9,174.4,93.5,14.2,61.2,31.3,925.0,Laterite,HIGH_RISK
6,10.1604,77.0088,1712.2,37.1,54.2,68.2,28.0,68.9,29.9,934.8,Colluvium,MODERATE_RISK
9,31.0961,77.1906,2313.2,51.9,6.16,20.5,21.7,45.2,25.6,968.4,Clay Loam,SAFE
10,11.3566,76.8052,1824.5,5.9,38.0,26.1,21.4,74.5,18.7,936.9,Laterite,SAFE
10,11.5457,76.1178,874.9,30.8,56.6,63.2,16.2,87.6,26.1,984.0,Colluvium,MODERATE_RISK
5,32.262,77.2002,2093.4,34.7,51.5,55.0,14.0,96.7,34.0,929.3,Colluvium,MODERATE_RISK
8,17.9386,73.6002,638.7,36.6,54.2,62.0,24.7,58.0,21.1,996.4,Clay Loam,MODERATE_RISK
8,11.3946,76.7182,1904.0,34.6,54.3,56.2,20.0,92.7,14.0,913.7,Weathered Granite,MODERATE_RISK
8,32.2571,77.2041,2060.2,28.7,55.9,45.7,24.6,90.3,21.6,951.8,Laterite,MODERATE_RISK
8,10.1611,77.0081,1807.3,37.2,50.1,63.6,23.3,95.3,21.2,993.4,Weathered Granite,MODERATE_RISK
7,17.9483,73.5914,621.5,34.2,51.4,70.8,28.0,59.3,26.4,914.5,Colluvium,MODERATE_RISK
5,11.3693,76.7291,1943.5,37.9,40.48,69.4,18.8,85.7,26.7,972.1,Weathered Granite,MODERATE_RISK
2,26.888,88.1993,1683.2,26.8,52.1,70.6,20.7,85.5,15.0,954.7,Laterite,MODERATE_RISK
1,10.1675,77.0375,1752.5,37.9,42.02,68.5,31.4,62.4,33.1,919.9,Weathered Granite,MODERATE_RISK
10,11.5601,76.13,917.9,16.1,14.6,54.7,17.9,65.5,20.4,937.9,Weathered Granite,SAFE
4,30.5606,79.5542,1891.7,27.1,55.1,59.2,21.4,88.5,7.3,962.4,Weathered Granite,MODERATE_RISK
2,26.169,91.6917,428.7,13.2,48.2,16.6,19.3,84.8,18.8,920.2,Clay Loam,SAFE
3,11.3887,76.7272,1877.1,33.1,14.85,42.1,19.8,83.5,20.8,912.7,Weathered Granite,SAFE
5,10.1631,77.0178,1827.0,36.3,46.8,58.4,17.5,68.2,33.7,905.1,Weathered Granite,MODERATE_RISK
5,17.9581,73.5678,619.9,32.0,51.92,66.2,22.6,88.3,34.0,948.9,Colluvium,MODERATE_RISK
1,17.9431,73.6452,1357.0,5.3,21.8,21.8,15.4,77.6,19.4,901.6,Laterite,SAFE
8,11.3339,76.7895,1875.2,37.4,48.51,65.3,18.4,87.8,26.0,957.2,Weathered Granite,MODERATE_RISK
6,32.2476,77.1734,2020.7,46.6,151.8,78.9,30.3,59.1,12.7,958.6,Clay Loam,HIGH_RISK
3,12.4142,75.7367,1202.5,34.8,14.08,37.7,27.5,97.3,30.4,994.9,Residual Soil,SAFE
5,32.234,77.1941,2048.0,7.0,25.41,50.9,23.5,70.6,18.6,985.3,Sandy Loam,SAFE
7,10.177,77.0149,1757.1,49.5,134.7,75.4,14.7,52.7,26.0,962.8,Weathered Granite,HIGH_RISK
8,11.4205,76.0856,837.3,37.1,32.0,55.4,31.6,55.3,8.9,979.4,Weathered Granite,MODERATE_RISK
8,17.957,73.5692,612.1,35.8,53.5,48.1,21.8,90.2,11.9,962.6,Clay Loam,MODERATE_RISK
3,11.4016,76.0922,789.4,34.2,52.2,69.1,18.5,94.0,29.5,951.4,Clay Loam,MODERATE_RISK
9,11.3763,76.7004,1907.2,39.0,6.1,38.2,17.2,55.8,33.4,959.0,Weathered Granite,SAFE
8,11.3683,76.7027,1905.0,45.8,152.3,93.4,23.8,63.1,22.4,918.7,Weathered Granite,HIGH_RISK
9,11.3891,76.7032,1898.5,34.4,45.2,48.3,21.5,96.3,29.0,975.0,Weathered Granite,MODERATE_RISK
10,11.5474,76.139,951.0,39.1,161.6,72.5,18.5,84.2,12.5,938.2,Colluvium,HIGH_RISK
3,31.0984,77.1867,2273.5,51.4,93.5,87.2,14.2,63.0,9.5,899.1,Laterite,HIGH_RISK
2,17.9451,73.6498,1354.1,36.0,56.7,62.6,15.6,92.6,13.4,945.7,Laterite,MODERATE_RISK
5,9.6695,76.9301,840.9,42.3,9.19,40.2,19.0,75.0,10.5,959.2,Laterite,SAFE
7,30.5442,79.5543,1875.8,14.4,20.7,27.1,21.3,55.1,10.0,961.4,Clay Loam,SAFE
10,11.3887,76.7283,1889.2,44.8,151.0,94.3,26.2,95.5,14.6,1092.8,Weathered Granite,HIGH_RISK
6,31.1053,77.1728,2300.5,51.9,12.54,45.6,19.9,79.6,34.1,952.1,Clay Loam,SAFE
2,11.3492,76.7751,1819.8,37.6,57.0,58.6,25.2,54.9,28.7,984.5,Weathered Granite,MODERATE_RISK
2,31.0949,77.1923,2248.0,47.0,145.59,91.0,26.9,46.6,31.0,929.6,Clay Loam,HIGH_RISK
9,11.5273,76.1294,1089.7,32.9,57.1,53.1,21.4,81.0,27.1,876.9,Weathered Granite,MODERATE_RISK
9,10.1587,77.0255,1833.0,54.4,91.08,75.7,22.5,62.7,9.1,836.5,Weathered Granite,HIGH_RISK
6,32.2551,77.1784,2016.9,37.8,56.3,52.6,14.8,77.8,21.3,959.4,Colluvium,MODERATE_RISK
5,26.894,88.1711,1649.2,32.0,3.7,19.7,19.3,47.7,31.6,922.5,Laterite,SAFE
3,26.8899,88.1681,1685.7,34.8,6.55,28.7,12.7,76.5,25.7,900.9,Laterite,SAFE
5,11.5056,76.1292,1028.6,52.6,137.6,91.4,18.5,95.2,19.4,910.3,Weathered Granite,HIGH_RISK
2,10.1766,77.0357,1735.2,46.1,5.0,24.5,18.2,71.9,13.0,1027.4,Weathered Granite,SAFE
2,9.6964,76.9029,853.8,47.0,13.2,36.5,19.1,89.6,23.8,991.3,Laterite,SAFE
1,31.0948,77.1536,2257.7,49.9,9.8,28.2,18.6,84.4,7.0,850.9,Clay Loam,SAFE
1,10.1529,76.9997,1617.0,49.0,161.3,73.1,25.6,65.5,14.7,831.0,Colluvium,HIGH_RISK
1,10.1367,77.0121,1703.8,51.6,168.5,73.4,17.7,48.9,9.0,985.9,Colluvium,HIGH_RISK
3,12.4188,75.7487,1158.9,41.5,117.76,94.1,23.1,71.1,23.4,947.5,Residual Soil,HIGH_RISK
9,11.3633,76.7874,1819.3,35.9,56.9,61.9,16.9,74.4,14.1,912.2,Weathered Granite,MODERATE_RISK
9,30.5712,79.5654,1814.2,41.2,16.9,32.9,23.0,65.8,33.9,961.9,Weathered Granite,SAFE
4,10.1614,77.027,1648.3,43.2,88.39,82.3,14.6,87.1,9.2,869.1,Colluvium,HIGH_RISK
1,11.4174,76.0923,793.0,35.8,15.7,27.5,22.5,86.2,7.0,956.8,Laterite,SAFE
2,10.145,77.0295,1809.4,53.4,149.88,73.9,15.9,86.3,18.4,1011.4,Weathered Granite,HIGH_RISK
6,10.1597,77.0434,1859.6,54.9,125.8,72.9,17.8,65.1,14.3,992.4,Colluvium,HIGH_RISK
9,10.1595,77.0061,1620.3,51.8,135.1,84.6,21.2,81.0,28.5,977.5,Laterite,HIGH_RISK
1,31.1216,77.1686,2243.3,24.8,54.3,58.1,16.5,97.6,14.4,963.2,Weathered Granite,MODERATE_RISK
1,17.9711,73.6009,661.3,36.2,49.39,70.5,21.9,83.3,9.0,962.8,Laterite,MODERATE_RISK
1,11.3816,76.7223,1873.0,40.3,17.9,45.1,19.3,57.8,16.9,974.9,Weathered Granite,SAFE
3,31.0941,77.1705,2239.3,53.1,1.6,37.9,17.8,45.9,19.5,994.9,Clay Loam,SAFE
1,17.9677,73.6003,628.4,33.8,57.0,60.2,26.2,87.9,10.1,962.8,Colluvium,MODERATE_RISK
7,11.3639,76.7983,1883.2,35.4,37.6,54.8,22.9,96.5,8.4,942.4,Weathered Granite,MODERATE_RISK
6,32.2577,77.1744,2026.8,35.3,38.8,45.1,19.9,97.6,25.6,882.2,Weathered Granite,MODERATE_RISK
6,26.8725,88.1802,1726.1,40.0,182.0,93.4,17.9,71.8,7.5,927.8,Laterite,HIGH_RISK
1,10.1615,77.0255,1612.9,42.5,161.48,81.8,22.0,97.1,27.2,948.4,Colluvium,HIGH_RISK
4,11.5349,76.1509,932.1,14.9,24.81,52.3,19.7,66.0,29.7,917.2,Colluvium,SAFE
2,11.5661,76.1264,963.3,11.2,37.95,54.2,21.8,48.5,6.4,973.4,Laterite,SAFE
8,9.6774,76.9289,830.4,43.6,6.9,25.3,20.3,89.1,19.6,980.9,Laterite,SAFE
2,11.4276,76.0942,758.6,42.9,172.98,89.8,12.7,82.1,25.4,1033.3,Laterite,HIGH_RISK
5,11.5199,76.1497,978.4,39.3,120.28,76.3,22.8,71.8,6.9,922.6,Colluvium,HIGH_RISK
2,11.5256,76.1205,1025.6,33.2,49.83,56.9,16.8,95.1,33.8,890.2,Colluvium,MODERATE_RISK
2,17.9562,73.58,649.1,46.8,13.2,43.2,16.1,66.8,22.1,909.7,Colluvium,SAFE
9,11.5376,76.1579,1066.2,36.1,57.7,60.8,27.4,94.0,16.1,1027.8,Weathered Granite,MODERATE_RISK
3,11.5548,76.1323,933.0,33.1,45.0,62.8,17.4,97.5,16.8,844.3,Colluvium,MODERATE_RISK
4,32.2466,77.2087,2090.2,15.1,35.59,52.9,25.3,83.5,26.0,969.0,Laterite,SAFE
1,11.5443,76.1505,929.2,36.4,17.8,37.4,16.4,49.6,24.0,977.6,Colluvium,SAFE
4,11.5019,76.1428,1085.6,45.5,8.86,26.1,22.7,78.7,32.3,992.8,Weathered Granite,SAFE
4,11.5225,76.1241,993.6,17.1,31.9,43.9,20.2,81.2,20.1,859.1,Weathered Granite,SAFE
10,11.4002,76.7177,1885.4,44.9,175.2,76.7,15.1,58.6,8.3,930.8,Clay Loam,HIGH_RISK
2,32.2552,77.2076,2082.8,48.7,161.1,88.9,23.9,73.7,22.0,962.5,Colluvium,HIGH_RISK
6,17.9191,73.6463,1363.1,43.5,92.84,90.4,14.5,73.4,26.7,974.7,Laterite,HIGH_RISK
8,26.1593,91.7053,482.5,4.7,18.4,64.8,25.2,77.0,17.4,990.7,Weathered Granite,SAFE
2,17.9394,73.6589,1364.9,34.4,40.81,62.5,18.1,91.8,28.5,938.8,Laterite,MODERATE_RISK
10,11.5047,76.1416,1007.8,37.3,53.6,71.3,23.6,61.3,11.6,944.8,Weathered Granite,MODERATE_RISK
9,31.0942,77.1694,2304.6,51.0,147.29,92.1,15.9,88.5,24.8,923.3,Clay Loam,HIGH_RISK
1,17.9415,73.6588,1328.7,39.3,15.24,38.0,25.5,52.3,24.6,948.8,Laterite,SAFE
6,10.1401,77.0018,1697.1,49.1,148.3,94.2,19.7,68.6,11.4,977.5,Colluvium,HIGH_RISK
8,11.545,76.1141,962.6,33.7,5.6,41.9,18.6,82.7,32.0,988.1,Colluvium,SAFE
9,10.1392,77.0008,1662.9,37.9,52.03,70.9,9.9,64.7,22.0,893.5,Colluvium,MODERATE_RISK
5,11.4288,76.0999,749.1,37.8,56.8,56.3,24.8,80.4,32.7,930.6,Laterite,MODERATE_RISK
5,17.9587,73.5824,649.9,42.7,106.43,70.3,17.4,92.4,24.0,951.4,Colluvium,HIGH_RISK
5,30.5399,79.5801,1810.0,41.5,14.2,38.9,18.7,53.2,5.0,1003.5,Weathered Granite,SAFE
4,17.9344,73.5924,678.5,45.5,179.03,95.1,20.5,88.7,31.4,946.3,Colluvium,HIGH_RISK
1,17.9672,73.5987,579.1,34.3,46.37,51.1,20.2,88.8,26.5,948.9,Colluvium,MODERATE_RISK
9,11.3813,76.731,1947.4,46.6,128.98,75.7,23.1,46.1,23.1,946.9,Weathered Granite,HIGH_RISK
6,11.5393,76.1208,935.7,34.0,51.1,64.4,20.6,94.4,28.5,948.7,Colluvium,MODERATE_RISK
7,11.3487,76.7754,1849.4,34.2,48.9,61.0,14.8,91.5,25.5,971.4,Weathered Granite,MODERATE_RISK
9,17.9577,73.5636,651.3,14.7,42.5,19.8,29.3,71.1,30.4,886.1,Weathered Granite,SAFE
8,12.4225,75.7191,1177.8,36.2,3.4,30.6,19.9,80.5,27.8,947.1,Residual Soil,SAFE
7,10.1336,77.0106,1679.0,38.0,16.4,41.7,10.5,77.5,11.5,961.9,Colluvium,SAFE
1,17.9689,73.589,559.4,34.0,55.8,56.0,25.1,96.7,17.3,954.0,Colluvium,MODERATE_RISK
7,9.6656,76.9089,816.7,46.5,15.8,37.8,14.7,86.9,22.4,935.6,Laterite,SAFE
7,11.5404,76.1439,1092.3,33.6,55.5,64.0,27.6,86.0,26.8,955.8,Weathered Granite,MODERATE_RISK
9,26.1822,91.6994,449.9,37.2,179.4,94.9,24.9,86.3,15.5,1023.0,Clay Loam,HIGH_RISK
4,11.5304,76.1381,1085.1,34.8,50.0,57.5,18.3,82.7,20.0,968.1,Weathered Granite,MODERATE_RISK
6,31.1161,77.1856,2317.4,37.2,57.8,69.5,22.7,74.8,13.3,1027.0,Colluvium,MODERATE_RISK
7,11.52,76.1148,983.6,42.8,120.6,84.9,21.5,76.0,5.2,907.7,Colluvium,HIGH_RISK
1,31.122,77.1538,2281.3,8.9,48.8,46.9,24.1,54.9,22.7,959.2,Laterite,SAFE
6,11.3749,76.727,1950.3,8.0,29.98,26.7,19.6,68.3,10.3,987.3,Residual Soil,SAFE
6,26.9035,88.1793,1701.1,35.1,51.3,56.3,23.4,85.2,10.6,968.7,Laterite,MODERATE_RISK
2,10.1744,77.0444,1742.0,54.2,146.85,70.1,18.0,46.0,6.0,953.3,Weathered Granite,HIGH_RISK
6,32.2533,77.1978,2058.4,37.7,38.0,70.4,19.0,96.1,30.7,932.6,Colluvium,MODERATE_RISK
5,11.5612,76.109,924.1,6.7,21.2,32.1,15.4,77.8,28.1,859.2,Clay Loam,SAFE
10,30.5629,79.5472,1895.5,42.6,6.8,38.0,27.8,76.0,10.0,1005.0,Weathered Granite,SAFE
3,10.1529,77.017,1637.5,46.5,133.4,82.5,26.6,52.7,15.4,888.6,Colluvium,HIGH_RISK
6,11.5349,76.1387,959.0,33.6,40.5,68.7,16.7,80.1,23.8,978.9,Weathered Granite,MODERATE_RISK
9,10.1692,77.0056,1757.6,34.0,41.75,46.1,21.2,84.5,15.7,900.0,Weathered Granite,MODERATE_RISK
9,9.6696,76.9143,769.1,36.6,38.9,69.8,15.5,94.9,18.6,935.4,Laterite,MODERATE_RISK
9,9.6952,76.9073,797.5,9.2,12.3,33.6,21.1,45.7,20.0,895.3,Residual Soil,SAFE
1,17.9577,73.5998,589.6,34.5,47.4,65.8,16.0,53.4,12.7,918.8,Colluvium,MODERATE_RISK
6,9.6867,76.9174,814.0,47.0,170.89,95.1,15.2,67.4,27.7,913.9,Colluvium,HIGH_RISK
10,11.5398,76.1307,1048.7,42.7,99.5,78.3,12.8,92.1,7.3,951.6,Weathered Granite,HIGH_RISK
1,30.5396,79.5594,1843.2,37.6,51.43,58.4,14.6,73.9,20.7,959.2,Weathered Granite,MODERATE_RISK
8,11.4088,76.0891,786.8,31.8,47.19,57.6,14.0,88.2,31.0,909.7,Laterite,MODERATE_RISK
9,10.1595,77.027,1615.1,40.3,5.6,16.8,23.6,66.6,31.2,950.7,Colluvium,SAFE
3,11.5198,76.1224,988.9,42.2,10.39,21.2,21.4,86.8,28.1,1018.9,Colluvium,SAFE
3,11.403,76.7243,1916.8,34.5,35.1,47.7,17.0,89.9,24.8,961.6,Weathered Granite,MODERATE_RISK
4,26.1533,91.712,496.3,15.2,42.35,48.5,15.9,47.8,32.6,928.8,Residual Soil,SAFE
9,10.1799,77.0265,1752.3,10.3,42.95,34.2,19.6,96.2,26.9,932.8,Colluvium,SAFE
4,32.232,77.1811,2049.9,36.7,40.1,61.5,21.2,80.5,32.9,959.0,Colluvium,MODERATE_RISK
2,11.3687,76.778,1900.1,37.4,157.3,85.9,18.0,65.8,9.8,898.7,Weathered Granite,HIGH_RISK
5,11.5258,76.1538,1098.2,48.2,4.9,38.1,21.9,52.5,31.5,909.5,Weathered Granite,SAFE
6,11.535,76.1394,900.7,35.2,48.45,56.5,25.8,84.1,14.9,899.1,Colluvium,MODERATE_RISK
4,26.8809,88.1849,1679.0,39.3,3.9,32.6,24.3,63.9,12.7,909.1,Laterite,SAFE
6,32.26,77.2034,2038.6,52.9,175.1,74.3,9.3,58.3,9.1,956.7,Colluvium,HIGH_RISK
4,32.2598,77.1847,2057.7,39.5,6.7,15.6,18.9,92.2,5.9,1015.8,Colluvium,SAFE
3,11.5413,76.1349,953.7,44.1,139.2,84.1,14.0,50.8,7.1,948.9,Colluvium,HIGH_RISK
2,10.1689,77.0066,1820.3,43.5,13.31,44.0,15.6,75.4,34.3,914.1,Weathered Granite,SAFE
8,32.2524,77.2092,2043.4,33.8,49.1,66.3,22.9,83.6,6.1,977.1,Colluvium,MODERATE_RISK
10,26.8737,88.1667,1713.2,31.8,51.2,65.7,22.9,97.9,25.1,938.5,Laterite,MODERATE_RISK
1,11.3438,76.775,1877.7,35.1,137.56,93.8,17.6,78.9,27.4,937.7,Weathered Granite,HIGH_RISK
3,11.4026,76.7205,1898.6,10.6,43.67,21.5,15.2,91.1,27.4,989.8,Colluvium,SAFE
4,32.2551,77.1799,2042.4,12.5,22.7,35.5,20.2,89.6,20.8,977.6,Sandy Loam,SAFE
3,11.5309,76.1173,957.5,38.9,174.9,82.3,27.9,68.9,8.9,844.4,Colluvium,HIGH_RISK
1,11.3919,76.7234,1960.6,31.6,40.0,58.0,17.2,84.9,15.8,949.9,Weathered Granite,MODERATE_RISK
9,11.3855,76.7018,1897.6,36.8,100.21,92.1,23.9,82.9,11.9,940.8,Weathered Granite,HIGH_RISK
3,11.5289,76.1412,1112.9,31.9,37.3,63.3,20.7,87.8,7.1,958.2,Weathered Granite,MODERATE_RISK
7,11.5681,76.1227,905.5,42.4,167.0,89.9,21.5,54.0,18.9,933.4,Colluvium,HIGH_RISK
5,17.9362,73.6722,1332.1,32.9,10.29,39.0,25.0,97.8,18.0,947.8,Laterite,SAFE
2,11.401,76.7024,1944.4,34.2,54.9,54.3,20.6,84.1,5.8,953.6,Weathered Granite,MODERATE_RISK
7,10.1798,77.0128,1824.1,34.7,51.2,47.4,26.8,58.5,16.0,898.1,Weathered Granite,MODERATE_RISK
8,11.5477,76.1104,929.8,42.3,127.9,85.6,24.2,88.3,33.2,921.3,Colluvium,HIGH_RISK
8,26.1761,91.6909,426.3,17.8,49.7,63.0,17.2,96.7,34.6,912.4,Clay Loam,SAFE
8,11.3675,76.7315,1919.7,28.8,55.8,70.7,20.4,87.6,11.0,953.8,Weathered Granite,MODERATE_RISK
7,11.5447,76.1187,982.5,42.4,132.55,76.5,19.5,94.7,22.4,955.9,Colluvium,HIGH_RISK
4,30.551,79.5623,1854.2,37.0,46.91,62.6,21.5,92.5,20.3,909.7,Weathered Granite,MODERATE_RISK
7,10.1351,77.027,1626.5,44.0,11.9,15.7,18.2,77.6,33.4,964.2,Colluvium,SAFE
4,10.1625,77.033,1788.5,51.7,177.87,86.5,20.2,71.9,34.8,961.1,Weathered Granite,HIGH_RISK
9,17.9433,73.6764,1413.0,35.0,50.16,46.8,19.8,84.3,26.9,964.7,Laterite,MODERATE_RISK
9,31.0903,77.1707,2241.7,34.3,45.8,70.7,27.6,97.2,26.1,952.9,Clay Loam,MODERATE_RISK
8,9.6707,76.9288,815.6,42.0,15.7,19.9,15.3,52.1,7.4,835.1,Laterite,SAFE
10,26.1866,91.7131,420.4,29.8,8.69,25.9,19.9,92.9,21.3,931.0,Clay Loam,SAFE
8,11.3397,76.7788,1804.1,37.1,54.9,64.9,17.3,67.7,24.6,957.8,Weathered Granite,MODERATE_RISK
6,11.5473,76.1185,912.6,42.6,98.84,90.0,22.8,50.7,11.1,933.7,Colluvium,HIGH_RISK
5,32.2237,77.176,2103.8,45.3,155.7,81.5,18.7,45.8,10.7,1017.3,Colluvium,HIGH_RISK
2,26.1866,91.6873,446.1,30.2,148.72,86.3,19.7,95.0,29.0,959.4,Laterite,HIGH_RISK
7,9.6867,76.9073,821.4,38.1,136.7,81.7,21.0,83.2,33.4,962.9,Laterite,HIGH_RISK
8,11.5356,76.1226,905.1,9.2,31.2,24.7,14.6,51.4,31.1,946.4,Clay Loam,SAFE
10,11.3683,76.6985,1885.1,35.3,47.1,67.6,25.4,96.5,34.8,976.6,Laterite,MODERATE_RISK
8,11.5207,76.1235,966.3,39.9,9.7,38.5,20.2,93.1,9.7,954.0,Colluvium,SAFE
3,9.7002,76.9216,792.9,40.3,12.4,43.5,19.0,60.8,17.5,978.2,Laterite,SAFE
4,32.2245,77.1844,2039.0,36.7,49.78,69.1,12.5,54.4,28.1,929.3,Laterite,MODERATE_RISK
10,30.5744,79.5522,1880.3,35.4,43.67,70.9,24.1,89.1,16.6,933.4,Weathered Granite,MODERATE_RISK
10,10.16,77.0052,1680.5,35.1,52.9,70.2,22.8,67.9,11.5,948.2,Colluvium,MODERATE_RISK
6,10.1306,77.0084,1687.7,47.8,167.2,87.7,18.4,51.7,14.6,922.5,Colluvium,HIGH_RISK
1,11.3695,76.7019,1905.1,36.8,55.5,68.2,18.7,82.2,30.2,968.2,Weathered Granite,MODERATE_RISK
1,26.8964,88.1838,1763.5,37.8,13.81,33.3,17.5,81.0,21.8,918.6,Laterite,SAFE
5,11.5019,76.1505,1055.9,34.1,46.1,71.9,15.5,72.0,19.6,906.8,Weathered Granite,MODERATE_RISK
1,11.3665,76.7205,1906.4,37.4,55.0,52.4,18.9,91.2,17.1,999.7,Weathered Granite,MODERATE_RISK
4,17.9295,73.667,1363.4,32.4,54.5,60.5,16.6,91.5,21.3,910.4,Colluvium,MODERATE_RISK
3,11.5308,76.143,1057.4,32.7,46.4,67.9,24.9,89.8,13.7,924.9,Weathered Granite,MODERATE_RISK
4,10.1586,77.0057,1768.9,10.2,29.4,17.8,17.6,50.7,24.5,956.6,Clay Loam,SAFE
6,17.9488,73.6015,674.7,34.8,54.6,56.0,24.2,93.0,27.3,928.6,Colluvium,MODERATE_RISK
10,17.914,73.666,1424.7,33.4,9.9,24.0,17.6,87.1,8.2,968.1,Laterite,SAFE
8,26.147,91.717,471.5,27.6,51.5,56.7,20.3,92.9,13.0,982.9,Colluvium,MODERATE_RISK
1,26.1534,91.7019,426.9,29.5,16.4,39.8,17.0,61.2,25.3,888.0,Clay Loam,SAFE
4,17.9709,73.5923,618.1,50.5,11.55,32.6,16.6,68.1,15.1,835.1,Colluvium,SAFE
2,10.1631,77.0095,1611.7,36.6,55.1,70.7,26.3,97.9,5.5,942.0,Colluvium,MODERATE_RISK
5,11.4246,76.1031,727.8,36.8,15.0,27.7,18.9,92.7,7.7,964.9,Laterite,SAFE
5,12.4126,75.7191,1197.6,33.7,14.3,15.1,15.8,58.7,20.6,1030.2,Residual Soil,SAFE
9,11.3553,76.7993,1860.1,37.8,55.4,63.7,26.7,92.0,7.3,912.9,Weathered Granite,MODERATE_RISK
7,12.4076,75.7234,1174.9,8.7,31.4,41.7,16.5,69.0,5.1,915.2,Residual Soil,SAFE
5,11.3745,76.7201,1849.3,44.7,132.4,79.9,21.2,80.0,33.0,958.2,Weathered Granite,HIGH_RISK
4,11.42,76.1244,741.9,42.4,117.65,92.5,20.1,79.2,17.4,989.3,Weathered Granite,HIGH_RISK
7,10.181,77.0077,1758.4,36.0,47.52,71.0,18.6,80.6,32.2,960.4,Weathered Granite,MODERATE_RISK
5,11.5723,76.1252,926.9,4.3,39.4,61.6,21.5,93.0,24.4,927.7,Clay Loam,SAFE
9,30.5736,79.5705,1835.5,31.4,38.3,59.3,23.0,92.1,6.3,900.7,Weathered Granite,MODERATE_RISK
7,11.5424,76.1377,912.3,13.3,31.79,26.9,21.2,63.7,26.7,940.1,Laterite,SAFE
3,9.6861,76.9248,832.3,35.7,47.1,51.5,25.3,94.0,15.7,942.5,Laterite,MODERATE_RISK
1,11.5337,76.1492,973.9,37.7,45.1,69.3,24.3,72.8,17.5,960.5,Colluvium,MODERATE_RISK
9,17.9126,73.6604,1372.6,33.5,14.4,13.1,21.2,47.3,5.3,951.9,Laterite,SAFE
4,10.168,77.0115,1726.2,51.3,119.0,84.5,12.9,85.6,26.1,924.1,Weathered Granite,HIGH_RISK
5,11.4091,76.1043,753.9,5.1,38.7,43.7,19.3,52.7,20.5,864.1,Residual Soil,SAFE
3,10.1554,77.0241,1757.2,37.2,57.1,53.5,15.7,65.6,11.4,1049.0,Weathered Granite,MODERATE_RISK
4,17.9419,73.6439,1365.2,38.5,14.5,25.1,24.2,87.3,5.7,1004.0,Laterite,SAFE
1,11.3818,76.7048,1943.3,40.2,155.76,79.5,16.6,69.5,29.7,891.2,Weathered Granite,HIGH_RISK
4,11.3749,76.7151,1893.8,36.4,52.8,47.5,24.4,66.4,25.3,903.0,Weathered Granite,MODERATE_RISK
3,26.9003,88.1979,1661.0,33.2,51.04,71.6,19.1,91.1,7.2,897.2,Laterite,MODERATE_RISK
8,32.2431,77.1759,2014.6,34.8,53.1,45.9,16.1,90.8,22.4,939.3,Colluvium,MODERATE_RISK
8,11.5528,76.1381,917.6,35.2,147.78,90.3,18.4,64.6,7.6,964.8,Colluvium,HIGH_RISK
6,17.9653,73.6017,636.4,47.9,150.32,71.5,14.3,96.0,5.6,907.7,Colluvium,HIGH_RISK
5,11.5231,76.1253,1019.1,34.6,54.1,63.3,17.7,54.9,30.8,954.4,Weathered Granite,MODERATE_RISK
1,30.5513,79.5834,1806.4,24.5,53.0,70.1,23.9,80.7,11.3,917.3,Weathered Granite,MODERATE_RISK
7,10.1693,77.0277,1681.3,41.3,172.6,78.2,15.3,90.9,33.7,972.5,Colluvium,HIGH_RISK
6,11.3885,76.718,1908.0,36.1,41.5,62.2,16.4,92.9,15.6,938.1,Weathered Granite,MODERATE_RISK
2,11.3502,76.7823,1856.9,34.3,122.82,76.3,19.5,52.9,21.4,938.3,Weathered Granite,HIGH_RISK
2,11.3886,76.7238,1946.9,37.3,176.7,83.7,22.5,54.5,5.6,935.3,Weathered Granite,HIGH_RISK
2,9.6806,76.9278,774.1,36.8,49.3,65.7,29.8,77.0,24.4,925.9,Weathered Granite,MODERATE_RISK
10,11.5633,76.1156,924.1,37.0,159.83,89.9,12.6,91.4,19.8,838.5,Laterite,HIGH_RISK
8,17.9259,73.655,1388.9,11.1,38.2,47.5,20.5,66.6,28.5,943.3,Clay Loam,SAFE
3,11.5291,76.1377,976.8,30.3,50.5,60.4,20.7,96.2,6.8,968.2,Weathered Granite,MODERATE_RISK
5,11.5742,76.1424,950.6,36.5,48.62,70.4,20.5,85.6,13.9,955.6,Colluvium,MODERATE_RISK
5,30.5633,79.5545,1903.3,10.2,39.0,64.1,23.9,53.3,14.5,966.9,Sandy Loam,SAFE
10,32.2441,77.1757,2059.9,44.7,150.98,85.3,12.9,68.0,25.4,919.4,Colluvium,HIGH_RISK
8,11.3946,76.7265,1857.8,13.4,17.3,24.0,25.8,60.7,21.2,956.4,Sandy Loam,SAFE
4,31.1196,77.1566,2241.9,26.1,53.5,71.8,19.4,90.8,25.0,956.3,Colluvium,MODERATE_RISK
3,26.9062,88.1753,1685.3,33.5,14.4,35.7,15.4,57.0,5.3,932.1,Laterite,SAFE
3,30.544,79.5551,1910.4,38.7,144.1,95.9,22.1,57.3,34.2,990.3,Colluvium,HIGH_RISK
2,11.5166,76.1252,1012.1,36.8,46.3,51.8,21.7,54.9,17.0,938.3,Weathered Granite,MODERATE_RISK
2,9.6988,76.9245,840.6,42.6,179.47,74.5,19.7,87.7,7.7,1010.9,Laterite,HIGH_RISK
10,11.3771,76.7176,1911.0,8.3,19.8,26.0,20.8,55.3,25.4,998.4,Residual Soil,SAFE
1,32.2419,77.1858,2080.1,47.9,125.62,95.5,17.9,79.0,7.6,983.3,Colluvium,HIGH_RISK
4,11.411,76.0941,805.9,35.5,116.5,93.0,23.6,45.3,14.2,937.3,Laterite,HIGH_RISK
10,26.8796,88.1884,1722.2,32.2,51.8,61.5,15.9,94.8,6.9,962.2,Weathered Granite,MODERATE_RISK
3,9.6717,76.917,814.6,37.1,146.2,75.1,19.1,95.1,13.3,954.8,Colluvium,HIGH_RISK
8,11.5576,76.1228,903.5,14.0,24.42,18.5,12.1,52.5,11.4,944.1,Residual Soil,SAFE
5,17.9515,73.5653,573.8,33.4,55.3,69.7,26.7,49.7,31.8,946.8,Colluvium,MODERATE_RISK
8,12.4199,75.7515,1210.3,37.5,13.31,19.2,24.6,62.7,18.2,933.3,Residual Soil,SAFE
5,11.3851,76.7022,1931.8,47.0,96.86,83.5,23.4,87.0,7.2,930.4,Weathered Granite,HIGH_RISK
9,12.4299,75.7451,1162.0,12.8,26.3,34.6,23.3,74.0,10.2,902.7,Clay Loam,SAFE
1,12.4044,75.727,1119.6,41.6,176.2,75.8,23.6,49.7,31.3,957.0,Colluvium,HIGH_RISK
4,26.1505,91.7096,469.4,33.4,11.7,14.9,23.4,55.7,25.7,995.7,Clay Loam,SAFE
2,10.15,77.0198,1805.6,54.1,95.4,79.9,10.9,76.5,29.4,953.8,Laterite,HIGH_RISK
1,10.1542,77.0215,1742.4,53.8,182.93,89.0,22.9,65.1,24.6,1007.7,Weathered Granite,HIGH_RISK
9,11.5345,76.1228,1008.3,44.0,140.8,81.2,17.5,68.7,17.0,896.5,Colluvium,HIGH_RISK
7,11.3633,76.8105,1824.9,35.8,44.7,54.9,12.8,95.4,19.8,871.3,Weathered Granite,MODERATE_RISK
4,30.5604,79.5845,1876.4,45.8,173.75,89.1,23.7,52.7,20.9,925.2,Weathered Granite,HIGH_RISK
4,11.5209,76.1304,997.9,46.0,150.87,81.8,25.9,49.0,13.2,957.5,Colluvium,HIGH_RISK
3,10.1593,77.0268,1655.5,43.8,6.9,23.3,16.9,72.7,15.8,999.8,Colluvium,SAFE
3,32.2484,77.1866,2035.0,36.5,46.2,66.8,18.7,83.3,30.8,946.9,Colluvium,MODERATE_RISK
4,11.3779,76.7281,1886.0,37.5,52.8,62.1,18.0,77.7,28.2,888.4,Weathered Granite,MODERATE_RISK
2,31.1091,77.1839,2212.9,46.1,13.14,29.6,16.6,88.6,31.0,955.3,Clay Loam,SAFE
2,31.1068,77.1812,2212.8,44.0,17.9,17.1,15.0,68.5,17.4,902.9,Clay Loam,SAFE
5,10.1702,77.0226,1817.8,16.4,26.57,23.5,19.7,48.3,7.9,881.5,Laterite,SAFE
7,11.5512,76.1147,924.6,43.2,135.2,77.2,24.6,67.1,28.6,899.5,Colluvium,HIGH_RISK
4,11.5353,76.1124,931.3,36.7,5.8,35.1,17.4,79.5,34.8,936.7,Colluvium,SAFE
4,11.5202,76.1629,1107.3,42.0,5.1,45.0,22.8,51.0,9.3,975.2,Weathered Granite,SAFE
4,17.927,73.6444,1413.2,37.0,161.43,85.7,25.2,76.6,13.9,897.0,Laterite,HIGH_RISK
8,11.5122,76.1418,1055.5,38.0,55.1,69.9,25.0,64.9,14.8,944.2,Weathered Granite,MODERATE_RISK
2,12.4255,75.7307,1212.2,36.2,47.6,58.2,20.6,93.1,29.9,988.5,Weathered Granite,MODERATE_RISK
5,12.4309,75.7275,1150.8,4.2,38.2,61.6,20.0,48.1,11.3,935.5,Laterite,SAFE
8,32.2419,77.2084,2069.0,49.6,125.29,71.4,16.3,49.8,7.4,931.0,Colluvium,HIGH_RISK
4,12.4431,75.756,1084.4,37.5,5.0,19.8,23.2,93.2,5.2,875.6,Residual Soil,SAFE
5,32.2406,77.1724,2087.6,43.3,149.38,72.3,22.7,75.6,21.7,1000.9,Colluvium,HIGH_RISK
2,11.5516,76.1216,977.3,40.1,145.0,84.7,25.5,93.8,17.8,892.2,Colluvium,HIGH_RISK
1,26.8869,88.1991,1694.6,28.2,14.69,15.2,24.3,65.2,33.0,964.7,Laterite,SAFE
2,30.5723,79.5795,1870.3,38.6,159.17,95.9,27.1,69.2,13.2,946.6,Weathered Granite,HIGH_RISK
5,17.9664,73.5824,641.4,36.9,39.7,48.9,26.6,66.6,11.5,945.0,Colluvium,MODERATE_RISK
1,11.4265,76.1179,758.8,13.7,15.07,28.6,19.8,51.2,25.5,897.9,Sandy Loam,SAFE
5,12.4413,75.7531,1215.2,37.0,6.99,32.6,27.6,50.9,11.0,946.8,Residual Soil,SAFE
6,9.69,76.9017,801.6,44.9,148.23,83.7,10.5,95.1,22.2,1075.5,Laterite,HIGH_RISK
2,31.1129,77.1607,2265.0,49.4,18.0,12.2,26.0,61.7,29.9,979.0,Clay Loam,SAFE
6,17.95,73.5766,628.2,49.4,103.8,93.0,28.4,75.0,28.1,1001.7,Colluvium,HIGH_RISK
10,9.6734,76.9254,813.2,47.2,176.9,83.2,11.5,95.4,23.8,971.6,Laterite,HIGH_RISK
3,31.1029,77.1885,2310.2,45.7,155.71,78.2,17.7,70.6,9.8,1011.5,Clay Loam,HIGH_RISK
4,32.2364,77.191,2062.5,45.9,185.74,78.8,18.9,59.0,22.7,866.6,Colluvium,HIGH_RISK
4,11.3404,76.8092,1826.1,38.1,12.76,44.1,17.3,91.6,21.9,946.9,Weathered Granite,SAFE
8,32.2255,77.1779,2025.0,36.8,54.7,48.6,25.9,86.5,11.0,978.4,Colluvium,MODERATE_RISK
3,17.9076,73.6564,1341.2,37.3,39.9,51.0,15.5,95.8,8.5,920.9,Laterite,MODERATE_RISK
5,11.3332,76.7998,1808.3,6.6,11.3,21.8,14.6,90.1,31.0,967.1,Residual Soil,SAFE
3,17.9438,73.5652,623.1,41.6,151.1,89.8,22.5,82.8,24.5,967.3,Colluvium,HIGH_RISK
5,10.1574,77.035,1605.3,13.1,43.0,53.7,15.5,81.0,17.1,928.7,Colluvium,SAFE
7,32.2401,77.1791,2001.2,51.2,151.42,83.3,23.1,76.5,16.4,975.5,Colluvium,HIGH_RISK
9,11.4013,76.098,750.5,33.7,14.2,39.8,23.2,56.0,26.1,1035.3,Laterite,SAFE
2,11.4143,76.0946,827.0,7.9,26.7,58.7,21.4,59.1,16.5,981.4,Sandy Loam,SAFE
8,10.1672,77.0173,1682.2,10.7,21.45,34.6,22.1,96.0,10.7,945.5,Laterite,SAFE
10,12.4328,75.7327,1188.8,8.7,43.18,24.6,15.4,91.2,32.1,923.8,Laterite,SAFE
6,17.9566,73.5838,654.4,52.4,111.1,87.5,19.5,45.2,24.1,947.3,Colluvium,HIGH_RISK
5,10.1672,77.0356,1793.2,34.7,43.56,63.3,19.4,89.1,10.0,962.4,Weathered Granite,MODERATE_RISK
4,11.5183,76.1517,1050.2,36.1,57.5,48.8,21.5,84.1,22.1,960.1,Weathered Granite,MODERATE_RISK
7,17.9479,73.6003,657.4,37.2,40.26,70.9,13.7,87.6,11.5,982.0,Colluvium,MODERATE_RISK
10,11.3664,76.7121,1916.5,43.0,16.9,37.5,18.0,63.7,24.4,957.1,Weathered Granite,SAFE
10,11.5679,76.1168,946.7,37.6,7.8,36.3,23.2,67.2,13.9,914.0,Colluvium,SAFE
3,11.5182,76.1281,1003.3,43.4,168.9,70.9,15.5,93.6,6.2,976.6,Laterite,HIGH_RISK
3,31.1039,77.1565,2278.6,48.0,169.07,94.3,8.8,83.8,16.1,960.8,Clay Loam,HIGH_RISK
9,10.14,77.0289,1604.9,40.3,4.3,30.3,16.6,71.7,31.0,925.5,Colluvium,SAFE
4,11.5384,76.1275,1045.3,35.2,41.09,63.5,19.1,96.1,13.2,868.7,Weathered Granite,MODERATE_RISK
10,17.9092,73.6764,1367.3,37.5,175.45,75.5,23.3,62.7,33.7,994.1,Laterite,HIGH_RISK
2,11.5477,76.1396,994.7,41.8,12.9,19.9,23.9,61.2,27.8,906.1,Colluvium,SAFE
8,31.0931,77.1785,2302.4,49.7,10.7,14.1,21.3,74.7,31.2,952.9,Clay Loam,SAFE
9,10.1565,77.0217,1632.0,37.7,42.02,63.9,12.9,83.9,6.9,930.4,Colluvium,MODERATE_RISK
3,10.1555,76.9995,1666.0,50.5,177.5,84.6,17.2,79.9,30.5,982.5,Clay Loam,HIGH_RISK
3,11.5085,76.1536,1045.6,37.3,55.9,70.6,17.1,54.8,34.1,963.0,Weathered Granite,MODERATE_RISK
6,11.3808,76.7094,1933.6,37.0,50.99,61.9,15.1,63.9,17.9,930.2,Weathered Granite,MODERATE_RISK
5,11.387,76.7254,1933.0,32.3,48.79,69.6,22.4,97.6,27.2,891.7,Weathered Granite,MODERATE_RISK
10,30.5578,79.5619,1890.5,35.6,50.0,47.7,20.4,72.9,22.7,918.2,Weathered Granite,MODERATE_RISK
3,17.9505,73.573,608.3,49.8,156.0,74.9,24.8,72.7,24.9,968.9,Colluvium,HIGH_RISK
9,30.539,79.5634,1879.7,46.7,176.28,72.2,21.0,69.2,20.2,973.9,Weathered Granite,HIGH_RISK
7,26.1655,91.6888,421.5,31.1,6.22,26.5,14.3,51.4,34.5,965.6,Clay Loam,SAFE
8,11.5108,76.1476,1077.3,51.5,174.3,90.5,23.2,64.5,29.6,886.2,Weathered Granite,HIGH_RISK
5,11.501,76.1612,987.5,50.5,176.44,92.1,19.4,46.7,33.7,963.8,Weathered Granite,HIGH_RISK
5,10.1431,77.001,1661.8,46.3,13.9,40.3,19.3,72.6,16.7,963.5,Colluvium,SAFE
7,26.8982,88.1904,1745.4,37.8,38.9,67.7,18.1,78.2,25.9,968.2,Laterite,MODERATE_RISK
3,26.9002,88.1658,1706.6,31.5,49.83,51.5,18.8,83.9,5.6,938.4,Weathered Granite,MODERATE_RISK
4,10.1334,77.01,1675.5,46.3,157.58,71.2,24.1,73.3,27.8,906.7,Weathered Granite,HIGH_RISK
4,11.4039,76.7118,1901.5,43.1,110.39,76.8,13.7,53.2,32.0,933.9,Weathered Granite,HIGH_RISK
2,10.1461,77.0192,1698.7,51.7,167.86,71.0,26.5,56.9,8.0,970.8,Colluvium,HIGH_RISK
9,31.0988,77.1867,2284.9,46.3,171.6,73.0,23.8,96.3,14.5,928.1,Clay Loam,HIGH_RISK
4,26.8725,88.1709,1719.6,8.7,40.3,43.5,16.6,69.6,6.9,962.4,Laterite,SAFE
6,10.1633,77.0302,1756.8,26.1,50.8,65.8,19.2,93.2,26.6,941.4,Weathered Granite,MODERATE_RISK
8,11.5082,76.1391,1070.1,31.2,50.4,64.1,17.3,87.3,27.7,967.7,Weathered Granite,MODERATE_RISK
4,10.1696,77.0102,1778.7,48.1,127.2,70.8,16.5,93.2,18.6,959.5,Weathered Granite,HIGH_RISK
6,26.1608,91.685,395.4,17.0,26.5,24.5,21.4,81.5,5.0,945.9,Sandy Loam,SAFE
3,10.1776,77.0301,1765.8,42.0,14.85,33.2,25.7,61.3,27.7,954.6,Weathered Granite,SAFE
7,30.5457,79.5785,1841.6,41.5,173.8,94.0,18.2,45.8,10.0,933.2,Weathered Granite,HIGH_RISK
4,11.3838,76.7131,1963.7,39.8,14.74,39.0,23.6,79.5,34.0,943.8,Weathered Granite,SAFE
5,26.1497,91.6874,437.8,29.3,3.8,30.5,22.0,63.8,22.2,1033.8,Clay Loam,SAFE
4,10.164,77.0095,1639.4,49.5,159.78,87.6,20.1,57.6,13.6,995.7,Colluvium,HIGH_RISK
7,32.2292,77.1992,2023.7,44.3,10.23,15.5,19.9,96.0,6.0,968.5,Colluvium,SAFE
4,11.3943,76.7138,1942.4,45.1,175.0,83.0,21.3,72.6,13.5,1004.9,Clay Loam,HIGH_RISK
10,10.1664,77.0261,1816.5,37.4,49.9,61.6,28.9,48.7,17.8,939.3,Weathered Granite,MODERATE_RISK
10,11.5133,76.137,940.4,37.7,41.9,66.9,26.0,78.5,6.6,917.7,Colluvium,MODERATE_RISK
2,9.6995,76.9011,874.3,40.5,123.97,84.7,22.2,54.2,31.9,918.7,Weathered Granite,HIGH_RISK
6,11.5719,76.1257,909.2,36.4,57.5,55.2,22.0,94.9,11.2,964.5,Colluvium,MODERATE_RISK
7,11.5553,76.1278,927.6,36.5,55.4,59.2,22.5,61.0,15.6,966.3,Colluvium,MODERATE_RISK
5,11.517,76.1535,995.1,46.2,15.9,22.9,25.2,74.2,16.5,980.6,Weathered Granite,SAFE
6,10.142,76.9977,1605.1,14.4,42.68,60.1,11.0,52.6,19.3,932.0,Laterite,SAFE
10,11.4172,76.0919,814.7,35.7,7.21,35.1,17.4,88.3,7.9,1001.3,Laterite,SAFE
2,11.4083,76.1197,820.8,34.0,47.41,67.4,22.9,84.6,15.0,944.8,Laterite,MODERATE_RISK
2,30.5416,79.5545,1878.0,37.6,17.8,37.1,12.0,51.5,14.1,916.8,Weathered Granite,SAFE
7,11.54,76.1557,1067.7,52.5,157.5,85.5,26.8,73.4,25.3,988.0,Weathered Granite,HIGH_RISK
5,32.2463,77.2038,1999.3,37.9,51.3,62.0,25.1,55.1,5.6,916.5,Colluvium,MODERATE_RISK
1,11.3888,76.7026,1909.4,36.8,47.3,66.6,16.8,58.0,14.2,971.7,Weathered Granite,MODERATE_RISK
8,26.896,88.1859,1732.6,35.6,10.7,17.0,28.5,83.4,11.8,924.3,Laterite,SAFE
2,17.9255,73.6638,1373.3,33.1,17.3,22.3,25.8,45.9,10.8,925.8,Laterite,SAFE
5,11.5166,76.1371,1040.8,35.6,54.1,61.8,14.8,90.1,21.5,950.5,Laterite,MODERATE_RISK
4,31.0977,77.176,2297.2,14.7,29.7,45.6,19.0,65.0,19.7,1009.7,Clay Loam,SAFE
4,26.8823,88.1814,1671.0,35.0,179.3,87.1,15.0,67.9,15.1,953.1,Laterite,HIGH_RISK
4,11.5368,76.1344,993.5,28.4,39.6,71.8,25.2,88.3,19.9,922.4,Colluvium,MODERATE_RISK
1,11.5121,76.13,1006.6,36.7,57.6,58.0,19.3,86.4,14.6,974.9,Colluvium,MODERATE_RISK
2,30.5648,79.5603,1922.6,48.0,136.0,77.8,22.8,48.0,20.9,912.3,Weathered Granite,HIGH_RISK
5,11.5497,76.1348,902.6,31.9,51.7,65.5,22.9,88.3,11.7,899.8,Colluvium,MODERATE_RISK
1,10.1447,77.0332,1649.2,41.8,155.76,82.6,14.4,46.3,24.8,916.7,Colluvium,HIGH_RISK
9,11.3524,76.7798,1819.1,36.2,51.6,49.3,16.4,85.7,19.6,931.4,Weathered Granite,MODERATE_RISK
4,10.17,77.0205,1667.8,51.1,104.9,72.6,18.4,47.7,7.5,906.8,Colluvium,HIGH_RISK
2,10.143,77.0099,1674.9,48.7,164.23,74.5,21.5,91.3,29.3,899.6,Colluvium,HIGH_RISK
1,26.8699,88.1859,1631.0,28.4,7.5,19.7,19.4,82.3,19.8,951.1,Laterite,SAFE
1,30.5481,79.5528,1887.4,35.2,41.6,55.4,19.5,80.9,21.5,968.3,Weathered Granite,MODERATE_RISK
7,32.23,77.1848,2040.1,52.5,142.5,90.7,25.8,66.8,28.9,1003.0,Weathered Granite,HIGH_RISK
7,11.5245,76.1403,1026.1,47.7,109.7,90.6,16.5,81.2,24.0,848.6,Weathered Granite,HIGH_RISK
4,26.9041,88.1813,1651.2,37.0,142.01,95.4,19.7,75.1,22.8,961.8,Laterite,HIGH_RISK
3,10.169,77.0133,1619.8,37.8,39.88,71.9,14.5,63.9,30.1,980.6,Colluvium,MODERATE_RISK
3,17.9358,73.5658,652.5,10.5,44.0,53.8,21.5,91.3,25.7,927.3,Sandy Loam,SAFE
9,10.1495,77.0302,1711.0,49.0,153.51,81.8,21.5,93.2,16.8,938.4,Weathered Granite,HIGH_RISK
4,17.908,73.6488,1356.5,35.2,165.9,83.3,23.2,89.4,27.3,940.2,Laterite,HIGH_RISK
1,10.1641,77.0225,1765.0,36.5,37.8,49.9,13.2,80.3,24.9,924.3,Weathered Granite,MODERATE_RISK
9,11.3761,76.7029,1947.5,39.6,159.5,85.6,17.3,80.9,33.1,997.5,Weathered Granite,HIGH_RISK
3,11.4055,76.1127,797.6,33.2,151.09,94.2,22.1,81.9,12.0,946.7,Laterite,HIGH_RISK
4,26.8874,88.1761,1759.8,38.0,136.7,84.5,16.5,92.6,22.8,1021.7,Laterite,HIGH_RISK
3,11.3933,76.7111,1932.2,42.8,123.9,79.3,17.5,61.6,19.1,889.1,Weathered Granite,HIGH_RISK
6,11.3813,76.7282,1877.7,5.4,32.51,32.4,23.3,79.7,25.9,911.3,Clay Loam,SAFE
3,9.6845,76.9212,856.8,45.7,95.3,94.3,21.4,75.3,14.2,992.4,Laterite,HIGH_RISK
9,9.6722,76.9067,824.2,43.5,137.34,84.4,15.9,97.6,34.2,918.4,Laterite,HIGH_RISK
7,9.6671,76.9344,788.9,46.1,152.52,76.3,22.1,97.3,29.0,883.7,Laterite,HIGH_RISK
3,11.5484,76.1517,991.4,31.0,50.44,52.7,14.2,90.8,16.6,948.2,Laterite,MODERATE_RISK
3,32.227,77.1857,2022.1,34.7,51.15,64.4,13.5,97.4,11.2,869.3,Colluvium,MODERATE_RISK
9,11.5014,76.1582,1068.3,53.1,156.5,81.3,27.3,55.5,11.7,1012.4,Weathered Granite,HIGH_RISK
9,11.3667,76.8023,1842.3,31.5,48.84,68.2,15.2,82.2,34.0,923.4,Weathered Granite,MODERATE_RISK
7,30.5674,79.5709,1863.8,49.0,163.4,83.6,20.6,46.5,5.3,920.3,Weathered Granite,HIGH_RISK
10,10.1642,77.0248,1640.3,36.6,53.3,61.2,18.1,65.6,10.8,945.7,Colluvium,MODERATE_RISK
6,9.6638,76.9007,809.7,36.6,9.3,11.9,25.8,97.9,25.9,932.8,Laterite,SAFE
9,11.3333,76.803,1817.7,13.0,43.5,22.6,19.2,75.2,21.8,875.9,Residual Soil,SAFE
2,17.9148,73.648,1343.5,36.5,170.9,82.5,22.3,78.8,21.6,933.3,Laterite,HIGH_RISK
2,11.4034,76.1177,753.0,33.5,15.4,33.8,16.5,77.0,32.1,971.4,Laterite,SAFE
3,11.3749,76.7318,1949.5,40.3,14.8,27.1,17.8,87.5,27.5,958.7,Weathered Granite,SAFE
10,11.3766,76.6994,1916.2,42.3,147.07,95.2,16.3,68.8,20.8,893.9,Clay Loam,HIGH_RISK
3,11.3969,76.0963,782.6,32.9,39.88,72.0,19.2,97.4,7.2,993.0,Laterite,MODERATE_RISK
8,17.9333,73.6718,1344.1,35.8,41.5,63.2,18.1,89.5,33.0,906.9,Laterite,MODERATE_RISK
1,11.3897,76.7108,1949.7,41.1,167.48,87.1,26.5,55.0,26.0,930.6,Weathered Granite,HIGH_RISK
9,11.5317,76.1353,1061.5,33.3,46.6,69.1,18.9,85.1,29.1,911.9,Sandy Loam,MODERATE_RISK
7,12.4108,75.7249,1204.1,36.3,7.8,10.7,18.1,85.2,5.3,989.7,Residual Soil,SAFE
8,26.9047,88.1966,1669.4,17.9,38.1,51.3,20.1,59.6,30.0,912.6,Sandy Loam,SAFE
8,32.23,77.1942,2020.3,51.4,81.3,92.9,21.6,96.5,28.5,977.7,Colluvium,HIGH_RISK
2,10.1648,77.0012,1690.1,31.6,38.23,63.7,23.2,80.1,26.3,938.9,Weathered Granite,MODERATE_RISK
7,11.5688,76.1392,949.6,31.8,52.4,64.1,27.8,87.7,7.5,982.5,Weathered Granite,MODERATE_RISK
8,11.5665,76.1358,902.8,35.5,57.0,69.6,26.0,63.0,5.9,890.2,Colluvium,MODERATE_RISK
9,30.5395,79.5485,1931.9,47.1,17.3,43.4,20.7,79.2,6.4,896.5,Weathered Granite,SAFE
8,11.5384,76.146,987.1,36.6,52.0,62.9,15.8,67.4,23.4,973.7,Colluvium,MODERATE_RISK
6,26.8822,88.1783,1696.9,4.9,19.1,53.8,19.8,86.9,23.5,950.5,Clay Loam,SAFE
10,31.1142,77.189,2280.6,44.2,17.7,25.4,21.8,47.9,18.7,960.5,Clay Loam,SAFE
6,26.1624,91.713,478.8,37.4,161.26,95.4,14.2,59.8,34.0,964.9,Clay Loam,HIGH_RISK
9,11.5178,76.1288,991.5,43.9,159.6,86.1,19.8,76.4,18.4,961.2,Colluvium,HIGH_RISK
1,31.0943,77.1895,2335.4,36.4,48.45,70.9,21.0,71.9,28.2,980.7,Clay Loam,MODERATE_RISK
6,26.8808,88.1927,1661.8,41.4,144.21,83.6,19.9,82.7,11.7,998.6,Laterite,HIGH_RISK
3,10.146,77.0337,1808.1,8.1,40.6,50.9,22.0,47.2,5.7,909.4,Residual Soil,SAFE
9,11.5151,76.1285,963.0,34.7,53.9,62.3,20.3,85.8,14.0,935.3,Colluvium,MODERATE_RISK
2,11.5304,76.1285,942.7,47.2,121.0,74.3,23.2,53.7,34.8,968.1,Colluvium,HIGH_RISK
5,32.2364,77.1949,2047.1,43.6,9.7,19.0,18.9,52.7,11.9,944.6,Colluvium,SAFE
10,11.5328,76.1374,1017.3,44.9,131.4,81.6,16.8,49.7,16.0,961.3,Clay Loam,HIGH_RISK
3,10.1374,77.0367,1660.9,44.6,96.2,78.0,20.9,92.8,34.0,940.9,Colluvium,HIGH_RISK
8,17.9379,73.5737,595.5,47.5,173.7,75.9,17.2,96.9,24.0,931.1,Colluvium,HIGH_RISK
7,32.2446,77.1841,2028.9,47.9,107.1,88.4,28.8,92.1,19.6,971.7,Colluvium,HIGH_RISK
2,11.5157,76.1298,1041.3,46.4,98.2,93.3,26.3,87.3,24.7,1002.1,Weathered Granite,HIGH_RISK
9,11.5075,76.154,1119.1,35.3,45.4,69.6,22.1,61.4,25.1,920.4,Weathered Granite,MODERATE_RISK
10,10.1516,77.0372,1751.5,35.1,37.79,60.2,24.8,97.4,34.9,919.3,Weathered Granite,MODERATE_RISK
3,26.1761,91.7169,427.5,31.5,6.49,30.8,14.9,53.2,25.7,954.6,Clay Loam,SAFE
7,11.3763,76.7256,1963.4,37.1,45.05,71.6,26.4,80.2,29.0,945.7,Weathered Granite,MODERATE_RISK
6,9.6791,76.9134,845.3,37.8,50.3,69.5,19.3,45.6,29.6,901.5,Colluvium,MODERATE_RISK
2,30.5434,79.5586,1905.7,44.1,171.33,88.4,18.5,55.1,25.0,965.4,Weathered Granite,HIGH_RISK
8,10.1425,77.0186,1822.8,53.9,153.2,92.5,27.0,61.9,14.1,954.9,Weathered Granite,HIGH_RISK
1,9.6636,76.9161,814.6,34.9,35.75,64.5,24.2,92.2,5.8,896.3,Laterite,MODERATE_RISK
3,30.5477,79.5691,1854.3,7.2,26.07,47.0,19.8,54.9,21.8,944.6,Weathered Granite,SAFE
4,11.5467,76.1461,942.7,33.2,50.16,59.7,18.0,96.9,22.5,963.9,Colluvium,MODERATE_RISK
5,26.1587,91.6953,424.7,35.3,57.1,60.2,15.3,91.4,31.5,952.7,Sandy Loam,MODERATE_RISK
10,17.9082,73.6563,1405.4,45.6,11.55,14.2,20.9,62.7,21.5,962.9,Laterite,SAFE
2,9.6854,76.9167,832.8,14.6,36.08,18.4,20.9,54.7,33.0,953.7,Residual Soil,SAFE
8,10.1563,77.0211,1760.3,11.7,36.8,45.8,18.5,67.3,5.5,1019.3,Colluvium,SAFE
3,11.3552,76.7903,1852.4,15.1,41.25,54.3,21.7,73.4,13.2,909.7,Residual Soil,SAFE
1,31.1081,77.1918,2320.5,49.6,128.15,71.1,24.0,97.6,28.1,960.4,Clay Loam,HIGH_RISK
3,11.5462,76.1287,902.4,16.0,25.63,64.1,23.7,85.5,18.5,847.8,Colluvium,SAFE
5,17.9211,73.6546,1333.0,7.9,11.6,53.7,9.6,75.3,10.7,887.1,Laterite,SAFE
2,11.3992,76.1102,845.9,37.3,52.2,69.3,19.4,84.3,14.3,852.1,Laterite,MODERATE_RISK
10,17.9169,73.654,1372.2,7.7,43.51,39.9,17.0,85.6,33.5,1023.1,Residual Soil,SAFE
2,11.4085,76.0941,768.5,32.2,52.1,68.4,21.9,91.2,13.2,953.7,Laterite,MODERATE_RISK
1,10.1801,77.0361,1787.7,13.7,44.8,25.3,24.1,80.7,17.2,962.8,Sandy Loam,SAFE
3,11.3381,76.8022,1802.8,35.6,53.7,58.4,13.1,82.7,23.2,891.2,Weathered Granite,MODERATE_RISK
9,26.8889,88.2012,1724.5,31.3,156.5,93.0,20.4,56.7,32.3,934.1,Laterite,HIGH_RISK
4,26.1665,91.7065,436.5,35.2,42.5,66.6,19.4,86.0,24.0,931.3,Weathered Granite,MODERATE_RISK
1,10.1383,77.0308,1620.8,37.5,55.7,50.4,22.7,80.7,10.9,867.8,Colluvium,MODERATE_RISK
6,11.3538,76.7799,1806.9,36.0,15.84,36.7,24.6,73.5,27.4,952.3,Weathered Granite,SAFE
4,10.1446,77.0168,1646.9,8.9,26.7,16.6,20.2,87.4,23.8,984.1,Clay Loam,SAFE
4,11.5477,76.1262,989.6,36.5,38.8,69.1,20.4,85.0,25.4,914.4,Laterite,MODERATE_RISK
8,11.5138,76.1313,1081.9,5.0,35.15,49.3,17.0,72.6,14.4,981.9,Colluvium,SAFE
4,11.5285,76.1615,1091.1,52.7,133.5,77.1,20.3,45.3,30.7,980.6,Weathered Granite,HIGH_RISK
7,26.905,88.1711,1687.2,33.3,6.82,14.7,23.1,68.2,20.3,977.1,Laterite,SAFE
4,9.6647,76.9177,818.4,36.4,51.9,67.2,26.9,53.2,28.3,956.1,Laterite,MODERATE_RISK
5,11.3494,76.8018,1845.6,37.1,36.8,50.4,22.0,64.2,33.0,936.2,Weathered Granite,MODERATE_RISK
8,11.3609,76.7824,1867.8,35.1,43.56,58.3,18.5,88.7,24.2,870.7,Colluvium,MODERATE_RISK
9,26.1606,91.7187,410.2,33.2,54.9,62.7,17.8,94.2,14.8,917.6,Clay Loam,MODERATE_RISK
2,32.2503,77.1987,2064.9,37.6,45.38,53.2,14.1,54.8,28.7,941.3,Colluvium,MODERATE_RISK
5,11.3935,76.1239,726.5,37.2,9.96,19.0,25.9,95.6,31.7,933.9,Laterite,SAFE
7,32.2589,77.1884,2087.6,37.6,55.4,64.9,24.1,97.7,14.9,898.4,Colluvium,MODERATE_RISK
8,9.6926,76.9328,791.4,44.9,143.94,85.1,22.7,74.2,8.4,966.7,Laterite,HIGH_RISK
4,11.3635,76.8132,1841.5,34.7,52.4,71.3,16.4,60.3,21.8,1024.7,Weathered Granite,MODERATE_RISK
2,12.4236,75.7249,1172.8,37.2,57.2,69.0,21.8,90.3,20.8,932.1,Residual Soil,MODERATE_RISK
4,31.0928,77.1824,2254.5,44.7,168.4,94.6,21.5,62.6,31.7,996.8,Clay Loam,HIGH_RISK
10,10.1649,77.0058,1657.0,36.2,12.0,38.0,28.0,60.5,34.6,1000.5,Colluvium,SAFE
10,30.5649,79.5621,1846.0,38.9,177.76,94.3,22.4,50.0,26.0,966.0,Weathered Granite,HIGH_RISK
5,11.5016,76.1499,1060.3,15.2,25.0,23.7,16.1,67.8,33.9,967.5,Laterite,SAFE
7,10.1563,77.0395,1792.8,34.8,50.16,58.2,18.4,90.0,24.3,956.0,Weathered Granite,MODERATE_RISK
8,11.5603,76.1146,940.2,7.7,33.9,31.8,17.5,66.2,23.3,959.3,Laterite,SAFE
7,11.4005,76.6938,1884.4,37.1,50.27,52.9,25.7,82.0,23.4,939.9,Colluvium,MODERATE_RISK
1,11.5147,76.1467,990.5,42.9,5.6,37.1,25.5,49.4,13.2,971.4,Colluvium,SAFE
6,11.4278,76.1185,780.2,39.0,130.57,79.2,21.8,64.3,13.1,951.0,Weathered Granite,HIGH_RISK
5,11.5387,76.148,1012.8,34.4,39.9,61.0,13.9,88.8,34.8,942.3,Weathered Granite,MODERATE_RISK
1,11.3776,76.7073,1891.6,41.9,81.45,89.5,27.0,91.6,8.6,908.4,Weathered Granite,HIGH_RISK
9,17.9655,73.5629,647.6,50.8,173.64,86.7,24.0,63.6,26.7,982.5,Colluvium,HIGH_RISK
4,31.0986,77.1744,2317.2,50.0,173.3,95.0,22.7,65.5,17.6,899.1,Colluvium,HIGH_RISK
1,11.5446,76.1346,941.9,37.8,10.7,39.1,18.2,48.3,27.4,929.8,Colluvium,SAFE
10,11.5344,76.1448,932.4,33.4,51.1,52.6,16.2,76.7,16.1,969.2,Colluvium,MODERATE_RISK
7,26.8759,88.1828,1692.2,24.4,8.2,34.3,17.8,72.7,15.3,982.7,Laterite,SAFE
5,11.3908,76.693,1886.5,35.2,51.92,69.1,20.6,53.4,22.0,978.3,Weathered Granite,MODERATE_RISK
6,32.2432,77.1951,2063.6,30.8,57.7,57.5,21.5,85.8,6.7,878.6,Colluvium,MODERATE_RISK
9,17.9643,73.5771,647.9,36.0,43.8,46.3,23.4,81.2,20.3,949.3,Colluvium,MODERATE_RISK
4,26.8697,88.201,1716.8,35.8,14.5,31.0,23.3,90.2,21.1,970.0,Laterite,SAFE
3,32.2434,77.1785,2041.0,11.0,18.4,34.9,21.0,94.6,31.3,911.2,Colluvium,SAFE
4,12.4382,75.7284,1183.6,33.8,52.2,47.1,18.4,97.5,21.4,943.1,Laterite,MODERATE_RISK
4,17.9568,73.5699,632.4,51.0,151.2,87.4,13.5,68.6,10.0,993.7,Colluvium,HIGH_RISK
8,26.1786,91.6801,482.0,28.6,16.8,31.3,19.4,62.9,26.8,912.2,Clay Loam,SAFE
3,30.5452,79.571,1843.0,37.9,46.6,54.7,23.1,51.6,34.0,972.1,Colluvium,MODERATE_RISK
10,10.1324,77.0081,1625.5,44.7,146.7,88.2,14.1,83.2,11.8,1054.6,Colluvium,HIGH_RISK
5,32.2234,77.196,2055.1,42.9,131.9,95.1,19.3,79.8,22.5,909.1,Colluvium,HIGH_RISK
6,26.8906,88.1669,1713.9,35.1,48.4,69.2,24.8,81.4,11.8,882.1,Laterite,MODERATE_RISK
9,9.6775,76.9026,808.4,40.6,3.3,35.2,22.0,88.6,18.1,923.8,Laterite,SAFE
4,26.8877,88.1792,1665.0,33.5,6.33,23.1,24.0,83.0,31.5,881.0,Laterite,SAFE
3,11.3624,76.7869,1873.2,43.3,157.0,86.8,24.3,51.3,32.6,891.4,Weathered Granite,HIGH_RISK
7,11.5378,76.1466,1015.1,13.8,29.0,44.7,20.8,61.7,21.4,923.7,Residual Soil,SAFE
4,11.5083,76.1425,1023.2,37.1,52.14,45.5,19.0,88.1,12.8,950.1,Weathered Granite,MODERATE_RISK
6,10.1306,77.0259,1672.8,17.0,17.0,25.1,12.2,81.0,31.2,923.0,Clay Loam,SAFE
3,30.5696,79.5613,1836.5,34.9,50.0,65.7,23.4,91.9,18.4,897.7,Weathered Granite,MODERATE_RISK
3,17.941,73.5769,653.9,46.8,176.61,90.8,25.8,76.6,30.9,929.9,Colluvium,HIGH_RISK
7,17.9461,73.5718,632.8,47.8,180.13,80.0,19.5,91.1,29.5,890.8,Colluvium,HIGH_RISK
5,10.1775,77.0227,1787.9,35.7,37.57,69.1,17.8,90.3,24.9,977.4,Weathered Granite,MODERATE_RISK
9,31.1145,77.1578,2293.2,52.7,9.2,31.1,22.0,46.0,29.9,920.7,Clay Loam,SAFE
2,17.964,73.5741,569.2,41.8,13.3,17.2,15.9,86.4,29.9,985.0,Colluvium,SAFE
4,9.6814,76.92,777.0,35.6,57.3,57.4,16.4,61.7,32.3,914.5,Laterite,MODERATE_RISK
1,11.416,76.124,773.7,36.5,50.3,51.3,24.9,71.7,15.2,931.3,Laterite,MODERATE_RISK
1,11.3957,76.7318,1870.0,37.0,29.54,56.8,21.9,90.4,17.2,957.2,Weathered Granite,MODERATE_RISK
8,11.3696,76.7969,1849.1,39.1,171.16,83.7,22.3,62.9,16.0,1008.7,Weathered Granite,HIGH_RISK
8,17.91,73.6498,1409.2,40.6,15.02,21.0,21.4,78.4,33.2,960.8,Laterite,SAFE
7,26.9074,88.1952,1693.0,34.4,45.98,65.9,16.0,80.9,7.5,931.6,Laterite,MODERATE_RISK
1,11.3984,76.1005,761.6,34.6,39.44,62.3,19.4,80.1,30.9,933.1,Weathered Granite,MODERATE_RISK
1,11.3712,76.7916,1805.9,43.3,167.59,70.9,18.2,53.2,23.1,915.9,Weathered Granite,HIGH_RISK
5,10.1524,77.0008,1620.2,34.8,45.1,51.4,20.0,58.2,25.3,1015.1,Colluvium,MODERATE_RISK
8,17.9438,73.6653,1330.9,7.1,32.4,32.6,17.7,92.4,9.4,947.6,Colluvium,SAFE
2,11.5543,76.1093,952.7,39.8,116.8,77.9,20.5,49.5,9.9,937.8,Colluvium,HIGH_RISK
9,11.3711,76.7041,1923.1,47.3,183.32,89.9,13.8,97.4,18.7,927.5,Weathered Granite,HIGH_RISK
9,17.9218,73.6748,1399.7,37.8,118.75,80.8,15.2,66.3,11.0,965.4,Clay Loam,HIGH_RISK
1,26.1779,91.6909,432.9,35.3,43.18,67.8,24.7,96.9,25.0,944.2,Colluvium,MODERATE_RISK
9,17.9709,73.5857,621.2,8.5,21.34,64.1,10.4,77.1,21.8,1001.4,Sandy Loam,SAFE
1,10.1685,77.0187,1818.4,42.2,9.0,17.8,16.7,61.4,11.0,971.3,Weathered Granite,SAFE
8,17.9265,73.6482,1338.1,37.7,45.54,50.8,14.2,91.2,26.0,873.2,Laterite,MODERATE_RISK
2,31.098,77.1553,2298.1,47.1,148.7,73.1,14.6,48.6,33.4,943.2,Clay Loam,HIGH_RISK
10,11.5707,76.1372,959.6,44.6,179.8,74.4,21.0,80.2,25.5,906.3,Clay Loam,HIGH_RISK
1,31.0999,77.1667,2260.1,46.0,13.5,39.4,21.7,49.0,14.2,1006.8,Clay Loam,SAFE
2,32.2547,77.1814,2068.5,37.0,39.82,55.0,17.4,96.0,22.5,934.9,Colluvium,MODERATE_RISK
4,26.1702,91.6985,459.0,36.4,54.1,70.0,21.3,81.4,33.2,933.5,Clay Loam,MODERATE_RISK
5,11.5563,76.1444,938.7,31.4,53.6,66.2,19.1,54.0,27.1,932.5,Colluvium,MODERATE_RISK
4,11.5471,76.1296,962.7,35.7,47.08,66.3,26.9,67.6,30.5,900.6,Laterite,MODERATE_RISK
9,31.1038,77.176,2280.3,47.9,101.37,94.8,21.7,65.2,10.4,949.4,Clay Loam,HIGH_RISK
1,10.137,76.9967,1704.0,37.7,51.3,57.5,24.3,93.9,14.5,935.9,Colluvium,MODERATE_RISK
6,30.5665,79.5854,1851.9,44.2,17.7,35.4,23.6,92.9,13.1,999.1,Weathered Granite,SAFE
6,11.5203,76.1394,934.1,42.6,116.88,90.4,17.4,45.3,31.5,917.2,Colluvium,HIGH_RISK
4,11.4121,76.1193,804.5,36.6,16.9,31.9,21.8,73.6,32.8,1016.2,Laterite,SAFE
3,12.4234,75.743,1170.7,7.1,23.54,43.8,19.4,78.4,13.9,919.1,Clay Loam,SAFE
7,30.5575,79.5848,1871.2,38.6,153.94,85.4,25.1,58.8,18.4,917.5,Weathered Granite,HIGH_RISK
3,11.5093,76.1252,1047.4,47.6,4.9,33.3,19.7,69.0,8.8,982.3,Weathered Granite,SAFE
7,11.5331,76.1292,918.8,32.6,48.0,64.0,19.4,92.6,16.5,911.7,Colluvium,MODERATE_RISK
5,26.1481,91.6933,493.2,10.6,22.5,20.8,16.8,45.1,22.3,939.8,Colluvium,SAFE
7,31.1224,77.1854,2310.2,50.2,162.6,71.5,16.6,96.7,9.8,909.2,Clay Loam,HIGH_RISK
8,11.5316,76.1576,1015.8,15.6,31.7,50.4,21.8,87.1,32.0,894.7,Residual Soil,SAFE
6,26.8982,88.1767,1686.3,37.5,43.89,71.2,25.3,53.7,34.1,883.5,Laterite,MODERATE_RISK
4,26.1602,91.7024,412.2,14.6,27.8,51.2,26.8,87.4,20.8,931.3,Weathered Granite,SAFE
5,9.6969,76.9347,839.6,43.4,141.46,83.7,26.2,58.1,11.0,857.5,Laterite,HIGH_RISK
1,10.1375,77.0118,1661.6,42.9,97.9,86.3,22.3,46.3,5.4,889.8,Colluvium,HIGH_RISK
9,31.1008,77.1629,2311.1,48.7,127.6,94.4,16.6,58.0,30.1,999.9,Clay Loam,HIGH_RISK
8,10.144,77.0276,1673.5,48.3,112.09,72.6,19.4,54.6,26.2,913.4,Colluvium,HIGH_RISK
2,11.4215,76.1118,781.2,36.5,52.14,58.0,26.6,97.8,7.4,1035.8,Laterite,MODERATE_RISK
10,11.4039,76.7194,1913.8,38.9,8.36,27.7,16.9,66.5,9.6,891.2,Weathered Granite,SAFE
2,17.9279,73.6767,1411.9,37.3,51.98,52.1,26.1,89.0,19.2,982.0,Laterite,MODERATE_RISK
7,17.9279,73.6743,1357.2,37.2,125.6,95.2,20.6,86.8,20.5,906.7,Laterite,HIGH_RISK
5,11.569,76.1165,965.7,4.3,42.95,17.3,6.3,48.2,8.8,1024.7,Residual Soil,SAFE
2,26.9042,88.188,1707.4,5.8,23.7,61.4,19.2,61.5,21.4,939.7,Sandy Loam,SAFE
3,26.8775,88.1703,1726.3,40.2,7.1,47.6,23.5,68.2,22.0,936.7,Laterite,SAFE
6,12.441,75.7334,1203.2,31.3,10.4,29.1,21.2,76.7,13.9,870.4,Residual Soil,SAFE
8,11.5644,76.1433,876.7,37.8,55.9,60.5,22.1,83.7,26.2,913.3,Colluvium,MODERATE_RISK
3,26.1497,91.6965,433.7,37.5,165.3,78.9,21.8,91.7,19.5,927.4,Clay Loam,HIGH_RISK
9,17.9102,73.6676,1367.6,35.4,3.7,37.4,19.6,63.9,21.5,904.3,Laterite,SAFE
8,11.567,76.1326,935.5,35.7,53.0,70.9,18.5,93.1,26.6,960.6,Colluvium,MODERATE_RISK
6,26.167,91.6964,460.3,28.6,13.7,31.1,21.7,56.3,21.0,1064.6,Clay Loam,SAFE
5,9.6864,76.9116,839.9,14.9,33.55,57.4,23.4,54.8,21.9,947.5,Colluvium,SAFE
6,11.4213,76.0998,743.8,41.3,178.42,82.3,20.1,59.3,19.0,985.1,Laterite,HIGH_RISK
6,17.9367,73.5781,650.2,36.0,57.9,66.4,16.6,78.0,29.4,955.1,Colluvium,MODERATE_RISK
1,10.1525,77.0061,1803.2,47.8,102.7,76.9,20.2,88.5,34.8,877.9,Weathered Granite,HIGH_RISK
4,31.1045,77.1665,2234.4,31.6,49.5,61.6,17.4,91.6,22.5,939.9,Colluvium,MODERATE_RISK
3,30.5579,79.552,1871.7,35.4,53.3,65.3,25.7,97.9,10.6,957.4,Weathered Granite,MODERATE_RISK
1,10.142,77.0007,1674.3,14.8,24.7,46.5,17.7,65.1,7.7,902.9,Sandy Loam,SAFE
3,11.4049,76.0853,807.1,41.4,14.36,31.8,21.6,63.7,20.8,929.1,Laterite,SAFE
9,10.1781,77.0367,1757.4,34.7,48.5,63.1,22.5,61.5,30.0,902.8,Weathered Granite,MODERATE_RISK
6,26.877,88.1926,1713.7,10.9,20.7,50.9,20.0,52.9,30.1,896.1,Residual Soil,SAFE
1,11.5587,76.1217,954.9,5.8,8.9,36.0,19.5,67.0,30.2,946.3,Weathered Granite,SAFE
6,9.6814,76.9243,847.8,48.5,170.12,86.3,19.0,77.6,31.5,927.6,Laterite,HIGH_RISK
7,11.5576,76.1418,875.1,12.8,19.3,35.2,13.9,67.4,27.7,955.3,Sandy Loam,SAFE
4,30.5488,79.5653,1846.7,37.4,51.9,62.4,31.0,86.9,31.2,928.6,Weathered Granite,MODERATE_RISK
3,10.1663,77.005,1680.0,34.7,41.3,70.5,15.2,92.2,14.9,957.6,Colluvium,MODERATE_RISK
8,32.2447,77.186,2018.2,51.1,152.57,92.2,22.8,59.0,6.2,938.5,Colluvium,HIGH_RISK
8,17.9374,73.5832,548.7,52.2,170.2,93.8,22.4,97.4,15.8,938.2,Colluvium,HIGH_RISK
2,11.5342,76.1191,1000.7,37.3,40.5,59.4,15.9,95.0,18.4,947.8,Colluvium,MODERATE_RISK
5,26.8726,88.1984,1716.0,34.7,138.9,84.6,22.5,66.2,5.0,979.6,Laterite,HIGH_RISK
10,31.0866,77.1546,2257.0,48.3,4.3,43.0,23.8,71.1,28.6,838.5,Clay Loam,SAFE
8,11.5448,76.1183,915.8,43.9,120.95,80.6,19.0,97.7,12.6,879.8,Colluvium,HIGH_RISK
9,26.1691,91.6976,452.1,38.7,183.26,87.4,19.8,52.7,23.8,981.9,Clay Loam,HIGH_RISK
8,26.8833,88.1741,1670.6,37.3,125.84,95.3,16.0,79.7,15.2,1009.4,Laterite,HIGH_RISK
2,12.4137,75.7542,1188.2,15.4,23.1,37.0,23.3,93.0,23.7,861.6,Sandy Loam,SAFE
5,11.5472,76.1194,914.1,38.0,13.7,43.6,20.0,69.2,16.2,924.3,Colluvium,SAFE
7,31.0909,77.1551,2279.2,54.3,141.1,83.0,21.4,58.0,33.0,946.0,Clay Loam,HIGH_RISK
1,9.6644,76.9097,812.1,34.0,49.89,71.2,24.0,55.0,18.7,909.9,Laterite,MODERATE_RISK
9,9.6913,76.909,815.0,41.1,14.7,47.3,18.1,80.3,8.1,949.8,Laterite,SAFE
3,11.3996,76.727,1927.3,37.5,13.4,46.4,22.9,55.7,7.7,945.2,Weathered Granite,SAFE
5,10.1472,77.0236,1587.3,37.1,52.14,71.1,25.7,76.2,29.9,929.4,Colluvium,MODERATE_RISK
2,10.1675,77.005,1693.2,34.9,49.0,67.6,24.7,96.8,13.3,980.7,Colluvium,MODERATE_RISK
9,9.6718,76.8967,834.3,48.9,112.9,92.1,20.9,47.2,15.1,956.0,Laterite,HIGH_RISK
2,10.1662,77.0369,1724.4,48.1,161.7,95.9,11.5,88.0,31.1,929.4,Colluvium,HIGH_RISK
5,11.5537,76.1102,932.5,13.0,46.4,46.8,16.2,57.6,25.2,941.1,Colluvium,SAFE
6,11.3839,76.7169,1892.2,32.9,51.15,71.6,17.8,56.1,24.0,895.2,Weathered Granite,MODERATE_RISK
8,12.4284,75.727,1197.1,37.9,50.6,51.0,13.6,92.2,20.5,911.1,Weathered Granite,MODERATE_RISK
10,17.9465,73.5896,611.7,38.0,39.16,53.1,19.2,89.4,28.1,944.3,Colluvium,MODERATE_RISK
9,17.9729,73.5814,632.7,50.5,148.0,81.9,21.2,57.9,33.7,969.8,Colluvium,HIGH_RISK
7,9.6788,76.9027,777.9,36.8,56.5,69.5,20.9,73.9,17.7,1009.7,Laterite,MODERATE_RISK
6,11.3965,76.0851,787.4,37.6,8.69,13.3,29.0,76.5,28.8,907.6,Laterite,SAFE
1,11.5474,76.1101,932.3,33.7,55.5,46.8,21.5,93.7,26.0,911.5,Colluvium,MODERATE_RISK
1,26.8715,88.1749,1674.1,16.1,35.1,40.3,18.0,71.9,5.4,965.7,Colluvium,SAFE
6,9.6934,76.9264,822.6,10.1,34.32,50.7,19.1,79.0,33.9,946.2,Clay Loam,SAFE
2,11.3933,76.1207,788.5,37.7,53.7,65.7,19.3,88.4,13.1,1048.0,Laterite,MODERATE_RISK
5,17.9468,73.5887,594.9,37.4,56.3,58.3,18.2,97.3,11.4,897.1,Colluvium,MODERATE_RISK
8,11.5508,76.1323,909.5,11.4,34.65,19.6,28.0,64.8,24.9,970.0,Weathered Granite,SAFE
2,11.5255,76.1373,1036.2,52.2,79.6,79.9,19.7,97.1,9.0,919.9,Weathered Granite,HIGH_RISK
3,11.5187,76.1525,1056.9,16.3,19.69,23.7,20.9,70.1,15.0,897.6,Clay Loam,SAFE
2,31.1034,77.1702,2243.6,37.6,45.3,64.6,16.4,84.6,5.5,936.4,Colluvium,MODERATE_RISK
9,10.1546,77.0086,1676.5,51.3,175.51,84.0,19.9,96.2,19.9,980.4,Colluvium,HIGH_RISK
9,11.3949,76.7123,1928.1,42.9,8.03,11.1,19.3,76.5,32.9,933.1,Weathered Granite,SAFE
4,17.9283,73.6621,1323.2,35.9,130.3,86.7,22.9,78.3,11.6,952.2,Laterite,HIGH_RISK
6,17.9413,73.6731,1367.6,11.3,30.6,34.3,25.8,62.8,14.9,963.9,Weathered Granite,SAFE
7,10.1688,77.0363,1645.8,49.4,145.53,72.0,17.9,86.0,16.0,1025.5,Colluvium,HIGH_RISK
5,30.5643,79.5858,1870.6,32.8,55.5,67.2,23.1,81.1,29.4,869.1,Weathered Granite,MODERATE_RISK
6,11.5639,76.1416,972.2,39.8,181.17,94.3,27.9,59.1,28.0,875.1,Colluvium,HIGH_RISK
7,11.3358,76.7822,1867.6,42.7,138.6,73.5,25.9,52.0,12.6,964.9,Weathered Granite,HIGH_RISK
3,11.5366,76.1371,1029.3,48.3,115.0,95.2,21.5,48.6,19.5,909.5,Colluvium,HIGH_RISK
3,11.3559,76.7938,1895.1,36.4,53.6,71.9,13.8,50.0,16.3,894.1,Weathered Granite,MODERATE_RISK
6,11.3948,76.7201,1829.6,31.3,57.8,66.3,23.6,81.9,20.2,873.1,Laterite,MODERATE_RISK
7,32.2426,77.1996,2031.1,43.7,12.71,41.3,22.4,74.6,8.4,1006.1,Colluvium,SAFE
1,11.3818,76.7152,1970.6,46.3,115.89,73.0,24.4,69.0,8.4,991.1,Weathered Granite,HIGH_RISK
9,11.5172,76.1162,963.9,38.4,17.5,37.0,21.9,66.2,15.9,946.4,Colluvium,SAFE
10,9.681,76.9098,815.3,47.1,165.83,91.9,18.8,74.3,24.0,917.5,Laterite,HIGH_RISK
5,12.4213,75.7561,1113.7,35.7,6.2,45.6,26.4,62.2,22.5,923.7,Residual Soil,SAFE
6,10.1462,77.0325,1799.8,6.4,27.9,53.0,18.0,63.1,10.0,923.2,Residual Soil,SAFE
6,10.1373,77.0018,1665.2,48.2,140.6,75.2,18.2,92.2,21.5,950.7,Colluvium,HIGH_RISK
3,10.1641,77.0164,1776.2,37.5,52.6,57.9,20.2,70.8,10.6,895.5,Weathered Granite,MODERATE_RISK
6,30.5738,79.5805,1898.9,35.0,56.3,55.5,20.0,59.0,6.4,917.1,Weathered Granite,MODERATE_RISK
3,11.5322,76.1504,1003.6,47.8,145.3,88.2,27.0,61.9,5.0,983.4,Colluvium,HIGH_RISK
9,17.9399,73.576,633.5,40.6,5.8,47.7,15.3,93.6,18.9,946.0,Colluvium,SAFE
9,11.5396,76.115,932.6,35.8,42.24,53.7,24.8,75.3,31.4,962.7,Colluvium,MODERATE_RISK
3,10.1793,77.0351,1808.9,52.0,133.3,74.4,22.7,61.7,33.8,910.0,Weathered Granite,HIGH_RISK
5,17.9191,73.6578,1371.1,44.8,142.4,77.8,20.1,64.2,27.8,968.1,Laterite,HIGH_RISK
8,11.3747,76.7171,1905.1,36.5,1.71,38.7,17.3,59.7,9.0,967.9,Weathered Granite,SAFE
2,26.8702,88.1975,1673.4,36.2,52.4,55.6,20.3,83.1,24.4,941.5,Laterite,MODERATE_RISK
8,17.9714,73.5797,620.4,50.4,183.09,86.6,16.5,69.8,20.5,917.6,Colluvium,HIGH_RISK
3,10.1427,77.0274,1607.4,34.3,54.0,53.0,25.5,86.6,8.7,863.9,Colluvium,MODERATE_RISK
10,10.1671,77.0018,1651.2,42.3,185.74,75.3,19.2,80.8,22.3,956.2,Laterite,HIGH_RISK
3,11.3391,76.7851,1851.9,35.7,29.48,68.1,22.6,94.8,16.1,951.6,Weathered Granite,MODERATE_RISK
8,32.2584,77.1909,2029.4,46.6,88.2,89.7,15.4,49.0,19.0,957.7,Colluvium,HIGH_RISK
1,17.9505,73.568,635.4,51.1,165.7,92.9,24.3,74.9,9.9,906.3,Colluvium,HIGH_RISK
1,10.1454,77.003,1622.6,35.7,54.8,65.2,22.8,54.3,9.2,972.1,Laterite,MODERATE_RISK
10,11.5047,76.1631,1090.9,34.6,54.7,70.2,18.9,96.9,27.1,931.2,Colluvium,MODERATE_RISK
4,11.3344,76.8053,1867.6,37.3,44.6,68.5,16.2,82.5,9.5,922.4,Weathered Granite,MODERATE_RISK
10,30.543,79.5613,1899.8,37.6,50.77,58.2,14.1,61.9,15.0,976.6,Weathered Granite,MODERATE_RISK
3,11.3793,76.7207,1921.5,34.5,48.02,70.0,16.8,56.4,18.1,1015.1,Weathered Granite,MODERATE_RISK
9,11.391,76.7307,1926.3,31.0,55.5,68.2,19.2,91.3,25.0,1097.8,Weathered Granite,MODERATE_RISK
2,11.5539,76.1315,926.1,34.0,122.76,83.1,20.5,73.0,5.1,998.4,Colluvium,HIGH_RISK
7,31.1039,77.1688,2223.8,44.3,127.98,95.1,12.6,83.3,31.0,987.7,Laterite,HIGH_RISK
8,17.9284,73.6768,1338.9,41.2,176.0,82.6,24.6,79.4,29.6,987.5,Laterite,HIGH_RISK
4,11.5516,76.1452,1005.6,36.9,45.93,69.8,18.9,57.9,34.6,975.7,Colluvium,MODERATE_RISK
2,26.8753,88.1966,1699.6,37.5,41.97,64.5,14.6,93.5,19.9,975.5,Laterite,MODERATE_RISK
6,17.9465,73.5963,615.9,47.0,5.61,11.1,18.4,65.9,23.6,977.4,Colluvium,SAFE
8,30.5543,79.5863,1865.6,32.6,56.4,47.9,17.6,85.5,34.2,890.8,Weathered Granite,MODERATE_RISK
5,9.6888,76.8968,853.3,36.6,51.1,59.9,22.1,96.0,21.6,942.1,Laterite,MODERATE_RISK
7,26.167,91.7125,415.3,38.7,163.0,88.5,16.9,52.3,16.2,997.3,Colluvium,HIGH_RISK
9,11.3401,76.8029,1846.6,39.7,179.4,82.1,18.1,62.8,29.7,944.3,Weathered Granite,HIGH_RISK
3,32.2571,77.1956,2035.4,7.0,49.0,19.3,22.2,65.6,24.2,964.2,Weathered Granite,SAFE
10,10.1314,77.0279,1620.0,46.7,78.21,90.5,20.5,89.3,13.0,966.9,Colluvium,HIGH_RISK
3,11.3926,76.7281,1929.4,41.3,9.4,25.7,16.4,78.1,25.9,987.5,Weathered Granite,SAFE
3,9.6882,76.9078,823.0,35.3,45.8,57.6,18.1,87.8,9.5,964.4,Laterite,MODERATE_RISK
5,11.5212,76.1498,970.3,37.8,48.6,67.3,20.1,47.3,17.6,952.5,Colluvium,MODERATE_RISK
8,17.9405,73.5663,595.4,50.3,126.8,89.9,18.4,67.8,30.3,951.3,Colluvium,HIGH_RISK
1,12.4198,75.7245,1117.6,43.4,152.8,86.8,24.8,71.8,18.5,902.4,Laterite,HIGH_RISK
4,26.1842,91.687,436.9,37.2,55.4,60.9,22.2,89.2,13.0,957.5,Colluvium,MODERATE_RISK
1,11.5356,76.1355,925.1,34.1,48.57,71.6,21.7,60.0,15.2,871.6,Weathered Granite,MODERATE_RISK
10,10.1519,77.035,1626.6,36.7,42.9,71.2,20.4,72.3,25.6,934.0,Colluvium,MODERATE_RISK
3,17.9402,73.6482,1339.2,40.2,5.4,15.6,18.1,94.5,11.6,982.6,Laterite,SAFE
10,11.5296,76.1128,980.2,43.2,91.3,91.8,23.7,69.0,16.0,870.1,Colluvium,HIGH_RISK
10,10.1593,77.0203,1758.7,33.7,57.8,56.7,23.6,90.9,8.1,963.7,Weathered Granite,MODERATE_RISK
5,17.9547,73.5891,546.8,49.5,163.2,70.1,21.1,73.5,12.4,1028.8,Colluvium,HIGH_RISK
5,11.3947,76.7141,1922.1,29.1,52.5,61.9,24.5,92.8,34.5,976.5,Weathered Granite,MODERATE_RISK
4,17.9397,73.5886,612.1,45.2,142.6,95.2,15.1,72.7,24.4,953.1,Weathered Granite,HIGH_RISK
8,11.5475,76.1174,909.1,39.9,12.5,25.9,17.3,69.3,19.3,876.9,Colluvium,SAFE
3,26.1749,91.694,432.1,36.8,50.05,64.7,25.9,92.4,12.1,960.1,Clay Loam,MODERATE_RISK
10,17.956,73.5893,634.9,46.6,3.63,17.9,12.4,63.1,25.9,948.5,Colluvium,SAFE
8,31.0932,77.1747,2286.8,55.4,180.29,85.5,14.2,88.5,20.6,969.0,Clay Loam,HIGH_RISK
4,30.5444,79.5577,1859.2,41.6,13.4,22.8,15.4,52.1,33.3,956.1,Weathered Granite,SAFE
9,11.5492,76.1266,912.2,36.6,154.7,74.5,22.9,88.2,32.8,954.3,Colluvium,HIGH_RISK
9,11.4201,76.1227,840.0,13.6,42.08,54.5,21.5,93.6,29.5,974.4,Colluvium,SAFE
3,32.2372,77.1805,2049.4,49.3,165.3,71.2,20.1,45.8,25.4,965.0,Colluvium,HIGH_RISK
3,10.1598,77.0197,1652.7,41.0,6.05,20.8,11.9,82.3,17.7,958.3,Colluvium,SAFE
7,11.5203,76.1393,1050.5,36.2,55.9,68.5,26.1,57.9,25.5,913.4,Colluvium,MODERATE_RISK
5,31.1175,77.1699,2264.0,36.6,50.6,70.0,20.9,60.0,34.1,938.5,Clay Loam,MODERATE_RISK
5,17.9138,73.6672,1383.0,13.8,34.7,18.0,18.8,68.7,31.9,962.5,Residual Soil,SAFE
10,10.1659,77.0398,1746.7,46.6,13.97,33.6,20.5,93.3,30.5,993.5,Weathered Granite,SAFE
5,11.5407,76.1397,972.9,32.8,43.67,69.9,21.4,90.8,12.8,948.3,Weathered Granite,MODERATE_RISK
7,11.5381,76.121,936.9,38.2,6.3,47.9,13.4,64.5,11.9,887.1,Colluvium,SAFE
6,11.375,76.6998,1983.1,44.3,88.6,83.9,16.8,46.8,33.8,918.2,Weathered Granite,HIGH_RISK
9,11.3823,76.7073,1938.7,33.1,42.1,65.9,11.2,87.5,8.4,971.1,Weathered Granite,MODERATE_RISK
9,12.4339,75.7448,1172.9,39.9,14.2,36.8,18.8,48.3,33.5,1037.7,Residual Soil,SAFE
4,30.5435,79.5785,1887.8,48.1,136.62,70.7,10.4,87.3,16.8,952.6,Weathered Granite,HIGH_RISK
4,11.5202,76.1422,976.6,17.5,45.4,41.3,21.0,70.9,8.4,1004.8,Colluvium,SAFE
7,11.3989,76.1178,723.0,34.8,50.6,69.9,14.9,75.9,26.7,933.7,Laterite,MODERATE_RISK
2,11.3552,76.7984,1905.9,37.3,47.69,55.0,17.1,97.9,30.6,916.9,Laterite,MODERATE_RISK
10,11.5299,76.1478,977.2,48.1,164.4,80.3,17.8,47.1,32.1,1030.0,Weathered Granite,HIGH_RISK
2,26.9023,88.1822,1716.0,28.5,6.93,19.1,17.1,85.4,19.5,959.8,Laterite,SAFE
3,17.9246,73.6758,1324.4,42.8,136.0,73.4,19.5,69.6,12.2,942.0,Laterite,HIGH_RISK
4,9.7019,76.9128,821.1,39.6,7.4,10.8,23.9,88.5,18.5,958.2,Laterite,SAFE
4,11.405,76.7224,1913.7,45.2,170.2,90.7,19.1,78.0,21.5,928.6,Weathered Granite,HIGH_RISK
6,10.1561,77.0128,1633.8,37.3,55.4,55.7,21.4,73.9,13.0,954.7,Colluvium,MODERATE_RISK
9,11.3337,76.7858,1821.4,37.7,47.8,68.2,17.3,59.4,21.9,957.3,Weathered Granite,MODERATE_RISK
4,11.5364,76.1182,1018.5,38.6,116.9,94.5,20.7,71.3,20.7,951.3,Colluvium,HIGH_RISK
3,30.5469,79.5592,1879.5,33.8,50.4,58.4,14.1,71.9,6.3,979.7,Weathered Granite,MODERATE_RISK
4,11.4242,76.0882,779.5,36.2,56.3,63.4,14.4,96.7,5.6,885.0,Laterite,MODERATE_RISK
4,11.5016,76.1641,1065.4,36.7,51.0,68.2,26.9,88.8,7.9,932.3,Weathered Granite,MODERATE_RISK
2,11.3706,76.7841,1870.8,34.5,154.8,87.1,21.9,89.2,29.9,953.8,Weathered Granite,HIGH_RISK
1,11.5215,76.1295,982.5,42.7,172.26,72.8,16.9,53.5,32.5,915.8,Colluvium,HIGH_RISK
9,30.5368,79.5783,1851.2,47.5,147.57,95.9,23.2,80.2,16.3,914.3,Colluvium,HIGH_RISK
7,26.1521,91.6986,470.9,37.0,49.23,60.7,14.0,89.5,15.7,959.9,Clay Loam,MODERATE_RISK
10,17.9434,73.6492,1382.7,37.5,41.4,67.4,16.9,55.7,31.7,947.8,Laterite,MODERATE_RISK
3,9.6899,76.913,803.6,36.4,45.0,58.4,21.7,94.0,28.9,984.9,Laterite,MODERATE_RISK
6,11.5571,76.1219,928.8,40.0,162.1,83.8,21.7,86.9,23.9,959.2,Colluvium,HIGH_RISK
5,32.2526,77.1858,2005.7,36.4,47.91,46.3,18.4,83.0,33.0,932.5,Weathered Granite,MODERATE_RISK
6,11.4032,76.1127,769.3,39.6,131.95,80.5,21.7,68.5,16.0,959.8,Laterite,HIGH_RISK
3,11.3713,76.7282,1942.4,42.8,10.95,15.7,17.0,90.1,18.8,910.8,Weathered Granite,SAFE
10,11.4041,76.7073,1919.9,32.5,45.98,67.1,22.2,86.3,6.5,950.0,Weathered Granite,MODERATE_RISK
4,10.1633,77.0445,1746.7,34.5,39.6,60.4,14.4,86.0,26.4,959.2,Weathered Granite,MODERATE_RISK
5,32.2557,77.1829,2029.1,45.2,184.31,71.3,23.7,47.9,14.5,959.1,Laterite,HIGH_RISK
9,11.5169,76.1429,978.8,45.9,126.78,82.3,18.6,69.7,19.6,970.6,Weathered Granite,HIGH_RISK
7,11.3742,76.71,1903.9,37.9,53.8,65.7,12.8,91.9,14.1,919.2,Weathered Granite,MODERATE_RISK
8,11.5517,76.1441,904.5,12.3,28.6,47.3,26.1,75.3,12.0,997.9,Colluvium,SAFE
3,10.1334,77.0053,1629.9,42.0,180.34,73.8,13.1,53.4,14.9,922.2,Colluvium,HIGH_RISK
10,32.2293,77.2035,2086.2,37.8,51.98,60.3,20.3,57.4,10.3,935.2,Laterite,MODERATE_RISK
3,11.5395,76.1441,1097.0,52.5,105.77,86.3,25.2,64.2,22.3,1013.7,Clay Loam,HIGH_RISK
2,11.5499,76.1217,951.7,37.7,41.4,62.2,22.7,92.2,7.8,946.9,Colluvium,MODERATE_RISK
8,17.9554,73.5673,667.2,42.5,186.62,89.8,17.9,75.6,25.7,947.6,Weathered Granite,HIGH_RISK
1,32.2278,77.1751,2049.8,45.9,86.3,87.7,17.8,50.7,29.9,912.3,Colluvium,HIGH_RISK
1,11.3629,76.794,1850.6,6.1,46.9,60.0,20.9,96.0,7.3,899.6,Laterite,SAFE
6,11.3591,76.783,1861.5,33.2,15.0,30.8,25.3,77.8,30.4,1050.8,Weathered Granite,SAFE
10,30.5674,79.5497,1849.1,34.4,46.2,61.4,15.6,84.8,10.9,939.9,Weathered Granite,MODERATE_RISK
9,11.3777,76.7032,1920.7,8.5,39.16,18.9,24.5,52.5,15.7,953.1,Clay Loam,SAFE
5,11.4097,76.1232,717.0,39.0,14.5,19.7,19.8,64.1,20.6,1047.6,Laterite,SAFE
10,10.1546,77.0415,1784.1,36.0,51.3,61.2,20.6,90.6,27.6,991.2,Weathered Granite,MODERATE_RISK
6,11.5293,76.1536,1123.4,43.6,152.1,76.2,27.4,66.1,12.5,958.8,Weathered Granite,HIGH_RISK
10,9.7016,76.9023,845.8,43.1,155.49,92.1,18.2,76.9,32.7,946.8,Laterite,HIGH_RISK
2,12.4115,75.7383,1192.3,36.9,15.0,10.9,20.2,94.1,6.9,1005.4,Residual Soil,SAFE
3,32.2529,77.1812,2027.2,9.3,24.6,15.6,18.5,48.7,30.4,993.7,Residual Soil,SAFE
7,17.9447,73.6556,1389.6,42.2,146.3,83.0,26.0,65.8,28.5,958.4,Weathered Granite,HIGH_RISK
3,31.1211,77.1817,2303.3,48.7,174.0,73.4,25.1,79.8,21.1,921.1,Weathered Granite,HIGH_RISK
9,32.247,77.1831,2084.4,6.4,38.9,53.1,16.9,69.1,11.4,966.2,Clay Loam,SAFE
5,10.1564,77.0335,1772.4,37.1,48.7,46.8,13.7,78.5,5.1,986.1,Weathered Granite,MODERATE_RISK
7,17.9696,73.5747,678.4,10.6,45.5,63.7,15.1,51.5,24.7,1007.4,Weathered Granite,SAFE
2,10.1363,76.9982,1668.1,46.2,143.9,73.9,20.3,84.4,11.5,938.9,Colluvium,HIGH_RISK
5,10.169,77.0053,1602.1,35.9,37.9,65.2,19.7,87.1,33.6,977.5,Colluvium,MODERATE_RISK
5,11.5544,76.1204,932.4,36.5,15.3,43.5,19.7,55.7,22.4,919.0,Colluvium,SAFE
7,11.5333,76.148,1012.3,30.9,57.7,68.5,15.6,89.2,16.0,942.3,Weathered Granite,MODERATE_RISK
10,31.1177,77.1605,2292.6,35.9,35.5,70.2,19.1,89.5,19.1,976.1,Clay Loam,MODERATE_RISK
6,11.3953,76.7112,1930.0,30.7,45.05,65.0,25.2,80.2,33.9,984.3,Weathered Granite,MODERATE_RISK
6,30.5404,79.5823,1902.1,14.3,42.0,24.1,26.7,86.8,20.0,985.3,Clay Loam,SAFE
6,32.2591,77.1861,2023.0,46.7,5.33,25.6,20.8,54.5,6.1,958.1,Colluvium,SAFE
7,30.5655,79.5614,1879.9,37.3,37.79,67.4,12.7,94.1,19.1,940.3,Weathered Granite,MODERATE_RISK
2,11.398,76.1032,792.2,39.6,8.63,32.9,21.4,89.2,21.4,982.1,Laterite,SAFE
5,10.1641,77.0291,1806.4,4.2,41.36,55.7,22.1,67.0,29.1,962.3,Sandy Loam,SAFE
8,10.1712,77.024,1790.8,37.0,33.83,67.2,24.5,84.7,16.1,930.1,Weathered Granite,MODERATE_RISK
6,11.416,76.0955,773.4,37.1,42.8,60.5,18.9,93.1,19.2,931.0,Laterite,MODERATE_RISK
9,11.5216,76.1168,949.0,30.7,41.2,64.9,27.8,92.6,18.9,983.1,Weathered Granite,MODERATE_RISK
9,11.3449,76.7915,1919.2,15.5,27.1,16.9,19.2,83.9,16.1,987.8,Colluvium,SAFE
3,11.5288,76.1261,959.3,48.1,147.1,87.4,25.7,55.0,16.3,990.8,Colluvium,HIGH_RISK
7,10.169,76.9973,1679.6,6.3,44.9,33.9,19.1,61.3,34.5,1000.8,Sandy Loam,SAFE
6,32.2236,77.1754,2082.8,35.4,57.7,59.6,16.0,73.1,24.8,1055.7,Colluvium,MODERATE_RISK
7,26.8962,88.1794,1729.4,34.1,56.9,46.4,23.4,88.2,17.7,875.1,Laterite,MODERATE_RISK
5,10.1473,77.0081,1789.6,55.6,129.47,75.3,19.6,92.4,6.1,915.0,Weathered Granite,HIGH_RISK
10,11.5418,76.1452,983.8,35.6,45.1,52.9,18.7,68.7,27.9,923.7,Colluvium,MODERATE_RISK
10,17.9337,73.6499,1377.7,36.0,48.5,47.3,18.3,97.2,24.2,955.5,Laterite,MODERATE_RISK
2,11.3666,76.694,1902.0,8.9,25.0,28.5,21.3,70.2,30.3,892.2,Clay Loam,SAFE
9,32.2511,77.1956,2069.3,36.7,44.5,64.3,16.9,59.1,6.7,1009.2,Colluvium,MODERATE_RISK
7,17.9421,73.5688,546.6,43.4,5.5,14.3,19.6,95.4,16.1,929.1,Colluvium,SAFE
2,32.2548,77.1753,2049.2,51.5,145.31,88.0,25.5,82.8,33.9,960.1,Colluvium,HIGH_RISK
4,26.1738,91.7161,442.2,12.6,26.6,37.4,20.7,59.4,19.2,942.4,Colluvium,SAFE
4,11.5571,76.1247,901.8,33.3,53.7,56.8,17.1,85.9,13.1,950.0,Colluvium,MODERATE_RISK
5,32.2418,77.1893,2030.9,41.6,174.7,93.7,26.8,69.3,5.9,1029.0,Colluvium,HIGH_RISK
2,26.1833,91.6824,450.9,28.8,1.98,39.9,18.4,97.9,31.4,912.9,Clay Loam,SAFE
8,17.9433,73.6781,1346.5,36.0,41.4,65.6,23.7,97.9,5.6,927.5,Laterite,MODERATE_RISK
5,32.2307,77.1923,2059.7,14.4,43.95,41.4,17.0,51.5,22.0,964.4,Residual Soil,SAFE
1,9.6817,76.9036,787.0,40.1,119.3,89.0,21.8,95.2,21.6,956.7,Laterite,HIGH_RISK
9,11.389,76.7055,1899.5,36.4,34.8,66.5,22.3,89.2,22.1,964.9,Weathered Granite,MODERATE_RISK
6,11.3773,76.7074,1905.9,41.5,13.9,22.4,23.2,62.6,26.8,884.2,Weathered Granite,SAFE
6,11.5331,76.1227,993.7,7.2,26.6,47.3,19.8,56.3,29.2,944.2,Weathered Granite,SAFE
8,9.6684,76.9187,779.0,44.1,161.8,74.5,21.6,62.2,31.9,934.5,Weathered Granite,HIGH_RISK
9,11.5191,76.1374,1009.7,18.0,32.18,28.4,18.5,85.1,23.3,901.6,Sandy Loam,SAFE
7,32.2562,77.194,2046.4,45.3,145.09,72.4,12.5,62.9,30.8,946.8,Colluvium,HIGH_RISK
10,32.2442,77.1772,2079.5,48.0,177.3,92.2,20.2,90.9,20.3,1012.1,Colluvium,HIGH_RISK
8,26.1581,91.7118,442.9,37.1,129.5,93.8,23.7,89.3,6.9,899.4,Clay Loam,HIGH_RISK
6,11.5251,76.1434,919.0,42.2,147.2,79.5,23.5,48.9,30.9,971.9,Colluvium,HIGH_RISK
5,31.1087,77.1702,2235.7,36.4,51.1,63.3,18.9,58.2,14.1,911.6,Colluvium,MODERATE_RISK
4,17.9362,73.5682,632.2,17.0,41.58,32.2,14.6,61.1,34.9,931.0,Residual Soil,SAFE
10,10.161,77.0141,1759.5,52.8,160.49,79.3,20.0,57.2,18.0,977.0,Weathered Granite,HIGH_RISK
6,11.3415,76.8122,1818.6,37.9,16.2,22.6,27.2,92.2,34.7,959.1,Weathered Granite,SAFE
7,17.9301,73.6732,1341.1,13.5,36.7,33.6,18.1,89.7,14.8,885.4,Laterite,SAFE
9,11.4044,76.1054,772.7,12.0,41.6,27.3,24.2,84.4,30.7,914.2,Laterite,SAFE
5,30.5743,79.5865,1883.1,43.8,177.2,86.6,20.7,73.4,9.0,935.9,Weathered Granite,HIGH_RISK
3,11.5334,76.1302,980.7,42.7,7.2,11.0,14.8,89.2,20.3,977.5,Colluvium,SAFE
7,9.674,76.9136,820.6,48.0,136.4,90.2,27.0,88.8,33.3,1000.9,Laterite,HIGH_RISK
4,11.423,76.1156,795.4,34.7,127.77,81.7,23.3,52.0,24.2,935.0,Laterite,HIGH_RISK
9,11.3601,76.7786,1806.8,37.2,47.9,63.7,19.9,62.5,21.6,979.8,Weathered Granite,MODERATE_RISK
9,17.9382,73.6011,674.4,31.7,33.4,68.2,20.4,95.6,6.0,958.8,Laterite,MODERATE_RISK
1,11.3884,76.6925,1934.8,36.0,50.1,67.8,14.6,95.7,5.3,917.5,Weathered Granite,MODERATE_RISK
10,26.1664,91.6816,449.1,30.7,14.3,41.0,20.5,53.1,25.0,975.9,Clay Loam,SAFE
1,11.5387,76.1353,947.0,13.8,38.83,34.4,25.6,90.7,30.4,938.9,Clay Loam,SAFE
4,31.087,77.1598,2176.4,36.4,51.98,61.8,12.9,51.0,12.1,991.0,Clay Loam,MODERATE_RISK
3,11.5371,76.1356,852.1,13.0,39.3,28.8,22.5,63.0,23.6,949.6,Residual Soil,SAFE
7,17.936,73.6445,1346.8,35.7,173.8,91.1,12.7,45.2,9.8,983.3,Laterite,HIGH_RISK
8,31.0893,77.1573,2262.0,45.9,158.24,80.7,18.4,83.0,6.3,980.7,Clay Loam,HIGH_RISK
2,31.1019,77.1725,2284.6,48.5,170.9,84.7,19.6,91.2,21.6,942.7,Clay Loam,HIGH_RISK
2,26.8895,88.1946,1682.2,30.0,46.04,51.7,19.7,86.9,14.2,912.6,Weathered Granite,MODERATE_RISK
6,31.1012,77.1706,2270.0,30.8,53.6,66.8,16.2,91.8,16.3,976.3,Weathered Granite,MODERATE_RISK
9,32.2477,77.1902,2076.4,43.1,12.76,43.1,18.1,77.6,10.6,918.9,Colluvium,SAFE
9,26.9042,88.1717,1672.2,15.7,18.4,17.6,12.1,56.7,17.8,978.5,Clay Loam,SAFE
9,17.9526,73.5872,669.8,10.9,38.72,29.9,20.9,62.2,19.7,959.3,Colluvium,SAFE
9,17.9655,73.593,595.8,32.5,52.7,53.1,21.2,80.9,23.1,965.9,Colluvium,MODERATE_RISK
8,11.3828,76.72,1894.2,40.5,14.41,29.5,21.2,78.0,21.5,1014.6,Weathered Granite,SAFE
8,11.5504,76.1096,881.7,5.3,30.0,16.6,16.7,81.4,33.5,982.3,Laterite,SAFE
4,30.5734,79.5775,1885.9,47.2,144.98,87.4,25.9,64.4,17.0,965.4,Weathered Granite,HIGH_RISK
7,26.162,91.6973,440.1,32.2,141.2,95.3,23.8,54.7,26.8,957.9,Colluvium,HIGH_RISK
2,11.5476,76.1458,904.3,37.3,173.3,91.1,23.3,62.4,28.4,1009.6,Colluvium,HIGH_RISK
5,11.5396,76.1295,1068.1,41.7,15.95,17.3,16.0,83.0,28.0,979.9,Weathered Granite,SAFE
1,11.3993,76.6971,1913.5,34.2,51.32,64.8,17.8,62.1,20.6,924.6,Weathered Granite,MODERATE_RISK
10,10.1814,77.0097,1813.8,45.6,4.7,38.6,24.4,48.4,27.4,983.2,Weathered Granite,SAFE
2,30.5607,79.5751,1877.6,48.7,172.53,72.6,22.8,72.4,33.6,936.0,Weathered Granite,HIGH_RISK
4,12.4147,75.7259,1167.2,8.7,40.9,52.2,19.0,74.7,8.5,926.2,Laterite,SAFE
10,11.3562,76.8072,1895.5,7.1,31.79,59.6,17.9,74.4,32.2,887.1,Sandy Loam,SAFE
1,26.8963,88.1634,1622.3,34.8,165.6,91.5,21.0,60.8,32.4,983.9,Laterite,HIGH_RISK
3,17.9535,73.5798,656.7,32.4,50.9,64.5,18.0,87.1,19.2,920.2,Colluvium,MODERATE_RISK
1,11.39,76.7142,1854.6,36.4,50.1,63.3,18.5,60.9,10.6,947.7,Weathered Granite,MODERATE_RISK
3,11.4259,76.1192,778.3,43.3,123.5,83.0,17.5,62.1,31.9,868.4,Laterite,HIGH_RISK
10,17.93,73.6644,1339.4,42.9,183.92,74.2,16.9,51.7,27.5,956.9,Laterite,HIGH_RISK
7,17.9388,73.5777,610.8,43.1,156.86,94.2,21.3,70.0,7.7,971.8,Colluvium,HIGH_RISK
3,10.1689,77.0196,1806.6,32.6,29.5,62.2,19.2,84.4,14.6,943.6,Colluvium,MODERATE_RISK
5,9.7008,76.9327,825.0,37.7,57.9,62.3,19.6,51.0,6.6,909.6,Colluvium,MODERATE_RISK
9,11.5057,76.1498,1074.2,34.0,48.73,54.6,17.1,92.3,24.5,880.1,Weathered Granite,MODERATE_RISK
9,12.4306,75.742,1140.0,4.3,29.9,41.6,16.7,70.2,20.4,924.4,Weathered Granite,SAFE
6,11.3518,76.8086,1842.2,42.7,16.01,43.1,24.1,66.1,28.4,983.9,Weathered Granite,SAFE
8,11.3559,76.8079,1852.4,35.1,9.8,19.7,18.9,63.5,13.8,885.1,Weathered Granite,SAFE
7,17.9593,73.589,618.4,52.5,172.6,92.8,22.9,57.8,26.7,963.0,Colluvium,HIGH_RISK
6,30.5628,79.5815,1856.5,44.9,107.47,73.5,21.2,55.1,20.0,977.3,Weathered Granite,HIGH_RISK
2,17.9701,73.5763,603.2,34.6,53.7,65.0,18.7,75.5,6.2,953.9,Colluvium,MODERATE_RISK
2,11.3556,76.7892,1841.3,39.0,157.4,88.6,20.6,61.1,25.2,988.4,Weathered Granite,HIGH_RISK
8,10.1643,77.004,1730.6,29.7,34.3,70.2,24.1,95.3,26.8,983.2,Colluvium,MODERATE_RISK
1,30.5711,79.5688,1834.8,32.4,48.2,69.5,17.1,71.0,31.0,956.7,Weathered Granite,MODERATE_RISK
8,11.4021,76.0971,744.6,35.7,45.43,66.5,21.1,90.9,12.0,953.8,Laterite,MODERATE_RISK
10,11.5043,76.1627,1042.8,50.5,142.1,70.7,20.4,63.6,9.8,914.7,Weathered Granite,HIGH_RISK
8,10.1631,77.0275,1628.4,30.0,39.1,55.3,29.6,97.9,24.3,944.2,Colluvium,MODERATE_RISK
7,12.4048,75.7553,1131.4,36.2,8.6,38.7,21.8,93.7,32.4,963.5,Residual Soil,SAFE
5,11.5437,76.1106,922.3,42.6,124.3,84.1,22.2,72.6,9.9,1056.2,Colluvium,HIGH_RISK
7,10.1625,77.0354,1805.6,32.7,54.8,59.0,14.5,45.1,15.6,896.3,Weathered Granite,MODERATE_RISK
10,17.9383,73.5815,617.6,51.0,178.4,85.9,24.2,60.9,9.1,907.7,Colluvium,HIGH_RISK
6,26.9039,88.177,1641.1,37.9,45.8,61.7,15.4,50.1,30.3,872.4,Weathered Granite,MODERATE_RISK
8,17.9372,73.5919,651.1,42.9,123.53,74.8,26.3,53.7,26.5,896.4,Colluvium,HIGH_RISK
10,11.5226,76.1233,991.7,42.2,167.69,77.2,20.8,86.1,31.8,946.4,Colluvium,HIGH_RISK
6,11.3384,76.8096,1789.8,32.7,57.5,70.6,21.1,90.3,6.5,903.6,Residual Soil,MODERATE_RISK
3,11.5259,76.1551,1054.0,45.8,16.45,30.3,14.5,45.4,5.9,935.1,Weathered Granite,SAFE
8,11.5501,76.1239,908.1,34.8,54.6,62.1,20.2,96.0,15.9,911.3,Clay Loam,MODERATE_RISK
7,11.5288,76.1604,1013.1,35.9,52.6,66.9,20.1,89.4,30.1,960.4,Weathered Granite,MODERATE_RISK
9,26.8879,88.195,1744.6,34.8,48.1,71.4,18.1,95.0,24.9,913.9,Colluvium,MODERATE_RISK
8,10.1384,77.015,1723.5,49.3,91.6,80.9,17.8,55.8,14.4,907.5,Colluvium,HIGH_RISK
2,32.2269,77.1896,2023.0,47.5,128.9,81.3,14.8,61.7,28.2,912.1,Colluvium,HIGH_RISK
4,11.5272,76.1126,1002.4,43.8,174.0,94.8,11.6,45.3,32.2,1013.5,Colluvium,HIGH_RISK
1,17.9363,73.6561,1313.0,37.7,16.23,37.8,29.0,71.4,17.3,974.3,Laterite,SAFE
5,17.9214,73.6438,1330.1,37.5,152.9,83.9,17.3,57.0,31.3,973.7,Laterite,HIGH_RISK
4,12.4371,75.7492,1134.0,30.7,14.96,41.5,14.1,94.5,19.8,985.0,Residual Soil,SAFE
1,31.1081,77.1881,2279.6,8.5,24.0,53.2,21.3,74.1,5.1,926.5,Laterite,SAFE
1,17.9654,73.57,666.2,11.3,48.7,35.0,30.2,47.5,23.2,965.8,Clay Loam,SAFE
5,26.9026,88.194,1695.9,35.1,48.73,70.8,24.4,86.0,7.5,942.8,Colluvium,MODERATE_RISK
8,11.5674,76.1378,931.6,37.2,10.3,19.6,13.9,49.2,24.7,911.5,Colluvium,SAFE
10,11.5121,76.1452,1031.4,34.2,57.0,57.4,19.6,67.5,24.5,966.4,Weathered Granite,MODERATE_RISK
2,12.4385,75.7307,1177.3,41.8,119.7,87.7,20.5,49.7,7.1,895.9,Residual Soil,HIGH_RISK
2,9.7029,76.9279,822.9,35.4,52.4,71.5,19.2,80.1,30.1,949.0,Laterite,MODERATE_RISK
1,11.3566,76.7861,1931.7,34.7,57.4,53.9,22.9,54.5,9.3,940.5,Weathered Granite,MODERATE_RISK
6,17.9549,73.5785,606.4,37.3,55.1,51.7,20.4,83.7,22.5,898.6,Colluvium,MODERATE_RISK
3,26.1513,91.6941,438.6,37.5,51.87,64.4,19.0,84.1,19.8,949.3,Laterite,MODERATE_RISK
1,10.138,77.0232,1660.0,49.2,182.93,92.2,18.4,55.7,15.5,963.6,Colluvium,HIGH_RISK
9,10.1655,77.0181,1587.2,37.9,33.0,66.9,21.9,89.1,14.3,1004.0,Colluvium,MODERATE_RISK
6,32.2253,77.1805,2059.8,31.2,40.81,71.2,15.0,94.1,28.7,956.3,Colluvium,MODERATE_RISK
2,17.9705,73.5648,614.7,36.0,51.26,60.6,17.7,83.7,25.0,951.4,Colluvium,MODERATE_RISK
9,31.0931,77.1646,2288.3,50.9,162.6,91.8,11.3,83.8,16.0,953.3,Clay Loam,HIGH_RISK
6,31.1238,77.1567,2270.7,35.8,56.6,64.6,25.3,95.5,13.7,893.2,Clay Loam,MODERATE_RISK
7,32.2448,77.2083,2048.6,31.4,44.77,50.0,20.2,83.5,21.2,904.7,Laterite,MODERATE_RISK
6,26.888,88.1784,1754.0,35.4,54.8,63.3,20.7,95.8,27.5,954.7,Laterite,MODERATE_RISK
10,11.3549,76.7865,1880.4,33.7,44.33,66.0,26.1,87.0,11.6,948.1,Clay Loam,MODERATE_RISK
4,10.1486,77.0419,1758.7,12.1,37.24,31.5,23.1,74.9,25.7,994.4,Residual Soil,SAFE
4,30.5695,79.5756,1885.7,45.6,152.8,84.5,20.0,61.4,23.8,947.3,Weathered Granite,HIGH_RISK
5,31.106,77.1657,2251.1,54.9,155.27,77.4,19.7,77.8,30.8,916.6,Clay Loam,HIGH_RISK
8,32.2357,77.2059,2022.3,17.1,24.8,25.7,23.4,63.7,20.2,934.0,Colluvium,SAFE
6,10.1448,77.0247,1797.0,37.3,54.9,61.2,16.9,73.5,23.8,916.3,Weathered Granite,MODERATE_RISK
7,10.1501,77.0382,1795.5,54.2,123.7,85.9,16.6,57.5,18.2,948.7,Laterite,HIGH_RISK
8,11.3968,76.705,1913.7,42.9,146.63,79.2,19.1,97.7,17.7,976.5,Weathered Granite,HIGH_RISK
7,11.5145,76.1413,995.0,45.1,6.3,45.8,17.9,54.5,7.1,943.1,Colluvium,SAFE
1,31.1037,77.1892,2289.3,52.0,5.94,11.5,20.2,79.1,14.5,934.5,Clay Loam,SAFE
6,17.9138,73.661,1353.2,36.5,39.9,46.0,22.3,83.3,11.2,953.1,Laterite,MODERATE_RISK
7,11.5412,76.1443,945.6,37.0,43.45,58.7,17.6,94.8,13.8,923.1,Colluvium,MODERATE_RISK
7,31.099,77.1754,2291.0,7.3,30.53,40.6,24.6,88.2,23.4,936.5,Weathered Granite,SAFE
1,10.1425,77.0396,1783.8,49.3,13.59,31.3,18.0,62.7,25.3,954.5,Weathered Granite,SAFE
4,11.3613,76.78,1877.1,36.9,23.7,49.1,21.1,83.8,10.7,965.4,Weathered Granite,MODERATE_RISK
2,10.1468,77.0301,1659.2,7.5,30.1,24.9,19.9,68.3,24.5,955.8,Colluvium,SAFE
7,11.5219,76.1271,986.1,40.3,5.1,47.2,14.4,78.8,20.7,896.8,Colluvium,SAFE
4,17.9401,73.5674,650.0,37.3,50.82,60.4,19.4,57.3,27.2,936.2,Colluvium,MODERATE_RISK
3,11.558,76.111,896.6,43.9,139.1,84.5,23.6,65.7,28.0,963.4,Colluvium,HIGH_RISK
8,32.2429,77.1881,2056.9,5.3,24.5,30.6,19.0,66.1,23.5,900.1,Colluvium,SAFE
7,32.2406,77.1892,2085.2,35.5,50.9,68.5,12.9,81.1,6.0,1000.3,Colluvium,MODERATE_RISK
8,30.5648,79.5731,1836.2,49.2,178.5,77.9,19.3,54.8,24.6,960.4,Weathered Granite,HIGH_RISK
9,9.6669,76.9028,861.6,45.7,117.5,74.0,14.3,48.9,16.6,937.1,Laterite,HIGH_RISK
5,17.9555,73.5861,676.7,30.8,53.0,61.2,14.1,82.2,13.9,963.0,Colluvium,MODERATE_RISK
8,12.411,75.7484,1156.0,8.1,21.07,17.6,23.5,90.1,11.6,923.7,Sandy Loam,SAFE
10,11.3754,76.7225,1884.7,38.7,155.82,78.0,16.9,58.5,22.1,941.4,Weathered Granite,HIGH_RISK
9,11.3795,76.7166,1835.6,36.8,50.2,69.0,22.4,84.4,17.2,868.6,Weathered Granite,MODERATE_RISK
5,10.1441,77.0284,1783.8,54.7,101.9,72.4,19.6,56.9,34.9,932.5,Weathered Granite,HIGH_RISK
4,11.4018,76.0922,824.7,38.3,158.9,84.6,23.2,48.9,21.0,969.4,Laterite,HIGH_RISK
6,10.1611,77.0204,1641.2,38.0,52.8,49.5,18.5,68.0,19.9,987.5,Colluvium,MODERATE_RISK
9,11.5511,76.1293,909.9,36.6,2.1,43.0,20.1,65.9,28.2,934.0,Colluvium,SAFE
6,30.5366,79.5727,1895.1,11.8,36.58,24.2,16.0,61.4,31.2,995.0,Clay Loam,SAFE
1,30.574,79.5842,1866.6,38.3,162.31,79.6,19.6,70.2,13.9,964.2,Weathered Granite,HIGH_RISK
4,11.5395,76.1319,921.6,42.0,108.1,76.9,14.1,82.1,18.7,964.9,Colluvium,HIGH_RISK
7,11.4087,76.1106,780.0,6.5,36.58,38.7,22.6,95.6,11.1,860.8,Clay Loam,SAFE
3,17.9375,73.5666,627.2,46.1,6.99,38.0,20.5,90.1,24.3,963.7,Colluvium,SAFE
2,32.2375,77.1973,2055.4,35.7,43.6,65.3,19.1,80.2,22.0,897.5,Colluvium,MODERATE_RISK
6,10.1553,77.0099,1633.9,51.9,82.2,73.6,21.3,81.6,12.5,950.1,Colluvium,HIGH_RISK
3,10.1659,77.0255,1778.4,6.8,17.2,62.5,22.6,66.1,8.0,970.0,Residual Soil,SAFE
10,17.931,73.6403,1351.4,35.0,49.4,62.5,19.8,90.8,7.6,940.3,Laterite,MODERATE_RISK
8,30.5518,79.585,1891.0,47.1,88.3,89.1,21.6,62.9,14.8,907.9,Weathered Granite,HIGH_RISK
4,10.1506,77.0026,1637.7,11.8,24.3,31.6,16.8,89.2,6.7,934.5,Clay Loam,SAFE
1,9.6641,76.9356,788.3,31.6,53.5,68.1,27.1,87.4,19.7,932.3,Colluvium,MODERATE_RISK
2,32.2368,77.1702,2037.3,7.6,44.6,46.9,16.0,85.8,14.3,982.2,Colluvium,SAFE
2,17.9164,73.6766,1331.7,44.9,174.5,79.9,19.8,73.3,10.5,949.4,Laterite,HIGH_RISK
3,30.5496,79.5637,1810.3,48.0,167.3,85.3,20.2,68.1,26.8,991.1,Weathered Granite,HIGH_RISK
3,9.6673,76.9225,833.6,16.7,46.4,41.4,23.6,62.4,30.3,991.5,Sandy Loam,SAFE
4,32.2532,77.1918,2061.0,13.9,22.44,48.8,12.6,71.6,15.2,929.7,Clay Loam,SAFE
8,11.4155,76.1175,788.2,31.9,53.6,67.6,22.1,91.1,11.2,932.5,Laterite,MODERATE_RISK
7,11.3699,76.7907,1860.4,35.1,55.3,71.7,19.7,92.7,25.7,977.7,Weathered Granite,MODERATE_RISK
6,26.1781,91.6931,437.0,38.2,141.7,87.8,21.1,95.2,20.6,909.0,Clay Loam,HIGH_RISK
8,26.1523,91.7005,429.0,23.3,8.58,23.1,17.7,48.4,27.9,1027.0,Clay Loam,SAFE
1,32.2265,77.1984,2016.5,52.5,143.7,84.8,15.0,62.9,29.8,1010.5,Colluvium,HIGH_RISK
9,9.6654,76.9241,812.0,45.5,7.15,43.7,16.9,69.7,22.7,999.6,Laterite,SAFE
3,10.1753,77.0296,1783.1,55.1,169.4,91.7,22.2,97.6,27.7,976.7,Weathered Granite,HIGH_RISK
4,30.5393,79.5803,1849.2,37.9,39.0,52.2,23.8,84.6,19.5,945.7,Weathered Granite,MODERATE_RISK
4,17.9328,73.6485,1337.2,32.5,54.9,57.3,29.8,89.7,14.0,868.4,Laterite,MODERATE_RISK
1,12.4201,75.7477,1187.0,30.0,50.0,68.8,28.6,95.4,20.9,941.0,Weathered Granite,MODERATE_RISK
2,11.3904,76.7226,1905.6,41.8,16.2,27.4,26.5,68.6,14.3,901.7,Weathered Granite,SAFE
8,11.5178,76.13,1039.8,28.4,40.54,71.5,21.2,90.1,31.6,923.6,Colluvium,MODERATE_RISK
1,10.132,77.0303,1675.0,51.4,87.5,88.6,22.1,59.6,6.3,950.2,Colluvium,HIGH_RISK
4,9.6964,76.9334,824.1,48.3,176.2,87.4,13.9,50.9,6.2,937.8,Laterite,HIGH_RISK
8,11.3828,76.7067,1904.6,39.3,9.0,22.1,22.6,79.6,11.3,1009.7,Weathered Granite,SAFE
8,32.2295,77.2073,2003.8,9.7,42.62,35.4,26.7,95.6,11.9,999.2,Sandy Loam,SAFE
10,26.87,88.1977,1678.0,33.7,52.8,57.3,21.5,87.1,22.6,944.7,Weathered Granite,MODERATE_RISK
10,32.2353,77.1978,2021.5,37.8,35.5,57.2,23.8,91.8,17.9,934.6,Colluvium,MODERATE_RISK
1,11.5184,76.1438,981.6,39.1,12.82,26.5,21.8,64.8,10.3,960.6,Colluvium,SAFE
1,30.5748,79.5784,1860.0,38.2,162.69,94.0,19.5,56.0,11.4,873.4,Weathered Granite,HIGH_RISK
7,11.4131,76.109,771.3,11.8,41.1,63.8,25.4,57.8,17.0,952.4,Clay Loam,SAFE
2,10.1699,77.0121,1809.5,35.4,48.1,68.2,22.2,57.5,29.0,907.9,Weathered Granite,MODERATE_RISK
5,11.3456,76.7894,1857.0,41.1,12.0,25.3,20.6,62.2,13.8,923.7,Weathered Granite,SAFE
10,12.4216,75.7512,1202.4,36.1,37.29,65.1,21.4,86.6,8.9,977.9,Weathered Granite,MODERATE_RISK
9,30.5706,79.5526,1889.3,37.7,44.66,69.7,14.8,73.6,32.9,933.2,Weathered Granite,MODERATE_RISK
1,11.5477,76.117,881.9,34.2,47.58,48.4,18.6,92.7,10.4,909.6,Colluvium,MODERATE_RISK
2,10.1472,76.997,1703.0,41.2,123.42,85.6,24.0,97.2,18.4,983.1,Colluvium,HIGH_RISK
6,30.5743,79.5538,1847.2,45.9,184.75,84.3,13.9,67.7,33.2,927.8,Weathered Granite,HIGH_RISK
6,11.5267,76.1464,1011.7,41.8,178.7,90.2,14.1,87.4,24.3,983.0,Colluvium,HIGH_RISK
8,10.1509,77.0199,1690.8,43.7,7.8,30.7,13.2,56.9,16.1,953.3,Colluvium,SAFE
5,11.3651,76.7824,1860.1,36.0,49.1,58.4,15.8,53.6,7.7,975.7,Weathered Granite,MODERATE_RISK
4,30.573,79.5786,1872.6,41.7,127.5,84.6,12.3,63.3,32.2,936.8,Weathered Granite,HIGH_RISK
10,10.1467,77.0338,1694.6,45.2,178.53,95.6,22.4,89.2,14.5,842.3,Colluvium,HIGH_RISK
5,10.1327,77.0222,1666.4,32.2,45.9,65.0,23.9,91.4,12.4,885.0,Colluvium,MODERATE_RISK
3,11.5303,76.1389,1074.4,16.1,31.9,63.1,20.7,96.4,29.5,910.1,Sandy Loam,SAFE
2,11.3599,76.7935,1836.8,34.2,3.1,14.6,16.8,85.6,14.2,883.9,Weathered Granite,SAFE
4,11.5702,76.113,886.8,33.7,7.21,10.7,20.3,82.1,20.8,928.9,Colluvium,SAFE
5,11.5467,76.1331,934.2,31.9,54.2,64.2,23.1,89.7,18.1,893.4,Clay Loam,MODERATE_RISK
8,26.8906,88.1729,1710.2,35.2,55.6,68.3,15.7,52.5,30.6,978.1,Laterite,MODERATE_RISK
4,11.5367,76.1417,993.6,43.2,9.8,41.3,20.6,48.6,16.1,1018.5,Colluvium,SAFE
1,12.4116,75.7511,1188.6,31.0,47.3,64.9,14.7,97.0,17.8,893.2,Colluvium,MODERATE_RISK
10,11.5248,76.1319,1103.0,10.8,42.62,28.4,17.5,69.3,7.8,1031.8,Weathered Granite,SAFE
2,11.3629,76.78,1843.2,37.1,129.9,86.4,18.6,86.6,7.0,970.5,Weathered Granite,HIGH_RISK
1,17.9648,73.5893,592.1,37.4,49.6,62.0,19.9,81.0,31.7,950.0,Clay Loam,MODERATE_RISK
1,11.5382,76.1174,998.0,49.0,133.0,90.3,23.2,66.8,11.1,961.7,Colluvium,HIGH_RISK
2,31.119,77.1846,2270.7,14.7,18.0,24.4,18.9,50.2,18.9,955.8,Clay Loam,SAFE
3,10.1466,77.0201,1801.2,10.6,31.8,64.0,22.1,45.8,14.9,983.3,Clay Loam,SAFE
4,17.9579,73.5959,594.2,36.8,53.7,68.0,18.2,66.8,13.7,1018.8,Colluvium,MODERATE_RISK
1,26.1845,91.7007,422.3,40.2,9.13,41.6,22.0,72.5,24.4,976.4,Clay Loam,SAFE
4,11.3566,76.8132,1822.4,39.8,10.84,23.7,14.2,80.4,23.0,977.1,Weathered Granite,SAFE
9,9.6755,76.9055,765.7,37.8,46.6,63.8,22.9,91.9,20.6,924.6,Weathered Granite,MODERATE_RISK
5,11.5359,76.143,1103.8,25.8,57.9,71.3,19.7,81.2,22.4,962.3,Weathered Granite,MODERATE_RISK
4,11.3813,76.7076,1937.6,11.5,35.3,61.0,18.5,46.4,6.7,1000.6,Residual Soil,SAFE
8,11.3805,76.7208,1867.2,43.4,163.57,79.4,23.5,64.1,12.5,994.1,Laterite,HIGH_RISK
3,9.6804,76.9131,844.0,15.7,26.29,32.5,19.0,46.6,10.4,975.2,Residual Soil,SAFE
10,11.5271,76.1445,1075.8,46.0,4.5,25.2,25.8,71.5,34.4,883.1,Weathered Granite,SAFE
6,11.5214,76.1312,1017.7,46.0,117.7,93.7,19.7,76.7,27.7,927.7,Colluvium,HIGH_RISK
1,11.551,76.1344,885.7,38.4,183.7,76.9,17.5,54.2,5.6,903.0,Colluvium,HIGH_RISK
1,11.3701,76.7269,1871.7,36.8,42.9,67.0,21.0,65.2,32.4,963.8,Laterite,MODERATE_RISK
4,12.4402,75.7538,1181.3,40.1,13.9,39.0,13.5,76.4,21.7,958.3,Residual Soil,SAFE
7,11.5361,76.1356,943.5,38.0,13.81,18.3,25.1,81.2,15.2,929.6,Colluvium,SAFE
3,17.9135,73.6601,1342.7,5.6,40.9,31.8,24.0,71.0,17.1,951.3,Colluvium,SAFE
7,11.5378,76.1202,987.4,36.2,54.3,65.3,18.4,91.0,5.6,964.2,Colluvium,MODERATE_RISK
6,10.1523,77.0371,1769.9,37.3,44.39,57.2,22.8,58.9,29.4,955.6,Weathered Granite,MODERATE_RISK
2,11.5582,76.1203,948.7,42.0,3.5,14.0,12.1,73.3,6.9,956.1,Colluvium,SAFE
9,11.5478,76.1148,1022.9,37.5,54.5,61.6,25.9,49.0,16.7,975.3,Weathered Granite,MODERATE_RISK
3,17.9677,73.5889,644.8,35.2,55.4,61.4,20.3,49.0,31.7,1020.9,Colluvium,MODERATE_RISK
1,32.257,77.1718,2009.4,35.3,41.5,54.3,19.1,85.4,26.4,943.5,Colluvium,MODERATE_RISK
2,30.5712,79.5601,1878.8,37.2,51.6,60.2,24.1,58.5,11.9,958.5,Weathered Granite,MODERATE_RISK
9,9.7001,76.9326,872.0,39.1,12.82,43.9,21.3,86.2,20.5,1023.3,Laterite,SAFE
1,32.2322,77.1959,2046.2,46.4,10.9,41.8,23.4,61.1,13.1,950.7,Colluvium,SAFE
5,11.4194,76.1192,771.4,14.0,25.2,62.5,26.5,83.5,7.2,921.7,Clay Loam,SAFE
5,10.1599,77.0394,1723.0,49.4,79.64,94.9,19.3,48.5,18.5,952.0,Weathered Granite,HIGH_RISK
1,11.5324,76.1381,1048.1,35.8,57.0,54.5,22.8,94.6,32.3,957.1,Laterite,MODERATE_RISK
2,30.571,79.5672,1865.7,40.7,165.0,92.6,13.4,95.0,11.8,929.6,Weathered Granite,HIGH_RISK
3,11.3511,76.7895,1837.3,44.4,162.1,93.2,19.0,68.5,31.7,971.5,Weathered Granite,HIGH_RISK
6,10.1698,76.9972,1694.1,34.9,57.0,62.1,11.3,83.0,13.1,960.6,Colluvium,MODERATE_RISK
7,26.1556,91.7082,456.9,28.9,9.6,12.0,14.6,58.4,33.7,930.2,Clay Loam,SAFE
10,12.4182,75.7497,1195.1,31.8,6.1,34.2,23.2,92.7,15.5,905.5,Residual Soil,SAFE
7,17.9484,73.5761,641.1,33.2,53.0,69.2,15.5,50.5,15.3,985.5,Colluvium,MODERATE_RISK
8,11.3393,76.8103,1889.1,32.9,40.2,70.9,20.8,90.9,16.2,960.4,Weathered Granite,MODERATE_RISK
8,32.256,77.1749,2109.5,44.4,134.4,78.5,23.0,71.9,19.0,904.0,Colluvium,HIGH_RISK
9,11.3935,76.6933,1907.5,45.1,146.85,77.8,12.4,87.1,7.9,965.1,Weathered Granite,HIGH_RISK
8,10.1493,77.0239,1664.7,44.0,6.2,46.7,15.8,88.8,9.7,934.8,Colluvium,SAFE
7,10.1663,77.0374,1784.9,34.6,49.9,58.7,24.0,86.9,10.6,992.2,Weathered Granite,MODERATE_RISK
3,30.54,79.5764,1898.1,45.8,160.4,96.0,25.0,46.0,13.5,879.0,Weathered Granite,HIGH_RISK
6,17.962,73.5757,610.0,41.6,15.18,12.6,10.0,75.6,8.2,940.0,Colluvium,SAFE
8,26.1638,91.6917,506.9,28.9,15.18,31.8,15.6,76.5,17.6,1022.5,Clay Loam,SAFE
6,11.5195,76.1461,1039.2,45.0,181.61,74.8,21.1,56.7,27.8,970.6,Weathered Granite,HIGH_RISK
10,11.3466,76.8101,1870.3,37.2,126.56,89.9,20.1,54.3,9.0,978.1,Weathered Granite,HIGH_RISK
3,31.1242,77.1777,2325.4,49.8,164.62,84.9,23.5,57.3,17.8,894.2,Clay Loam,HIGH_RISK
3,11.5285,76.1309,1053.3,33.2,45.9,61.7,24.5,94.0,25.3,926.9,Weathered Granite,MODERATE_RISK
9,11.3696,76.7835,1823.5,39.2,122.87,90.2,21.1,49.0,17.7,924.3,Clay Loam,HIGH_RISK
10,30.5594,79.5717,1845.1,32.8,49.45,69.6,27.8,81.1,34.8,975.3,Weathered Granite,MODERATE_RISK
9,10.1558,77.0275,1691.9,46.9,165.66,79.0,19.4,95.7,12.1,925.9,Colluvium,HIGH_RISK
5,31.1215,77.1867,2264.8,47.2,12.5,34.8,17.2,69.6,10.3,1027.3,Clay Loam,SAFE
3,11.3866,76.7202,1893.5,42.8,165.5,83.2,14.0,86.3,26.1,911.9,Weathered Granite,HIGH_RISK
9,32.2241,77.1837,2000.1,44.0,184.31,80.5,22.1,81.1,17.2,858.9,Colluvium,HIGH_RISK
6,11.5296,76.1281,1043.1,11.3,27.3,49.4,20.0,49.7,33.2,922.2,Colluvium,SAFE
6,10.1566,77.0141,1751.6,54.2,157.58,78.2,26.0,60.7,27.2,1030.3,Weathered Granite,HIGH_RISK
7,11.3579,76.8125,1835.1,34.5,54.2,61.0,15.7,94.8,11.6,979.1,Weathered Granite,MODERATE_RISK
8,26.1736,91.699,435.0,35.0,179.9,93.5,19.8,95.7,7.0,848.8,Clay Loam,HIGH_RISK
2,11.3629,76.7892,1829.8,31.8,53.2,70.5,19.0,90.8,34.8,907.0,Weathered Granite,MODERATE_RISK
7,11.3814,76.6969,1887.9,40.1,11.99,44.3,18.5,88.2,19.3,950.2,Weathered Granite,SAFE
1,9.6905,76.9199,791.2,44.9,141.02,93.0,19.6,76.7,6.5,912.1,Laterite,HIGH_RISK
5,31.0874,77.1757,2300.7,52.4,147.7,78.2,19.4,54.3,31.3,907.1,Clay Loam,HIGH_RISK
3,11.3429,76.8137,1938.8,42.8,139.53,87.0,21.1,88.8,14.8,1002.6,Colluvium,HIGH_RISK
2,32.2449,77.2044,2049.7,50.2,109.9,73.9,14.5,76.7,20.9,988.1,Colluvium,HIGH_RISK
4,30.5467,79.5545,1868.0,38.4,14.52,31.2,21.4,61.5,27.3,982.7,Weathered Granite,SAFE
1,9.6929,76.9075,824.1,46.0,182.11,73.8,16.6,88.2,21.0,973.6,Laterite,HIGH_RISK
9,10.1534,77.0242,1620.3,42.3,170.61,90.3,21.2,65.2,6.7,959.5,Colluvium,HIGH_RISK
9,11.3839,76.7146,1868.6,40.0,180.62,82.6,24.7,51.7,6.5,992.0,Weathered Granite,HIGH_RISK
9,17.9629,73.5695,628.6,35.6,44.39,62.4,22.6,95.8,32.5,943.2,Colluvium,MODERATE_RISK
2,17.9664,73.5641,612.0,41.2,12.6,11.0,12.9,50.7,34.9,950.0,Colluvium,SAFE
10,11.5294,76.1435,1012.1,34.8,44.5,68.5,12.3,94.0,7.4,960.0,Weathered Granite,MODERATE_RISK
9,11.5465,76.1451,1000.1,37.9,40.87,70.2,15.4,96.1,7.8,944.6,Weathered Granite,MODERATE_RISK
2,10.1676,77.0111,1821.0,54.8,159.12,95.0,24.7,89.3,32.2,959.2,Weathered Granite,HIGH_RISK
6,11.3444,76.7775,1829.7,32.5,54.3,65.2,21.3,82.6,34.6,899.0,Colluvium,MODERATE_RISK
3,9.6756,76.9361,813.4,13.0,34.05,42.8,18.4,90.4,17.4,927.1,Colluvium,SAFE
6,11.4009,76.6986,1931.0,37.6,120.84,91.9,17.2,51.9,13.1,839.2,Weathered Granite,HIGH_RISK
7,30.5582,79.5565,1917.1,32.5,45.38,71.6,19.8,48.4,34.2,981.8,Weathered Granite,MODERATE_RISK
4,10.1638,77.0183,1638.8,43.6,185.9,79.9,21.5,76.7,11.0,883.9,Laterite,HIGH_RISK
2,10.1322,77.0355,1656.1,40.4,122.6,75.3,23.3,88.0,30.8,927.7,Colluvium,HIGH_RISK
2,17.968,73.5758,670.1,45.7,6.49,42.7,18.2,73.5,10.8,966.5,Colluvium,SAFE
4,11.5705,76.1192,866.4,34.5,152.9,91.1,16.6,92.5,24.4,976.7,Colluvium,HIGH_RISK
1,9.6723,76.9178,796.8,40.4,169.3,91.7,23.8,86.6,19.0,926.6,Laterite,HIGH_RISK
9,11.5505,76.1367,981.0,45.5,155.5,80.6,18.9,79.4,31.6,983.0,Colluvium,HIGH_RISK
7,26.1833,91.7163,480.5,36.4,52.9,64.3,20.8,55.2,22.8,963.4,Colluvium,MODERATE_RISK
10,12.4183,75.7477,1125.3,13.1,41.41,15.8,21.4,78.5,26.8,956.9,Colluvium,SAFE
5,10.1757,77.0135,1783.1,17.2,41.3,20.4,19.6,68.6,28.5,952.2,Colluvium,SAFE
7,11.5096,76.1455,982.2,46.3,150.8,92.6,18.0,75.1,7.6,898.8,Weathered Granite,HIGH_RISK
6,30.5523,79.5503,1909.7,32.4,47.96,61.2,22.2,96.7,23.5,937.4,Weathered Granite,MODERATE_RISK
10,26.9065,88.1635,1756.8,37.0,122.9,84.0,23.9,57.0,8.8,987.4,Laterite,HIGH_RISK
1,9.6861,76.9273,816.7,43.5,10.89,41.0,23.8,91.7,28.0,991.0,Laterite,SAFE
8,31.0919,77.1929,2281.8,15.6,44.4,23.7,17.0,52.3,24.4,965.3,Weathered Granite,SAFE
10,11.3905,76.7244,1929.4,37.5,40.54,60.6,16.6,94.8,29.3,970.1,Weathered Granite,MODERATE_RISK
6,26.8771,88.1842,1714.7,15.2,26.9,34.2,25.4,95.9,33.7,955.8,Clay Loam,SAFE
10,11.5127,76.1402,941.7,17.9,35.8,58.5,17.5,72.0,13.0,1011.1,Colluvium,SAFE
7,26.1595,91.7087,465.4,14.0,27.23,45.4,16.8,86.5,22.8,994.4,Laterite,SAFE
7,30.5431,79.5639,1846.7,34.1,54.7,64.7,20.2,55.9,33.9,989.0,Weathered Granite,MODERATE_RISK
10,32.2373,77.1754,2019.3,46.3,185.79,93.2,15.0,68.3,16.5,956.1,Colluvium,HIGH_RISK
5,26.9083,88.1763,1708.8,39.1,144.3,88.6,21.0,98.0,30.1,944.1,Laterite,HIGH_RISK
5,30.5574,79.5806,1877.7,32.1,55.2,68.7,24.1,59.5,32.4,968.5,Weathered Granite,MODERATE_RISK
4,26.8958,88.1688,1685.5,37.3,10.9,12.6,16.3,54.2,31.6,931.8,Laterite,SAFE
7,11.3823,76.7211,1876.0,34.6,41.36,64.7,23.6,93.7,13.4,904.5,Weathered Granite,MODERATE_RISK
9,11.3369,76.7755,1779.5,41.1,6.0,19.5,14.8,46.1,20.6,937.3,Weathered Granite,SAFE
6,26.8888,88.1671,1709.8,33.9,179.91,94.2,20.0,69.0,32.1,919.0,Weathered Granite,HIGH_RISK
2,11.3926,76.6961,1879.2,8.7,41.41,29.0,22.2,59.6,33.7,891.6,Residual Soil,SAFE
8,11.5692,76.1476,880.8,29.3,56.3,60.3,20.4,81.5,14.6,940.7,Colluvium,MODERATE_RISK
7,11.509,76.1329,1033.4,42.5,123.3,72.3,22.7,52.0,33.9,979.2,Weathered Granite,HIGH_RISK
10,11.4257,76.1076,755.0,38.0,48.07,67.2,19.5,89.4,8.2,936.1,Laterite,MODERATE_RISK
3,10.1575,77.0307,1793.2,17.0,16.1,41.0,17.3,60.5,12.8,958.4,Weathered Granite,SAFE
2,11.5362,76.1406,919.1,25.0,50.44,69.2,25.2,88.0,24.2,880.7,Colluvium,MODERATE_RISK
2,17.9177,73.6459,1393.3,37.4,145.5,90.4,21.1,57.4,9.8,956.8,Laterite,HIGH_RISK
2,11.3832,76.6968,1931.5,37.2,4.9,26.1,19.9,57.6,25.4,949.1,Weathered Granite,SAFE
2,26.8785,88.1727,1709.6,37.9,145.3,82.1,15.6,61.0,19.9,929.8,Laterite,HIGH_RISK
4,11.3549,76.7903,1837.7,42.5,123.9,78.6,13.9,90.5,5.4,929.7,Colluvium,HIGH_RISK
5,26.9052,88.172,1688.2,35.7,42.08,66.3,25.5,85.2,16.1,976.1,Weathered Granite,MODERATE_RISK
9,30.569,79.5747,1856.9,37.2,48.95,45.9,18.2,97.1,20.3,949.4,Weathered Granite,MODERATE_RISK
9,12.4154,75.7412,1204.8,9.0,43.4,46.6,14.4,81.6,6.0,916.1,Clay Loam,SAFE
3,11.5232,76.1359,1053.8,33.9,44.1,66.1,22.5,53.8,29.9,957.2,Weathered Granite,MODERATE_RISK
2,32.2321,77.2092,2044.2,17.5,41.3,60.6,22.0,56.8,7.4,925.4,Colluvium,SAFE
8,11.3414,76.8041,1828.1,38.7,116.98,94.7,22.9,69.4,34.5,906.6,Clay Loam,HIGH_RISK
3,26.8829,88.1951,1613.6,33.6,54.9,54.3,19.0,91.8,16.3,969.0,Laterite,MODERATE_RISK
4,31.1003,77.1641,2277.0,16.0,18.6,53.6,15.0,83.3,21.5,945.9,Colluvium,SAFE
10,30.5702,79.5536,1820.2,44.6,102.8,77.7,22.7,86.0,15.0,990.1,Weathered Granite,HIGH_RISK
3,11.5406,76.1595,1032.9,36.5,31.6,55.4,32.0,92.2,11.5,984.1,Weathered Granite,MODERATE_RISK
7,32.2331,77.2011,2020.9,35.8,47.7,66.4,18.3,66.8,28.6,1002.4,Colluvium,MODERATE_RISK
4,32.2498,77.1864,2049.0,34.8,57.0,66.7,9.3,96.8,14.7,893.5,Colluvium,MODERATE_RISK
6,32.2299,77.1925,2041.9,36.9,48.18,60.7,14.6,95.6,24.5,890.4,Colluvium,MODERATE_RISK
6,32.2609,77.1811,2034.3,5.0,30.58,32.5,25.4,52.4,5.3,967.0,Clay Loam,SAFE
4,26.175,91.6956,464.2,30.4,11.4,42.4,23.6,82.0,21.1,937.2,Clay Loam,SAFE
6,10.1333,77.0189,1673.5,48.5,153.18,90.6,19.8,72.3,25.8,948.1,Colluvium,HIGH_RISK
10,17.9225,73.6563,1375.6,13.1,23.5,31.9,20.2,87.5,34.4,916.9,Weathered Granite,SAFE
10,11.4303,76.097,838.2,35.7,174.6,92.8,20.8,45.9,16.3,972.6,Laterite,HIGH_RISK
6,10.1697,77.018,1649.9,46.8,8.8,32.6,20.1,78.7,19.4,959.7,Colluvium,SAFE
8,11.5503,76.1389,921.8,44.5,121.4,90.0,15.3,66.5,19.9,947.3,Colluvium,HIGH_RISK
8,11.4128,76.1082,784.9,42.9,175.1,93.8,19.0,59.3,13.7,883.0,Laterite,HIGH_RISK
1,11.3749,76.709,1961.1,36.0,48.35,49.2,20.6,49.0,23.1,966.9,Weathered Granite,MODERATE_RISK
2,9.6742,76.9113,807.0,31.3,57.8,70.3,22.8,97.3,26.9,947.1,Laterite,MODERATE_RISK
9,17.9402,73.6012,573.1,44.8,143.83,92.0,21.0,94.1,27.4,939.6,Weathered Granite,HIGH_RISK
10,32.2518,77.1708,2039.0,44.4,130.3,83.1,19.9,84.3,25.6,952.9,Colluvium,HIGH_RISK
2,11.3488,76.8091,1888.4,35.0,126.6,91.6,16.8,92.9,23.5,903.7,Weathered Granite,HIGH_RISK
10,32.2374,77.2056,2060.3,46.7,112.53,90.9,18.4,77.0,7.7,892.2,Colluvium,HIGH_RISK
5,9.6963,76.9008,822.1,34.7,48.1,71.9,19.6,79.6,27.9,1012.5,Laterite,MODERATE_RISK
6,32.2402,77.1778,2043.3,45.8,169.95,87.0,24.5,72.3,15.6,945.0,Colluvium,HIGH_RISK
8,11.5504,76.1207,900.6,39.9,168.58,83.3,21.5,74.6,33.7,961.3,Colluvium,HIGH_RISK
7,30.5589,79.5804,1935.4,9.1,38.01,58.0,20.3,54.6,24.2,974.3,Sandy Loam,SAFE
10,11.4022,76.0938,810.2,33.1,14.79,43.4,28.2,57.7,27.7,950.0,Laterite,SAFE
4,31.0951,77.1817,2254.5,47.2,132.3,83.8,11.6,86.0,11.8,900.7,Clay Loam,HIGH_RISK
2,10.1432,77.0314,1775.9,47.9,16.39,12.5,19.9,77.6,8.7,893.7,Weathered Granite,SAFE
4,10.1463,77.0077,1721.1,35.2,48.4,66.3,12.8,90.0,24.3,951.6,Weathered Granite,MODERATE_RISK
4,10.1627,77.0093,1801.9,35.7,51.1,55.7,16.2,82.4,10.0,923.5,Weathered Granite,MODERATE_RISK
4,31.1161,77.1661,2303.1,49.9,106.37,88.2,16.9,56.3,19.6,977.1,Clay Loam,HIGH_RISK
7,32.2491,77.1963,2040.9,7.1,18.2,63.6,21.8,58.9,26.1,944.2,Sandy Loam,SAFE
5,11.4311,76.0975,775.9,35.8,47.3,67.6,20.6,86.8,16.0,889.6,Laterite,MODERATE_RISK
2,30.5739,79.5686,1871.8,49.2,93.56,91.4,31.3,86.6,31.7,915.4,Weathered Granite,HIGH_RISK
8,10.1632,77.0166,1668.3,50.1,168.9,82.3,17.8,69.2,28.6,892.6,Colluvium,HIGH_RISK
3,31.0875,77.1587,2245.6,50.3,160.49,74.5,18.5,45.5,8.4,918.2,Clay Loam,HIGH_RISK
8,32.2481,77.1973,2079.6,44.0,158.9,70.7,22.7,71.6,8.5,920.5,Laterite,HIGH_RISK
10,26.1566,91.6804,426.6,32.6,57.3,68.1,24.2,82.4,9.2,930.7,Colluvium,MODERATE_RISK
1,12.4199,75.7299,1129.4,37.4,51.81,60.6,14.5,76.4,10.5,946.0,Clay Loam,MODERATE_RISK
6,11.5318,76.1159,947.3,48.8,177.7,83.4,19.6,70.5,28.7,977.5,Clay Loam,HIGH_RISK
3,9.6987,76.9106,811.7,41.7,153.94,80.4,16.8,67.9,18.7,994.3,Laterite,HIGH_RISK
2,31.114,77.1599,2254.6,53.6,175.1,87.9,23.3,62.6,28.9,905.5,Clay Loam,HIGH_RISK
5,11.5401,76.1295,1047.7,10.5,42.5,38.3,19.4,96.3,28.2,891.0,Laterite,SAFE
8,31.1241,77.1635,2236.2,50.4,175.7,81.7,18.8,79.7,16.2,922.9,Clay Loam,HIGH_RISK
2,17.9352,73.5825,602.0,43.4,120.4,89.8,23.3,65.6,15.9,897.5,Colluvium,HIGH_RISK
7,17.9236,73.6545,1353.6,37.7,114.84,82.3,22.9,46.3,20.9,1031.7,Laterite,HIGH_RISK
9,11.5222,76.1389,1097.9,45.0,180.34,95.7,20.7,77.8,7.6,978.0,Laterite,HIGH_RISK
7,17.9412,73.6439,1353.6,38.4,13.81,42.2,24.6,56.7,22.6,929.0,Laterite,SAFE
9,11.5391,76.1276,1083.4,37.2,37.5,55.7,24.6,92.1,5.6,863.0,Weathered Granite,MODERATE_RISK
4,17.9667,73.5938,649.4,42.3,171.1,76.3,17.4,45.1,11.0,957.8,Colluvium,HIGH_RISK
3,11.5305,76.1418,984.6,39.0,128.2,77.1,20.1,85.4,10.6,963.4,Colluvium,HIGH_RISK
3,26.8979,88.1932,1689.5,33.6,47.4,67.4,18.3,85.7,8.8,946.4,Laterite,MODERATE_RISK
2,11.5153,76.1264,969.3,36.9,53.0,68.8,18.4,51.3,5.3,900.6,Colluvium,MODERATE_RISK
10,30.5449,79.5605,1838.7,8.8,6.93,18.1,24.6,47.2,10.2,920.3,Sandy Loam,SAFE
10,11.3417,76.7975,1889.7,35.4,46.9,69.9,20.3,55.6,31.6,900.8,Weathered Granite,MODERATE_RISK
3,10.1455,77.0196,1769.7,54.4,153.3,79.2,23.7,52.8,31.3,913.3,Clay Loam,HIGH_RISK
8,11.36,76.7966,1876.7,37.4,55.7,45.2,23.5,81.6,6.0,870.9,Weathered Granite,MODERATE_RISK
2,31.0943,77.1618,2244.2,55.4,170.56,80.7,15.3,62.1,6.4,944.8,Laterite,HIGH_RISK
6,11.5693,76.1418,880.4,34.5,55.8,67.4,26.0,94.1,7.7,911.7,Colluvium,MODERATE_RISK
7,9.6886,76.9171,825.4,37.3,44.7,63.7,26.1,87.7,20.9,894.4,Laterite,MODERATE_RISK
7,11.3486,76.7853,1810.4,38.1,134.8,88.1,17.3,96.6,16.2,965.5,Colluvium,HIGH_RISK
1,11.3679,76.7239,1917.8,45.0,158.4,78.0,15.6,91.4,22.6,981.4,Weathered Granite,HIGH_RISK
4,26.889,88.1791,1713.0,33.9,49.72,69.4,18.9,75.8,17.2,991.7,Laterite,MODERATE_RISK
10,26.8707,88.1668,1684.3,34.5,16.5,46.5,21.1,51.6,16.3,1011.2,Laterite,SAFE
7,11.5188,76.1623,1054.1,33.1,41.64,71.0,24.1,93.9,22.9,974.5,Weathered Granite,MODERATE_RISK
5,10.1438,77.0245,1650.5,35.1,54.2,70.3,17.9,85.4,13.7,972.8,Colluvium,MODERATE_RISK
8,9.6697,76.9014,869.8,12.4,22.7,63.7,27.1,97.5,15.2,948.4,Laterite,SAFE
7,11.3601,76.7961,1836.2,4.7,39.49,48.2,23.7,56.2,17.5,919.3,Clay Loam,SAFE
8,17.9342,73.6473,1367.3,15.8,16.9,62.1,21.0,59.2,12.0,938.1,Weathered Granite,SAFE
9,11.5318,76.127,1044.9,15.0,35.7,47.8,25.0,53.4,24.2,954.8,Clay Loam,SAFE
7,30.5565,79.55,1891.7,37.5,42.9,46.0,16.2,64.5,20.1,916.4,Weathered Granite,MODERATE_RISK
5,30.5379,79.5801,1815.0,12.6,31.6,24.3,24.1,84.2,8.4,990.1,Weathered Granite,SAFE
8,17.9648,73.5952,672.1,50.2,136.6,89.8,27.9,85.3,31.6,937.7,Colluvium,HIGH_RISK
3,17.9455,73.6701,1372.6,45.0,144.6,81.4,20.4,51.0,28.1,987.3,Laterite,HIGH_RISK
10,11.5269,76.1569,1088.1,37.7,51.1,59.6,20.5,78.1,5.0,940.8,Colluvium,MODERATE_RISK
10,11.4282,76.0878,824.1,41.1,173.9,84.7,18.1,50.4,29.2,981.1,Laterite,HIGH_RISK
5,11.5147,76.1595,1006.6,44.3,85.9,92.5,18.8,91.9,18.6,992.2,Colluvium,HIGH_RISK
5,10.1643,77.0017,1628.3,11.1,19.5,22.5,25.3,94.5,5.6,969.9,Sandy Loam,SAFE
8,10.1464,76.9977,1670.7,43.3,141.29,93.2,26.4,53.1,20.4,964.0,Colluvium,HIGH_RISK
8,30.5628,79.5754,1864.4,48.4,149.22,79.1,18.6,76.0,13.8,910.9,Weathered Granite,HIGH_RISK
2,10.1796,77.0296,1814.8,50.9,159.34,92.1,20.0,57.0,34.2,949.3,Weathered Granite,HIGH_RISK
10,11.5196,76.1513,1028.8,17.5,24.7,43.9,22.4,80.9,22.6,985.9,Clay Loam,SAFE
6,11.5306,76.1497,1042.1,49.4,158.4,85.9,17.9,80.6,12.0,928.3,Weathered Granite,HIGH_RISK
7,11.515,76.1265,1012.6,50.6,138.6,86.5,23.7,92.8,25.0,986.1,Weathered Granite,HIGH_RISK
9,11.5299,76.1331,1103.0,36.3,54.4,53.0,26.2,90.1,34.3,916.3,Weathered Granite,MODERATE_RISK
1,12.4057,75.7246,1120.4,40.2,6.05,18.7,15.0,59.8,11.9,916.3,Residual Soil,SAFE
2,9.678,76.902,814.9,36.5,42.46,53.0,23.3,80.9,12.4,952.3,Laterite,MODERATE_RISK
6,10.1577,77.0217,1779.8,33.4,40.5,51.8,20.8,87.2,5.5,921.8,Weathered Granite,MODERATE_RISK
10,26.8816,88.1935,1715.4,28.3,51.3,65.1,18.3,88.8,11.8,892.1,Laterite,MODERATE_RISK
2,11.3342,76.7861,1929.2,40.4,11.3,29.9,20.2,78.4,26.5,987.9,Weathered Granite,SAFE
5,11.3918,76.6937,1935.6,37.0,51.3,50.6,27.0,77.5,15.9,1005.0,Weathered Granite,MODERATE_RISK
4,10.1637,77.0166,1870.1,45.2,103.0,89.4,21.5,81.6,29.3,923.1,Weathered Granite,HIGH_RISK
5,11.3753,76.7125,1896.3,17.3,25.96,21.8,19.8,61.0,22.5,1016.9,Residual Soil,SAFE
3,17.9331,73.6635,1382.3,40.3,14.3,33.5,22.8,72.2,29.4,974.1,Laterite,SAFE
4,32.2582,77.177,2003.7,51.0,125.1,78.4,16.1,50.0,17.1,915.2,Colluvium,HIGH_RISK
10,12.4355,75.7262,1113.8,43.4,148.3,74.0,17.6,50.5,6.5,983.5,Weathered Granite,HIGH_RISK
3,11.5129,76.141,954.2,33.4,56.0,48.5,18.9,97.0,25.3,909.1,Colluvium,MODERATE_RISK
7,10.1463,77.0159,1822.1,29.1,50.55,54.6,20.7,92.8,12.5,895.8,Weathered Granite,MODERATE_RISK
9,11.568,76.1262,889.6,10.8,43.1,51.1,17.4,74.8,7.2,973.5,Residual Soil,SAFE
3,9.6839,76.9162,843.1,37.6,56.3,53.0,17.9,46.1,25.8,933.9,Colluvium,MODERATE_RISK
6,10.1591,77.0158,1782.9,51.5,176.44,85.1,19.3,65.2,27.7,878.4,Weathered Granite,HIGH_RISK
5,12.4382,75.7475,1198.0,13.5,39.8,49.8,19.2,63.6,24.0,904.8,Clay Loam,SAFE
9,32.2492,77.1735,2036.3,33.4,48.9,65.4,23.0,90.1,30.5,955.3,Colluvium,MODERATE_RISK
9,11.5674,76.1403,853.5,41.9,136.29,87.1,17.2,84.1,8.7,936.2,Colluvium,HIGH_RISK
10,32.241,77.1973,2100.3,36.7,48.0,66.4,24.1,72.1,6.7,977.6,Colluvium,MODERATE_RISK
2,17.9175,73.6537,1351.9,37.4,44.33,69.6,16.3,47.9,33.5,950.8,Laterite,MODERATE_RISK
9,26.1786,91.6991,457.3,9.9,42.3,41.5,29.0,80.4,31.7,993.4,Weathered Granite,SAFE
2,26.8783,88.187,1664.3,36.7,55.5,52.8,24.2,81.1,5.1,874.2,Laterite,MODERATE_RISK
9,26.1786,91.7089,495.9,27.4,55.9,66.5,18.2,93.2,19.0,906.2,Laterite,MODERATE_RISK
6,10.1808,77.0267,1838.8,53.1,178.4,89.7,19.3,71.2,34.8,935.3,Weathered Granite,HIGH_RISK
3,11.3875,76.6954,1944.2,40.2,134.0,88.8,17.5,80.4,15.2,891.9,Weathered Granite,HIGH_RISK
8,11.5386,76.1425,995.5,42.2,17.5,47.9,17.9,96.4,23.3,947.9,Colluvium,SAFE
8,26.1514,91.714,465.8,32.8,14.8,16.2,13.6,45.5,26.9,996.4,Clay Loam,SAFE
9,9.6948,76.9154,785.3,38.3,127.1,83.6,13.7,71.6,21.3,913.1,Laterite,HIGH_RISK
4,10.1538,77.0158,1787.8,45.1,11.28,35.3,17.7,63.2,22.0,922.0,Weathered Granite,SAFE
3,10.1628,77.0224,1587.2,47.4,9.0,47.1,18.9,73.5,6.4,932.4,Colluvium,SAFE
5,26.8858,88.1635,1670.5,40.0,137.0,91.3,22.7,62.7,7.2,1001.7,Laterite,HIGH_RISK
3,32.2422,77.2057,1998.3,35.8,56.3,49.0,17.7,87.3,15.4,860.7,Colluvium,MODERATE_RISK
4,31.1119,77.1556,2276.7,45.9,184.03,80.0,24.9,88.3,30.4,949.0,Clay Loam,HIGH_RISK
5,11.354,76.8092,1857.9,5.0,30.8,33.0,23.2,96.2,26.9,905.6,Colluvium,SAFE
7,32.2442,77.1718,2099.9,42.8,4.7,47.9,16.0,96.3,17.8,971.4,Colluvium,SAFE
7,26.8805,88.1658,1687.2,36.1,13.5,11.7,23.3,55.4,20.5,966.2,Laterite,SAFE
4,11.5174,76.1454,1048.1,33.0,33.2,59.6,13.5,81.9,14.0,927.5,Weathered Granite,MODERATE_RISK
8,11.3907,76.7091,1896.1,17.9,38.83,18.3,19.4,97.6,13.5,963.1,Laterite,SAFE
9,26.1468,91.6819,433.0,31.0,7.65,33.0,18.9,70.4,25.6,1011.6,Clay Loam,SAFE
5,10.1773,77.023,1833.4,34.0,44.11,70.1,27.4,96.2,33.9,904.0,Weathered Granite,MODERATE_RISK
9,26.8699,88.1981,1698.5,37.5,16.1,36.6,25.0,54.6,9.5,953.9,Laterite,SAFE
9,11.4255,76.112,792.9,11.2,30.41,26.3,16.6,73.7,25.9,977.1,Colluvium,SAFE
10,26.1674,91.6927,496.8,30.8,51.9,65.3,21.8,96.6,13.9,937.5,Colluvium,MODERATE_RISK
10,32.2592,77.1712,2059.6,48.6,11.83,31.4,17.3,65.0,13.4,961.4,Colluvium,SAFE
1,31.112,77.1687,2265.4,49.0,13.59,20.2,16.6,59.2,26.7,964.3,Clay Loam,SAFE
1,11.3734,76.7063,1937.0,38.0,53.6,51.9,22.1,58.9,9.2,857.7,Weathered Granite,MODERATE_RISK
7,26.9003,88.199,1734.3,33.9,7.59,28.1,15.5,68.2,12.6,946.5,Laterite,SAFE
10,31.1145,77.162,2272.3,48.8,16.12,13.7,27.5,59.8,27.8,892.9,Clay Loam,SAFE
2,11.5354,76.1311,1021.4,11.0,29.43,60.6,19.5,45.1,7.2,943.1,Clay Loam,SAFE
7,10.1816,77.0117,1733.7,15.6,43.7,56.5,22.8,82.3,33.4,928.9,Residual Soil,SAFE
5,26.881,88.1638,1689.9,6.8,28.6,59.5,20.8,97.0,17.6,908.5,Sandy Loam,SAFE
7,17.9643,73.5987,602.3,16.0,47.3,23.5,14.6,67.1,30.4,963.2,Laterite,SAFE
2,26.8696,88.1649,1714.7,36.4,182.77,84.8,21.1,53.2,27.9,953.9,Laterite,HIGH_RISK
4,10.1381,77.0082,1695.2,40.2,11.9,26.4,24.3,64.4,29.8,874.8,Colluvium,SAFE
1,11.342,76.8089,1884.5,40.7,174.35,82.7,23.7,62.3,29.1,921.4,Weathered Granite,HIGH_RISK
2,11.5439,76.1316,925.5,43.5,136.8,89.6,18.4,92.0,24.1,944.5,Colluvium,HIGH_RISK
5,11.5346,76.1413,1025.8,36.0,57.3,63.5,22.6,79.8,11.1,970.2,Colluvium,MODERATE_RISK
10,31.0933,77.1658,2270.2,47.6,165.5,85.6,21.5,96.8,7.6,898.9,Clay Loam,HIGH_RISK
9,10.169,77.0338,1658.5,36.9,52.8,66.1,14.9,45.6,5.5,964.6,Laterite,MODERATE_RISK
10,9.6767,76.93,865.9,17.3,31.46,43.6,23.6,60.6,21.5,997.1,Weathered Granite,SAFE
4,30.5391,79.5545,1907.0,36.0,56.4,54.3,21.0,45.7,18.6,929.6,Weathered Granite,MODERATE_RISK
3,10.1466,77.0219,1684.1,45.9,11.6,29.5,22.8,80.6,9.5,991.9,Colluvium,SAFE
8,10.1678,77.0233,1810.8,37.8,49.7,64.3,12.2,91.5,22.5,951.2,Weathered Granite,MODERATE_RISK
3,31.0975,77.173,2285.1,48.4,117.43,81.2,22.8,71.6,16.6,978.3,Clay Loam,HIGH_RISK
7,11.5312,76.1394,1066.7,53.3,77.06,87.5,17.8,67.5,25.2,819.4,Weathered Granite,HIGH_RISK
3,12.4297,75.7267,1164.9,7.3,40.7,43.3,30.3,65.4,31.6,1004.4,Residual Soil,SAFE
6,17.9583,73.5827,581.0,46.9,9.1,30.2,19.1,66.1,13.5,1012.3,Colluvium,SAFE
9,11.371,76.7033,1871.5,39.9,12.04,22.5,24.6,84.1,24.2,1021.1,Weathered Granite,SAFE
1,17.959,73.5756,618.0,46.6,16.5,25.5,15.6,47.6,11.0,1027.7,Colluvium,SAFE
5,12.4339,75.7476,1159.9,41.9,14.1,31.3,19.0,61.5,22.3,891.7,Residual Soil,SAFE
6,11.5393,76.117,928.2,34.1,37.18,54.5,17.0,80.1,12.4,952.6,Colluvium,MODERATE_RISK
4,10.1327,77.0232,1609.3,36.9,50.66,68.3,23.1,90.9,31.6,923.5,Colluvium,MODERATE_RISK
2,10.1721,77.0345,1782.2,53.1,181.01,93.0,15.5,45.3,24.1,933.3,Weathered Granite,HIGH_RISK
3,17.9348,73.59,568.2,14.2,37.5,40.5,22.6,45.6,22.6,944.1,Sandy Loam,SAFE
10,32.248,77.1994,2037.3,45.4,87.67,87.6,19.5,88.6,24.0,948.1,Colluvium,HIGH_RISK
10,26.1856,91.7146,441.2,38.3,179.03,91.5,22.4,64.7,30.8,964.8,Colluvium,HIGH_RISK
7,11.4031,76.1003,826.7,38.4,16.34,29.0,16.8,82.6,15.0,979.6,Laterite,SAFE
9,30.5632,79.553,1898.2,37.7,46.97,61.8,18.6,94.4,21.2,852.7,Weathered Granite,MODERATE_RISK
1,17.9679,73.5934,643.0,44.5,109.62,89.8,25.9,90.6,20.8,938.1,Colluvium,HIGH_RISK
4,30.5668,79.549,1839.8,35.4,50.11,66.3,23.9,58.8,13.6,954.8,Weathered Granite,MODERATE_RISK
4,11.5491,76.138,953.1,4.1,36.5,55.8,19.6,64.7,25.1,988.0,Laterite,SAFE
1,11.3968,76.7272,1923.3,36.1,47.36,68.3,10.3,95.4,22.7,942.5,Weathered Granite,MODERATE_RISK
1,26.8908,88.2022,1742.7,16.0,5.4,54.1,26.1,96.3,12.7,857.8,Weathered Granite,SAFE
3,17.9608,73.5897,662.9,14.6,24.3,30.8,20.4,77.3,10.6,904.2,Colluvium,SAFE
8,32.224,77.1914,2071.1,42.5,154.8,92.2,23.7,95.7,28.7,1010.2,Colluvium,HIGH_RISK
1,17.9234,73.672,1392.8,39.3,126.56,95.9,22.2,73.5,33.4,933.2,Laterite,HIGH_RISK
2,11.4067,76.0854,845.0,33.8,148.28,88.5,24.2,46.5,27.3,960.5,Laterite,HIGH_RISK
5,9.6647,76.9301,839.9,39.4,128.4,85.1,20.6,91.9,15.2,931.3,Laterite,HIGH_RISK
6,30.5627,79.5491,1857.2,29.3,57.9,66.7,18.8,54.4,13.3,949.4,Weathered Granite,MODERATE_RISK
4,11.3589,76.8,1828.9,40.8,10.8,40.5,14.4,90.6,33.8,990.3,Weathered Granite,SAFE
9,11.3451,76.8047,1831.0,36.9,46.6,58.2,22.1,81.1,5.0,887.5,Colluvium,MODERATE_RISK
10,31.0982,77.1544,2308.7,49.1,5.33,29.1,17.7,92.6,20.5,930.6,Clay Loam,SAFE
5,10.1611,77.0129,1655.0,48.8,171.49,77.5,17.3,73.7,26.5,957.2,Colluvium,HIGH_RISK
8,10.1601,77.0152,1724.3,50.9,77.2,93.2,21.3,54.0,17.4,944.0,Weathered Granite,HIGH_RISK
2,11.5165,76.1166,980.8,37.8,41.09,64.2,26.5,88.6,33.9,935.3,Colluvium,MODERATE_RISK
8,10.1509,77.0185,1793.2,36.4,39.3,67.3,25.4,84.0,9.2,940.1,Weathered Granite,MODERATE_RISK
8,11.5471,76.1168,958.2,8.1,22.8,61.0,13.6,45.8,28.7,926.3,Laterite,SAFE
4,31.118,77.1562,2222.6,52.7,164.07,76.1,16.5,95.1,5.9,940.2,Clay Loam,HIGH_RISK
9,11.562,76.1369,884.0,34.7,55.7,65.5,19.0,85.5,12.7,930.0,Clay Loam,MODERATE_RISK
5,17.9267,73.6567,1380.9,36.0,22.66,50.4,21.7,80.7,23.4,916.9,Laterite,MODERATE_RISK
9,11.3595,76.7973,1913.5,39.4,16.39,22.3,19.0,48.2,21.9,1019.1,Weathered Granite,SAFE
4,11.3975,76.7246,1918.2,39.4,16.06,21.4,20.0,89.1,5.8,971.7,Weathered Granite,SAFE
10,11.54,76.12,930.4,32.5,56.8,60.6,22.3,91.7,32.4,1051.9,Colluvium,MODERATE_RISK
1,10.1475,77.0333,1790.5,37.3,54.7,46.9,14.3,97.0,15.9,952.1,Weathered Granite,MODERATE_RISK
5,17.9454,73.6579,1357.8,42.6,4.7,12.6,20.7,88.1,18.8,939.2,Laterite,SAFE
5,11.5459,76.116,1030.7,8.0,46.0,62.8,19.4,45.8,12.6,963.3,Sandy Loam,SAFE
8,10.1401,77.0299,1664.3,37.7,46.2,60.0,16.7,65.9,12.3,920.3,Colluvium,MODERATE_RISK
5,11.5461,76.1166,999.9,7.8,23.8,62.8,20.1,88.9,20.2,1025.3,Laterite,SAFE
2,9.6938,76.9313,851.4,17.0,25.8,48.2,24.9,61.6,11.9,965.9,Laterite,SAFE
3,12.4159,75.7223,1145.7,9.3,30.8,33.8,20.5,46.4,19.0,928.2,Colluvium,SAFE
6,11.347,76.8027,1831.4,36.9,17.4,29.2,24.6,57.9,13.0,890.3,Weathered Granite,SAFE
9,32.2619,77.2002,2023.2,46.7,173.14,78.2,15.9,86.2,15.7,951.4,Colluvium,HIGH_RISK
5,30.558,79.5814,1860.5,37.3,45.21,60.8,21.3,86.3,31.2,923.3,Weathered Granite,MODERATE_RISK
5,10.1609,77.0094,1789.5,50.7,139.26,83.7,10.4,74.9,24.3,914.5,Weathered Granite,HIGH_RISK
6,30.5454,79.5715,1888.8,36.9,43.2,67.6,14.5,73.7,20.6,1014.8,Weathered Granite,MODERATE_RISK
6,11.3668,76.781,1913.0,11.9,36.14,29.4,17.0,95.1,32.0,1043.3,Clay Loam,SAFE
10,11.5041,76.1638,1010.9,37.4,53.3,69.0,23.3,58.8,19.2,879.9,Weathered Granite,MODERATE_RISK
5,17.9348,73.5899,632.8,45.7,127.4,93.3,18.4,53.4,9.0,928.7,Colluvium,HIGH_RISK
4,11.5481,76.1208,874.2,31.1,57.2,71.0,19.1,72.9,9.0,914.8,Colluvium,MODERATE_RISK
8,17.9341,73.5899,599.7,52.2,177.2,82.8,20.5,90.3,27.9,988.1,Colluvium,HIGH_RISK
9,17.958,73.5954,624.5,36.5,40.7,58.1,13.7,92.5,11.0,971.7,Weathered Granite,MODERATE_RISK
6,9.7019,76.9288,777.1,10.9,24.5,23.0,23.6,64.8,25.1,945.1,Laterite,SAFE
2,10.1437,77.0268,1758.2,36.0,44.33,66.1,22.4,85.9,8.0,969.3,Colluvium,MODERATE_RISK
7,11.3623,76.7867,1819.0,35.3,16.3,36.3,16.6,79.3,28.8,933.3,Weathered Granite,SAFE
9,11.3429,76.7904,1855.7,42.4,125.5,87.0,13.5,48.3,21.8,955.6,Weathered Granite,HIGH_RISK
8,26.1852,91.7173,455.9,35.8,154.99,83.4,16.0,53.6,16.8,952.4,Weathered Granite,HIGH_RISK
8,11.5226,76.1345,1000.2,39.0,11.7,13.5,26.6,81.3,12.7,942.5,Colluvium,SAFE
8,11.3908,76.7251,1927.3,35.6,50.44,59.1,25.8,68.4,14.6,899.1,Weathered Granite,MODERATE_RISK
6,9.6692,76.9279,832.4,34.1,33.44,67.9,19.3,95.3,13.4,962.5,Colluvium,MODERATE_RISK
7,11.5315,76.127,968.1,48.8,139.7,81.5,15.0,86.7,24.2,978.4,Colluvium,HIGH_RISK
8,31.1036,77.1771,2332.1,34.7,55.8,55.6,23.2,94.2,21.0,979.3,Colluvium,MODERATE_RISK
1,11.5629,76.1204,937.1,12.7,36.14,60.8,24.3,82.4,33.1,900.5,Residual Soil,SAFE
3,9.6852,76.92,830.0,34.5,47.6,51.5,25.6,84.1,10.0,939.2,Laterite,MODERATE_RISK
2,11.3392,76.7808,1858.3,40.8,5.4,12.4,19.7,86.6,31.9,898.3,Weathered Granite,SAFE
8,11.5469,76.1307,997.4,34.4,55.8,60.6,10.8,97.5,11.1,946.7,Colluvium,MODERATE_RISK
8,11.4012,76.7247,1952.8,41.7,13.6,33.7,17.8,63.9,8.0,954.2,Weathered Granite,SAFE
10,26.1556,91.7075,440.6,36.0,10.39,23.4,11.5,63.4,16.3,957.5,Clay Loam,SAFE
1,11.3951,76.6993,1894.8,44.4,159.5,78.8,22.9,50.9,5.4,964.1,Weathered Granite,HIGH_RISK
7,17.9204,73.6418,1384.8,39.8,126.01,89.7,19.5,75.7,14.9,925.3,Laterite,HIGH_RISK
1,9.6904,76.9122,817.6,37.2,53.9,48.3,17.9,90.9,6.2,926.7,Laterite,MODERATE_RISK
8,11.5322,76.1479,983.5,28.8,44.94,63.7,19.2,92.4,22.2,957.7,Colluvium,MODERATE_RISK
3,11.5339,76.1529,1036.1,37.8,54.4,63.8,19.7,85.6,27.6,985.9,Weathered Granite,MODERATE_RISK
3,11.4255,76.1104,806.4,7.5,19.7,51.2,16.5,62.7,29.5,922.1,Residual Soil,SAFE
2,32.2597,77.1814,2068.0,51.9,136.3,73.6,22.7,47.7,24.9,934.8,Colluvium,HIGH_RISK
9,10.1361,77.0274,1659.4,42.2,126.0,83.8,17.3,71.5,26.1,938.2,Colluvium,HIGH_RISK
1,11.5384,76.1408,922.1,27.6,57.8,57.5,19.7,91.7,34.9,875.1,Colluvium,MODERATE_RISK
8,17.9736,73.5921,602.5,44.6,17.4,14.8,20.0,89.2,21.0,946.4,Colluvium,SAFE
6,26.8927,88.202,1671.0,38.1,12.4,47.2,19.4,81.7,5.3,880.9,Laterite,SAFE
10,17.9344,73.5661,609.7,37.0,55.7,59.4,16.2,60.3,16.0,953.2,Colluvium,MODERATE_RISK
4,31.0894,77.1724,2264.4,46.5,10.84,31.4,20.8,47.6,13.9,947.6,Clay Loam,SAFE
10,32.2342,77.2064,2014.9,31.3,56.1,67.8,20.0,94.4,25.8,877.0,Colluvium,MODERATE_RISK
1,17.9183,73.6438,1364.4,13.9,41.47,61.7,18.6,61.1,25.3,940.6,Laterite,SAFE
4,11.5443,76.1519,1022.1,39.8,157.19,81.3,16.0,95.3,27.6,915.6,Colluvium,HIGH_RISK
2,26.8886,88.1743,1693.6,37.3,50.1,55.3,22.6,48.4,23.8,965.8,Laterite,MODERATE_RISK
4,11.3923,76.09,703.6,33.6,8.9,43.9,18.9,86.4,16.4,954.2,Laterite,SAFE
5,12.4112,75.7186,1166.2,41.9,142.9,85.3,17.0,55.5,32.3,983.2,Residual Soil,HIGH_RISK
1,10.1634,77.0136,1687.9,49.8,87.0,93.1,24.4,93.0,25.4,1039.0,Colluvium,HIGH_RISK
7,11.5683,76.1178,940.2,35.8,45.4,57.3,24.7,80.9,29.2,971.9,Weathered Granite,MODERATE_RISK
1,11.4204,76.1204,722.5,34.1,8.0,27.3,30.6,53.6,11.6,968.2,Laterite,SAFE
1,32.2265,77.1727,2094.7,41.3,123.5,89.1,23.4,67.3,28.6,1037.8,Colluvium,HIGH_RISK
7,11.5693,76.1235,902.4,17.9,25.69,36.1,21.9,82.2,27.5,1006.3,Residual Soil,SAFE
6,11.5555,76.1317,931.6,45.5,125.5,77.9,21.6,71.8,13.5,911.1,Colluvium,HIGH_RISK
9,31.118,77.189,2296.7,51.2,12.9,43.7,16.6,48.3,17.6,988.6,Clay Loam,SAFE
8,9.6854,76.909,852.5,47.3,148.72,73.4,26.9,47.0,32.7,945.0,Laterite,HIGH_RISK
9,11.3726,76.784,1822.1,41.9,107.75,84.5,12.8,63.0,31.2,919.2,Colluvium,HIGH_RISK
3,31.1048,77.1613,2297.3,11.4,22.4,37.8,24.1,69.4,7.6,907.5,Sandy Loam,SAFE
9,11.3727,76.8002,1876.4,40.9,113.7,93.6,20.9,88.6,5.5,907.6,Weathered Granite,HIGH_RISK
1,11.3893,76.6966,1938.5,31.2,44.77,70.1,18.8,91.4,14.4,901.1,Weathered Granite,MODERATE_RISK
7,11.4212,76.1044,771.7,37.4,44.3,66.0,22.7,49.1,11.5,910.1,Laterite,MODERATE_RISK
4,11.3976,76.0987,830.9,32.1,117.1,92.4,21.0,70.3,31.6,958.5,Laterite,HIGH_RISK
9,11.3567,76.7933,1864.8,34.8,176.5,86.6,29.0,83.4,18.2,984.0,Weathered Granite,HIGH_RISK
10,11.4289,76.0986,770.3,43.3,146.0,92.1,21.0,92.8,33.6,896.0,Laterite,HIGH_RISK
10,10.1659,77.0104,1736.9,55.1,126.06,87.1,21.0,65.2,28.7,911.1,Weathered Granite,HIGH_RISK
9,11.3477,76.7843,1880.2,37.6,54.8,66.7,19.3,92.8,22.9,1030.4,Weathered Granite,MODERATE_RISK
5,11.3708,76.7994,1867.8,37.3,156.92,87.3,19.9,55.5,12.1,960.4,Weathered Granite,HIGH_RISK
4,10.1625,77.0032,1636.6,41.9,12.93,15.6,26.4,57.7,23.6,972.0,Colluvium,SAFE
6,32.2491,77.1706,2051.0,45.9,172.5,92.6,12.6,86.1,5.8,985.4,Colluvium,HIGH_RISK
4,11.552,76.1269,980.2,38.1,157.9,82.8,19.4,97.4,14.8,966.9,Weathered Granite,HIGH_RISK
3,11.5398,76.1429,983.4,38.0,34.65,56.6,26.1,81.6,32.7,972.5,Colluvium,MODERATE_RISK
8,11.3729,76.7892,1866.3,37.0,45.9,67.1,24.5,51.0,31.1,1079.7,Weathered Granite,MODERATE_RISK
2,17.9287,73.6591,1343.1,36.5,55.6,71.7,20.5,76.4,25.3,938.3,Laterite,MODERATE_RISK
9,11.4175,76.0898,759.7,36.0,53.5,62.7,24.1,51.1,24.8,974.8,Laterite,MODERATE_RISK
2,11.5284,76.1244,1008.9,6.2,31.8,16.3,26.5,64.3,11.5,948.9,Weathered Granite,SAFE
6,17.9558,73.5763,618.1,46.8,168.58,94.6,26.4,75.0,16.4,942.3,Colluvium,HIGH_RISK
6,32.2415,77.2069,2073.2,43.5,9.6,20.2,22.5,59.4,19.1,929.9,Colluvium,SAFE
6,26.8735,88.1916,1706.2,37.9,43.0,55.4,17.3,88.8,33.9,937.3,Laterite,MODERATE_RISK
2,11.3388,76.7835,1895.7,41.3,124.03,87.6,23.1,97.7,8.9,966.8,Weathered Granite,HIGH_RISK
9,11.3386,76.8045,1803.8,38.4,177.87,95.8,11.1,56.3,7.4,948.8,Weathered Granite,HIGH_RISK
8,17.9487,73.5964,613.3,52.0,165.39,77.7,22.7,49.8,33.1,907.3,Colluvium,HIGH_RISK
5,11.5731,76.1103,947.8,17.2,11.9,23.5,26.4,64.0,6.7,988.7,Clay Loam,SAFE
6,11.3805,76.7278,1969.0,36.5,33.5,47.6,20.9,97.4,20.3,904.7,Weathered Granite,MODERATE_RISK
2,17.9594,73.6017,608.9,45.7,3.9,10.5,17.2,54.3,31.0,978.3,Colluvium,SAFE
6,11.5461,76.1141,965.8,37.4,48.2,58.3,27.4,95.4,12.6,923.0,Colluvium,MODERATE_RISK
6,26.1834,91.7059,466.8,31.0,12.0,43.7,17.0,83.0,14.7,963.5,Clay Loam,SAFE
9,12.405,75.7244,1154.0,36.2,17.7,20.1,14.7,90.3,26.0,958.9,Residual Soil,SAFE
4,17.9447,73.5789,585.4,11.1,35.5,25.4,26.5,46.1,28.8,903.9,Clay Loam,SAFE
10,11.4025,76.1203,764.7,8.5,17.4,26.4,25.5,68.8,8.1,966.1,Clay Loam,SAFE
10,11.3974,76.7239,1940.8,41.0,11.94,16.8,21.2,68.7,18.1,944.4,Weathered Granite,SAFE
7,26.8849,88.1797,1696.9,30.6,17.0,10.8,15.1,87.2,12.8,1010.2,Laterite,SAFE
1,17.9629,73.5822,573.0,17.7,16.6,64.7,13.8,83.9,19.9,996.4,Laterite,SAFE
6,10.1758,77.0208,1810.9,48.5,117.2,81.2,25.3,46.0,15.4,989.8,Weathered Granite,HIGH_RISK
6,32.2256,77.1965,2025.1,34.0,55.2,66.4,13.7,93.3,5.6,964.9,Colluvium,MODERATE_RISK
7,30.5582,79.5735,1856.1,34.4,45.8,59.2,20.2,90.7,30.9,930.5,Weathered Granite,MODERATE_RISK
7,10.171,77.0392,1842.3,55.7,135.74,73.3,16.2,91.2,21.7,921.1,Weathered Granite,HIGH_RISK
8,12.4341,75.728,1120.1,37.7,3.8,24.2,25.7,90.3,33.6,936.2,Residual Soil,SAFE
4,26.8938,88.1823,1699.3,7.7,33.28,17.6,17.2,84.9,31.0,979.7,Weathered Granite,SAFE
7,17.9475,73.5883,616.6,10.2,40.0,41.0,21.8,48.0,10.1,1019.0,Residual Soil,SAFE
8,10.1594,77.0081,1734.1,46.3,157.36,85.0,22.4,59.6,20.9,942.6,Weathered Granite,HIGH_RISK
3,11.5192,76.1385,1010.8,12.1,44.1,52.3,21.4,58.5,5.8,917.7,Colluvium,SAFE
10,12.4278,75.7332,1229.8,37.6,17.8,36.2,26.6,83.6,26.1,976.3,Residual Soil,SAFE
10,11.3958,76.0943,800.2,37.8,25.58,61.3,16.5,90.7,23.4,931.4,Laterite,MODERATE_RISK
6,12.4069,75.7239,1122.7,14.2,44.6,47.7,21.2,86.3,11.1,941.2,Residual Soil,SAFE
3,11.3912,76.7257,1906.9,37.5,106.65,90.4,18.1,73.4,5.6,894.0,Weathered Granite,HIGH_RISK
4,9.6935,76.9156,842.1,41.7,2.2,32.0,18.2,95.2,16.0,922.7,Laterite,SAFE
3,11.3997,76.1103,775.7,34.1,11.1,23.5,21.2,88.1,20.6,982.5,Laterite,SAFE
10,11.5235,76.149,980.9,37.1,48.13,68.1,28.1,66.9,12.0,924.0,Colluvium,MODERATE_RISK
1,11.4132,76.0952,770.4,16.4,16.7,54.1,16.5,67.7,6.6,945.1,Colluvium,SAFE
4,11.3781,76.708,1874.1,32.5,44.94,59.4,16.8,81.9,28.0,911.3,Colluvium,MODERATE_RISK
7,10.1477,77.0101,1839.1,14.1,34.98,22.3,19.5,72.9,27.0,967.4,Sandy Loam,SAFE
4,10.1558,77.0198,1786.7,46.9,13.4,43.0,24.2,68.2,26.8,993.1,Weathered Granite,SAFE
8,10.1416,77.0175,1613.2,46.4,107.91,78.5,17.3,74.4,25.1,955.1,Colluvium,HIGH_RISK
9,11.3948,76.7181,1889.1,4.9,33.61,21.7,24.6,71.3,33.3,920.5,Clay Loam,SAFE
4,11.5597,76.122,927.0,37.6,11.4,14.0,19.6,71.4,15.4,983.3,Colluvium,SAFE
5,17.9478,73.5959,598.9,34.8,48.13,56.2,23.6,95.9,18.1,996.7,Colluvium,MODERATE_RISK
5,9.6975,76.9252,845.3,41.2,6.5,14.3,22.2,64.0,19.5,973.1,Laterite,SAFE
2,11.5514,76.1447,894.5,31.4,43.1,66.9,23.0,96.0,13.4,983.4,Colluvium,MODERATE_RISK
2,11.5467,76.1123,990.4,35.8,50.77,62.8,18.8,86.7,23.5,992.2,Colluvium,MODERATE_RISK
1,11.4091,76.1184,798.7,34.7,40.5,57.5,21.5,92.5,33.4,961.2,Laterite,MODERATE_RISK
7,11.5118,76.1534,1040.8,45.3,125.73,80.6,20.5,53.1,23.6,1005.9,Weathered Granite,HIGH_RISK
10,31.1026,77.1881,2292.4,17.2,32.18,51.6,16.3,89.4,33.3,948.8,Laterite,SAFE
8,31.0995,77.1918,2243.8,35.6,52.6,53.1,23.2,81.9,8.6,930.5,Laterite,MODERATE_RISK
5,31.1003,77.191,2252.8,52.7,86.1,93.0,25.3,96.8,21.4,936.8,Clay Loam,HIGH_RISK
5,17.916,73.6394,1352.7,32.9,14.5,12.2,28.0,55.1,21.1,948.3,Laterite,SAFE
7,11.4091,76.1063,772.0,34.5,16.5,18.0,18.2,66.3,24.4,959.0,Laterite,SAFE
3,10.1626,77.0194,1774.4,49.9,181.23,72.8,22.6,57.4,31.6,939.5,Weathered Granite,HIGH_RISK
1,10.1487,77.0304,1738.4,33.5,42.5,66.8,20.4,86.0,11.0,1013.9,Weathered Granite,MODERATE_RISK
1,11.5244,76.1357,1062.6,47.6,12.49,47.2,25.2,66.0,12.1,885.7,Weathered Granite,SAFE
6,10.1317,77.0237,1684.7,46.9,113.41,81.9,20.4,78.1,27.7,929.1,Clay Loam,HIGH_RISK
10,11.349,76.805,1834.5,7.5,34.1,33.5,22.0,64.9,6.3,952.9,Laterite,SAFE
4,32.241,77.203,2054.6,48.4,160.0,95.4,17.4,60.7,14.9,1022.6,Colluvium,HIGH_RISK
3,32.2369,77.1952,2018.1,33.4,51.8,70.4,22.6,85.3,19.9,922.2,Colluvium,MODERATE_RISK
2,9.7025,76.9096,834.8,37.0,39.6,46.4,25.2,84.5,15.0,962.2,Laterite,MODERATE_RISK
7,9.6878,76.9216,813.6,39.8,118.2,88.2,18.5,77.5,21.9,1031.1,Colluvium,HIGH_RISK
6,11.5352,76.1337,957.1,14.4,26.07,26.8,16.4,51.4,14.9,897.2,Sandy Loam,SAFE
8,11.5638,76.1271,911.0,35.2,49.2,51.1,17.6,91.5,10.1,972.1,Colluvium,MODERATE_RISK
6,32.2435,77.1801,2031.7,36.3,46.9,53.5,19.6,89.6,7.4,867.1,Colluvium,MODERATE_RISK
1,9.6683,76.9103,870.0,37.7,133.87,76.3,25.7,74.5,21.0,933.7,Laterite,HIGH_RISK
8,10.1776,77.0133,1726.0,25.0,57.2,68.7,18.5,83.1,20.0,966.8,Weathered Granite,MODERATE_RISK
4,11.3658,76.7155,1954.4,14.0,30.36,48.2,8.6,45.4,17.7,931.9,Weathered Granite,SAFE
2,11.5084,76.1585,1032.9,36.2,48.13,53.0,20.0,70.6,5.3,898.1,Weathered Granite,MODERATE_RISK
3,10.1601,77.0327,1670.9,50.1,101.2,85.5,25.9,63.0,20.7,905.8,Colluvium,HIGH_RISK
8,11.3776,76.7187,1852.9,44.7,138.22,75.4,23.4,61.7,24.8,886.1,Clay Loam,HIGH_RISK
1,10.1467,77.0117,1764.4,44.1,135.47,85.6,20.1,72.8,11.9,1002.5,Weathered Granite,HIGH_RISK
5,11.3531,76.7849,1884.3,7.2,45.9,35.3,24.1,64.0,31.4,1004.0,Sandy Loam,SAFE
1,31.1014,77.166,2245.8,37.2,44.8,54.1,17.9,87.9,10.6,921.4,Laterite,MODERATE_RISK
3,12.4046,75.7498,1201.7,33.6,8.75,45.1,17.0,95.1,34.3,944.2,Residual Soil,SAFE
1,9.6648,76.9319,796.8,39.5,15.0,30.1,18.5,69.8,22.9,946.9,Laterite,SAFE
2,12.4117,75.7374,1169.4,8.0,45.7,53.2,22.1,74.3,29.7,913.7,Colluvium,SAFE
7,11.5254,76.1531,1058.5,47.6,119.4,79.3,19.3,54.8,10.4,940.0,Laterite,HIGH_RISK
7,26.9086,88.1662,1704.7,32.6,3.74,45.4,20.9,89.9,28.8,936.9,Laterite,SAFE
10,31.0943,77.1727,2262.5,52.5,133.1,72.9,27.6,48.2,6.5,968.3,Colluvium,HIGH_RISK
4,26.906,88.1829,1718.2,9.9,39.0,40.7,15.6,66.5,29.8,951.9,Weathered Granite,SAFE
4,10.1547,77.0054,1776.9,5.8,24.86,25.2,14.0,47.0,20.2,914.0,Laterite,SAFE
1,17.9496,73.5639,587.7,8.8,35.97,54.8,20.1,89.6,21.5,943.4,Weathered Granite,SAFE
6,32.2498,77.1896,2040.4,42.7,3.85,29.0,22.3,51.6,27.7,878.8,Colluvium,SAFE
6,32.2256,77.2062,2069.6,4.8,39.7,53.6,18.7,85.5,14.4,993.7,Laterite,SAFE
9,11.5374,76.1437,1003.2,36.3,53.3,53.9,27.5,83.1,15.1,974.0,Colluvium,MODERATE_RISK
10,12.4111,75.7508,1186.6,13.7,36.6,63.5,22.5,96.2,34.0,943.7,Colluvium,SAFE
8,11.366,76.7072,1913.2,35.2,43.2,70.4,14.5,82.7,12.2,937.9,Weathered Granite,MODERATE_RISK
4,12.4282,75.7414,1152.2,5.9,29.6,24.6,24.3,56.4,22.2,912.9,Colluvium,SAFE
1,32.2473,77.1808,2070.8,48.8,132.06,92.4,23.4,50.7,15.8,926.5,Colluvium,HIGH_RISK
9,9.6648,76.9101,835.6,45.3,175.84,88.1,24.0,81.5,29.8,961.9,Laterite,HIGH_RISK
8,9.6973,76.9158,746.1,40.0,129.4,92.1,19.7,64.4,28.0,944.5,Laterite,HIGH_RISK
2,11.3389,76.8131,1840.1,34.7,46.64,69.0,17.4,87.5,33.4,989.5,Weathered Granite,MODERATE_RISK
7,11.5472,76.1144,942.0,36.7,155.5,89.6,20.8,45.9,28.0,939.8,Colluvium,HIGH_RISK
3,11.3948,76.0953,775.1,13.1,27.3,16.5,26.7,77.1,16.8,962.2,Laterite,SAFE
5,17.9618,73.5935,562.6,45.3,14.8,27.2,17.7,45.7,28.9,904.2,Colluvium,SAFE
10,11.3982,76.1082,756.7,38.9,17.1,40.6,14.4,51.1,14.0,940.8,Laterite,SAFE
6,11.3461,76.792,1844.1,37.9,56.1,62.8,15.4,68.5,24.9,974.7,Weathered Granite,MODERATE_RISK
5,11.556,76.1449,893.2,36.9,54.8,68.9,23.9,82.2,23.1,886.0,Clay Loam,MODERATE_RISK
10,11.3951,76.7074,1955.9,40.9,122.27,82.8,18.4,70.0,26.7,932.4,Weathered Granite,HIGH_RISK
6,11.4021,76.1003,746.4,31.3,12.76,22.6,13.1,50.0,8.4,921.9,Laterite,SAFE
1,11.5448,76.1259,907.7,45.4,171.27,71.8,20.8,71.7,9.0,1015.8,Colluvium,HIGH_RISK
10,11.5211,76.1418,1065.7,37.8,55.1,59.5,15.2,75.5,29.8,934.7,Weathered Granite,MODERATE_RISK
10,31.1044,77.1637,2267.4,53.8,133.93,87.1,25.0,78.8,19.4,999.8,Clay Loam,HIGH_RISK
8,11.5373,76.1304,939.9,37.0,56.0,71.4,22.0,64.9,29.9,941.2,Colluvium,MODERATE_RISK
5,11.534,76.1275,1117.4,49.8,168.25,85.5,20.0,55.1,32.1,993.4,Weathered Granite,HIGH_RISK
9,11.3655,76.8033,1868.1,37.0,12.32,26.6,24.2,45.3,19.0,879.7,Weathered Granite,SAFE
4,10.158,77.0139,1592.3,47.3,14.5,44.2,13.7,58.7,6.2,1003.2,Colluvium,SAFE
3,10.1432,77.04,1756.1,47.8,137.1,95.9,18.4,87.6,8.3,921.2,Laterite,HIGH_RISK
9,11.521,76.1226,967.5,48.4,143.2,76.0,20.8,56.9,19.5,885.7,Colluvium,HIGH_RISK
7,17.9711,73.59,598.7,36.2,55.7,67.8,19.1,88.5,33.7,964.1,Colluvium,MODERATE_RISK
2,32.2514,77.2011,2061.8,45.2,127.71,80.7,17.8,72.7,10.9,944.7,Colluvium,HIGH_RISK
6,11.5538,76.1323,893.4,42.8,133.54,90.1,19.2,63.2,25.0,997.2,Colluvium,HIGH_RISK
8,17.9178,73.669,1390.0,34.1,48.4,53.2,27.6,89.0,22.8,962.3,Laterite,MODERATE_RISK
7,12.4437,75.7362,1112.7,32.1,15.18,23.6,21.6,80.6,28.0,1056.4,Residual Soil,SAFE
10,11.5089,76.1265,1079.8,36.6,50.71,64.9,20.0,92.0,33.3,953.6,Weathered Granite,MODERATE_RISK
3,11.3664,76.7268,1932.8,37.7,47.1,65.7,23.8,53.7,33.4,931.6,Weathered Granite,MODERATE_RISK
5,11.34,76.799,1826.0,33.9,13.6,44.6,26.3,47.1,32.3,913.0,Weathered Granite,SAFE
2,10.1695,77.0242,1677.9,48.7,115.5,70.3,21.9,90.6,15.0,970.8,Colluvium,HIGH_RISK
10,11.3522,76.811,1897.2,17.0,46.9,49.7,25.3,53.4,18.6,997.3,Sandy Loam,SAFE
1,17.9549,73.5682,587.8,10.7,42.1,64.6,24.1,49.6,6.1,1015.2,Laterite,SAFE
10,26.8996,88.1633,1727.9,6.4,11.6,16.2,16.8,96.5,10.1,1043.1,Laterite,SAFE
1,10.1494,77.0332,1677.8,6.8,18.43,28.3,28.8,58.2,15.3,957.7,Sandy Loam,SAFE
7,9.6718,76.9131,837.3,36.9,44.05,70.2,10.6,53.1,16.7,961.4,Laterite,MODERATE_RISK
1,26.1799,91.6989,460.0,34.9,116.1,94.6,20.0,92.1,21.2,958.5,Laterite,HIGH_RISK
2,26.9005,88.1747,1724.2,40.3,111.1,73.7,16.4,91.5,11.2,936.3,Weathered Granite,HIGH_RISK
3,11.3981,76.7277,1938.9,16.1,42.5,45.5,20.1,67.3,16.8,921.9,Weathered Granite,SAFE
3,12.4219,75.7324,1207.9,12.4,49.8,17.0,23.8,86.0,30.9,1029.9,Colluvium,SAFE
3,26.8913,88.1894,1745.6,35.7,54.2,47.6,13.7,84.8,11.0,966.5,Laterite,MODERATE_RISK
3,11.5346,76.1311,1035.2,36.5,50.7,65.1,28.5,80.1,6.1,1021.0,Weathered Granite,MODERATE_RISK
7,31.0974,77.166,2284.8,46.6,155.2,80.7,17.6,95.3,7.9,961.4,Clay Loam,HIGH_RISK
9,31.0994,77.1867,2239.6,46.4,12.87,20.6,19.9,82.4,30.0,890.3,Clay Loam,SAFE
1,17.9374,73.6669,1371.1,36.3,14.7,16.8,18.4,92.4,10.8,954.3,Laterite,SAFE
9,11.5705,76.1283,925.3,6.4,12.7,57.2,18.4,47.6,30.0,926.8,Clay Loam,SAFE
1,17.9413,73.5694,552.7,49.8,97.19,84.2,18.7,77.8,28.7,978.8,Colluvium,HIGH_RISK
2,31.1042,77.1886,2233.7,10.3,49.0,60.9,22.7,46.3,11.7,971.1,Clay Loam,SAFE
3,11.4039,76.1013,786.3,36.9,51.4,69.5,16.8,76.9,11.3,949.0,Laterite,MODERATE_RISK
3,11.5222,76.1369,1058.3,37.8,54.7,68.7,20.9,93.9,25.7,849.2,Clay Loam,MODERATE_RISK
10,17.9411,73.5725,613.7,13.3,35.37,48.3,22.8,95.1,18.9,998.4,Residual Soil,SAFE
2,32.259,77.2009,2070.5,42.8,11.4,41.5,18.5,56.8,22.3,962.8,Colluvium,SAFE
2,26.1734,91.6881,460.4,15.5,31.6,57.5,24.6,61.0,27.4,976.0,Sandy Loam,SAFE
5,32.2586,77.1811,2086.5,44.9,6.0,21.9,17.9,88.0,25.6,990.5,Colluvium,SAFE
4,11.3439,76.7796,1867.8,33.9,48.29,61.0,23.4,97.8,30.8,872.7,Colluvium,MODERATE_RISK
6,17.9395,73.6546,1394.3,44.1,133.4,87.4,14.9,95.4,18.2,892.2,Laterite,HIGH_RISK
8,26.8778,88.1903,1696.7,33.6,12.7,30.6,16.2,71.1,16.4,929.8,Laterite,SAFE
2,11.4139,76.0997,790.1,40.6,146.47,91.5,19.2,49.9,25.0,973.8,Laterite,HIGH_RISK
10,30.5616,79.5713,1876.6,43.0,13.86,21.8,14.7,82.9,34.2,942.2,Weathered Granite,SAFE
4,11.5115,76.1649,1056.8,49.6,179.3,76.5,17.5,62.3,31.1,974.2,Weathered Granite,HIGH_RISK
1,26.8962,88.167,1699.1,17.6,28.93,47.8,23.6,65.8,33.7,1018.0,Colluvium,SAFE
5,11.5487,76.1218,974.6,42.7,12.1,25.2,22.8,50.6,11.7,926.8,Colluvium,SAFE
1,11.5285,76.1284,1069.9,53.8,163.68,89.6,20.1,54.8,23.5,965.2,Weathered Granite,HIGH_RISK
6,9.681,76.9191,867.1,31.9,57.7,72.0,21.2,50.7,9.9,918.6,Colluvium,MODERATE_RISK
2,26.8746,88.1658,1738.4,38.1,147.12,85.9,16.1,90.2,21.4,922.9,Laterite,HIGH_RISK
3,10.1819,77.0144,1756.9,48.4,15.68,20.1,25.7,45.4,5.3,914.1,Weathered Granite,SAFE
4,11.403,76.6991,1896.3,35.9,7.4,39.3,19.4,93.8,23.7,933.2,Weathered Granite,SAFE
2,11.5293,76.1544,1020.1,17.7,33.5,40.6,15.8,69.9,5.7,923.7,Residual Soil,SAFE
1,26.9055,88.1901,1721.4,39.7,93.89,92.0,22.1,91.0,18.1,981.5,Weathered Granite,HIGH_RISK
5,12.4052,75.7382,1133.8,31.3,36.96,69.1,17.5,91.4,23.6,943.2,Laterite,MODERATE_RISK
4,30.5418,79.5703,1886.4,40.8,6.0,35.5,16.5,87.6,18.0,983.7,Weathered Granite,SAFE
9,9.6845,76.9296,867.5,17.4,20.8,17.9,25.1,95.6,26.6,945.9,Residual Soil,SAFE
3,10.1425,76.9971,1618.6,37.8,50.77,53.4,28.4,46.8,25.1,975.7,Colluvium,MODERATE_RISK
3,10.1745,77.0171,1764.6,46.5,10.67,25.5,23.7,65.2,29.6,921.2,Weathered Granite,SAFE
2,10.1681,77.039,1769.9,15.5,36.19,62.5,21.5,76.9,14.2,928.9,Weathered Granite,SAFE
5,17.9338,73.6729,1393.2,32.7,52.09,53.0,12.0,97.2,32.3,890.1,Colluvium,MODERATE_RISK
6,32.2327,77.2078,2096.0,36.7,41.47,65.5,16.4,81.9,34.5,917.8,Colluvium,MODERATE_RISK
8,31.1191,77.171,2272.3,34.9,53.5,59.8,17.3,73.7,28.1,905.4,Clay Loam,MODERATE_RISK
8,11.5317,76.1441,1045.3,32.6,52.1,71.1,22.9,73.8,18.0,984.1,Weathered Granite,MODERATE_RISK
3,31.1027,77.1806,2297.4,45.1,16.3,38.9,19.3,94.9,18.1,916.2,Clay Loam,SAFE
2,10.1658,77.043,1823.0,37.6,40.3,58.1,26.8,49.6,30.6,954.8,Weathered Granite,MODERATE_RISK
6,26.8967,88.1892,1686.0,8.6,43.7,52.2,17.5,65.0,18.9,987.3,Weathered Granite,SAFE
9,11.5719,76.1331,954.6,37.5,125.68,94.7,21.7,94.4,17.2,988.3,Weathered Granite,HIGH_RISK
8,10.1338,77.0157,1702.9,42.1,172.09,79.9,25.0,61.5,15.6,1006.6,Colluvium,HIGH_RISK
4,10.1688,77.0156,1672.9,40.2,115.0,92.9,19.7,81.1,10.4,880.5,Colluvium,HIGH_RISK
1,31.1155,77.1603,2281.4,43.9,5.39,42.6,18.6,88.8,15.2,946.5,Clay Loam,SAFE
7,32.2448,77.1798,2101.7,43.7,183.98,74.2,21.2,54.9,24.4,985.8,Colluvium,HIGH_RISK
4,30.5627,79.5534,1850.7,11.2,40.98,33.9,23.1,52.7,6.3,877.1,Residual Soil,SAFE
4,17.9449,73.6007,640.5,49.1,176.7,88.3,22.2,91.7,12.2,913.6,Clay Loam,HIGH_RISK
9,11.5352,76.1082,918.7,36.0,32.0,69.0,15.5,83.1,14.8,902.5,Laterite,MODERATE_RISK
10,11.5353,76.1445,912.2,34.9,49.39,60.2,23.5,80.2,27.1,970.3,Colluvium,MODERATE_RISK
4,30.5445,79.5578,1891.6,39.0,149.33,85.4,20.6,74.1,14.0,964.3,Weathered Granite,HIGH_RISK
10,11.5634,76.1359,917.1,16.3,49.3,42.4,13.2,80.2,32.9,873.3,Clay Loam,SAFE
3,26.1845,91.693,420.7,33.5,7.7,17.3,23.5,51.8,8.2,935.7,Clay Loam,SAFE
4,26.178,91.6848,458.3,35.3,161.0,84.1,21.5,61.3,13.4,1028.1,Weathered Granite,HIGH_RISK
8,9.6898,76.9283,811.3,43.7,173.14,85.3,16.4,68.3,20.5,937.3,Laterite,HIGH_RISK
2,32.2554,77.2039,2082.6,49.1,145.2,75.4,16.4,61.6,29.3,972.3,Colluvium,HIGH_RISK
2,32.2267,77.1986,2029.5,34.7,55.7,49.9,21.3,89.6,10.7,1021.1,Colluvium,MODERATE_RISK
4,31.0986,77.165,2309.4,36.8,41.64,57.9,13.0,86.2,25.8,923.6,Colluvium,MODERATE_RISK
2,11.3974,76.7314,1931.5,38.4,172.4,95.4,24.5,72.4,18.1,925.6,Weathered Granite,HIGH_RISK
7,17.9401,73.5782,649.9,32.7,51.92,71.3,24.1,76.3,23.4,919.1,Colluvium,MODERATE_RISK
1,11.3737,76.7063,1965.3,45.5,185.96,75.0,19.7,89.4,27.1,963.8,Weathered Granite,HIGH_RISK
9,26.1637,91.7188,514.4,11.3,22.4,30.5,19.7,45.8,14.0,961.6,Laterite,SAFE
8,17.9478,73.5872,615.3,37.7,55.2,71.9,28.4,46.4,31.7,969.9,Colluvium,MODERATE_RISK
7,11.3831,76.701,1886.2,9.8,23.3,58.2,19.4,54.3,20.0,982.2,Weathered Granite,SAFE
2,26.8898,88.1762,1772.1,38.8,145.97,95.9,21.8,47.8,18.1,1024.0,Laterite,HIGH_RISK
10,11.3929,76.1163,783.5,34.6,17.0,34.6,19.7,76.9,25.3,1041.2,Laterite,SAFE
7,17.9559,73.5975,621.6,42.4,166.2,94.1,20.0,51.8,22.7,921.5,Colluvium,HIGH_RISK
5,11.346,76.8076,1816.9,36.7,139.5,94.8,21.1,54.2,24.9,887.3,Weathered Granite,HIGH_RISK
6,17.9428,73.6406,1329.7,41.0,13.8,25.3,27.1,65.8,11.5,943.4,Laterite,SAFE
5,17.9419,73.5631,624.4,50.2,73.8,86.8,20.1,84.7,7.2,981.6,Weathered Granite,HIGH_RISK
5,30.5399,79.5667,1851.5,36.9,40.9,52.5,19.1,81.5,28.3,945.8,Colluvium,MODERATE_RISK
6,11.3977,76.7102,1928.6,14.2,33.39,25.4,22.2,45.2,12.6,995.6,Laterite,SAFE
3,11.398,76.7297,1898.9,41.2,162.4,77.7,20.3,81.6,16.0,931.0,Colluvium,HIGH_RISK
5,11.5284,76.1384,976.6,47.6,104.8,91.4,22.4,66.7,25.8,991.2,Colluvium,HIGH_RISK
6,26.1672,91.6945,442.1,35.2,47.69,62.0,20.1,91.3,13.1,903.3,Colluvium,MODERATE_RISK
9,11.4035,76.723,1901.2,40.9,12.16,13.9,13.0,61.0,13.5,939.6,Weathered Granite,SAFE
6,12.4195,75.7204,1157.1,33.4,9.2,25.2,14.7,59.7,9.8,850.3,Residual Soil,SAFE
7,10.1427,77.0005,1633.7,45.4,14.25,29.2,24.3,79.9,10.6,910.4,Colluvium,SAFE
7,12.4072,75.7471,1195.9,36.0,166.32,90.6,19.0,45.8,16.6,917.5,Residual Soil,HIGH_RISK
9,10.1592,77.0304,1759.9,52.0,94.98,71.9,16.2,75.7,30.1,972.9,Weathered Granite,HIGH_RISK
2,9.6648,76.9325,851.1,36.6,17.5,45.2,18.2,51.8,13.0,974.8,Laterite,SAFE
2,10.1676,77.0096,1786.5,28.5,44.6,70.8,20.7,86.4,25.3,892.5,Weathered Granite,MODERATE_RISK
6,10.1754,77.0373,1838.7,12.7,40.3,47.9,20.7,68.3,16.3,894.7,Residual Soil,SAFE
4,31.1122,77.1815,2279.7,29.9,53.8,56.7,19.6,91.4,13.2,946.9,Colluvium,MODERATE_RISK
9,11.5283,76.1262,1116.7,44.4,166.27,88.9,29.2,68.0,17.6,960.7,Colluvium,HIGH_RISK
8,12.4047,75.7447,1162.8,4.1,47.0,41.2,22.7,61.6,23.8,911.8,Weathered Granite,SAFE
2,11.5695,76.1252,965.6,43.5,117.9,78.8,20.5,96.4,19.4,961.7,Colluvium,HIGH_RISK
6,26.1575,91.7005,467.7,5.1,18.81,56.9,8.6,80.7,16.6,922.5,Residual Soil,SAFE
2,31.0882,77.1843,2298.3,51.6,103.9,89.9,30.4,74.5,24.3,1000.3,Clay Loam,HIGH_RISK
10,32.2454,77.1862,2110.9,48.0,13.3,27.2,16.4,56.5,15.0,984.9,Colluvium,SAFE
6,30.557,79.5704,1877.5,49.1,96.5,82.1,22.9,83.3,10.6,957.9,Weathered Granite,HIGH_RISK
2,11.5273,76.1347,999.9,30.6,52.2,56.0,15.3,84.9,13.6,930.8,Weathered Granite,MODERATE_RISK
4,10.1573,77.0163,1622.2,31.1,35.6,67.8,13.9,96.1,5.9,960.0,Weathered Granite,MODERATE_RISK
2,30.5671,79.5746,1810.6,42.4,14.4,36.9,23.8,59.3,21.3,988.2,Weathered Granite,SAFE
10,32.242,77.1912,2038.7,47.5,121.11,78.8,18.5,53.5,16.1,975.7,Weathered Granite,HIGH_RISK
3,11.4147,76.0897,758.0,37.4,56.1,62.1,20.0,63.7,28.8,902.3,Laterite,MODERATE_RISK
9,11.4142,76.1029,841.4,41.7,119.46,90.8,19.3,69.6,24.9,982.8,Laterite,HIGH_RISK
5,9.6819,76.9305,858.7,43.3,7.2,47.7,11.9,84.3,24.5,929.6,Laterite,SAFE
1,11.3422,76.7785,1867.1,37.7,48.84,62.3,18.6,67.5,24.1,1019.8,Weathered Granite,MODERATE_RISK
3,11.535,76.1157,958.9,44.2,152.41,80.1,23.8,87.1,19.9,948.1,Colluvium,HIGH_RISK
7,26.1851,91.715,378.5,36.4,120.07,95.8,16.9,51.3,26.4,856.0,Clay Loam,HIGH_RISK
9,11.3381,76.8095,1837.2,37.5,9.5,14.4,23.9,63.4,33.1,952.6,Weathered Granite,SAFE
7,31.1002,77.1613,2290.9,5.9,41.2,35.2,24.0,45.6,20.1,966.2,Weathered Granite,SAFE
6,11.4313,76.1189,783.2,33.0,133.98,92.5,24.6,87.8,23.9,971.6,Laterite,HIGH_RISK
1,10.1414,77.0176,1643.0,43.7,9.4,18.4,20.0,61.4,22.0,900.9,Colluvium,SAFE
5,26.1853,91.7142,430.9,32.7,147.2,87.0,14.2,93.5,7.8,886.2,Clay Loam,HIGH_RISK
8,11.3446,76.7954,1789.5,36.0,50.4,68.2,27.9,65.2,9.6,955.5,Weathered Granite,MODERATE_RISK
10,11.3968,76.0992,751.1,33.0,10.78,30.0,18.3,80.3,10.2,921.2,Laterite,SAFE
5,10.1589,77.034,1799.3,46.2,118.7,95.1,17.2,71.8,28.7,934.7,Weathered Granite,HIGH_RISK
8,17.9417,73.5882,580.5,32.9,47.63,66.5,23.6,95.1,25.0,933.6,Colluvium,MODERATE_RISK
8,11.3719,76.7014,1944.2,35.6,38.1,62.6,20.3,95.7,32.5,871.3,Weathered Granite,MODERATE_RISK
10,11.3844,76.7295,1962.8,42.6,126.23,74.4,17.6,81.5,28.2,874.5,Weathered Granite,HIGH_RISK
9,26.8773,88.1759,1700.9,39.6,161.09,87.7,19.6,73.0,9.9,908.9,Colluvium,HIGH_RISK
9,31.0949,77.1826,2252.4,50.5,178.09,91.9,25.6,58.6,5.5,882.7,Laterite,HIGH_RISK
6,30.5382,79.5846,1882.5,36.1,57.4,67.6,19.0,57.1,15.8,976.9,Weathered Granite,MODERATE_RISK
2,17.9424,73.5812,688.2,49.5,182.44,88.3,24.1,72.5,28.2,960.6,Weathered Granite,HIGH_RISK
4,11.5262,76.1353,987.1,37.3,51.65,62.8,13.2,81.7,32.0,937.7,Colluvium,MODERATE_RISK
1,10.1735,77.0154,1754.1,33.9,50.0,60.2,16.0,80.4,15.2,968.6,Weathered Granite,MODERATE_RISK
6,10.1553,77.0011,1675.4,43.6,10.67,37.3,19.7,55.9,18.8,1004.3,Colluvium,SAFE
5,12.4329,75.7194,1152.6,7.1,31.02,37.0,20.3,79.1,33.8,916.3,Sandy Loam,SAFE
6,17.9363,73.6767,1376.8,7.9,34.3,62.1,17.2,88.6,10.1,934.3,Clay Loam,SAFE
6,31.1247,77.1557,2218.5,47.8,163.74,83.1,15.5,69.5,26.9,1002.0,Laterite,HIGH_RISK
1,26.1843,91.7131,465.2,32.1,16.5,14.3,23.4,63.5,9.8,1022.6,Clay Loam,SAFE
8,11.4042,76.1071,699.3,36.0,49.34,68.3,20.5,91.1,21.4,889.3,Laterite,MODERATE_RISK
8,26.1774,91.6845,434.2,32.8,17.4,37.1,22.8,74.9,17.2,897.5,Clay Loam,SAFE
6,10.1792,77.0233,1763.0,47.6,8.2,34.2,16.3,47.7,19.0,937.1,Weathered Granite,SAFE
5,9.6895,76.923,851.2,44.8,8.5,30.2,23.4,90.5,22.8,908.1,Laterite,SAFE
8,10.178,77.037,1763.4,37.7,46.09,60.3,17.1,82.1,18.1,919.4,Laterite,MODERATE_RISK
2,11.3687,76.7878,1824.6,38.8,15.57,37.9,20.0,78.5,6.6,988.8,Weathered Granite,SAFE
3,11.3805,76.7068,1899.7,40.9,11.5,29.1,13.8,94.8,12.5,933.5,Weathered Granite,SAFE
8,17.9615,73.5846,632.2,52.4,138.77,82.0,10.4,46.5,18.8,902.3,Laterite,HIGH_RISK
5,11.3568,76.8012,1843.6,9.7,10.8,29.5,21.5,65.9,23.7,946.8,Clay Loam,SAFE
10,31.1204,77.1801,2289.6,5.1,38.06,57.8,15.5,91.9,24.0,921.0,Laterite,SAFE
3,11.389,76.7293,1894.9,45.8,93.0,87.6,18.8,67.6,14.9,909.8,Weathered Granite,HIGH_RISK
10,31.1179,77.1633,2296.1,48.6,11.8,25.5,29.9,64.2,24.9,974.9,Clay Loam,SAFE
7,11.3557,76.7782,1840.9,4.3,16.5,58.0,15.4,47.6,8.0,976.5,Clay Loam,SAFE
9,10.1315,77.0214,1700.5,42.5,143.1,70.8,17.4,50.2,13.1,956.2,Clay Loam,HIGH_RISK
2,17.9416,73.5888,687.9,37.1,53.2,70.8,19.5,48.2,27.8,923.3,Colluvium,MODERATE_RISK
10,11.5227,76.1447,959.5,47.6,174.35,78.4,17.8,57.1,30.6,920.6,Colluvium,HIGH_RISK
5,32.2304,77.1708,2027.9,36.6,48.6,64.7,11.3,80.5,20.3,982.9,Colluvium,MODERATE_RISK
6,17.9406,73.6011,579.0,8.0,41.8,51.4,30.8,84.3,10.1,987.4,Laterite,SAFE
2,11.5403,76.1337,977.5,41.5,13.0,14.4,16.7,70.7,10.0,932.1,Colluvium,SAFE
3,11.4054,76.1093,774.1,32.9,5.1,31.5,15.2,51.6,5.8,960.7,Laterite,SAFE
6,30.5533,79.5807,1860.6,43.2,174.1,73.0,17.4,47.4,27.8,985.4,Weathered Granite,HIGH_RISK
6,32.2349,77.2076,2026.5,37.3,57.7,69.3,15.3,65.3,21.6,881.7,Colluvium,MODERATE_RISK
6,10.1676,77.0244,1651.8,36.5,50.66,60.0,15.5,84.5,32.0,907.9,Colluvium,MODERATE_RISK
9,10.1447,77.0076,1821.1,47.4,136.2,72.5,18.9,52.0,8.9,975.4,Weathered Granite,HIGH_RISK
5,17.9447,73.6758,1361.2,38.8,154.88,78.8,16.9,90.6,6.5,947.8,Laterite,HIGH_RISK
2,17.9063,73.6436,1340.1,40.4,142.3,90.3,23.7,93.0,33.5,991.1,Laterite,HIGH_RISK
4,10.1434,77.0221,1728.8,9.7,49.1,60.3,22.6,73.7,33.6,905.0,Weathered Granite,SAFE
8,17.9082,73.6701,1352.8,36.0,40.4,58.7,22.5,91.4,26.2,935.5,Laterite,MODERATE_RISK
9,11.3798,76.7144,1928.2,37.6,47.91,50.3,16.8,81.7,10.4,962.7,Laterite,MODERATE_RISK
8,12.4283,75.7307,1178.7,11.6,26.4,36.8,21.1,55.0,32.1,979.5,Sandy Loam,SAFE
1,10.1793,77.023,1811.3,47.0,5.33,24.7,19.3,60.3,28.0,880.1,Weathered Granite,SAFE
2,11.3443,76.8071,1864.4,41.5,144.59,91.3,17.5,49.4,16.7,896.4,Weathered Granite,HIGH_RISK
3,11.5503,76.1324,906.0,42.9,144.5,78.4,19.0,92.3,32.3,936.6,Colluvium,HIGH_RISK
10,11.5304,76.1229,968.4,37.0,48.5,66.1,20.8,62.7,16.7,1019.8,Colluvium,MODERATE_RISK
2,26.1633,91.7182,481.4,35.2,51.2,65.0,25.2,95.7,12.0,931.1,Clay Loam,MODERATE_RISK
3,11.363,76.7829,1840.9,40.9,5.3,32.1,16.7,89.1,7.5,945.5,Weathered Granite,SAFE
6,31.1015,77.1584,2240.5,48.9,136.1,84.6,21.2,56.3,21.2,901.9,Clay Loam,HIGH_RISK
7,9.6641,76.9195,780.1,43.5,180.02,74.8,14.3,96.5,29.1,857.4,Colluvium,HIGH_RISK
9,11.3406,76.8048,1827.1,37.2,54.5,59.6,11.2,53.0,19.9,926.9,Weathered Granite,MODERATE_RISK
10,10.1451,77.0402,1748.3,11.8,34.1,64.1,17.0,83.7,11.0,934.5,Sandy Loam,SAFE
5,11.5052,76.1463,1028.3,45.5,14.79,35.1,24.1,68.6,19.3,924.6,Weathered Granite,SAFE
9,30.5639,79.5649,1859.5,36.5,46.09,64.1,17.9,92.0,17.6,981.2,Weathered Granite,MODERATE_RISK
5,17.9507,73.5972,616.8,34.0,50.4,55.6,18.7,81.5,27.2,960.6,Colluvium,MODERATE_RISK
8,26.8775,88.1705,1676.0,41.6,98.9,94.7,17.7,90.2,33.9,961.6,Laterite,HIGH_RISK
8,17.9292,73.6456,1355.3,39.2,144.8,95.3,19.7,86.1,20.9,963.1,Laterite,HIGH_RISK
4,11.5164,76.1519,949.5,32.9,57.9,55.3,18.3,92.7,13.6,932.5,Weathered Granite,MODERATE_RISK
6,11.5373,76.1262,939.8,44.3,131.18,81.5,24.1,48.4,14.0,890.0,Weathered Granite,HIGH_RISK
2,26.9078,88.1841,1605.9,35.0,170.5,83.2,27.4,57.5,33.9,942.0,Laterite,HIGH_RISK
4,26.1597,91.7173,460.6,29.0,10.7,31.4,19.4,58.3,14.4,1002.8,Clay Loam,SAFE
6,11.3695,76.7314,1996.2,42.0,16.7,38.0,22.1,66.1,6.6,992.8,Weathered Granite,SAFE
10,11.5741,76.1273,928.5,37.2,16.0,40.2,15.6,51.6,7.3,973.2,Colluvium,SAFE
1,11.336,76.7917,1875.6,45.0,119.7,76.2,28.2,50.0,29.8,923.9,Weathered Granite,HIGH_RISK
6,9.7,76.9148,870.1,40.8,130.9,89.1,18.9,52.5,26.6,929.4,Laterite,HIGH_RISK
9,11.3425,76.8007,1831.8,36.5,6.7,20.9,17.6,81.2,29.8,986.1,Weathered Granite,SAFE
10,10.1432,77.029,1666.7,39.7,5.78,40.1,18.8,62.8,10.8,860.0,Colluvium,SAFE
9,11.5644,76.1232,966.1,38.5,161.43,95.4,16.8,49.9,19.8,994.6,Weathered Granite,HIGH_RISK
10,17.9341,73.6652,1351.0,9.3,43.89,41.9,22.9,71.7,13.6,961.7,Colluvium,SAFE
5,10.1677,77.0215,1744.7,7.5,39.2,25.5,17.4,85.8,25.9,893.9,Laterite,SAFE
10,11.5505,76.1104,894.8,34.9,55.3,67.5,18.9,81.1,14.3,896.7,Clay Loam,MODERATE_RISK
3,11.5256,76.1263,1066.4,27.0,56.1,69.3,22.2,96.8,17.2,973.1,Weathered Granite,MODERATE_RISK
5,10.1786,77.0279,1764.5,54.8,80.3,81.2,21.5,69.0,14.8,978.9,Weathered Granite,HIGH_RISK
5,26.8993,88.1779,1666.2,32.3,15.5,17.7,19.7,70.0,31.4,1029.4,Laterite,SAFE
3,11.5278,76.1507,978.4,36.8,53.5,66.6,14.8,48.4,18.1,1024.2,Colluvium,MODERATE_RISK
8,30.5487,79.579,1849.5,48.4,149.6,70.4,20.4,93.7,27.4,943.2,Colluvium,HIGH_RISK
2,11.5506,76.1138,956.7,38.9,146.79,85.2,19.5,54.0,32.9,940.4,Colluvium,HIGH_RISK
6,12.4395,75.7393,1153.6,10.0,25.74,65.0,16.1,79.4,31.0,946.8,Colluvium,SAFE
7,31.1021,77.1535,2303.3,51.9,120.5,92.3,20.0,78.0,21.5,872.0,Clay Loam,HIGH_RISK
2,11.5396,76.1628,1065.5,37.7,44.94,49.4,18.4,86.0,16.0,924.8,Weathered Granite,MODERATE_RISK
4,10.1477,77.0006,1633.5,35.5,47.7,57.6,16.7,81.7,32.5,926.8,Colluvium,MODERATE_RISK
10,30.5492,79.5865,1882.3,41.6,166.21,83.2,18.8,91.2,17.9,890.7,Weathered Granite,HIGH_RISK
5,11.3538,76.7764,1858.0,38.2,6.16,32.9,24.5,96.8,30.7,947.0,Weathered Granite,SAFE
1,9.7009,76.9152,841.9,35.5,50.8,71.2,21.7,66.6,17.4,931.8,Colluvium,MODERATE_RISK
3,12.437,75.7268,1189.6,35.9,167.37,88.9,20.5,77.7,16.5,910.5,Residual Soil,HIGH_RISK
3,9.6944,76.9004,789.6,35.0,46.6,55.7,18.9,81.7,11.1,1026.3,Laterite,MODERATE_RISK
7,10.168,77.0367,1657.3,33.8,47.9,69.6,22.7,48.6,7.0,926.2,Colluvium,MODERATE_RISK
3,11.535,76.1358,1057.6,36.7,56.2,70.4,19.6,94.5,19.9,979.7,Colluvium,MODERATE_RISK
1,10.1656,77.0404,1795.2,30.3,49.6,53.2,13.3,84.5,17.9,907.3,Weathered Granite,MODERATE_RISK
7,17.9235,73.652,1377.0,42.6,168.2,72.2,24.6,52.2,7.6,1002.7,Laterite,HIGH_RISK
2,26.1599,91.7065,479.4,30.7,8.3,20.5,15.7,85.1,6.5,932.5,Clay Loam,SAFE
3,17.907,73.6582,1344.8,34.4,121.1,91.1,18.3,73.4,25.2,991.5,Laterite,HIGH_RISK
9,17.9373,73.5764,621.2,32.0,47.8,50.2,25.9,93.4,14.1,951.4,Colluvium,MODERATE_RISK
6,11.5372,76.1187,1029.7,35.9,47.7,71.5,19.1,88.4,21.7,883.4,Colluvium,MODERATE_RISK
4,26.1469,91.6835,425.5,35.7,137.06,91.4,22.0,48.9,24.8,909.2,Clay Loam,HIGH_RISK
6,17.9429,73.6633,1348.0,35.8,109.01,95.2,17.7,64.9,33.9,967.9,Laterite,HIGH_RISK
10,26.8743,88.184,1703.7,30.7,17.1,39.1,17.7,66.6,16.5,920.5,Laterite,SAFE
5,9.6784,76.9328,806.6,41.6,9.9,12.4,13.1,88.7,33.4,952.6,Laterite,SAFE
2,17.9688,73.5727,621.7,43.1,14.03,38.2,26.0,51.6,16.9,931.3,Colluvium,SAFE
7,11.4066,76.1024,740.5,35.7,9.7,28.8,19.5,88.0,29.8,906.7,Laterite,SAFE
9,26.8976,88.1642,1697.7,38.1,149.4,90.7,18.4,49.5,25.8,943.5,Laterite,HIGH_RISK
7,26.1521,91.7101,451.9,34.0,51.87,66.4,23.7,93.3,5.7,958.8,Clay Loam,MODERATE_RISK
8,11.5162,76.1317,963.9,37.3,44.16,46.3,20.5,86.6,31.6,981.0,Colluvium,MODERATE_RISK
4,30.5396,79.5709,1902.5,16.4,31.3,48.3,24.4,90.6,19.6,1005.2,Colluvium,SAFE
7,11.3912,76.7041,1900.7,46.0,163.57,72.3,19.0,68.8,7.2,882.1,Clay Loam,HIGH_RISK
2,32.2414,77.1741,2026.5,36.8,40.9,66.6,23.3,90.3,11.9,961.3,Colluvium,MODERATE_RISK
8,11.3985,76.1145,780.2,4.2,18.48,29.4,18.6,72.4,12.9,967.4,Colluvium,SAFE
8,26.1522,91.6801,443.1,17.6,27.12,48.8,16.9,62.4,31.2,945.5,Sandy Loam,SAFE
4,11.5195,76.1538,1068.4,52.0,173.1,89.8,18.2,59.9,22.0,919.3,Weathered Granite,HIGH_RISK
1,11.3822,76.7117,1928.9,40.8,133.05,82.5,22.4,93.4,34.9,924.6,Weathered Granite,HIGH_RISK
6,10.1464,77.0299,1669.2,41.2,10.7,12.4,16.5,71.7,32.1,949.4,Colluvium,SAFE
5,9.6747,76.9107,854.8,6.6,35.26,62.9,24.6,62.5,31.6,923.4,Residual Soil,SAFE
8,11.513,76.1563,1058.1,34.1,57.8,61.6,18.3,94.9,27.0,969.3,Weathered Granite,MODERATE_RISK
1,11.388,76.7119,1866.1,9.9,22.0,64.3,16.2,95.8,6.0,934.9,Colluvium,SAFE
9,11.5664,76.1314,930.3,35.4,9.41,22.6,26.7,90.9,34.0,975.1,Colluvium,SAFE
2,12.412,75.7273,1176.9,33.4,16.1,31.8,21.9,85.7,16.3,1002.5,Residual Soil,SAFE
1,30.5699,79.5763,1885.2,46.8,6.38,19.3,15.7,78.3,7.7,882.5,Weathered Granite,SAFE
10,11.4059,76.101,707.8,14.3,46.4,37.2,23.8,67.3,11.1,982.4,Clay Loam,SAFE
7,9.6657,76.9301,801.5,45.2,152.3,75.2,16.6,80.2,34.4,949.5,Laterite,HIGH_RISK
4,10.1794,77.0149,1767.0,55.2,144.3,86.5,14.8,54.5,17.7,960.8,Weathered Granite,HIGH_RISK
7,11.5466,76.1281,936.8,33.2,51.98,55.1,23.3,88.7,22.0,914.5,Colluvium,MODERATE_RISK
4,11.382,76.7294,1871.8,46.3,155.21,93.1,17.7,85.6,32.8,934.1,Weathered Granite,HIGH_RISK
6,11.3704,76.7961,1843.9,17.8,34.6,60.4,16.8,76.9,15.6,977.4,Residual Soil,SAFE
2,9.6936,76.9136,814.2,17.9,30.2,32.7,19.7,89.5,27.7,908.1,Sandy Loam,SAFE
5,17.9428,73.5664,604.1,46.1,126.7,75.0,23.3,49.1,31.3,937.7,Colluvium,HIGH_RISK
1,11.5251,76.1407,968.3,14.2,35.42,58.9,17.7,75.6,29.2,966.0,Clay Loam,SAFE
10,17.9503,73.5908,647.6,44.2,156.81,74.9,21.9,83.4,26.3,1006.1,Colluvium,HIGH_RISK
4,10.1605,76.9978,1631.8,42.2,14.4,44.2,24.4,71.0,25.7,941.3,Colluvium,SAFE
9,9.692,76.8993,830.5,41.0,148.89,80.0,15.7,93.2,27.3,938.4,Laterite,HIGH_RISK
6,17.9613,73.5774,619.8,44.3,152.19,86.3,17.9,75.1,13.8,980.7,Colluvium,HIGH_RISK
8,12.4388,75.7476,1187.9,32.0,11.5,38.6,24.4,57.3,29.4,962.5,Residual Soil,SAFE
1,11.3429,76.7783,1760.0,37.1,56.6,56.7,19.7,67.3,19.7,1005.9,Weathered Granite,MODERATE_RISK
7,11.5255,76.1486,995.9,9.1,16.67,48.8,23.8,52.8,7.9,883.3,Residual Soil,SAFE
5,10.1392,77.0226,1612.6,37.5,44.0,52.8,15.0,86.3,32.9,914.8,Colluvium,MODERATE_RISK
10,17.9365,73.5868,603.1,41.2,113.96,80.7,19.1,76.4,14.6,942.0,Laterite,HIGH_RISK
4,17.9351,73.5956,613.0,26.9,56.9,60.0,23.1,81.1,7.9,983.4,Colluvium,MODERATE_RISK
2,11.5359,76.116,1028.1,47.2,127.9,79.0,23.5,73.9,18.9,926.4,Colluvium,HIGH_RISK
1,26.8788,88.17,1684.0,30.3,8.03,37.4,21.1,56.5,14.3,1018.1,Laterite,SAFE
10,26.8927,88.1805,1706.7,35.8,137.61,93.2,14.4,52.5,8.0,964.0,Laterite,HIGH_RISK
6,31.0987,77.1878,2237.1,47.7,106.3,86.9,18.2,90.3,18.2,1032.8,Clay Loam,HIGH_RISK
8,10.1678,77.0353,1780.9,34.1,57.7,60.3,25.2,87.6,33.6,966.1,Weathered Granite,MODERATE_RISK
9,11.3487,76.8021,1854.8,31.6,46.1,64.1,18.0,87.8,11.7,956.8,Weathered Granite,MODERATE_RISK
2,11.4185,76.1033,746.8,33.7,123.64,94.2,25.7,63.7,11.6,890.0,Laterite,HIGH_RISK
2,17.9369,73.5984,648.4,37.8,38.0,70.3,21.4,69.3,11.1,976.7,Colluvium,MODERATE_RISK
9,9.6654,76.9219,792.4,37.9,55.8,57.9,17.5,68.3,14.2,992.2,Laterite,MODERATE_RISK
2,32.2386,77.1847,2087.6,35.9,31.9,55.3,17.4,91.2,34.3,913.4,Colluvium,MODERATE_RISK
9,11.5184,76.162,1050.4,7.2,39.9,31.7,18.3,58.6,12.9,935.3,Weathered Granite,SAFE
8,9.6708,76.9319,807.6,43.5,119.46,79.8,20.3,94.1,25.3,932.9,Laterite,HIGH_RISK
2,11.3541,76.8131,1863.8,35.1,127.98,93.5,25.1,55.2,25.7,1000.2,Weathered Granite,HIGH_RISK
8,11.5463,76.1185,978.0,34.0,44.5,71.9,10.3,83.7,14.4,874.4,Colluvium,MODERATE_RISK
10,11.5468,76.1172,957.9,43.3,15.68,14.0,31.4,45.7,6.7,950.7,Colluvium,SAFE
9,26.8888,88.1985,1705.8,40.6,175.18,91.8,22.7,72.8,23.0,949.2,Laterite,HIGH_RISK
9,26.8972,88.1967,1668.1,36.0,12.0,33.7,20.4,50.6,16.4,936.1,Laterite,SAFE
1,11.505,76.1564,1056.7,46.2,5.1,15.9,18.9,71.4,22.9,969.0,Weathered Granite,SAFE
2,11.3881,76.6951,1929.9,35.7,10.1,14.7,20.8,72.1,26.6,959.5,Weathered Granite,SAFE
3,11.5644,76.1434,977.2,37.6,36.74,53.2,25.6,83.4,19.2,910.5,Colluvium,MODERATE_RISK
4,11.3777,76.7094,1935.0,42.9,9.3,43.4,22.0,92.3,18.3,1004.9,Weathered Granite,SAFE
4,32.2613,77.1891,2071.4,42.5,178.5,87.2,17.4,95.7,18.1,977.7,Colluvium,HIGH_RISK
3,11.4181,76.0972,836.1,36.6,16.34,17.8,14.4,70.6,31.4,924.4,Laterite,SAFE
1,11.3759,76.7121,1917.4,46.8,175.9,76.4,19.4,56.8,23.9,950.5,Weathered Granite,HIGH_RISK
10,31.0859,77.1813,2271.3,35.9,36.69,60.8,17.0,81.7,12.7,945.9,Laterite,MODERATE_RISK
9,17.9415,73.6542,1351.5,37.0,55.7,62.4,14.7,89.2,15.3,965.5,Laterite,MODERATE_RISK
3,11.5155,76.1413,953.7,41.3,178.9,75.9,20.0,87.9,14.2,950.8,Colluvium,HIGH_RISK
3,17.9676,73.5927,589.0,42.1,13.7,33.5,21.7,93.7,16.0,946.2,Colluvium,SAFE
10,30.5716,79.574,1907.1,35.2,44.11,71.1,18.7,96.2,33.1,964.8,Weathered Granite,MODERATE_RISK
8,30.5603,79.5717,1840.8,29.2,52.7,67.3,19.3,85.1,30.8,945.2,Weathered Granite,MODERATE_RISK
1,11.5216,76.1586,997.2,7.6,49.9,35.3,24.3,83.8,9.1,995.6,Weathered Granite,SAFE
10,10.1515,77.0199,1770.0,50.8,156.5,80.4,13.9,73.3,16.3,1017.0,Weathered Granite,HIGH_RISK
5,10.1629,77.0021,1624.7,37.2,57.9,68.4,18.0,45.4,18.1,1013.5,Colluvium,MODERATE_RISK
10,11.3395,76.7859,1887.0,38.5,165.1,79.1,21.2,49.8,11.0,982.7,Weathered Granite,HIGH_RISK
10,11.3475,76.7962,1838.4,32.3,44.22,49.5,24.0,84.8,33.3,974.3,Weathered Granite,MODERATE_RISK
2,11.503,76.1518,1014.8,37.8,42.46,58.8,24.0,86.6,5.8,984.6,Weathered Granite,MODERATE_RISK
10,11.5048,76.1507,1050.4,36.4,45.9,60.0,15.5,81.1,33.1,952.5,Weathered Granite,MODERATE_RISK
4,30.5494,79.5491,1856.3,40.1,174.57,86.7,18.1,83.8,32.8,951.7,Weathered Granite,HIGH_RISK
2,17.9622,73.5854,647.2,46.6,6.16,33.1,21.0,67.1,19.7,1012.8,Colluvium,SAFE
10,11.4042,76.1204,786.0,35.3,49.3,68.0,13.9,86.4,17.3,882.1,Laterite,MODERATE_RISK
7,11.3579,76.7933,1829.3,33.7,44.3,69.5,19.8,88.0,34.7,908.5,Weathered Granite,MODERATE_RISK
6,12.4296,75.7438,1121.3,17.8,48.8,47.1,21.8,73.8,24.6,976.5,Residual Soil,SAFE
7,11.5053,76.1621,1115.1,48.5,150.6,73.9,22.9,67.9,20.5,919.7,Weathered Granite,HIGH_RISK
5,11.3673,76.7861,1856.1,4.6,33.72,45.6,22.0,62.3,17.4,931.8,Weathered Granite,SAFE
1,11.5252,76.1597,1048.7,50.1,149.2,72.3,23.5,65.5,28.2,963.2,Laterite,HIGH_RISK
8,10.1489,77.0028,1609.8,7.5,42.2,37.1,21.8,82.3,20.2,929.9,Residual Soil,SAFE
6,17.9487,73.5648,630.4,5.4,21.61,57.1,16.2,84.4,29.1,959.0,Weathered Granite,SAFE
7,17.9368,73.5943,600.9,48.7,153.8,86.7,18.8,61.4,34.1,965.6,Colluvium,HIGH_RISK
7,32.2589,77.1847,2080.3,42.5,4.8,38.5,16.2,89.3,30.9,984.0,Colluvium,SAFE
10,17.9077,73.6531,1327.7,29.7,56.7,69.3,21.7,93.8,29.4,929.5,Laterite,MODERATE_RISK
9,11.5395,76.1303,1026.1,38.4,7.59,25.2,14.8,49.3,18.5,896.4,Colluvium,SAFE
3,30.5512,79.5827,1855.2,26.9,47.36,61.4,25.0,95.1,34.9,896.6,Weathered Granite,MODERATE_RISK
5,26.165,91.6843,448.3,34.1,12.76,23.2,17.3,84.7,7.2,888.3,Clay Loam,SAFE
10,11.4244,76.0926,771.6,34.2,123.2,89.8,18.0,69.0,19.4,1020.6,Laterite,HIGH_RISK
9,30.5649,79.5776,1832.5,29.5,46.09,67.2,17.7,92.5,7.0,960.6,Weathered Granite,MODERATE_RISK
4,31.1247,77.1777,2262.3,49.1,180.02,73.6,18.7,90.2,12.1,942.7,Clay Loam,HIGH_RISK
5,17.9178,73.6442,1389.4,35.4,39.4,69.6,19.0,88.1,10.7,910.6,Laterite,MODERATE_RISK
4,11.5361,76.1367,984.8,35.7,43.5,67.8,26.5,97.0,9.9,878.3,Weathered Granite,MODERATE_RISK
4,10.1383,77.0204,1677.3,42.6,113.8,84.8,14.9,68.7,13.8,963.8,Colluvium,HIGH_RISK
1,32.2442,77.172,2060.0,50.0,169.0,94.8,21.9,66.3,23.9,998.2,Colluvium,HIGH_RISK
1,17.962,73.5771,611.4,37.2,56.6,58.4,20.1,83.8,22.1,939.3,Colluvium,MODERATE_RISK
7,11.5218,76.143,1025.5,47.1,131.9,85.4,15.8,73.7,7.6,997.9,Colluvium,HIGH_RISK
10,9.7012,76.8995,757.9,35.6,9.57,24.7,20.4,71.9,5.7,987.8,Laterite,SAFE
9,26.1567,91.7063,409.1,25.4,12.2,11.4,19.8,96.8,24.0,961.7,Clay Loam,SAFE
1,11.4038,76.1164,809.0,36.2,15.7,22.9,22.2,57.2,27.7,995.4,Laterite,SAFE
8,10.1737,77.0141,1770.8,33.3,54.9,51.3,18.8,95.7,29.9,949.5,Weathered Granite,MODERATE_RISK
6,11.5522,76.1454,887.9,37.1,55.3,64.7,20.8,92.5,19.8,983.8,Colluvium,MODERATE_RISK
4,10.1322,77.0055,1605.5,46.8,126.7,79.2,23.9,75.9,10.3,918.1,Colluvium,HIGH_RISK
1,17.9443,73.5994,616.5,36.5,37.8,66.9,21.5,94.6,20.8,944.2,Colluvium,MODERATE_RISK
3,17.9347,73.5834,645.7,33.2,37.8,56.3,23.7,84.4,6.0,983.5,Laterite,MODERATE_RISK
2,10.1559,77.0256,1628.9,43.1,148.8,93.9,17.0,77.3,23.1,958.5,Colluvium,HIGH_RISK
8,10.1625,77.0296,1605.5,11.5,48.1,29.9,18.7,65.5,27.5,950.7,Laterite,SAFE
4,26.8716,88.1992,1684.8,33.4,134.8,93.7,17.0,52.0,30.2,982.0,Laterite,HIGH_RISK
4,11.52,76.1256,988.7,46.4,185.19,83.1,16.8,53.4,7.3,911.5,Clay Loam,HIGH_RISK
4,30.563,79.5576,1851.9,35.1,44.5,54.5,25.7,94.9,10.5,961.7,Weathered Granite,MODERATE_RISK
3,10.1498,77.0103,1746.2,35.9,48.9,71.4,18.8,50.2,24.3,954.4,Laterite,MODERATE_RISK
1,32.2279,77.1758,2095.4,43.4,161.15,89.9,27.8,88.6,5.3,941.4,Colluvium,HIGH_RISK
2,11.3349,76.7776,1843.5,45.4,156.8,71.9,11.9,70.7,31.9,988.8,Weathered Granite,HIGH_RISK
1,10.1442,77.0166,1646.5,15.2,19.53,16.0,17.2,74.0,8.9,865.6,Residual Soil,SAFE
4,30.5733,79.5507,1849.1,38.0,165.8,92.6,22.2,55.2,6.5,943.0,Weathered Granite,HIGH_RISK
3,30.5714,79.5728,1854.0,48.3,172.6,89.9,20.5,86.3,14.1,940.6,Weathered Granite,HIGH_RISK
6,17.9071,73.6724,1388.1,32.8,55.1,61.8,18.7,87.4,13.7,917.7,Colluvium,MODERATE_RISK
4,11.5406,76.162,1024.9,36.7,52.1,63.2,18.1,71.3,25.0,932.0,Weathered Granite,MODERATE_RISK
9,32.2352,77.1975,2029.2,37.8,51.7,63.8,19.2,65.2,28.8,976.3,Colluvium,MODERATE_RISK
1,11.5405,76.1496,987.1,37.6,51.7,66.6,23.9,62.9,5.0,913.3,Weathered Granite,MODERATE_RISK
9,9.6634,76.8975,806.6,40.3,17.1,38.2,26.3,86.9,32.3,966.1,Laterite,SAFE
4,11.5432,76.1279,1026.8,36.6,12.21,33.6,15.4,50.0,27.1,922.1,Colluvium,SAFE
1,12.4434,75.7398,1216.7,42.7,16.8,44.3,17.3,77.4,28.0,959.2,Residual Soil,SAFE
7,11.5168,76.157,1008.4,33.0,51.81,57.1,18.1,80.9,29.7,905.3,Weathered Granite,MODERATE_RISK
2,11.5347,76.1216,909.2,35.1,12.6,23.7,23.1,65.9,28.7,938.7,Colluvium,SAFE
10,32.26,77.1972,2013.0,37.0,54.3,45.6,18.7,79.0,16.2,923.7,Weathered Granite,MODERATE_RISK
6,11.3616,76.7827,1812.8,35.0,47.3,48.6,21.2,93.9,12.0,1007.6,Weathered Granite,MODERATE_RISK
3,10.1749,77.0257,1701.8,47.2,138.71,75.5,15.0,65.2,24.7,881.5,Laterite,HIGH_RISK
6,32.255,77.2075,2034.7,50.5,172.9,77.5,17.9,96.9,22.9,946.1,Colluvium,HIGH_RISK
2,10.1506,77.0091,1807.0,50.1,134.5,81.9,25.6,97.4,23.1,851.7,Weathered Granite,HIGH_RISK
8,17.9429,73.5956,606.2,36.3,50.7,64.1,23.7,64.2,18.0,994.9,Laterite,MODERATE_RISK
7,30.5522,79.5603,1933.2,48.4,108.19,78.3,18.7,83.8,10.4,948.6,Weathered Granite,HIGH_RISK
9,31.0939,77.183,2279.7,48.4,149.27,80.7,19.2,74.8,11.0,942.0,Clay Loam,HIGH_RISK
3,9.6667,76.9185,761.5,44.6,147.9,76.4,21.5,63.3,26.1,966.6,Laterite,HIGH_RISK
9,11.4054,76.1099,837.6,12.7,31.2,53.3,24.0,65.1,33.1,965.7,Colluvium,SAFE
9,30.5616,79.5648,1842.1,43.4,110.72,91.5,22.2,52.5,15.5,991.1,Laterite,HIGH_RISK
3,32.2415,77.2011,2069.3,32.2,45.98,67.4,22.2,83.1,8.5,976.2,Weathered Granite,MODERATE_RISK
8,30.5721,79.5486,1791.9,42.6,6.9,35.7,14.5,52.7,16.8,916.7,Weathered Granite,SAFE
7,17.9343,73.6717,1333.1,35.3,45.7,70.3,18.3,94.9,6.4,958.5,Laterite,MODERATE_RISK
9,17.9286,73.6625,1375.1,35.4,12.93,46.5,21.9,66.8,21.5,930.8,Laterite,SAFE
4,11.3954,76.7269,1878.0,39.8,11.0,21.9,22.7,64.5,23.9,922.6,Weathered Granite,SAFE
4,26.8824,88.1712,1793.8,37.1,52.09,54.9,23.2,71.5,29.5,941.7,Laterite,MODERATE_RISK
8,11.5711,76.1471,883.7,41.7,16.4,18.2,24.3,58.3,34.4,939.7,Colluvium,SAFE
3,26.87,88.2013,1702.4,37.6,43.7,67.9,26.8,80.2,26.9,915.4,Laterite,MODERATE_RISK
1,9.6934,76.9247,777.4,34.6,45.9,68.5,15.0,62.1,34.5,940.3,Laterite,MODERATE_RISK
3,17.9401,73.5809,642.4,50.0,144.5,80.5,23.7,80.3,5.9,847.3,Colluvium,HIGH_RISK
7,26.1766,91.7096,460.7,32.7,16.34,28.9,20.2,53.8,26.0,1017.5,Clay Loam,SAFE
5,11.4142,76.0991,769.5,37.0,50.44,67.1,16.2,74.0,9.6,980.5,Weathered Granite,MODERATE_RISK
7,10.1321,77.0314,1686.2,51.8,170.8,87.8,14.3,86.2,13.1,960.7,Colluvium,HIGH_RISK
9,11.4081,76.123,775.2,35.9,33.9,61.8,20.8,90.0,11.1,935.5,Laterite,MODERATE_RISK
10,11.3614,76.8,1875.9,28.8,49.28,71.8,18.2,92.5,32.3,860.3,Weathered Granite,MODERATE_RISK
2,26.1685,91.6935,520.6,34.4,8.0,26.1,17.8,91.0,24.9,1001.2,Clay Loam,SAFE
5,10.1516,77.0337,1749.0,37.5,55.5,69.9,15.9,57.9,17.1,900.7,Clay Loam,MODERATE_RISK
9,17.9184,73.65,1286.5,39.1,156.92,74.3,20.9,68.9,26.9,988.0,Laterite,HIGH_RISK
6,26.8949,88.1857,1700.3,39.1,157.58,85.1,23.5,46.0,31.1,970.4,Laterite,HIGH_RISK
8,9.6914,76.907,769.8,40.8,15.29,29.9,22.7,65.2,21.7,935.5,Laterite,SAFE
4,9.6834,76.898,821.5,38.0,103.2,94.1,15.5,64.1,7.2,945.5,Laterite,HIGH_RISK
7,10.1495,76.9967,1664.8,33.1,49.45,69.7,13.7,91.7,32.8,903.3,Colluvium,MODERATE_RISK
10,30.5586,79.5812,1878.3,43.5,174.8,82.7,21.3,66.3,5.2,999.9,Weathered Granite,HIGH_RISK
1,11.3657,76.8125,1812.3,35.8,183.76,88.4,22.0,89.5,21.5,895.3,Clay Loam,HIGH_RISK
4,11.5104,76.1356,1025.0,37.8,41.9,62.3,22.8,91.1,14.8,949.2,Weathered Granite,MODERATE_RISK
4,32.2401,77.18,2022.5,36.7,55.1,48.4,28.7,59.6,31.1,965.0,Colluvium,MODERATE_RISK
5,32.2484,77.2028,2056.0,34.7,42.5,67.9,20.0,90.7,24.4,944.4,Colluvium,MODERATE_RISK
3,31.1176,77.1853,2204.8,34.1,55.0,63.8,19.3,95.1,19.7,958.9,Colluvium,MODERATE_RISK
9,11.3669,76.8001,1858.6,37.1,43.23,63.4,20.7,49.8,16.5,1002.8,Weathered Granite,MODERATE_RISK
3,11.3565,76.7897,1835.7,44.9,172.32,80.7,23.7,62.3,7.2,914.7,Laterite,HIGH_RISK
5,10.1669,77.0258,1659.2,42.1,155.1,95.3,17.9,93.3,34.3,956.4,Colluvium,HIGH_RISK
3,11.4222,76.088,800.2,10.3,33.3,38.7,17.4,71.7,30.5,876.3,Weathered Granite,SAFE
5,10.143,77.0246,1795.5,50.7,186.07,93.9,21.4,73.6,30.6,899.8,Weathered Granite,HIGH_RISK
7,11.5265,76.1276,1036.5,39.7,150.53,84.7,18.0,85.5,24.3,1019.1,Weathered Granite,HIGH_RISK
4,32.2356,77.2062,2082.8,27.4,55.1,67.4,15.3,97.0,16.2,930.2,Colluvium,MODERATE_RISK
8,26.8952,88.1749,1680.5,39.2,153.6,74.6,21.8,56.9,5.7,944.3,Laterite,HIGH_RISK
2,17.9664,73.5689,605.6,51.7,123.53,85.9,19.5,67.9,9.1,998.3,Colluvium,HIGH_RISK
5,11.5717,76.1336,941.6,43.5,156.3,79.4,16.1,93.5,22.9,993.7,Colluvium,HIGH_RISK
10,10.141,77.005,1660.1,46.4,4.12,24.4,22.0,47.5,13.1,949.9,Colluvium,SAFE
5,10.136,77.0245,1628.5,40.9,149.27,95.4,32.5,58.8,10.4,897.6,Colluvium,HIGH_RISK
10,12.4161,75.7313,1187.7,42.9,138.82,93.8,19.1,86.6,11.5,918.2,Residual Soil,HIGH_RISK
2,9.6698,76.9352,812.0,36.6,9.13,22.5,19.5,57.2,13.6,989.3,Laterite,SAFE
9,26.1554,91.6949,454.8,30.4,17.0,42.6,16.0,77.2,19.3,929.4,Clay Loam,SAFE
2,11.3983,76.7207,1882.5,37.8,39.6,60.4,17.3,75.1,10.3,904.9,Weathered Granite,MODERATE_RISK
8,11.5221,76.1281,1083.4,36.6,57.8,49.0,24.3,69.5,30.7,826.6,Weathered Granite,MODERATE_RISK
6,26.1695,91.7047,456.2,31.9,5.3,35.9,17.8,73.0,29.8,924.1,Clay Loam,SAFE
1,11.3919,76.7041,1898.5,35.1,52.4,49.3,21.6,73.4,7.7,950.7,Laterite,MODERATE_RISK
8,11.393,76.095,785.9,39.7,152.74,83.7,18.8,56.7,11.5,875.8,Laterite,HIGH_RISK
9,10.1568,77.0224,1632.0,42.5,14.8,47.9,18.9,66.6,32.3,978.6,Colluvium,SAFE
1,26.9073,88.1794,1703.0,36.8,38.89,67.8,19.4,84.9,8.6,914.9,Laterite,MODERATE_RISK
6,11.5388,76.1115,904.1,35.3,11.5,15.4,21.7,54.1,29.9,1009.3,Colluvium,SAFE
7,31.1236,77.1716,2309.2,7.6,41.47,21.8,31.1,94.4,30.7,960.7,Colluvium,SAFE
9,11.528,76.1489,970.4,47.3,4.1,10.3,19.9,60.0,6.3,985.5,Colluvium,SAFE
9,11.5214,76.1267,969.6,14.4,47.5,45.2,18.6,45.4,11.7,948.1,Clay Loam,SAFE
5,17.9387,73.6675,1326.4,42.7,177.6,73.4,16.6,93.4,23.9,980.0,Laterite,HIGH_RISK
1,17.9587,73.5784,643.5,37.8,50.3,52.7,23.3,86.8,25.6,840.2,Colluvium,MODERATE_RISK
7,11.5132,76.1219,978.9,46.4,170.67,78.7,24.3,90.3,22.3,921.8,Colluvium,HIGH_RISK
9,10.1689,77.0298,1796.5,50.4,155.3,70.8,21.5,96.2,8.4,1010.5,Clay Loam,HIGH_RISK
6,31.1145,77.1585,2238.2,45.2,171.6,79.7,20.9,75.1,17.5,921.1,Clay Loam,HIGH_RISK
4,31.0898,77.1758,2277.1,35.8,46.6,52.3,18.5,86.7,21.9,970.6,Colluvium,MODERATE_RISK
5,26.875,88.1769,1680.9,10.1,41.6,41.8,23.4,47.5,21.9,904.1,Clay Loam,SAFE
1,32.2454,77.1873,2062.3,39.1,11.8,10.5,22.2,77.5,6.4,971.9,Colluvium,SAFE
8,10.1777,77.0281,1717.0,53.2,179.8,80.7,22.6,52.7,33.1,982.9,Weathered Granite,HIGH_RISK
1,26.8812,88.1961,1719.6,32.3,15.3,32.3,15.1,62.4,24.9,957.2,Laterite,SAFE
5,31.0956,77.1692,2281.8,48.8,150.7,92.9,19.3,55.8,9.2,955.4,Clay Loam,HIGH_RISK
7,11.5495,76.1151,988.0,37.8,7.7,12.4,11.3,92.7,15.0,974.7,Colluvium,SAFE
4,11.4127,76.0896,769.7,43.3,106.92,90.2,27.7,46.4,17.2,857.6,Laterite,HIGH_RISK
1,11.394,76.6955,1894.7,41.2,133.5,92.0,22.0,61.0,17.8,928.4,Weathered Granite,HIGH_RISK
1,10.1747,77.0364,1768.5,33.0,54.0,56.9,19.1,88.6,32.8,898.8,Weathered Granite,MODERATE_RISK
3,10.147,77.0132,1780.0,37.9,49.5,63.1,17.3,57.4,21.6,915.5,Colluvium,MODERATE_RISK
3,10.1615,77.0404,1782.9,31.1,56.9,70.1,26.5,95.0,29.4,955.5,Weathered Granite,MODERATE_RISK
5,26.8904,88.1768,1658.5,33.9,14.1,24.6,17.4,73.3,28.0,969.5,Laterite,SAFE
4,30.5566,79.5522,1849.5,40.7,15.07,13.2,20.6,55.8,5.9,915.6,Weathered Granite,SAFE
9,17.9214,73.6571,1389.4,37.1,46.8,63.5,20.8,58.5,32.5,991.8,Laterite,MODERATE_RISK
5,17.9715,73.5654,595.3,45.0,110.83,74.0,18.7,87.9,29.9,885.7,Colluvium,HIGH_RISK
10,11.52,76.1297,1068.8,49.4,168.2,74.6,19.6,49.9,28.6,938.7,Clay Loam,HIGH_RISK
7,30.5361,79.5718,1938.6,42.9,12.4,36.7,25.5,45.1,19.1,935.5,Weathered Granite,SAFE
9,11.3335,76.7884,1800.1,34.9,49.3,70.3,18.5,51.2,5.9,934.8,Weathered Granite,MODERATE_RISK
7,17.9454,73.578,621.1,47.4,143.4,79.4,15.6,86.4,16.7,911.1,Colluvium,HIGH_RISK
3,11.5127,76.1292,993.3,28.5,56.3,64.3,17.7,80.6,10.8,933.0,Colluvium,MODERATE_RISK
5,11.5265,76.155,1043.1,13.6,14.0,31.0,13.5,96.2,13.9,922.8,Weathered Granite,SAFE
5,11.3775,76.6959,1924.9,46.9,128.37,91.4,19.6,78.2,27.4,946.2,Laterite,HIGH_RISK
7,12.4058,75.7402,1195.7,35.9,123.7,80.5,18.4,87.6,11.5,882.3,Residual Soil,HIGH_RISK
8,17.9683,73.5972,627.8,45.2,135.74,76.9,22.4,62.6,6.6,946.8,Colluvium,HIGH_RISK
2,11.5361,76.1565,966.8,45.0,150.59,91.8,22.0,48.9,29.5,929.2,Weathered Granite,HIGH_RISK
1,17.9173,73.6508,1386.1,39.0,16.9,32.1,8.5,97.7,10.3,917.9,Laterite,SAFE
4,26.1598,91.7132,475.4,35.5,57.8,64.4,23.4,48.7,21.6,892.8,Clay Loam,MODERATE_RISK
10,11.54,76.1425,1027.3,10.2,42.95,45.2,21.0,71.4,30.2,928.2,Clay Loam,SAFE
7,11.5175,76.1483,1028.2,4.6,33.5,60.2,15.8,94.7,7.9,1041.7,Sandy Loam,SAFE
4,11.4152,76.096,807.5,32.8,178.48,93.4,25.5,97.6,25.6,978.6,Laterite,HIGH_RISK
4,11.3626,76.7772,1845.2,37.9,40.32,68.2,25.9,86.8,29.5,930.6,Weathered Granite,MODERATE_RISK
4,17.9201,73.6564,1329.2,44.4,148.5,85.5,18.7,93.6,28.5,878.9,Laterite,HIGH_RISK
9,26.1591,91.6896,419.0,32.2,16.9,37.9,22.8,75.5,27.1,940.6,Clay Loam,SAFE
4,26.8854,88.1845,1683.7,29.2,51.3,69.5,28.5,96.9,23.0,934.3,Laterite,MODERATE_RISK
8,11.3999,76.7199,1889.8,43.7,154.83,72.6,15.5,81.4,26.3,945.6,Weathered Granite,HIGH_RISK
8,30.5481,79.5821,1928.5,32.0,47.5,63.7,15.2,96.4,28.8,954.2,Colluvium,MODERATE_RISK
6,11.3485,76.7995,1851.7,39.5,15.3,47.9,20.0,91.2,11.4,922.5,Weathered Granite,SAFE
6,11.396,76.0875,736.7,35.8,56.7,55.4,14.6,97.5,32.5,857.5,Laterite,MODERATE_RISK
5,11.5132,76.1248,922.9,39.6,16.23,43.4,18.3,60.0,16.1,922.3,Colluvium,SAFE
10,11.5707,76.1355,917.3,37.2,51.4,59.7,14.6,68.3,6.5,884.1,Colluvium,MODERATE_RISK
1,11.4055,76.1013,790.5,39.7,7.0,19.3,13.3,93.1,13.6,948.6,Laterite,SAFE
8,11.5223,76.1448,1063.9,37.1,41.5,57.3,15.3,88.5,22.0,957.4,Weathered Granite,MODERATE_RISK
7,11.5175,76.1438,1012.0,34.3,41.9,71.7,18.4,45.3,14.3,946.5,Colluvium,MODERATE_RISK
10,11.563,76.1434,883.8,40.6,8.8,23.7,27.6,90.3,19.0,954.4,Colluvium,SAFE
1,31.0908,77.1572,2280.3,31.3,35.2,58.4,28.1,90.0,7.8,961.5,Weathered Granite,MODERATE_RISK
7,17.9071,73.6633,1322.0,12.3,21.6,45.0,19.5,94.4,26.2,1014.3,Weathered Granite,SAFE
7,11.5312,76.1309,993.2,43.7,179.4,78.4,21.9,70.9,22.8,954.3,Colluvium,HIGH_RISK
5,26.8826,88.1892,1698.4,37.0,56.3,69.2,16.1,67.4,34.4,957.5,Laterite,MODERATE_RISK
1,31.0964,77.1844,2264.9,55.4,165.5,73.7,21.6,45.2,7.6,962.4,Clay Loam,HIGH_RISK
7,11.5039,76.1477,1016.8,36.4,46.8,45.2,26.0,86.8,15.3,925.0,Weathered Granite,MODERATE_RISK
7,10.1355,76.9982,1669.4,46.8,10.18,32.1,23.6,61.4,6.8,878.5,Colluvium,SAFE
7,17.9613,73.5944,610.0,37.4,46.48,58.3,18.9,80.1,11.5,940.1,Colluvium,MODERATE_RISK
6,10.1561,77.0371,1783.1,34.8,49.4,64.9,19.6,97.3,20.9,997.0,Weathered Granite,MODERATE_RISK
4,32.2279,77.1739,2026.7,30.7,46.48,70.3,13.4,81.1,34.6,974.2,Colluvium,MODERATE_RISK
6,26.8973,88.203,1700.4,15.0,29.32,59.3,29.7,81.6,26.6,946.8,Weathered Granite,SAFE
8,11.3936,76.7241,1928.6,41.7,138.4,77.8,21.5,86.7,19.9,930.7,Weathered Granite,HIGH_RISK
2,31.121,77.157,2270.4,33.9,40.76,59.2,24.0,82.5,21.8,955.9,Clay Loam,MODERATE_RISK
6,11.5327,76.1574,1050.2,5.9,47.0,24.0,14.8,65.4,9.6,989.3,Weathered Granite,SAFE
5,11.5358,76.1406,1082.4,30.1,56.3,61.8,17.0,90.6,32.0,984.5,Weathered Granite,MODERATE_RISK
3,17.9367,73.5962,610.7,46.5,177.3,93.1,24.4,91.8,28.0,939.3,Colluvium,HIGH_RISK
2,11.4175,76.1034,771.1,40.7,138.93,86.5,16.4,55.3,5.9,993.5,Weathered Granite,HIGH_RISK
9,11.533,76.1228,1002.2,34.6,54.3,45.7,20.9,55.7,13.7,853.3,Weathered Granite,MODERATE_RISK
9,32.2393,77.1862,2094.3,43.2,13.09,24.4,16.8,74.0,33.3,933.3,Colluvium,SAFE
7,10.165,77.0101,1754.6,39.4,6.5,31.4,24.3,57.0,21.7,981.2,Weathered Granite,SAFE
3,10.1668,77.0014,1638.8,44.6,133.27,82.7,17.3,67.2,34.0,1002.8,Colluvium,HIGH_RISK
5,11.5423,76.1391,969.0,7.3,19.64,39.7,17.9,45.8,22.4,894.3,Colluvium,SAFE
2,11.4182,76.1019,745.4,37.8,49.3,51.4,25.4,80.2,26.6,904.2,Weathered Granite,MODERATE_RISK
1,10.1538,77.0156,1763.0,35.3,53.1,61.6,15.7,94.2,19.4,925.4,Weathered Granite,MODERATE_RISK
9,11.3655,76.7238,1887.1,41.6,13.9,22.7,19.7,57.5,33.0,967.3,Weathered Granite,SAFE
7,26.8701,88.1642,1697.2,34.6,16.2,14.4,10.3,68.5,14.1,1051.7,Laterite,SAFE
4,9.6993,76.912,818.7,41.6,105.8,81.8,23.0,80.5,14.9,913.6,Laterite,HIGH_RISK
2,11.5288,76.1442,1101.9,48.6,5.7,42.1,24.4,74.6,23.4,960.9,Weathered Granite,SAFE
1,32.2257,77.1847,2019.1,46.7,8.0,11.6,29.6,77.8,19.4,904.3,Colluvium,SAFE
4,31.0864,77.1824,2337.4,45.0,145.9,89.8,23.7,92.4,27.4,964.6,Clay Loam,HIGH_RISK
10,11.5223,76.1197,962.7,36.3,51.8,70.8,17.6,82.5,17.2,918.3,Colluvium,MODERATE_RISK
9,17.9076,73.6486,1333.1,36.0,54.7,52.7,24.6,56.6,20.6,919.6,Laterite,MODERATE_RISK
1,26.8753,88.1701,1694.5,32.5,46.7,65.8,17.8,80.7,12.1,968.5,Colluvium,MODERATE_RISK
3,10.1459,77.044,1802.1,46.6,7.2,43.6,18.4,61.9,7.2,914.4,Weathered Granite,SAFE
9,26.8955,88.2028,1651.1,5.1,17.4,37.1,18.6,54.5,15.4,955.6,Laterite,SAFE
4,30.5721,79.558,1792.4,47.1,164.7,79.7,27.3,58.4,8.4,975.7,Weathered Granite,HIGH_RISK
2,30.5426,79.5523,1917.7,48.4,112.2,72.4,23.2,64.3,28.0,940.3,Weathered Granite,HIGH_RISK
5,31.1019,77.1879,2268.0,54.9,108.73,93.0,20.8,46.8,20.7,936.5,Clay Loam,HIGH_RISK
9,11.3963,76.7181,1916.2,35.1,33.2,53.7,22.6,87.3,7.6,917.0,Weathered Granite,MODERATE_RISK
2,30.5642,79.5522,1806.9,15.2,29.5,15.9,17.8,68.8,8.0,955.8,Clay Loam,SAFE
4,9.6637,76.9172,822.6,44.3,127.49,73.4,16.7,60.2,25.1,1013.1,Laterite,HIGH_RISK
8,11.3947,76.6987,1929.7,34.2,16.5,18.3,20.7,67.8,8.6,862.9,Weathered Granite,SAFE
9,10.1718,77.0104,1764.8,10.6,23.7,35.2,19.2,77.5,10.6,986.3,Colluvium,SAFE
10,10.1798,77.0075,1743.8,31.4,48.8,66.0,22.4,94.6,33.5,896.5,Weathered Granite,MODERATE_RISK
4,32.2444,77.1927,2005.4,50.3,162.8,87.1,11.8,88.2,31.8,886.0,Colluvium,HIGH_RISK
10,11.3491,76.8017,1913.1,37.1,46.4,66.8,24.1,66.6,5.2,1004.0,Weathered Granite,MODERATE_RISK
3,12.4304,75.7472,1138.0,37.5,139.9,94.7,18.7,95.9,10.0,943.4,Residual Soil,HIGH_RISK
9,11.5312,76.1257,1013.1,17.6,47.3,56.9,31.0,92.3,21.7,937.7,Colluvium,SAFE
4,11.3826,76.7159,1882.0,31.8,41.91,70.8,12.7,94.6,24.8,910.2,Weathered Granite,MODERATE_RISK
2,11.5439,76.1201,988.9,47.9,116.38,86.1,18.4,53.6,27.7,968.7,Colluvium,HIGH_RISK
3,9.6979,76.9204,799.2,5.1,45.4,44.1,16.0,69.2,23.8,921.5,Residual Soil,SAFE
10,31.124,77.172,2250.4,52.0,150.81,81.2,24.9,69.1,20.1,968.9,Clay Loam,HIGH_RISK
10,11.4243,76.0992,793.1,35.3,12.1,42.7,16.0,82.2,20.1,955.7,Laterite,SAFE
9,11.5291,76.1289,933.9,47.5,133.7,81.1,22.8,91.7,34.9,950.7,Colluvium,HIGH_RISK
10,26.1675,91.6823,473.8,38.4,163.9,75.9,18.5,66.6,18.4,985.8,Clay Loam,HIGH_RISK
7,17.9086,73.6782,1356.2,15.1,26.3,16.6,18.7,68.5,33.5,958.2,Residual Soil,SAFE
8,32.2543,77.1929,1994.7,34.0,42.08,71.7,20.6,95.5,6.2,944.4,Colluvium,MODERATE_RISK
6,26.896,88.2024,1682.4,33.8,57.9,71.2,17.7,92.4,6.0,982.1,Laterite,MODERATE_RISK
3,30.5692,79.579,1940.9,14.1,36.74,23.7,27.4,47.1,16.0,989.8,Clay Loam,SAFE
1,30.5524,79.5698,1902.4,36.9,13.75,11.0,15.1,86.1,18.0,928.3,Weathered Granite,SAFE
4,32.2536,77.1978,2042.8,7.2,41.8,26.6,19.4,89.6,12.5,934.6,Clay Loam,SAFE
3,10.1442,77.0091,1775.4,29.5,50.11,71.3,16.1,93.2,11.0,917.9,Weathered Granite,MODERATE_RISK
4,11.5139,76.1281,1035.9,44.3,168.19,95.8,20.2,72.7,20.1,898.2,Weathered Granite,HIGH_RISK
9,26.1859,91.7026,474.5,29.9,6.0,21.7,23.2,85.0,32.1,988.9,Clay Loam,SAFE
6,11.3856,76.7119,1922.4,37.2,29.59,59.1,17.6,88.1,26.6,976.4,Weathered Granite,MODERATE_RISK
4,30.5366,79.5675,1881.9,31.6,51.1,60.0,21.6,88.7,20.8,914.8,Weathered Granite,MODERATE_RISK
3,30.5638,79.5511,1847.7,37.8,56.9,57.5,21.4,83.3,11.9,887.9,Weathered Granite,MODERATE_RISK
9,32.2247,77.1786,2088.6,37.9,49.2,47.4,14.0,52.8,12.8,955.5,Colluvium,MODERATE_RISK
4,17.9376,73.5831,628.7,50.5,129.91,73.8,27.0,51.6,22.3,963.6,Colluvium,HIGH_RISK
1,26.9076,88.1746,1643.4,4.2,40.8,20.8,20.4,97.5,26.0,991.2,Clay Loam,SAFE
3,17.9704,73.5745,626.3,51.3,131.89,88.4,22.4,68.2,25.6,907.6,Colluvium,HIGH_RISK
1,10.1342,77.0042,1596.1,33.8,56.9,61.7,21.2,95.7,25.3,933.4,Colluvium,MODERATE_RISK
4,10.1323,77.026,1666.5,31.0,33.6,61.6,22.6,82.9,22.8,971.7,Colluvium,MODERATE_RISK
5,10.1533,77.0287,1648.3,5.7,33.7,41.7,18.3,97.6,28.0,913.6,Colluvium,SAFE
6,11.5263,76.1506,934.1,40.1,134.0,87.4,24.4,61.3,19.5,971.9,Colluvium,HIGH_RISK
9,26.8843,88.1694,1673.9,32.7,50.5,70.7,20.3,70.1,12.9,956.5,Laterite,MODERATE_RISK
7,30.5595,79.5782,1867.2,31.2,53.0,62.0,16.4,81.3,11.0,902.2,Clay Loam,MODERATE_RISK
7,26.1641,91.7017,458.7,34.0,8.2,30.6,23.4,83.3,22.9,990.7,Clay Loam,SAFE
7,11.3651,76.7156,1936.8,32.9,43.78,55.7,24.0,97.8,31.4,964.3,Weathered Granite,MODERATE_RISK
2,9.6959,76.9248,853.7,37.8,104.3,93.1,14.4,60.2,26.1,937.5,Weathered Granite,HIGH_RISK
2,11.5369,76.1513,1030.8,37.6,50.6,60.4,14.3,59.3,19.4,948.7,Laterite,MODERATE_RISK
1,17.9377,73.5913,635.7,37.9,30.25,68.7,27.1,82.6,5.3,898.4,Colluvium,MODERATE_RISK
9,12.4131,75.7236,1156.5,38.9,149.6,85.8,25.7,96.6,30.7,926.9,Residual Soil,HIGH_RISK
8,11.3374,76.8051,1863.4,40.0,170.4,74.1,18.3,85.9,13.5,996.3,Weathered Granite,HIGH_RISK
10,11.3853,76.7192,1937.7,47.2,148.0,75.8,10.4,93.8,18.0,1002.3,Colluvium,HIGH_RISK
5,11.3563,76.7829,1898.4,41.7,11.72,29.6,20.6,62.7,16.4,938.2,Weathered Granite,SAFE
1,10.1642,77.0367,1634.9,40.4,4.79,25.7,16.6,87.0,23.0,932.2,Colluvium,SAFE
7,17.9661,73.5641,601.2,36.6,56.8,51.8,17.0,93.5,20.4,940.7,Colluvium,MODERATE_RISK
2,11.3667,76.7975,1879.7,34.7,41.41,57.0,24.6,92.8,30.5,914.7,Weathered Granite,MODERATE_RISK
4,11.5389,76.1495,996.9,37.3,31.41,62.6,21.2,83.5,6.2,928.7,Colluvium,MODERATE_RISK
3,10.1488,77.0366,1790.0,48.6,170.8,80.8,17.4,47.6,34.0,925.5,Weathered Granite,HIGH_RISK
1,11.5281,76.1469,1051.1,8.5,33.0,59.9,20.2,53.0,23.3,986.1,Laterite,SAFE
6,10.1648,77.014,1648.8,7.7,25.58,55.9,16.6,47.2,19.1,948.9,Weathered Granite,SAFE
5,10.1434,77.0314,1696.3,50.4,162.3,89.8,19.4,61.3,33.8,982.3,Colluvium,HIGH_RISK
5,11.344,76.7944,1809.5,37.8,40.2,62.6,16.7,74.9,21.3,924.7,Weathered Granite,MODERATE_RISK
1,11.5578,76.1136,973.5,37.1,55.6,70.6,20.8,49.7,14.5,967.1,Weathered Granite,MODERATE_RISK
6,11.5434,76.1106,933.2,42.5,171.99,90.5,17.9,56.6,7.6,891.2,Colluvium,HIGH_RISK
5,26.8767,88.1727,1712.2,33.7,54.3,70.6,18.3,68.7,27.5,1030.5,Laterite,MODERATE_RISK
10,17.9381,73.598,590.3,16.3,33.6,16.6,16.5,93.8,29.2,965.8,Clay Loam,SAFE
6,11.5386,76.1495,1022.0,40.2,186.4,90.4,20.8,45.8,33.9,975.5,Colluvium,HIGH_RISK
2,9.6705,76.921,824.1,32.3,49.17,62.7,18.6,95.9,15.3,937.9,Laterite,MODERATE_RISK
10,11.535,76.1286,952.5,39.2,102.0,89.5,18.4,92.8,12.8,902.2,Colluvium,HIGH_RISK
6,17.9345,73.6621,1308.7,37.3,45.4,60.4,17.2,91.2,19.8,949.6,Laterite,MODERATE_RISK
8,11.3688,76.6924,1897.5,46.9,109.01,80.8,20.8,92.7,5.7,942.0,Weathered Granite,HIGH_RISK
10,11.5502,76.1472,939.0,7.6,37.73,27.8,18.6,93.7,30.4,982.1,Sandy Loam,SAFE
1,11.4294,76.1134,806.6,43.4,175.7,77.7,22.4,96.8,34.1,952.2,Laterite,HIGH_RISK
9,11.5062,76.1499,1054.1,50.2,138.0,95.0,14.5,58.5,29.9,961.9,Weathered Granite,HIGH_RISK
3,17.9219,73.6665,1369.8,40.6,9.62,23.0,16.4,66.8,31.2,968.7,Laterite,SAFE
6,9.6993,76.903,792.3,47.1,137.3,92.5,22.9,88.8,21.9,942.9,Laterite,HIGH_RISK
9,11.3709,76.6977,1914.0,36.8,46.53,61.5,20.0,56.7,15.4,951.4,Weathered Granite,MODERATE_RISK
4,11.4257,76.1134,820.9,36.7,54.4,69.1,20.2,80.5,17.6,969.9,Laterite,MODERATE_RISK
8,17.9359,73.6406,1364.4,37.7,55.5,67.5,12.3,87.2,15.4,913.4,Laterite,MODERATE_RISK
7,17.9369,73.5864,597.8,50.4,124.2,84.7,22.1,67.3,29.3,1016.8,Colluvium,HIGH_RISK
5,11.5071,76.1256,1061.1,34.1,50.16,68.6,16.6,78.4,15.1,963.6,Weathered Granite,MODERATE_RISK
9,10.1523,77.014,1808.6,52.2,152.24,79.9,19.3,87.4,23.0,956.1,Weathered Granite,HIGH_RISK
9,11.5288,76.1405,1033.7,23.8,57.3,67.6,18.7,87.2,27.0,922.7,Weathered Granite,MODERATE_RISK
8,31.0953,77.1712,2316.2,54.4,168.6,88.6,17.4,52.8,32.4,938.4,Clay Loam,HIGH_RISK
4,10.1448,77.0113,1764.9,45.8,142.9,82.6,20.9,50.3,5.6,962.8,Weathered Granite,HIGH_RISK
8,11.3529,76.7821,1841.4,41.4,155.71,87.6,20.8,55.6,14.8,952.7,Weathered Granite,HIGH_RISK
10,26.8893,88.1695,1695.4,37.5,10.01,28.4,22.8,81.3,7.7,950.6,Laterite,SAFE
6,32.2506,77.207,2056.9,34.6,52.14,58.7,16.4,84.1,15.6,922.3,Weathered Granite,MODERATE_RISK
8,9.6721,76.9269,851.1,46.5,115.89,91.3,14.3,62.7,6.2,939.6,Laterite,HIGH_RISK
6,26.1683,91.7189,491.1,28.8,15.62,45.0,25.7,50.8,30.6,926.6,Clay Loam,SAFE
2,11.3608,76.7898,1873.9,37.8,148.4,81.2,25.0,66.9,22.2,955.2,Weathered Granite,HIGH_RISK
7,12.4048,75.7492,1152.4,5.0,24.5,32.4,20.2,64.5,9.4,922.8,Laterite,SAFE
6,11.3825,76.7202,1912.2,35.0,12.38,37.7,22.4,76.7,5.4,953.6,Weathered Granite,SAFE
8,11.3809,76.6933,1930.3,42.0,143.9,86.2,20.5,70.8,21.6,970.6,Weathered Granite,HIGH_RISK
7,9.684,76.922,852.0,30.8,45.27,65.3,19.3,82.5,8.7,951.5,Colluvium,MODERATE_RISK
4,11.3665,76.8112,1834.3,36.1,13.2,45.0,18.3,70.5,14.0,941.7,Weathered Granite,SAFE
3,11.553,76.1124,901.3,36.4,45.4,71.6,17.6,89.5,27.1,915.3,Colluvium,MODERATE_RISK
9,11.379,76.6938,1907.5,39.3,152.13,92.3,23.3,91.2,7.7,946.3,Clay Loam,HIGH_RISK
7,17.9571,73.5887,627.4,44.9,102.2,89.6,20.9,65.3,20.8,905.9,Colluvium,HIGH_RISK
1,11.5165,76.1427,937.6,35.5,47.08,53.0,21.6,80.4,14.4,896.6,Colluvium,MODERATE_RISK
10,11.376,76.714,1884.1,8.1,30.14,26.1,16.7,78.0,7.2,963.7,Laterite,SAFE
1,11.5203,76.1534,1046.2,49.1,11.9,42.5,22.7,74.0,7.9,916.9,Weathered Granite,SAFE
10,10.1436,77.043,1814.1,30.8,39.55,64.5,18.1,90.5,6.7,936.2,Weathered Granite,MODERATE_RISK
8,17.9267,73.6588,1356.5,39.2,14.85,35.9,14.8,87.6,11.5,885.8,Laterite,SAFE
3,10.1785,77.0386,1754.1,38.4,14.3,29.5,17.3,75.3,7.4,958.2,Weathered Granite,SAFE
7,26.8961,88.169,1646.2,31.6,55.6,54.5,20.6,87.5,27.5,974.0,Laterite,MODERATE_RISK
2,31.1169,77.1571,2259.0,36.5,50.66,51.5,25.7,87.4,29.4,915.4,Weathered Granite,MODERATE_RISK
7,11.5367,76.1641,1060.4,53.0,92.7,87.4,17.2,57.6,19.0,916.5,Weathered Granite,HIGH_RISK
3,11.5063,76.1522,1025.6,50.1,133.2,83.9,23.4,48.4,8.5,1041.5,Clay Loam,HIGH_RISK
1,9.6979,76.9195,820.9,42.6,14.1,17.1,24.4,77.2,27.8,920.1,Laterite,SAFE
7,11.3681,76.7859,1893.0,12.5,24.42,44.7,22.2,75.7,10.4,941.9,Residual Soil,SAFE
7,11.5261,76.1426,1046.8,34.9,50.55,71.1,16.4,75.3,14.3,936.2,Weathered Granite,MODERATE_RISK
10,31.1063,77.1562,2326.5,49.5,117.98,88.4,12.3,97.1,33.0,994.7,Clay Loam,HIGH_RISK
8,31.1052,77.158,2329.5,7.1,40.37,45.2,14.7,76.6,25.8,945.0,Colluvium,SAFE
6,11.3765,76.7219,1939.0,40.9,162.1,95.8,17.2,88.1,6.9,917.6,Laterite,HIGH_RISK
6,17.9543,73.5858,645.0,5.7,15.51,54.2,22.1,51.4,29.3,837.8,Residual Soil,SAFE
4,11.4157,76.1201,777.5,38.1,11.44,38.0,14.5,56.3,6.1,910.8,Laterite,SAFE
1,26.9078,88.1826,1703.5,33.4,150.5,83.3,15.9,97.7,16.9,1063.6,Weathered Granite,HIGH_RISK
4,9.6721,76.9087,809.8,37.4,5.94,38.3,24.3,64.7,14.6,958.0,Laterite,SAFE
10,32.2288,77.1833,2053.2,15.6,23.3,39.7,17.7,54.3,16.3,981.4,Clay Loam,SAFE
10,17.9176,73.6564,1361.0,42.5,171.05,80.5,19.3,94.8,19.5,930.8,Weathered Granite,HIGH_RISK
6,11.5088,76.1529,1023.3,46.2,173.19,91.7,21.1,79.9,22.1,971.8,Weathered Granite,HIGH_RISK
7,10.1574,77.0122,1637.9,42.0,152.1,71.0,23.1,96.6,17.8,1004.2,Colluvium,HIGH_RISK
5,17.9399,73.5905,625.8,41.7,180.02,76.2,17.0,59.9,17.1,946.5,Colluvium,HIGH_RISK
7,31.1038,77.1905,2304.4,55.7,105.4,74.2,17.7,56.6,33.3,958.1,Clay Loam,HIGH_RISK
5,31.0963,77.1928,2285.7,49.0,131.6,88.9,16.1,54.4,19.1,1015.0,Clay Loam,HIGH_RISK
5,11.3442,76.7876,1876.4,37.9,8.8,10.9,29.2,65.9,8.2,922.3,Weathered Granite,SAFE
7,10.1642,77.0162,1643.7,35.5,42.74,64.4,19.8,96.2,18.1,1031.1,Colluvium,MODERATE_RISK
1,26.1684,91.6871,435.9,36.0,51.3,47.7,19.3,70.6,10.0,957.3,Weathered Granite,MODERATE_RISK
4,11.3524,76.7862,1824.5,38.9,147.8,75.8,17.2,86.7,13.7,921.8,Weathered Granite,HIGH_RISK
7,11.536,76.1187,934.8,16.8,43.18,28.8,21.9,86.7,16.1,950.8,Weathered Granite,SAFE
9,10.1427,77.0072,1610.9,37.7,50.7,54.1,22.1,55.6,20.2,948.3,Colluvium,MODERATE_RISK
9,11.335,76.7823,1866.5,12.5,31.74,15.3,18.7,70.5,32.4,934.9,Laterite,SAFE
8,26.1845,91.6864,413.1,26.8,17.5,27.9,12.7,83.7,11.5,940.3,Clay Loam,SAFE
10,11.5252,76.1338,975.3,47.0,139.6,84.6,20.1,61.2,6.8,893.6,Colluvium,HIGH_RISK
8,11.5293,76.1374,1074.5,37.2,44.66,71.9,22.0,52.9,15.7,970.9,Weathered Granite,MODERATE_RISK
7,30.5528,79.5566,1921.4,16.4,29.48,37.1,26.0,53.9,10.0,984.0,Sandy Loam,SAFE
5,17.9642,73.573,556.2,37.5,51.3,67.5,20.2,64.8,31.3,942.4,Colluvium,MODERATE_RISK
7,11.5365,76.1305,901.3,35.7,159.67,93.4,15.9,79.6,5.4,977.7,Colluvium,HIGH_RISK
10,11.37,76.7203,1950.0,47.0,97.19,85.2,18.6,77.6,16.5,927.6,Weathered Granite,HIGH_RISK
1,11.5444,76.1212,991.6,41.5,147.0,74.6,14.5,48.0,20.4,981.6,Weathered Granite,HIGH_RISK
1,17.9381,73.6001,649.3,34.4,49.9,66.1,19.8,50.0,26.0,895.9,Colluvium,MODERATE_RISK
4,10.153,77.0359,1794.4,34.3,49.6,57.9,20.5,84.5,31.7,949.1,Weathered Granite,MODERATE_RISK
1,11.5561,76.1342,936.4,34.9,16.28,22.5,16.7,62.8,17.4,979.3,Colluvium,SAFE
6,26.1702,91.6841,478.8,30.9,15.8,27.1,13.5,45.7,6.3,978.9,Clay Loam,SAFE
9,11.5467,76.113,911.4,39.4,4.2,36.9,21.6,48.4,18.2,929.5,Colluvium,SAFE
4,17.9243,73.6409,1336.1,35.6,12.87,34.7,18.4,51.4,14.1,962.1,Laterite,SAFE
3,17.914,73.6415,1347.2,33.2,43.23,49.1,18.9,80.1,5.2,946.1,Weathered Granite,MODERATE_RISK
9,9.6962,76.9339,879.8,43.7,155.5,77.4,16.6,88.4,17.4,949.9,Laterite,HIGH_RISK
3,32.2604,77.1874,2062.5,37.3,42.52,71.2,12.1,67.0,16.2,997.0,Colluvium,MODERATE_RISK
5,30.5455,79.5738,1853.6,12.9,33.28,44.1,19.1,86.3,26.7,982.5,Clay Loam,SAFE
7,11.3834,76.7068,1913.9,17.4,44.9,28.9,19.6,72.5,14.4,991.2,Laterite,SAFE
1,26.1768,91.7126,458.6,36.9,55.1,63.5,19.8,95.1,25.9,937.4,Clay Loam,MODERATE_RISK
6,11.5282,76.1363,1023.9,40.5,116.2,87.1,16.3,87.0,20.4,980.7,Colluvium,HIGH_RISK
9,17.9219,73.6452,1312.7,43.2,124.74,83.1,21.4,85.2,11.2,917.6,Laterite,HIGH_RISK
6,32.2337,77.2039,2052.4,12.9,48.8,50.9,18.4,95.6,25.4,958.9,Weathered Granite,SAFE
6,11.5237,76.1338,1020.5,7.8,43.73,22.9,19.0,85.4,14.9,922.6,Residual Soil,SAFE
5,11.3607,76.7876,1790.8,36.8,17.2,22.0,20.3,66.5,7.2,870.2,Weathered Granite,SAFE
10,11.3458,76.7861,1874.2,37.2,57.4,67.1,22.7,73.0,14.3,924.4,Weathered Granite,MODERATE_RISK
4,11.3584,76.7757,1876.1,43.9,164.3,88.3,21.5,80.6,10.1,909.4,Weathered Granite,HIGH_RISK
6,11.3446,76.7853,1864.5,13.8,37.02,60.9,19.2,81.4,6.8,928.7,Weathered Granite,SAFE
9,11.4085,76.1084,788.1,32.7,6.0,34.5,16.4,66.1,25.3,976.8,Laterite,SAFE
8,10.1663,77.0249,1790.6,35.4,47.6,47.3,24.0,45.9,19.6,928.1,Weathered Granite,MODERATE_RISK
7,11.3699,76.7081,1954.0,47.6,140.53,93.9,22.0,86.0,33.5,945.0,Weathered Granite,HIGH_RISK
7,11.5052,76.1499,1053.5,49.5,120.3,88.1,21.5,54.2,25.3,963.5,Weathered Granite,HIGH_RISK
9,17.9398,73.5698,637.5,35.1,42.3,71.7,17.0,91.7,19.7,921.9,Colluvium,MODERATE_RISK
8,30.5692,79.5785,1842.3,36.0,52.7,65.8,19.1,65.3,6.2,937.7,Weathered Granite,MODERATE_RISK
8,31.1229,77.1569,2297.8,52.9,181.06,94.3,21.8,70.4,31.2,983.0,Clay Loam,HIGH_RISK
1,11.5178,76.1286,1092.1,35.7,42.52,62.5,11.8,89.0,34.6,894.7,Weathered Granite,MODERATE_RISK
8,9.6662,76.901,857.8,13.4,11.11,46.9,22.9,62.0,19.7,988.1,Clay Loam,SAFE
4,9.6653,76.9302,860.8,44.2,13.1,46.3,19.8,61.6,16.9,970.5,Laterite,SAFE
6,10.173,77.0391,1731.7,44.6,10.9,16.0,26.4,61.3,17.4,960.3,Weathered Granite,SAFE
3,10.1439,77.0186,1778.3,50.9,102.1,87.3,16.7,72.5,18.6,942.8,Weathered Granite,HIGH_RISK
6,30.5677,79.5591,1907.1,16.5,37.51,55.5,18.3,74.5,11.2,946.5,Weathered Granite,SAFE
8,11.3962,76.6971,1953.7,38.6,137.88,91.5,12.5,64.7,19.3,914.5,Weathered Granite,HIGH_RISK
4,17.9304,73.6412,1360.1,38.0,132.5,76.2,15.2,87.8,21.3,962.6,Laterite,HIGH_RISK
10,11.3412,76.8054,1872.4,36.0,50.6,53.0,20.6,90.7,19.4,975.8,Colluvium,MODERATE_RISK
8,11.4107,76.0912,833.9,8.1,25.91,15.8,14.0,84.2,5.8,942.0,Clay Loam,SAFE
9,11.5048,76.1442,1019.1,49.2,175.6,70.2,15.4,84.5,30.6,999.2,Weathered Granite,HIGH_RISK
7,11.5095,76.1282,1089.7,44.5,169.34,76.8,17.4,59.9,18.0,959.2,Weathered Granite,HIGH_RISK
7,10.1336,77.0145,1600.3,48.5,125.3,80.5,13.7,84.8,17.9,1020.2,Weathered Granite,HIGH_RISK
10,30.5615,79.5551,1910.3,5.7,20.9,40.5,22.5,63.3,10.1,994.5,Colluvium,SAFE
2,10.1662,77.0234,1776.8,52.7,143.22,89.6,21.4,96.6,16.3,946.6,Weathered Granite,HIGH_RISK
7,30.5447,79.5828,1864.4,37.5,50.55,58.6,27.2,50.7,13.2,950.1,Weathered Granite,MODERATE_RISK
6,31.1024,77.1577,2265.6,50.0,12.7,17.3,17.9,49.5,13.2,1013.4,Clay Loam,SAFE
9,11.5393,76.1404,957.7,40.2,153.51,72.3,23.2,48.2,8.5,923.7,Colluvium,HIGH_RISK
10,10.165,77.019,1620.5,34.8,54.1,67.5,15.9,74.7,26.9,962.0,Colluvium,MODERATE_RISK
2,12.4272,75.748,1125.1,37.8,14.6,35.2,16.3,69.3,29.5,953.2,Residual Soil,SAFE
9,11.5696,76.1469,927.1,27.2,52.2,70.4,22.4,86.5,31.9,911.1,Sandy Loam,MODERATE_RISK
6,30.5452,79.5605,1862.1,42.7,4.0,32.7,24.3,85.0,18.2,972.0,Weathered Granite,SAFE
6,11.4236,76.1211,780.4,37.4,56.3,60.8,14.6,70.4,33.3,948.8,Weathered Granite,MODERATE_RISK
2,26.9014,88.1842,1737.7,36.2,45.6,57.3,18.8,92.0,27.2,980.4,Laterite,MODERATE_RISK
6,11.3636,76.7878,1823.7,37.7,54.9,59.9,19.9,94.2,27.8,968.7,Weathered Granite,MODERATE_RISK
9,11.4019,76.0973,779.2,8.6,29.92,50.3,24.9,88.9,16.2,903.9,Laterite,SAFE
5,31.0922,77.1892,2276.3,44.2,176.1,80.2,16.1,69.9,24.9,947.9,Clay Loam,HIGH_RISK
3,10.1594,77.0394,1790.4,53.4,167.37,70.9,22.1,89.0,29.3,973.1,Weathered Granite,HIGH_RISK
6,12.4275,75.7272,1161.9,39.8,12.4,36.5,19.9,80.4,15.0,973.3,Residual Soil,SAFE
4,26.172,91.7052,453.0,31.9,14.69,26.0,17.3,51.7,10.6,964.2,Clay Loam,SAFE
3,26.9053,88.1758,1696.7,34.1,52.25,69.6,14.6,92.1,25.2,922.2,Laterite,MODERATE_RISK
10,11.4131,76.1235,779.2,33.5,171.4,91.6,14.0,80.3,34.8,884.5,Laterite,HIGH_RISK
4,17.9367,73.5736,652.2,13.9,43.0,52.7,21.1,48.8,7.9,913.2,Sandy Loam,SAFE
9,11.3932,76.6984,1913.1,33.3,44.1,71.8,21.7,85.5,29.8,959.5,Weathered Granite,MODERATE_RISK
9,11.3464,76.8135,1836.8,35.3,52.7,50.1,22.5,86.9,17.8,932.9,Weathered Granite,MODERATE_RISK
8,11.4262,76.1202,777.8,35.1,48.24,60.7,15.5,82.7,25.3,904.2,Laterite,MODERATE_RISK
8,11.3776,76.6978,1934.8,37.5,46.9,60.4,23.9,69.5,29.9,913.6,Weathered Granite,MODERATE_RISK
3,31.1131,77.1866,2310.4,47.8,7.87,22.5,13.6,70.3,34.0,887.0,Clay Loam,SAFE
7,11.5219,76.1292,970.3,30.4,55.8,59.7,13.4,91.6,23.1,963.1,Colluvium,MODERATE_RISK
1,11.5055,76.1377,1028.7,35.1,49.2,64.2,30.8,84.9,30.0,976.1,Weathered Granite,MODERATE_RISK
2,11.5335,76.1406,965.0,10.3,19.25,55.1,12.0,81.9,34.6,917.1,Colluvium,SAFE
8,11.3997,76.1151,765.4,42.7,114.6,80.4,17.7,73.9,33.7,919.6,Laterite,HIGH_RISK
2,11.3702,76.8072,1833.3,40.8,137.34,91.8,20.9,94.9,17.8,969.2,Weathered Granite,HIGH_RISK
8,11.5415,76.119,990.2,48.1,168.63,79.1,26.1,60.4,18.8,905.1,Colluvium,HIGH_RISK
6,12.4065,75.7566,1174.6,16.4,23.8,38.0,20.9,49.0,30.3,894.4,Residual Soil,SAFE
6,32.2554,77.1822,2018.5,45.5,139.04,93.9,24.2,64.8,19.5,954.6,Colluvium,HIGH_RISK
1,32.2405,77.2042,2076.2,42.1,177.0,75.2,31.4,97.7,10.8,902.5,Laterite,HIGH_RISK
4,11.5472,76.1434,909.1,35.2,49.39,67.0,14.4,94.2,6.4,1062.8,Colluvium,MODERATE_RISK
2,12.426,75.748,1270.7,33.9,56.3,67.6,16.7,93.8,25.2,856.9,Weathered Granite,MODERATE_RISK
1,17.9197,73.6664,1324.2,36.0,11.5,37.4,19.7,65.3,12.5,990.7,Laterite,SAFE
7,11.4138,76.0996,779.6,38.3,181.12,75.4,14.8,84.0,29.3,900.5,Laterite,HIGH_RISK
7,30.5466,79.5854,1856.5,36.0,30.7,47.1,22.3,96.4,15.9,934.7,Weathered Granite,MODERATE_RISK
7,17.9345,73.5666,627.6,42.7,155.38,91.1,21.2,65.6,6.6,1015.6,Colluvium,HIGH_RISK
4,31.1231,77.1876,2278.9,49.4,170.3,85.5,16.7,87.8,32.2,861.8,Clay Loam,HIGH_RISK
9,11.5329,76.1131,989.3,48.4,179.2,84.9,14.4,62.3,29.3,957.2,Colluvium,HIGH_RISK
5,10.1342,77.0364,1632.0,37.8,33.0,71.4,23.2,93.6,14.7,944.5,Colluvium,MODERATE_RISK
9,10.1537,77.0186,1677.6,40.9,162.31,81.4,20.2,47.6,21.6,952.1,Weathered Granite,HIGH_RISK
4,11.3967,76.6942,1901.4,41.2,173.53,93.0,19.0,85.4,8.5,1001.9,Weathered Granite,HIGH_RISK
10,11.5175,76.1128,974.4,35.4,44.3,58.0,22.5,81.7,5.9,941.5,Colluvium,MODERATE_RISK
2,10.1433,77.0045,1670.5,45.4,154.8,77.2,19.4,54.3,5.7,946.4,Laterite,HIGH_RISK
1,26.184,91.7117,462.4,36.0,178.0,71.3,19.0,82.2,15.7,944.7,Weathered Granite,HIGH_RISK
2,31.1188,77.1872,2318.7,16.2,37.0,64.1,17.1,75.9,5.7,926.8,Sandy Loam,SAFE
5,11.3556,76.8097,1875.8,7.5,15.84,52.0,20.6,95.0,17.7,974.1,Weathered Granite,SAFE
2,30.5528,79.5596,1798.8,37.6,10.23,35.3,10.6,78.9,21.8,954.8,Weathered Granite,SAFE
6,11.3896,76.6933,1916.2,32.0,40.7,68.2,25.9,93.3,5.9,982.9,Weathered Granite,MODERATE_RISK
2,11.5029,76.1614,1079.2,44.4,121.11,80.8,17.2,63.4,6.2,914.8,Weathered Granite,HIGH_RISK
9,10.1701,77.0104,1750.9,32.8,50.38,61.2,19.0,87.7,26.1,874.4,Weathered Granite,MODERATE_RISK
3,26.8925,88.1957,1710.4,13.2,21.5,52.1,10.6,55.6,30.7,982.8,Laterite,SAFE
8,32.2443,77.2063,2026.5,46.3,107.7,95.3,22.6,60.8,31.4,956.6,Colluvium,HIGH_RISK
8,11.4185,76.1227,825.8,42.5,161.1,81.5,12.3,86.5,9.1,923.1,Laterite,HIGH_RISK
3,32.2604,77.1973,2035.5,44.6,110.4,86.5,20.3,58.5,10.7,953.6,Colluvium,HIGH_RISK
5,11.5073,76.1321,1018.4,53.2,148.72,73.1,23.7,61.6,21.4,955.2,Weathered Granite,HIGH_RISK
1,32.2246,77.1964,2024.7,35.8,41.3,60.7,18.4,86.7,20.7,955.3,Colluvium,MODERATE_RISK
2,11.4163,76.1116,792.7,32.3,130.9,85.0,20.0,84.3,10.9,920.3,Laterite,HIGH_RISK
8,17.9491,73.5833,611.5,37.2,54.3,56.5,16.9,89.9,22.7,995.7,Colluvium,MODERATE_RISK
1,11.3704,76.8012,1807.4,34.1,55.7,69.8,25.7,60.4,34.3,930.8,Weathered Granite,MODERATE_RISK
9,32.2302,77.1928,2024.3,10.0,45.4,41.4,16.5,70.9,24.6,947.3,Weathered Granite,SAFE
8,26.1685,91.6918,459.5,8.8,44.3,33.2,17.0,59.9,30.3,991.4,Laterite,SAFE
1,12.4394,75.7397,1193.3,10.0,37.4,46.1,20.6,51.0,32.6,999.7,Residual Soil,SAFE
10,11.5398,76.1363,886.8,35.7,53.3,70.4,20.2,67.4,31.2,987.0,Colluvium,MODERATE_RISK
2,11.394,76.0897,751.7,34.0,50.05,61.9,19.7,84.2,9.9,935.0,Laterite,MODERATE_RISK
1,11.5159,76.118,969.5,42.1,8.47,33.8,14.5,84.7,20.4,972.5,Colluvium,SAFE
10,10.1336,77.0217,1687.4,28.6,49.5,62.4,22.1,86.9,15.9,969.4,Weathered Granite,MODERATE_RISK
6,11.3343,76.7888,1872.1,36.6,51.4,48.5,17.2,81.4,8.0,994.8,Weathered Granite,MODERATE_RISK
2,17.9507,73.5759,578.2,52.9,138.82,81.5,22.8,48.3,20.3,944.5,Colluvium,HIGH_RISK
6,11.3993,76.106,733.4,36.1,170.12,83.4,18.9,51.1,27.5,932.4,Laterite,HIGH_RISK
9,9.691,76.9239,802.0,36.1,47.6,64.4,15.0,61.9,8.3,902.0,Laterite,MODERATE_RISK
2,11.5393,76.1303,916.0,37.2,16.6,41.8,18.3,56.3,27.7,915.6,Colluvium,SAFE
8,10.1692,77.0206,1616.6,37.5,36.35,71.3,15.5,93.3,9.7,946.1,Colluvium,MODERATE_RISK
1,31.1035,77.1586,2269.4,8.2,31.0,31.8,21.3,46.9,32.7,973.9,Laterite,SAFE
7,32.2378,77.185,2005.1,43.3,137.72,88.4,18.7,69.6,10.0,969.5,Clay Loam,HIGH_RISK
3,11.542,76.112,949.6,43.9,173.19,87.4,22.4,73.2,18.1,1037.8,Colluvium,HIGH_RISK
10,17.9229,73.6625,1346.9,33.6,52.09,55.3,18.0,89.4,15.1,935.8,Laterite,MODERATE_RISK
10,17.9097,73.6397,1368.6,36.6,12.49,47.3,16.1,54.2,26.7,1030.8,Laterite,SAFE
9,26.8887,88.1736,1666.6,38.2,124.47,76.4,21.5,89.9,12.8,913.6,Laterite,HIGH_RISK
1,10.1788,77.0436,1798.6,36.5,42.9,48.3,20.7,93.6,23.2,931.6,Weathered Granite,MODERATE_RISK
3,30.5657,79.575,1860.1,45.4,16.45,28.8,21.6,55.8,26.4,1015.7,Weathered Granite,SAFE
8,30.5756,79.585,1891.1,36.2,27.4,62.0,19.3,90.8,34.0,891.4,Colluvium,MODERATE_RISK
2,30.5377,79.5584,1855.0,7.0,24.8,35.5,18.6,66.5,13.5,941.1,Laterite,SAFE
3,11.3344,76.8078,1852.3,13.2,28.66,62.3,17.5,54.2,28.0,913.6,Colluvium,SAFE
10,11.5406,76.1593,1047.4,50.8,139.6,79.8,22.0,79.1,33.7,963.2,Weathered Granite,HIGH_RISK
2,31.0955,77.1713,2248.7,55.4,132.3,78.0,29.9,89.3,31.2,949.9,Clay Loam,HIGH_RISK
2,17.9387,73.5622,670.7,52.6,125.3,94.3,25.4,88.2,9.5,907.7,Colluvium,HIGH_RISK
7,30.56,79.558,1887.8,39.6,179.8,88.9,16.2,48.1,21.3,925.4,Weathered Granite,HIGH_RISK
5,31.1066,77.1696,2230.1,8.4,17.0,19.4,25.3,97.3,26.2,1008.5,Colluvium,SAFE
9,11.3689,76.7014,1927.8,39.5,16.7,17.5,17.1,56.6,19.4,959.3,Weathered Granite,SAFE
9,11.5329,76.1426,969.1,33.0,57.4,71.2,24.4,58.2,25.1,894.4,Colluvium,MODERATE_RISK
9,17.9209,73.6471,1265.3,30.6,51.5,60.3,17.5,81.9,31.9,957.3,Laterite,MODERATE_RISK
5,30.567,79.5629,1864.6,34.4,33.66,65.0,18.4,97.3,7.7,976.7,Weathered Granite,MODERATE_RISK
7,12.4273,75.753,1224.0,5.8,49.4,22.2,21.9,59.9,22.9,956.2,Laterite,SAFE
9,10.1453,77.0032,1662.2,47.4,86.52,92.6,14.6,62.1,6.8,939.3,Colluvium,HIGH_RISK
10,11.3991,76.0985,799.5,40.4,170.67,81.9,24.6,65.9,33.0,920.2,Laterite,HIGH_RISK
6,17.9387,73.6699,1345.2,36.7,57.0,46.4,15.8,90.2,24.2,953.3,Colluvium,MODERATE_RISK
5,32.2571,77.1947,2045.1,49.9,170.0,95.1,16.9,64.8,31.5,910.7,Colluvium,HIGH_RISK
7,11.397,76.7026,1966.7,12.2,17.71,40.3,19.7,84.2,29.3,924.3,Laterite,SAFE
5,32.2628,77.1946,2061.1,29.2,42.9,58.3,20.8,90.6,18.4,887.2,Colluvium,MODERATE_RISK
7,11.3419,76.8004,1821.4,37.7,119.5,83.9,19.3,68.8,17.8,1027.9,Weathered Granite,HIGH_RISK
7,32.2539,77.1925,2013.3,44.2,182.16,85.8,18.0,97.9,24.2,953.6,Colluvium,HIGH_RISK
4,12.4312,75.7355,1148.1,37.2,57.5,48.0,21.2,79.2,22.4,980.9,Colluvium,MODERATE_RISK
4,31.0971,77.1692,2260.3,48.7,7.04,27.4,21.0,97.9,24.1,953.2,Clay Loam,SAFE
5,11.3729,76.7975,1921.8,43.1,125.57,79.9,14.1,94.0,19.8,948.3,Weathered Granite,HIGH_RISK
3,10.176,77.0332,1757.9,36.3,42.3,51.8,21.5,89.2,12.5,967.9,Weathered Granite,MODERATE_RISK
1,30.5677,79.5783,1901.3,45.5,165.4,72.9,19.7,52.0,12.7,978.6,Weathered Granite,HIGH_RISK
4,11.5356,76.127,1011.6,43.3,169.02,85.2,19.4,46.5,24.7,953.1,Colluvium,HIGH_RISK
6,30.5742,79.5748,1863.4,43.1,146.2,82.6,23.3,72.8,33.2,963.7,Weathered Granite,HIGH_RISK
3,11.3707,76.7265,1939.8,7.0,19.7,42.8,15.4,72.1,17.5,935.8,Colluvium,SAFE
7,11.5366,76.1251,966.3,46.6,166.7,88.7,20.6,65.0,27.9,969.5,Colluvium,HIGH_RISK
7,11.5738,76.1375,949.1,16.6,36.25,35.0,18.0,85.8,13.4,908.2,Sandy Loam,SAFE
7,9.6664,76.9,769.5,40.2,11.3,44.6,17.4,57.1,27.4,997.7,Laterite,SAFE
9,11.569,76.1117,885.2,34.2,41.8,58.2,17.6,90.2,22.8,972.2,Colluvium,MODERATE_RISK
7,17.953,73.5909,583.6,37.6,48.07,71.6,30.7,69.0,26.9,953.7,Colluvium,MODERATE_RISK
3,11.5354,76.1166,993.3,48.4,15.1,29.6,22.0,48.0,17.7,952.8,Colluvium,SAFE
9,11.5442,76.1424,1004.5,36.1,45.76,62.7,14.0,92.5,16.2,946.6,Colluvium,MODERATE_RISK
1,26.1863,91.7138,428.3,33.4,164.56,94.6,23.0,91.6,5.3,902.1,Clay Loam,HIGH_RISK
3,10.1534,77.0123,1666.3,37.5,45.1,51.9,23.4,81.4,10.4,983.6,Colluvium,MODERATE_RISK
2,17.9586,73.5848,650.9,17.0,36.35,19.3,17.0,46.1,23.5,926.4,Weathered Granite,SAFE
8,10.1451,77.0345,1639.2,47.9,159.2,86.3,20.9,69.8,20.9,944.3,Colluvium,HIGH_RISK
8,11.5142,76.164,1073.9,44.8,154.8,80.1,11.3,69.5,13.5,998.0,Weathered Granite,HIGH_RISK
6,11.5154,76.152,1070.6,37.5,47.9,48.9,23.5,80.6,33.1,890.9,Weathered Granite,MODERATE_RISK
1,30.5445,79.5573,1882.9,37.9,47.5,51.4,22.2,97.0,24.1,914.5,Weathered Granite,MODERATE_RISK
3,9.6921,76.9079,841.4,40.9,7.5,25.6,19.7,68.7,33.5,954.9,Laterite,SAFE
5,11.559,76.1147,856.4,45.4,108.3,70.9,31.0,69.5,17.2,934.0,Colluvium,HIGH_RISK
3,10.1643,77.0261,1802.6,35.3,48.9,69.3,22.0,95.2,28.0,942.7,Weathered Granite,MODERATE_RISK
8,11.5452,76.1276,976.0,36.3,30.5,63.2,20.5,95.2,19.0,950.8,Colluvium,MODERATE_RISK
8,11.3545,76.7792,1865.9,43.3,132.44,86.4,15.5,80.2,19.8,956.4,Weathered Granite,HIGH_RISK
2,11.3454,76.7981,1783.8,37.6,52.1,59.0,21.5,58.5,27.8,912.8,Colluvium,MODERATE_RISK
3,11.5329,76.1486,945.0,46.8,179.3,85.7,22.3,92.1,7.5,929.8,Colluvium,HIGH_RISK
9,32.2522,77.1804,2066.4,14.0,11.2,27.7,24.3,64.9,18.0,975.6,Weathered Granite,SAFE
1,32.2282,77.2068,2089.2,33.2,49.0,57.6,18.9,82.8,34.6,941.8,Colluvium,MODERATE_RISK
3,11.5405,76.1408,1019.8,48.5,117.5,92.7,25.0,71.4,34.5,930.6,Weathered Granite,HIGH_RISK
1,17.9129,73.656,1359.2,39.8,12.4,45.4,23.8,56.4,32.3,1013.3,Laterite,SAFE
2,11.3688,76.7891,1885.1,40.7,151.1,84.2,21.0,60.5,6.6,994.2,Clay Loam,HIGH_RISK
1,30.5369,79.5818,1893.7,46.1,182.82,77.7,18.5,93.3,34.5,1012.8,Weathered Granite,HIGH_RISK
6,11.5479,76.1308,867.0,38.3,153.1,88.9,21.2,66.0,31.9,1016.0,Colluvium,HIGH_RISK
8,11.4002,76.0927,756.5,33.1,167.37,89.8,21.7,89.1,20.9,949.4,Laterite,HIGH_RISK
3,9.7004,76.904,818.8,32.2,49.1,67.5,18.3,93.2,32.5,952.0,Laterite,MODERATE_RISK
5,10.1423,77.0352,1686.3,43.0,16.9,18.7,20.8,84.2,25.4,933.7,Colluvium,SAFE
4,11.3968,76.7273,1950.0,36.0,45.2,70.3,26.2,84.7,26.8,938.9,Weathered Granite,MODERATE_RISK
2,11.5286,76.1381,977.9,44.5,17.1,40.0,21.9,45.7,23.9,968.9,Colluvium,SAFE
9,10.1592,77.0221,1798.8,46.7,108.41,77.8,19.1,65.6,9.8,881.5,Weathered Granite,HIGH_RISK
6,11.5349,76.1609,1060.4,47.4,174.02,89.3,23.0,51.7,12.4,964.2,Weathered Granite,HIGH_RISK
1,10.1521,77.0374,1775.0,45.4,143.5,76.9,23.1,72.1,20.0,927.2,Weathered Granite,HIGH_RISK
10,10.1426,77.0106,1660.1,5.8,36.47,54.1,29.5,68.3,5.5,974.1,Clay Loam,SAFE
1,11.5163,76.153,1027.9,12.4,33.0,39.0,20.4,82.4,18.8,1033.4,Laterite,SAFE
3,9.6734,76.9183,823.0,40.4,124.8,80.9,11.8,72.8,17.3,984.1,Laterite,HIGH_RISK
2,11.3679,76.7814,1846.6,16.7,22.8,42.3,17.3,51.2,31.4,930.8,Weathered Granite,SAFE
9,32.2585,77.1997,1963.9,50.6,168.96,71.2,25.6,53.4,8.3,966.6,Colluvium,HIGH_RISK
3,11.5068,76.1362,1030.0,35.2,46.31,55.4,15.1,96.3,7.4,983.0,Weathered Granite,MODERATE_RISK
2,12.4341,75.7542,1170.1,32.6,52.8,63.1,18.3,87.7,10.7,953.8,Colluvium,MODERATE_RISK
7,11.5344,76.1127,960.2,34.5,47.41,68.5,20.4,83.6,12.4,974.0,Colluvium,MODERATE_RISK
1,11.5344,76.1409,1006.6,37.2,44.5,71.0,15.8,58.5,14.0,985.8,Weathered Granite,MODERATE_RISK
5,10.1748,77.0379,1735.5,51.7,145.1,91.2,22.2,65.0,28.1,911.6,Weathered Granite,HIGH_RISK
3,11.3702,76.8048,1807.7,4.9,33.9,58.0,15.9,94.2,18.3,970.5,Laterite,SAFE
5,11.3513,76.788,1841.3,43.1,168.58,82.6,29.6,54.3,14.9,946.3,Weathered Granite,HIGH_RISK
8,17.9293,73.6573,1374.4,37.5,16.5,42.3,7.7,89.4,14.6,921.0,Laterite,SAFE
2,17.9583,73.6019,653.4,37.8,47.7,56.9,25.2,65.2,12.7,985.9,Colluvium,MODERATE_RISK
1,26.1487,91.7112,498.8,33.1,129.2,94.1,20.6,96.0,34.8,986.0,Clay Loam,HIGH_RISK
7,10.1754,77.0132,1852.4,49.1,144.7,72.2,23.1,53.2,16.5,979.5,Weathered Granite,HIGH_RISK
5,11.5381,76.117,1036.1,46.8,103.0,84.0,18.5,49.1,33.5,971.4,Colluvium,HIGH_RISK
8,11.5583,76.1205,863.2,35.9,11.4,41.5,22.5,60.5,6.0,941.7,Colluvium,SAFE
1,17.9234,73.6531,1360.4,36.4,169.1,92.7,20.5,51.4,25.7,1015.1,Laterite,HIGH_RISK
2,30.5374,79.5496,1898.7,34.1,55.0,59.6,22.2,58.1,7.7,952.2,Weathered Granite,MODERATE_RISK
8,11.5058,76.1377,1046.8,46.3,15.3,38.5,25.1,71.7,11.9,982.2,Weathered Granite,SAFE
2,30.5487,79.5741,1869.2,45.5,149.4,74.1,18.2,69.5,23.0,907.6,Weathered Granite,HIGH_RISK
9,10.1427,77.0051,1631.4,48.1,131.4,84.9,20.0,61.9,33.6,903.8,Colluvium,HIGH_RISK
1,11.3414,76.8094,1824.2,42.3,131.2,83.8,16.8,68.0,20.2,934.0,Weathered Granite,HIGH_RISK
1,17.9497,73.5725,623.5,17.2,46.2,39.5,22.1,94.5,11.1,910.6,Sandy Loam,SAFE
9,12.4361,75.7542,1132.8,9.6,7.98,53.9,27.5,69.5,14.3,948.3,Sandy Loam,SAFE
10,10.1438,77.0295,1636.7,47.4,98.2,91.3,21.0,51.0,24.2,881.6,Colluvium,HIGH_RISK
1,11.5323,76.112,991.5,49.4,165.5,78.8,16.3,56.0,31.3,967.4,Colluvium,HIGH_RISK
7,17.9433,73.5916,658.3,36.9,48.57,49.6,22.1,85.0,16.3,905.1,Colluvium,MODERATE_RISK
6,11.3554,76.7964,1868.2,32.0,51.1,56.5,19.9,95.3,18.4,935.3,Weathered Granite,MODERATE_RISK
4,17.9602,73.5737,613.1,36.1,49.55,69.3,23.1,66.6,9.5,970.8,Colluvium,MODERATE_RISK
9,32.2345,77.1926,2025.0,44.7,106.9,77.1,21.4,89.5,27.4,979.3,Colluvium,HIGH_RISK
6,10.133,77.0127,1672.3,34.8,44.9,67.1,26.8,86.1,24.9,918.9,Colluvium,MODERATE_RISK
1,11.5252,76.1241,983.1,33.4,56.7,66.2,21.1,80.5,7.1,1008.1,Colluvium,MODERATE_RISK
5,26.8782,88.178,1652.6,10.7,25.9,18.5,20.2,65.9,21.1,925.7,Clay Loam,SAFE
4,11.3694,76.6958,1896.0,32.0,48.35,69.0,19.1,85.1,10.4,941.7,Weathered Granite,MODERATE_RISK
3,9.6818,76.9126,865.4,37.7,14.6,34.0,20.0,63.5,26.2,1016.2,Laterite,SAFE
4,10.1568,77.0102,1635.8,47.8,6.3,29.9,26.4,47.4,16.4,923.2,Colluvium,SAFE
4,11.5198,76.1331,998.1,40.8,112.92,88.5,21.2,50.5,16.0,967.7,Colluvium,HIGH_RISK
8,11.5359,76.1122,962.2,31.8,31.2,63.8,23.2,91.6,10.6,884.3,Colluvium,MODERATE_RISK
2,26.1502,91.686,432.1,15.4,49.5,32.2,21.8,94.8,28.9,1011.7,Sandy Loam,SAFE
7,11.5702,76.1323,919.7,35.4,6.8,32.3,13.4,62.5,33.0,941.8,Colluvium,SAFE
3,10.1515,77.007,1760.5,37.0,35.64,58.1,19.3,87.6,29.0,978.5,Weathered Granite,MODERATE_RISK
9,30.5641,79.5685,1867.0,45.7,8.1,36.6,14.9,51.1,11.4,902.3,Weathered Granite,SAFE
10,11.343,76.7991,1859.3,10.8,42.4,56.1,16.5,92.3,27.8,990.2,Clay Loam,SAFE
6,11.3765,76.7008,1922.9,36.4,156.9,90.4,22.2,49.4,10.4,939.2,Weathered Granite,HIGH_RISK
2,30.5567,79.5598,1881.1,37.0,52.9,66.7,22.9,58.0,14.1,985.4,Weathered Granite,MODERATE_RISK
10,11.3335,76.7953,1889.1,38.0,28.05,70.3,16.7,87.9,32.1,973.3,Weathered Granite,MODERATE_RISK
8,17.9135,73.6664,1315.2,39.4,8.4,19.9,12.9,61.3,17.6,1036.0,Laterite,SAFE
6,11.5128,76.1336,1034.2,44.4,108.85,78.3,22.7,56.6,25.0,938.2,Laterite,HIGH_RISK
10,9.6881,76.904,757.7,37.0,57.5,71.1,19.7,95.3,25.2,970.4,Laterite,MODERATE_RISK
4,12.4159,75.7216,1187.1,35.2,57.9,51.8,17.9,80.9,30.2,934.2,Weathered Granite,MODERATE_RISK
4,32.2245,77.1846,2078.7,34.7,43.34,51.5,25.8,94.9,34.6,973.0,Colluvium,MODERATE_RISK
10,10.1516,77.0177,1788.5,32.4,49.6,62.0,9.3,81.9,23.7,938.7,Weathered Granite,MODERATE_RISK
6,11.41,76.113,762.1,37.5,47.3,69.4,24.8,57.9,20.0,909.3,Laterite,MODERATE_RISK
10,26.1743,91.6897,445.1,33.9,7.15,21.2,14.6,86.5,22.9,992.2,Clay Loam,SAFE
10,11.5416,76.1508,1019.3,27.4,57.4,60.6,29.7,86.4,13.2,972.8,Colluvium,MODERATE_RISK
4,30.5732,79.5629,1913.5,37.7,53.7,69.4,24.9,87.3,23.9,939.4,Weathered Granite,MODERATE_RISK
1,11.4168,76.1097,750.7,34.1,13.1,31.6,26.2,91.1,9.9,936.9,Laterite,SAFE
9,11.5045,76.137,1055.5,51.7,111.4,82.8,27.9,64.8,29.7,950.6,Weathered Granite,HIGH_RISK
10,11.503,76.1346,1007.0,37.8,43.73,67.0,17.0,49.5,24.8,902.4,Weathered Granite,MODERATE_RISK
7,11.376,76.7077,1951.1,39.9,16.2,30.6,14.0,59.2,30.8,918.1,Weathered Granite,SAFE
2,10.1593,77.0371,1792.6,48.2,86.02,71.4,16.8,92.6,33.1,999.9,Weathered Granite,HIGH_RISK
5,11.5245,76.1562,1034.0,48.8,111.76,75.4,18.1,68.0,15.7,959.9,Colluvium,HIGH_RISK
2,30.557,79.5596,1871.0,42.2,130.19,94.6,17.4,97.3,22.4,958.4,Weathered Granite,HIGH_RISK
2,30.5563,79.5729,1883.4,30.7,56.3,60.0,24.2,83.8,11.2,970.7,Weathered Granite,MODERATE_RISK
9,26.9029,88.1673,1730.1,29.1,56.6,65.8,18.1,95.4,24.1,979.7,Laterite,MODERATE_RISK
9,11.3811,76.7284,1877.7,38.6,174.74,90.1,26.8,80.2,20.6,985.5,Weathered Granite,HIGH_RISK
8,9.6752,76.923,788.6,38.2,11.5,42.0,20.9,46.6,18.8,999.0,Laterite,SAFE
9,26.8691,88.1928,1696.7,34.9,50.2,58.1,20.2,94.8,15.1,932.2,Laterite,MODERATE_RISK
8,11.422,76.1037,770.5,37.1,162.3,82.0,22.9,95.3,25.5,956.7,Laterite,HIGH_RISK
6,9.6986,76.9046,815.6,6.3,36.8,64.2,17.9,63.8,17.2,935.2,Residual Soil,SAFE
5,11.3534,76.8042,1871.3,34.0,37.18,64.8,23.4,67.8,14.9,933.9,Weathered Granite,MODERATE_RISK
6,30.5585,79.5487,1864.0,46.8,16.23,38.8,16.0,46.3,23.4,946.3,Weathered Granite,SAFE
4,17.9149,73.657,1351.9,17.1,22.5,16.3,16.8,59.1,13.0,957.0,Colluvium,SAFE
10,17.92,73.6477,1390.0,5.3,44.6,32.0,18.2,46.7,19.0,972.1,Colluvium,SAFE
9,11.5087,76.1522,1052.9,49.3,92.3,77.1,23.2,52.5,14.9,972.4,Weathered Granite,HIGH_RISK
8,11.4281,76.1121,785.7,43.2,168.74,79.9,11.7,52.7,16.8,947.8,Laterite,HIGH_RISK
9,32.232,77.196,2067.4,8.5,4.12,43.1,16.6,48.8,21.6,976.5,Colluvium,SAFE
2,17.9502,73.5964,588.4,36.9,50.5,70.7,14.5,82.1,34.1,989.8,Colluvium,MODERATE_RISK
5,17.9506,73.5948,630.1,36.6,46.59,62.2,20.2,74.1,24.2,893.8,Colluvium,MODERATE_RISK
8,26.8958,88.1886,1661.7,13.5,43.23,18.6,18.6,84.8,8.0,897.0,Residual Soil,SAFE
6,17.9103,73.6463,1289.6,38.8,12.1,34.6,15.1,85.4,8.7,1019.9,Laterite,SAFE
9,11.3436,76.7835,1839.6,38.5,155.49,95.1,16.7,59.5,9.6,978.1,Weathered Granite,HIGH_RISK
10,10.1398,77.0109,1630.9,28.4,56.5,58.1,16.8,81.5,21.9,946.2,Colluvium,MODERATE_RISK
7,11.5396,76.1236,1006.8,42.6,161.09,90.9,20.4,46.4,11.3,948.8,Colluvium,HIGH_RISK
10,11.5646,76.1118,916.5,44.1,161.98,94.9,16.7,77.9,30.8,984.9,Colluvium,HIGH_RISK
1,11.5329,76.1439,1062.4,43.9,179.3,93.2,18.6,93.2,24.9,969.1,Weathered Granite,HIGH_RISK
2,17.9432,73.5661,586.5,8.5,35.42,57.7,17.0,85.4,20.1,969.2,Residual Soil,SAFE
2,17.9706,73.5665,609.4,32.6,40.81,56.6,20.3,83.6,21.8,873.9,Colluvium,MODERATE_RISK
2,12.4098,75.7192,1143.6,8.5,43.2,36.0,21.5,48.9,10.7,908.7,Colluvium,SAFE
9,10.1439,77.0135,1633.5,7.5,12.65,40.1,16.4,96.3,28.3,942.2,Colluvium,SAFE
2,11.3596,76.7834,1796.0,42.6,176.3,74.2,30.9,97.0,30.3,976.2,Weathered Granite,HIGH_RISK
5,32.239,77.1926,2056.6,33.2,51.0,68.2,18.6,87.7,22.7,935.4,Colluvium,MODERATE_RISK
3,11.5252,76.1176,1023.3,11.8,46.4,64.1,16.4,65.4,12.4,879.0,Weathered Granite,SAFE
2,10.1558,77.0327,1791.6,52.7,151.75,74.9,19.6,76.4,34.0,997.1,Weathered Granite,HIGH_RISK
10,32.2308,77.1922,2093.5,37.3,45.1,69.6,18.3,62.6,8.7,1013.0,Clay Loam,MODERATE_RISK
5,10.1608,77.0014,1671.3,41.0,147.2,85.5,18.4,85.1,11.5,974.8,Colluvium,HIGH_RISK
5,12.4235,75.7296,1181.3,38.2,179.4,93.6,13.9,61.4,24.1,900.3,Clay Loam,HIGH_RISK
9,32.2425,77.198,2093.5,42.3,162.0,84.6,17.6,51.9,21.6,976.1,Colluvium,HIGH_RISK
5,31.1004,77.1652,2292.2,46.5,157.7,87.0,18.0,85.9,13.1,939.4,Clay Loam,HIGH_RISK
10,11.3495,76.8005,1890.0,45.9,172.59,75.4,22.7,91.9,25.0,960.7,Weathered Granite,HIGH_RISK
1,11.375,76.7028,1900.0,45.4,176.8,92.5,19.1,65.4,19.0,962.7,Weathered Granite,HIGH_RISK
5,9.6857,76.902,803.4,31.5,42.6,58.6,20.4,84.4,8.9,935.2,Laterite,MODERATE_RISK
8,11.3908,76.7167,1882.5,6.1,48.4,58.4,26.5,69.7,11.2,946.0,Residual Soil,SAFE
10,9.6788,76.9343,786.5,42.8,128.32,78.0,15.5,63.2,14.4,955.9,Weathered Granite,HIGH_RISK
9,11.3362,76.8064,1831.2,12.3,41.97,62.7,22.9,55.5,25.8,948.1,Clay Loam,SAFE
6,32.2297,77.184,2054.8,43.0,8.3,30.8,16.4,50.1,9.8,941.5,Colluvium,SAFE
10,12.4407,75.7361,1198.8,35.5,131.2,93.0,22.5,66.4,31.2,971.7,Colluvium,HIGH_RISK
7,11.5129,76.1284,1088.5,51.6,158.29,71.4,16.6,97.9,5.6,968.3,Weathered Granite,HIGH_RISK
1,32.2323,77.171,2081.8,37.4,41.7,69.3,21.0,92.2,34.5,875.4,Colluvium,MODERATE_RISK
6,17.9419,73.5981,627.0,44.9,165.39,93.3,19.9,49.8,5.7,997.7,Colluvium,HIGH_RISK
8,26.1604,91.6914,442.7,37.5,54.8,67.6,19.9,76.3,30.0,965.4,Clay Loam,MODERATE_RISK
1,30.5394,79.5523,1912.6,30.4,43.2,67.0,23.1,96.7,5.5,899.2,Laterite,MODERATE_RISK
10,10.1393,77.0189,1640.1,14.2,45.0,44.5,17.4,83.0,14.0,968.2,Clay Loam,SAFE
7,26.149,91.6832,423.9,14.7,45.2,61.0,19.6,79.9,10.5,920.2,Residual Soil,SAFE
2,11.3813,76.7131,1905.5,40.0,132.7,91.7,17.8,91.8,26.8,957.4,Weathered Granite,HIGH_RISK
5,9.6958,76.9058,853.5,36.2,41.25,65.8,21.9,88.4,32.0,882.0,Laterite,MODERATE_RISK
1,17.9395,73.5928,620.4,36.5,47.0,64.4,22.0,57.9,25.4,938.0,Colluvium,MODERATE_RISK
5,12.4136,75.736,1152.5,7.2,26.4,45.3,19.5,78.3,23.6,878.1,Sandy Loam,SAFE
1,12.4114,75.7205,1191.4,37.6,56.4,71.5,16.9,82.4,19.9,1044.5,Colluvium,MODERATE_RISK
7,11.3537,76.7796,1849.7,27.4,57.0,62.9,16.2,92.6,28.5,816.9,Weathered Granite,MODERATE_RISK
1,11.3606,76.8034,1829.8,41.1,143.33,87.1,21.3,50.3,12.0,950.4,Clay Loam,HIGH_RISK
6,11.5077,76.127,1004.3,47.3,156.1,74.2,13.2,79.1,25.6,945.3,Weathered Granite,HIGH_RISK
6,11.573,76.1454,905.8,31.6,54.0,54.3,28.2,94.6,32.2,869.5,Colluvium,MODERATE_RISK
10,11.5215,76.1141,987.7,35.1,47.36,66.0,17.9,83.6,13.9,892.5,Colluvium,MODERATE_RISK
9,9.6894,76.9161,826.9,5.7,25.08,25.9,26.1,70.5,26.2,893.6,Sandy Loam,SAFE
7,11.3398,76.7815,1859.2,38.9,176.9,84.9,23.6,49.1,11.7,959.7,Colluvium,HIGH_RISK
6,17.9271,73.6412,1350.0,39.3,8.5,36.7,21.1,77.7,32.8,976.1,Laterite,SAFE
1,9.6677,76.9143,837.5,48.8,123.9,71.3,18.8,73.7,21.3,920.5,Laterite,HIGH_RISK
5,11.5509,76.1146,973.4,13.4,19.6,45.6,18.7,86.0,13.3,959.2,Sandy Loam,SAFE
1,26.1544,91.707,435.3,38.4,109.12,91.1,18.3,85.1,18.5,888.5,Clay Loam,HIGH_RISK
4,17.9396,73.5872,627.0,45.1,8.7,28.0,20.5,45.2,7.0,960.4,Colluvium,SAFE
7,31.1064,77.1898,2278.9,8.9,20.3,43.7,16.5,81.3,26.1,933.6,Laterite,SAFE
4,30.5515,79.5824,1876.3,14.7,30.86,45.9,15.3,57.4,22.4,961.6,Colluvium,SAFE
1,10.1694,77.0434,1795.7,37.3,49.6,52.1,23.7,89.9,15.4,932.4,Weathered Granite,MODERATE_RISK
7,9.6911,76.9186,775.9,38.0,116.2,81.4,17.1,97.8,30.7,991.8,Laterite,HIGH_RISK
10,17.9562,73.5967,565.7,41.5,5.94,20.3,14.2,75.7,14.5,909.9,Colluvium,SAFE
2,11.5021,76.1376,1072.2,36.4,35.86,61.7,13.8,90.8,21.5,888.3,Weathered Granite,MODERATE_RISK
10,11.3977,76.7127,1899.1,40.2,16.0,15.4,27.6,67.9,8.5,976.3,Weathered Granite,SAFE
4,11.3904,76.6921,1942.0,38.8,13.53,30.8,16.7,88.0,27.8,906.8,Weathered Granite,SAFE
7,30.5547,79.5853,1908.6,35.3,51.2,60.0,17.4,85.4,7.3,949.5,Weathered Granite,MODERATE_RISK
1,10.1547,77.0359,1635.3,42.0,118.3,87.0,25.2,92.1,18.9,1031.3,Colluvium,HIGH_RISK
6,11.3723,76.6937,1962.3,35.3,48.51,57.8,19.8,92.8,9.6,935.8,Weathered Granite,MODERATE_RISK
5,17.9203,73.6649,1396.7,10.6,22.8,41.9,19.3,63.9,27.1,971.4,Laterite,SAFE
5,32.2615,77.2025,2065.8,50.3,162.1,86.6,15.1,65.0,25.1,972.1,Colluvium,HIGH_RISK
6,11.5037,76.159,1034.5,44.8,126.17,81.1,26.9,65.8,29.3,954.4,Colluvium,HIGH_RISK
6,17.9214,73.6577,1313.3,44.0,123.2,80.5,16.2,64.2,26.9,982.0,Laterite,HIGH_RISK
5,11.3404,76.7886,1755.8,38.5,160.38,94.1,20.4,86.3,6.0,909.8,Weathered Granite,HIGH_RISK
7,11.5692,76.1285,910.6,35.2,53.7,65.4,22.3,85.5,9.6,932.5,Colluvium,MODERATE_RISK
6,17.9221,73.6463,1330.2,32.9,49.23,54.0,20.1,80.5,28.3,975.7,Colluvium,MODERATE_RISK
7,11.4078,76.0969,708.8,41.5,175.67,95.5,15.4,81.9,26.5,973.6,Laterite,HIGH_RISK
8,17.9311,73.676,1368.6,37.3,14.3,44.7,14.1,56.4,21.7,970.3,Laterite,SAFE
6,11.3623,76.7819,1812.1,34.0,12.7,44.7,17.3,74.4,25.1,1000.4,Weathered Granite,SAFE
6,11.4016,76.6924,1924.1,42.9,174.0,89.1,23.3,83.7,31.7,934.2,Weathered Granite,HIGH_RISK
4,17.9597,73.5815,618.2,34.0,46.4,69.1,19.6,81.4,18.4,945.3,Colluvium,MODERATE_RISK
10,17.955,73.5952,635.5,34.4,46.1,70.6,20.5,71.0,27.2,941.5,Colluvium,MODERATE_RISK
4,32.2244,77.2087,1994.7,47.0,124.63,84.2,24.0,60.0,32.8,980.2,Colluvium,HIGH_RISK
6,10.1383,77.0003,1657.2,43.0,126.94,90.9,19.1,60.2,18.4,961.3,Colluvium,HIGH_RISK
6,12.4223,75.7476,1187.9,38.8,9.35,36.7,24.0,67.9,6.2,936.6,Residual Soil,SAFE
7,10.1586,77.005,1787.8,51.0,171.5,77.3,28.5,92.8,35.0,950.8,Weathered Granite,HIGH_RISK
1,11.3528,76.8033,1830.5,32.8,51.4,62.9,17.7,45.2,12.1,975.2,Weathered Granite,MODERATE_RISK
9,30.5506,79.5829,1875.5,31.6,51.4,61.5,26.0,88.4,7.5,970.6,Clay Loam,MODERATE_RISK
10,17.9238,73.6775,1385.7,44.9,150.3,87.8,23.1,56.8,8.3,970.4,Laterite,HIGH_RISK
9,11.5147,76.1312,983.5,44.5,147.84,76.3,17.9,65.7,6.1,939.0,Colluvium,HIGH_RISK
7,10.1459,77.0227,1811.8,46.4,162.8,75.8,23.1,64.6,15.5,874.6,Clay Loam,HIGH_RISK
8,30.5469,79.5577,1869.5,36.5,43.1,52.5,20.8,89.3,22.4,945.7,Weathered Granite,MODERATE_RISK
3,31.105,77.1702,2291.1,37.3,40.59,50.3,27.2,81.5,14.9,940.9,Clay Loam,MODERATE_RISK
4,17.9616,73.5907,595.1,46.4,177.27,90.4,13.6,85.9,15.1,970.7,Colluvium,HIGH_RISK
10,26.1791,91.6814,486.1,36.7,51.2,63.3,23.8,90.0,8.3,963.9,Clay Loam,MODERATE_RISK
7,31.0957,77.1714,2292.9,46.3,4.6,29.3,21.2,94.6,23.5,962.8,Clay Loam,SAFE
9,26.9058,88.1718,1733.6,38.1,10.84,30.2,24.1,79.0,22.6,1051.1,Laterite,SAFE
6,32.2502,77.1787,2002.7,43.3,8.2,11.8,22.1,56.3,29.6,991.2,Colluvium,SAFE
4,11.3485,76.7802,1855.8,38.5,174.8,93.6,12.7,67.5,14.3,1018.5,Weathered Granite,HIGH_RISK
7,10.1578,77.0291,1795.7,33.6,48.9,53.9,20.1,96.0,9.6,955.9,Weathered Granite,MODERATE_RISK
6,31.0991,77.1543,2328.1,49.5,131.67,90.5,22.9,81.0,34.3,999.2,Clay Loam,HIGH_RISK
1,11.3433,76.809,1819.4,37.6,56.6,59.1,19.8,76.9,7.5,1016.2,Weathered Granite,MODERATE_RISK
1,11.3894,76.6941,1947.3,33.5,51.2,57.8,21.0,81.5,16.1,933.2,Weathered Granite,MODERATE_RISK
6,10.1448,77.0149,1689.1,29.6,52.0,65.4,18.9,95.4,32.1,984.8,Colluvium,MODERATE_RISK
1,11.3382,76.7908,1807.6,45.2,136.2,80.6,23.3,47.6,17.0,965.9,Colluvium,HIGH_RISK
1,12.4384,75.7306,1137.5,12.2,37.9,30.1,17.7,96.0,12.3,940.0,Weathered Granite,SAFE
7,10.1491,77.036,1738.0,35.5,39.3,64.7,25.1,89.6,12.1,923.4,Weathered Granite,MODERATE_RISK
6,12.4422,75.7302,1155.3,8.0,42.2,56.4,18.8,58.0,28.2,906.7,Residual Soil,SAFE
8,10.1465,77.0193,1721.1,32.8,51.6,61.3,16.3,92.1,9.7,932.4,Weathered Granite,MODERATE_RISK
6,10.1771,77.0054,1758.2,35.6,48.57,63.3,20.3,48.1,15.3,998.8,Weathered Granite,MODERATE_RISK
4,26.877,88.1871,1692.3,30.5,45.93,71.4,16.6,92.1,20.6,890.6,Laterite,MODERATE_RISK
6,11.3387,76.8097,1817.8,37.3,45.32,71.7,17.4,88.6,33.7,1030.2,Weathered Granite,MODERATE_RISK
3,31.0993,77.1722,2270.0,12.4,23.98,37.7,26.4,92.1,25.0,907.8,Clay Loam,SAFE
3,12.4326,75.7416,1201.9,36.6,5.72,23.4,24.1,46.0,24.3,912.7,Residual Soil,SAFE
7,11.3437,76.8029,1839.8,35.2,46.64,67.3,27.3,86.1,20.9,889.6,Colluvium,MODERATE_RISK
6,11.4202,76.1187,721.0,35.4,17.4,13.4,21.8,70.4,20.4,977.6,Laterite,SAFE
1,17.9077,73.6405,1340.1,40.7,170.01,76.1,18.0,45.3,28.8,910.1,Laterite,HIGH_RISK
2,17.9643,73.5994,617.4,46.8,152.4,70.9,19.6,57.1,27.0,985.6,Colluvium,HIGH_RISK
6,17.9598,73.5823,592.6,10.9,21.8,54.1,23.4,53.8,8.6,961.7,Colluvium,SAFE
7,11.3884,76.694,1902.9,40.8,11.77,30.8,17.7,54.1,24.8,850.8,Weathered Granite,SAFE
5,31.1241,77.1606,2263.0,45.6,101.48,93.9,26.3,48.2,27.2,929.7,Clay Loam,HIGH_RISK
4,31.0864,77.1543,2239.9,44.0,155.65,76.5,20.1,58.9,23.8,905.5,Clay Loam,HIGH_RISK
6,17.9069,73.6717,1329.8,34.8,16.7,19.1,21.8,76.6,29.7,928.5,Laterite,SAFE
9,11.5317,76.1562,1045.6,50.4,143.2,76.2,15.7,90.1,29.0,978.9,Weathered Granite,HIGH_RISK
10,10.1534,77.0205,1644.4,16.1,34.54,30.5,21.5,59.8,18.2,1002.7,Colluvium,SAFE
10,30.5503,79.5476,1865.6,36.8,47.69,69.0,17.8,91.9,33.0,873.5,Weathered Granite,MODERATE_RISK
9,11.5344,76.1266,896.9,4.9,21.3,37.2,16.8,50.8,16.5,951.4,Colluvium,SAFE
6,31.1199,77.1566,2270.5,6.2,42.52,37.5,21.1,46.7,32.1,1000.6,Laterite,SAFE
3,11.5339,76.1281,988.5,43.0,6.88,12.3,20.6,52.2,25.3,950.2,Colluvium,SAFE
4,30.5663,79.552,1832.9,42.7,130.6,94.8,18.4,57.1,31.9,962.8,Weathered Granite,HIGH_RISK
9,11.5414,76.1433,910.0,37.4,55.3,54.9,14.9,78.1,31.1,986.1,Colluvium,MODERATE_RISK
9,10.1443,77.0145,1626.0,6.4,9.4,17.5,26.9,79.4,12.8,990.6,Colluvium,SAFE
1,10.1579,77.0449,1752.9,35.0,32.95,58.9,10.4,81.5,6.5,906.4,Weathered Granite,MODERATE_RISK
3,32.2511,77.1969,2059.9,47.0,13.75,37.2,24.3,92.7,11.6,923.6,Colluvium,SAFE
3,11.5082,76.1529,1039.2,37.0,36.4,56.3,17.3,90.8,18.9,954.1,Weathered Granite,MODERATE_RISK
7,11.5416,76.1327,891.2,35.9,49.78,49.1,20.4,91.5,18.6,925.1,Colluvium,MODERATE_RISK
9,11.3517,76.8009,1897.4,45.2,143.55,95.6,24.6,86.2,34.7,975.3,Weathered Granite,HIGH_RISK
8,17.926,73.6741,1327.0,31.2,51.43,47.0,24.5,96.4,25.5,915.5,Laterite,MODERATE_RISK
8,17.922,73.6743,1344.0,44.5,164.34,77.0,15.0,59.0,6.2,954.5,Laterite,HIGH_RISK
6,10.1634,77.031,1829.7,31.0,44.05,55.9,25.1,91.7,21.1,935.1,Weathered Granite,MODERATE_RISK
1,11.3658,76.8065,1830.9,31.7,55.1,52.9,23.4,85.9,14.0,927.7,Weathered Granite,MODERATE_RISK
5,11.5251,76.1284,1018.9,36.6,50.1,66.0,27.7,45.7,32.7,952.3,Colluvium,MODERATE_RISK
3,11.5273,76.122,1046.9,35.6,55.9,46.0,21.0,97.2,30.8,937.7,Colluvium,MODERATE_RISK
3,30.5551,79.5514,1891.4,49.0,147.4,81.9,19.8,69.9,9.0,969.8,Weathered Granite,HIGH_RISK
7,31.0991,77.1605,2239.2,47.8,178.8,78.7,27.0,75.0,14.0,869.5,Clay Loam,HIGH_RISK
9,11.3974,76.1181,782.9,39.3,159.5,80.1,21.8,74.4,27.8,1001.3,Colluvium,HIGH_RISK
4,32.2457,77.1909,2019.2,34.2,45.7,71.7,22.5,83.6,5.9,928.7,Colluvium,MODERATE_RISK
2,11.515,76.146,986.3,37.7,55.2,69.4,16.0,67.6,12.2,961.3,Colluvium,MODERATE_RISK
7,17.928,73.6749,1307.1,44.3,171.82,78.6,21.5,91.2,25.8,948.9,Laterite,HIGH_RISK
6,11.388,76.7036,1939.1,36.1,36.2,68.4,16.3,97.7,16.6,938.3,Laterite,MODERATE_RISK
8,11.3592,76.7829,1833.5,34.3,162.86,90.9,23.3,87.6,25.3,963.2,Weathered Granite,HIGH_RISK
5,11.3553,76.8016,1883.8,33.7,49.89,54.5,19.4,96.1,18.9,908.4,Weathered Granite,MODERATE_RISK
9,11.5437,76.1357,991.1,33.4,42.7,68.2,11.7,62.1,26.9,989.7,Colluvium,MODERATE_RISK
8,26.9036,88.1814,1674.1,39.4,159.8,88.6,21.1,63.3,12.8,958.8,Laterite,HIGH_RISK
6,32.2483,77.175,2047.0,51.4,134.42,87.5,15.5,57.5,24.8,919.5,Colluvium,HIGH_RISK
3,9.6866,76.9231,802.2,37.4,46.48,57.7,25.9,84.8,32.4,928.0,Colluvium,MODERATE_RISK
6,10.1443,77.0261,1748.3,50.2,176.22,78.7,18.5,54.7,16.6,1017.2,Weathered Granite,HIGH_RISK
8,11.5328,76.1408,1023.7,43.8,17.9,40.5,24.2,66.9,21.1,949.1,Weathered Granite,SAFE
9,10.162,77.0377,1769.9,47.5,118.7,83.6,18.1,63.7,19.2,847.0,Weathered Granite,HIGH_RISK
7,10.1695,77.0345,1674.6,45.9,8.8,42.3,20.5,46.8,25.9,967.9,Colluvium,SAFE
8,31.1161,77.1783,2281.0,44.7,166.4,73.1,23.9,63.5,9.8,905.2,Colluvium,HIGH_RISK
6,10.1811,77.0209,1775.9,10.9,41.0,20.7,23.5,73.3,15.5,1003.0,Residual Soil,SAFE
5,17.9131,73.6534,1377.9,37.6,45.32,70.9,22.4,97.7,15.9,917.6,Laterite,MODERATE_RISK
7,31.1057,77.1672,2262.5,51.1,2.5,42.3,18.7,53.8,27.4,978.5,Clay Loam,SAFE
8,32.2463,77.1996,2069.7,44.0,127.55,78.3,15.6,47.8,22.3,961.2,Colluvium,HIGH_RISK
8,31.0952,77.1639,2260.3,33.7,53.0,66.5,28.9,81.8,19.8,942.6,Weathered Granite,MODERATE_RISK
10,12.415,75.7292,1145.9,37.2,41.1,66.8,17.9,80.8,32.7,1007.9,Weathered Granite,MODERATE_RISK
10,26.9029,88.1747,1736.7,37.6,54.7,46.0,21.5,92.7,23.8,879.1,Laterite,MODERATE_RISK
9,11.3719,76.6935,1886.3,35.2,47.14,71.3,15.3,60.9,20.3,995.4,Weathered Granite,MODERATE_RISK
9,10.1659,77.0355,1680.3,46.7,163.29,84.5,22.1,71.5,31.3,939.6,Colluvium,HIGH_RISK
5,11.3866,76.7263,1903.4,36.4,46.7,67.5,21.3,64.9,15.2,888.1,Weathered Granite,MODERATE_RISK
1,10.1571,77.0151,1650.4,43.8,156.64,79.5,22.4,96.5,19.6,969.6,Weathered Granite,HIGH_RISK
1,11.4045,76.7092,1890.4,6.6,41.14,40.2,14.3,66.0,29.6,940.4,Clay Loam,SAFE
5,32.2622,77.1869,2045.1,50.6,167.2,93.8,19.7,49.1,20.3,939.0,Weathered Granite,HIGH_RISK
9,11.4105,76.1038,812.7,35.7,171.4,76.5,22.4,80.7,9.3,908.9,Weathered Granite,HIGH_RISK
7,11.3962,76.7227,1907.5,9.2,18.1,40.1,19.2,84.4,18.1,927.1,Clay Loam,SAFE
9,32.2374,77.1707,2121.4,47.5,17.2,42.5,16.8,76.8,31.3,1006.7,Colluvium,SAFE
6,10.172,77.0401,1832.8,54.5,151.6,86.9,19.8,49.6,29.4,910.1,Weathered Granite,HIGH_RISK
1,11.3937,76.7113,1921.4,43.7,124.1,79.8,27.7,61.4,22.2,899.7,Weathered Granite,HIGH_RISK
7,17.9356,73.579,608.1,37.6,49.7,67.3,16.9,83.6,14.8,988.6,Colluvium,MODERATE_RISK
9,11.5136,76.1608,1065.0,49.8,108.2,76.3,26.2,94.4,34.9,987.9,Weathered Granite,HIGH_RISK
1,31.094,77.1742,2243.8,49.6,168.8,95.3,25.0,76.4,33.6,958.3,Clay Loam,HIGH_RISK
8,30.5597,79.563,1918.0,48.4,109.5,94.4,16.6,58.5,15.7,1006.9,Weathered Granite,HIGH_RISK
5,11.4032,76.1114,794.5,42.0,124.03,90.3,20.1,83.8,16.4,948.6,Colluvium,HIGH_RISK
7,11.3414,76.8131,1881.1,44.6,177.6,85.6,13.6,90.3,34.9,971.9,Weathered Granite,HIGH_RISK
2,17.9341,73.6749,1317.0,43.9,141.2,76.6,20.5,89.1,18.7,911.4,Laterite,HIGH_RISK
10,11.3729,76.7838,1848.6,36.7,144.8,85.0,26.0,59.1,31.9,952.8,Weathered Granite,HIGH_RISK
1,10.1455,77.0353,1646.6,46.2,16.8,47.3,19.5,59.7,19.0,929.2,Colluvium,SAFE
3,10.1715,77.0079,1785.3,33.6,48.5,68.9,19.0,94.4,31.6,908.2,Weathered Granite,MODERATE_RISK
4,30.5723,79.5694,1867.3,45.2,114.62,74.5,24.5,47.7,18.5,961.1,Weathered Granite,HIGH_RISK
1,10.1587,77.0005,1682.9,35.5,53.9,46.4,18.5,93.6,16.8,963.2,Colluvium,MODERATE_RISK
4,30.5716,79.5703,1867.0,43.3,162.14,87.9,23.5,84.4,14.0,952.9,Weathered Granite,HIGH_RISK
8,11.5684,76.1404,943.2,37.5,28.55,47.2,14.7,95.7,29.5,921.6,Colluvium,MODERATE_RISK
10,11.3568,76.8036,1852.8,35.0,169.9,85.8,21.7,69.5,10.1,905.0,Weathered Granite,HIGH_RISK
7,32.2628,77.1703,2055.6,51.4,98.5,77.6,17.7,87.7,5.8,952.2,Colluvium,HIGH_RISK
6,32.2338,77.1962,2118.0,41.9,149.5,87.0,17.4,48.0,8.2,908.1,Colluvium,HIGH_RISK
8,31.0968,77.1781,2295.5,44.5,122.48,74.9,15.4,53.4,27.9,956.0,Clay Loam,HIGH_RISK
1,26.8799,88.1926,1731.6,36.5,57.1,46.9,25.9,84.7,7.3,981.7,Colluvium,MODERATE_RISK
1,9.6648,76.9133,823.5,36.0,41.6,68.5,18.8,87.8,14.8,938.4,Laterite,MODERATE_RISK
8,11.3947,76.7056,1894.4,45.1,122.21,93.3,15.5,56.7,25.3,917.6,Colluvium,HIGH_RISK
8,9.6896,76.9181,827.4,13.4,41.2,56.3,8.2,51.2,10.1,999.6,Residual Soil,SAFE
4,11.4249,76.1129,771.8,36.1,51.7,54.0,20.7,94.3,31.0,973.2,Laterite,MODERATE_RISK
8,26.8794,88.1701,1699.2,13.0,34.54,41.0,14.2,78.6,14.5,974.9,Clay Loam,SAFE
9,11.5182,76.1142,960.0,48.6,156.26,86.0,16.6,66.6,9.5,991.3,Colluvium,HIGH_RISK
3,9.6818,76.9282,817.1,27.8,50.7,66.4,16.4,81.6,30.0,965.4,Laterite,MODERATE_RISK
8,30.5709,79.5559,1868.3,44.5,176.7,92.8,24.1,68.2,16.3,879.0,Clay Loam,HIGH_RISK
9,12.4136,75.7212,1166.5,33.6,15.18,21.1,22.2,53.0,9.8,970.8,Residual Soil,SAFE
9,11.3437,76.7761,1858.1,36.8,7.4,14.4,23.8,88.2,20.6,1014.2,Weathered Granite,SAFE
6,11.57,76.1438,989.4,36.7,56.9,66.9,20.0,95.9,17.5,908.9,Colluvium,MODERATE_RISK
6,11.393,76.712,1874.1,44.6,154.4,90.5,24.4,57.9,20.0,998.5,Weathered Granite,HIGH_RISK
5,17.9257,73.6729,1361.9,39.2,13.42,19.6,20.9,71.9,28.5,985.3,Laterite,SAFE
10,30.5412,79.5754,1874.1,47.3,16.1,13.3,11.9,52.3,20.2,897.1,Weathered Granite,SAFE
5,17.9722,73.5625,614.0,41.4,125.73,75.8,16.4,47.4,13.8,917.6,Colluvium,HIGH_RISK
10,12.4422,75.7534,1146.8,36.1,15.1,24.2,18.5,53.2,13.7,946.7,Residual Soil,SAFE
8,11.3691,76.7815,1849.6,39.0,13.4,37.6,12.0,86.1,27.5,931.7,Weathered Granite,SAFE
2,30.556,79.5633,1841.1,28.1,51.54,69.0,26.6,85.2,28.7,917.4,Laterite,MODERATE_RISK
4,11.3708,76.7047,1905.7,11.3,35.1,34.6,19.8,66.1,22.1,950.9,Sandy Loam,SAFE
8,10.1744,77.0375,1773.5,54.7,163.19,72.2,25.3,86.9,33.2,882.1,Weathered Granite,HIGH_RISK
8,11.5213,76.1285,1030.0,44.7,4.7,17.8,21.1,87.7,27.8,978.2,Weathered Granite,SAFE
5,26.9087,88.2015,1707.8,30.7,6.1,39.7,18.5,65.7,13.9,916.5,Laterite,SAFE
9,11.5238,76.1157,946.5,37.2,40.98,45.6,11.9,90.0,33.2,946.0,Colluvium,MODERATE_RISK
10,11.3696,76.7184,1920.3,36.5,56.8,55.9,22.1,54.4,10.3,938.7,Weathered Granite,MODERATE_RISK
4,10.1755,77.0169,1817.0,48.6,175.4,82.9,14.6,46.3,14.7,952.3,Weathered Granite,HIGH_RISK
10,9.6995,76.9349,856.4,30.9,51.7,69.1,21.1,86.1,9.9,964.2,Laterite,MODERATE_RISK
10,17.9615,73.5962,564.0,34.8,46.7,66.4,11.0,94.5,18.2,946.6,Colluvium,MODERATE_RISK
6,11.4073,76.114,785.0,37.8,44.8,60.0,26.2,80.6,15.2,1014.9,Colluvium,MODERATE_RISK
5,11.3692,76.7073,1923.3,32.9,56.4,56.4,18.4,58.1,19.8,869.8,Colluvium,MODERATE_RISK
5,11.532,76.1184,1027.5,44.7,5.3,30.4,14.9,76.1,7.0,903.7,Colluvium,SAFE
4,11.3565,76.7922,1850.9,37.9,39.6,67.3,20.8,49.7,21.0,944.9,Weathered Granite,MODERATE_RISK
9,10.1704,77.0219,1758.1,8.1,18.8,25.1,16.0,89.7,22.2,1028.2,Colluvium,SAFE
9,10.1683,77.0291,1646.4,6.5,49.1,64.2,21.0,73.2,31.0,1003.2,Weathered Granite,SAFE
8,32.2561,77.2087,2055.5,52.0,168.3,81.2,13.1,71.9,12.6,990.2,Weathered Granite,HIGH_RISK
1,11.5094,76.1312,1026.6,37.8,48.18,49.2,18.6,96.6,33.5,915.9,Weathered Granite,MODERATE_RISK
7,30.541,79.5565,1869.7,42.2,15.18,41.0,15.8,83.4,17.4,933.9,Weathered Granite,SAFE
4,17.9167,73.6656,1364.0,39.2,174.41,80.2,19.7,47.7,6.4,975.6,Laterite,HIGH_RISK
4,11.4008,76.1237,824.8,33.9,35.3,59.9,24.7,89.0,14.2,935.5,Laterite,MODERATE_RISK
1,11.538,76.1381,983.0,4.8,36.1,17.6,20.6,94.4,26.6,946.6,Clay Loam,SAFE
7,17.917,73.6632,1389.6,37.7,54.6,48.1,24.2,62.2,32.3,935.9,Laterite,MODERATE_RISK
5,11.357,76.7972,1839.7,32.9,57.4,63.2,21.6,84.1,27.6,943.7,Weathered Granite,MODERATE_RISK
8,11.4043,76.6942,1949.6,41.6,15.5,10.5,21.6,51.7,22.5,901.1,Weathered Granite,SAFE
7,11.51,76.1372,1071.5,48.7,144.2,91.5,22.2,73.0,19.9,933.1,Weathered Granite,HIGH_RISK
9,11.3985,76.7162,1912.4,42.0,129.3,84.5,22.4,53.9,30.4,974.6,Laterite,HIGH_RISK
8,12.4428,75.746,1183.7,41.5,151.91,93.9,17.0,84.7,12.6,962.8,Residual Soil,HIGH_RISK
9,9.7001,76.924,848.2,46.8,168.7,86.1,20.2,93.4,18.2,917.2,Laterite,HIGH_RISK
1,11.5404,76.136,1052.1,43.4,3.4,35.1,16.9,61.6,15.7,899.1,Weathered Granite,SAFE
3,11.3622,76.7863,1787.4,44.5,114.4,81.6,18.0,71.9,10.0,942.5,Weathered Granite,HIGH_RISK
5,11.5425,76.1192,1003.3,31.3,35.2,61.3,18.2,94.9,23.4,952.7,Colluvium,MODERATE_RISK
9,17.9386,73.5894,549.5,37.8,56.6,53.1,18.6,94.6,25.8,950.4,Colluvium,MODERATE_RISK
6,10.1466,77.0205,1777.4,33.7,44.3,51.5,9.7,87.3,13.8,977.7,Weathered Granite,MODERATE_RISK
10,31.0955,77.1684,2251.5,48.9,15.79,44.6,23.1,72.3,26.9,910.1,Clay Loam,SAFE
2,11.5473,76.1409,898.6,40.2,117.32,95.4,21.4,53.2,18.4,901.2,Clay Loam,HIGH_RISK
1,31.0887,77.1562,2238.2,36.3,51.43,61.6,19.2,90.7,21.4,899.4,Weathered Granite,MODERATE_RISK
1,11.3449,76.7789,1808.2,5.2,40.2,48.1,25.6,59.5,34.8,946.2,Laterite,SAFE
9,11.3584,76.7953,1867.6,39.7,108.2,92.8,20.1,97.7,6.0,993.7,Weathered Granite,HIGH_RISK
3,11.3378,76.8063,1888.5,5.7,24.04,15.2,19.8,51.7,15.5,927.6,Residual Soil,SAFE
8,17.9385,73.5671,621.5,33.0,43.9,67.2,28.0,96.1,16.6,930.0,Laterite,MODERATE_RISK
4,12.4227,75.7256,1176.5,42.6,153.0,80.8,21.5,81.1,33.0,966.3,Residual Soil,HIGH_RISK
7,30.5449,79.5473,1918.8,15.7,47.8,22.4,24.2,95.8,14.4,910.3,Weathered Granite,SAFE
8,26.9086,88.1778,1682.4,36.0,37.07,45.8,25.0,92.9,29.9,960.8,Laterite,MODERATE_RISK
2,17.9241,73.6401,1344.8,40.4,13.4,26.9,19.5,47.4,14.2,906.2,Laterite,SAFE
3,9.6762,76.9349,842.6,38.7,5.17,25.9,10.9,71.7,34.9,1029.8,Laterite,SAFE
7,11.347,76.7902,1846.3,32.3,46.3,70.5,20.7,83.7,32.3,972.4,Weathered Granite,MODERATE_RISK
2,17.9599,73.5823,624.4,8.9,35.3,19.3,16.7,53.2,29.5,948.5,Colluvium,SAFE
6,11.3853,76.7198,1956.9,36.7,49.7,71.2,19.3,83.6,8.4,939.9,Weathered Granite,MODERATE_RISK
10,17.9223,73.6737,1364.5,11.6,12.43,57.6,21.9,56.4,18.4,969.3,Residual Soil,SAFE
9,31.0973,77.1545,2290.0,36.9,44.8,61.1,23.4,45.4,32.6,928.3,Colluvium,MODERATE_RISK
8,11.5301,76.1325,1036.8,42.8,159.3,72.9,13.2,58.6,13.6,964.5,Weathered Granite,HIGH_RISK
7,17.9428,73.5807,658.2,45.5,10.0,12.6,15.7,87.5,27.2,1012.6,Colluvium,SAFE
5,11.553,76.1349,912.2,8.9,47.1,31.0,23.5,81.4,24.3,946.7,Weathered Granite,SAFE
1,11.5355,76.1366,998.8,37.0,14.74,45.1,21.4,49.7,15.1,981.9,Colluvium,SAFE
6,17.962,73.5994,575.3,5.4,39.0,20.6,15.1,75.2,18.3,984.3,Sandy Loam,SAFE
4,10.1542,77.0145,1772.0,35.2,37.6,61.2,16.7,93.7,17.8,954.0,Weathered Granite,MODERATE_RISK
7,17.9407,73.6688,1338.4,37.1,11.5,45.8,23.3,91.5,25.9,925.0,Laterite,SAFE
2,10.1456,77.0058,1797.9,53.7,169.5,88.6,16.9,51.3,6.8,948.0,Weathered Granite,HIGH_RISK
9,10.1537,77.0329,1736.4,36.2,42.41,68.9,21.5,92.8,16.9,913.8,Weathered Granite,MODERATE_RISK
5,17.952,73.592,627.6,17.1,42.2,43.7,23.7,90.3,30.4,1014.1,Colluvium,SAFE
3,9.7018,76.9051,876.8,37.2,16.7,19.4,24.0,87.0,30.2,933.2,Laterite,SAFE
5,32.241,77.1785,2064.7,42.5,7.92,22.0,17.5,77.1,17.4,919.9,Colluvium,SAFE
5,11.4118,76.1228,757.2,44.0,166.7,74.4,18.0,74.3,14.5,953.8,Weathered Granite,HIGH_RISK
2,9.6708,76.9101,777.8,15.3,39.1,27.6,26.2,82.8,34.6,922.9,Laterite,SAFE
7,11.4162,76.0922,737.4,34.7,11.6,40.8,19.0,69.5,12.0,936.2,Laterite,SAFE
5,30.5368,79.55,1868.7,46.3,159.5,86.2,18.8,79.3,33.5,951.3,Weathered Granite,HIGH_RISK
8,17.965,73.5922,632.3,44.9,173.8,76.3,23.9,52.5,31.1,948.4,Colluvium,HIGH_RISK
3,11.3733,76.6949,1912.6,39.4,133.2,85.4,13.3,90.9,24.1,944.1,Weathered Granite,HIGH_RISK
3,26.8836,88.1683,1687.4,33.7,51.3,71.4,30.3,84.9,5.6,931.0,Colluvium,MODERATE_RISK
10,11.5058,76.1264,1017.9,46.9,10.2,15.0,22.6,49.3,8.8,984.3,Weathered Granite,SAFE
1,11.5667,76.1187,892.1,39.4,16.3,13.7,18.5,82.8,10.1,996.6,Colluvium,SAFE
10,9.6758,76.9101,823.8,39.6,16.39,15.0,24.9,74.5,30.7,938.0,Laterite,SAFE
6,17.9551,73.5788,586.7,37.7,49.28,68.7,23.2,87.6,16.6,962.9,Colluvium,MODERATE_RISK
6,10.1545,77.0053,1653.6,12.9,24.86,57.6,16.0,90.7,25.6,927.1,Weathered Granite,SAFE
5,10.1622,77.026,1820.2,47.5,8.63,19.6,18.4,67.5,15.8,907.8,Weathered Granite,SAFE
9,30.5521,79.5548,1913.9,43.3,12.04,22.2,24.9,69.4,13.1,928.9,Weathered Granite,SAFE
6,10.1446,77.01,1664.6,48.4,133.5,81.7,15.3,50.0,34.1,944.5,Clay Loam,HIGH_RISK
1,17.935,73.5702,651.4,33.4,57.5,66.5,11.7,58.6,20.8,908.8,Laterite,MODERATE_RISK
10,11.386,76.7155,1922.8,44.5,82.5,91.0,14.9,84.1,33.1,942.8,Laterite,HIGH_RISK
1,9.6979,76.9195,816.2,48.3,105.98,86.0,17.1,77.0,5.4,940.9,Laterite,HIGH_RISK
1,30.5746,79.5612,1862.3,37.8,55.7,68.6,16.8,86.5,27.2,879.9,Weathered Granite,MODERATE_RISK
10,10.1447,76.9987,1661.9,44.6,14.0,22.1,24.8,92.1,10.7,943.2,Colluvium,SAFE
9,11.5455,76.136,923.0,36.1,6.93,27.1,19.5,54.3,28.8,982.1,Colluvium,SAFE
9,31.091,77.1542,2306.0,34.2,48.62,69.6,27.6,86.7,23.0,975.5,Clay Loam,MODERATE_RISK
3,11.4028,76.7114,1916.4,44.7,153.89,70.8,22.8,45.4,8.1,862.3,Weathered Granite,HIGH_RISK
10,31.1028,77.1812,2281.5,46.8,146.3,70.6,18.1,86.4,25.8,1006.3,Clay Loam,HIGH_RISK
6,10.1583,77.0118,1726.5,44.8,176.5,78.3,19.3,60.0,34.1,958.2,Weathered Granite,HIGH_RISK
10,31.0992,77.1574,2269.1,55.3,106.04,77.3,24.6,57.8,33.6,916.7,Clay Loam,HIGH_RISK
5,10.165,77.0344,1611.3,37.4,50.16,67.7,26.0,66.6,34.8,1018.7,Colluvium,MODERATE_RISK
6,12.431,75.7257,1187.0,42.3,129.4,84.1,18.1,94.3,25.7,1022.2,Residual Soil,HIGH_RISK
8,11.5313,76.1374,965.9,46.3,153.8,84.3,20.4,49.7,14.6,972.8,Weathered Granite,HIGH_RISK
6,11.3628,76.7936,1805.5,9.9,24.04,40.9,14.7,54.7,33.4,919.2,Colluvium,SAFE
1,11.5422,76.1472,975.1,37.3,49.17,64.8,18.2,87.2,9.9,932.9,Colluvium,MODERATE_RISK
10,26.159,91.6914,409.3,37.9,54.7,51.3,23.9,97.6,24.3,949.4,Clay Loam,MODERATE_RISK
8,11.4035,76.0864,804.5,35.4,48.57,72.0,20.9,80.8,21.5,890.7,Laterite,MODERATE_RISK
6,17.9213,73.6672,1305.3,38.5,7.54,36.5,20.1,74.8,9.0,943.1,Laterite,SAFE
3,11.5353,76.1497,1054.4,43.2,163.9,70.0,30.0,89.6,10.6,862.2,Weathered Granite,HIGH_RISK
3,32.2535,77.1882,2078.1,6.8,33.8,60.4,22.3,47.1,14.8,897.0,Residual Soil,SAFE
7,17.9347,73.6677,1353.1,43.0,6.3,22.5,24.5,57.3,30.1,936.2,Laterite,SAFE
5,17.9249,73.6587,1366.9,36.7,53.6,71.9,22.2,66.8,23.6,935.6,Laterite,MODERATE_RISK
1,12.4109,75.7326,1230.7,32.9,17.2,29.3,19.2,95.6,19.6,989.0,Residual Soil,SAFE
1,30.5444,79.5548,1963.9,48.8,108.13,86.1,24.9,82.6,30.1,897.9,Weathered Granite,HIGH_RISK
5,17.9514,73.5953,606.3,35.9,44.61,48.2,16.0,85.9,14.3,984.7,Colluvium,MODERATE_RISK
8,11.5513,76.1252,922.9,38.9,167.5,95.9,23.2,63.9,34.8,1028.1,Colluvium,HIGH_RISK
8,10.1552,77.009,1777.9,54.1,83.66,90.9,15.2,90.1,31.2,987.3,Weathered Granite,HIGH_RISK
7,26.1804,91.689,463.8,7.2,19.58,55.2,19.7,46.4,25.9,859.2,Clay Loam,SAFE
2,10.1421,77.0334,1676.8,35.8,46.4,67.7,27.8,90.0,13.5,970.6,Colluvium,MODERATE_RISK
9,17.9632,73.5628,647.8,12.9,46.2,25.9,19.7,56.9,5.9,1019.9,Colluvium,SAFE
7,31.1011,77.1787,2247.8,47.2,163.7,76.9,16.9,54.4,18.7,871.9,Clay Loam,HIGH_RISK
9,17.9225,73.6772,1365.2,32.9,52.7,69.9,20.4,84.0,18.1,923.8,Laterite,MODERATE_RISK
3,30.5722,79.5782,1848.7,29.4,43.67,70.3,6.1,88.0,29.1,975.7,Weathered Granite,MODERATE_RISK
3,11.5642,76.1361,952.5,35.8,52.8,49.4,17.8,94.3,10.8,939.0,Colluvium,MODERATE_RISK
2,31.102,77.1558,2224.8,33.5,51.76,57.5,24.3,93.1,28.7,957.0,Clay Loam,MODERATE_RISK
8,11.3592,76.8117,1849.0,36.5,42.6,47.0,17.1,92.1,24.4,906.4,Weathered Granite,MODERATE_RISK
7,10.1454,77.0426,1772.5,54.4,129.8,80.2,17.7,67.5,23.9,1010.9,Weathered Granite,HIGH_RISK
10,10.1468,77.0146,1666.2,35.5,45.27,70.1,14.9,97.7,25.8,974.6,Colluvium,MODERATE_RISK
10,31.1102,77.183,2234.9,46.8,141.1,81.0,14.3,66.3,11.9,977.8,Weathered Granite,HIGH_RISK
7,11.5346,76.1353,933.8,42.4,105.1,81.0,13.0,46.5,25.5,983.1,Weathered Granite,HIGH_RISK
9,9.6796,76.9306,804.6,36.8,15.62,47.2,23.4,75.2,19.3,944.0,Laterite,SAFE
9,11.5349,76.12,895.2,36.8,184.8,83.5,19.6,76.7,26.7,925.6,Colluvium,HIGH_RISK
6,11.3713,76.7907,1854.3,35.0,49.17,67.1,16.7,91.1,26.5,906.9,Weathered Granite,MODERATE_RISK
4,17.9111,73.6398,1322.8,44.1,146.8,78.7,17.7,88.6,27.7,985.4,Laterite,HIGH_RISK
3,11.5203,76.136,993.1,46.6,133.6,93.0,22.6,80.9,29.0,911.0,Clay Loam,HIGH_RISK
1,26.1548,91.6879,460.3,36.9,40.26,65.9,18.8,48.4,25.8,974.6,Colluvium,MODERATE_RISK
4,11.3738,76.701,1968.8,15.5,46.0,22.3,24.6,56.5,22.1,947.9,Colluvium,SAFE
3,11.5349,76.1476,892.9,45.5,163.0,70.9,21.9,71.5,8.5,926.2,Colluvium,HIGH_RISK
7,11.3519,76.7958,1845.0,9.4,43.62,16.9,14.5,92.9,6.5,934.6,Colluvium,SAFE
5,9.6963,76.9246,881.5,45.4,133.16,92.2,20.2,93.1,25.5,899.5,Laterite,HIGH_RISK
3,11.3355,76.776,1808.8,36.0,44.0,47.3,20.1,94.0,9.8,958.8,Weathered Granite,MODERATE_RISK
9,30.538,79.5658,1830.7,37.9,44.22,65.2,24.1,94.6,34.2,919.4,Colluvium,MODERATE_RISK
1,11.5389,76.1608,1016.3,52.7,119.68,72.5,20.3,80.3,14.3,911.5,Weathered Granite,HIGH_RISK
8,26.894,88.1666,1692.0,11.7,38.55,47.4,25.9,51.2,17.1,961.6,Residual Soil,SAFE
4,9.682,76.9269,833.2,48.0,150.32,70.2,27.3,91.7,11.6,822.5,Laterite,HIGH_RISK
8,10.1344,77.0286,1644.9,34.6,57.0,66.2,19.8,83.4,11.7,978.7,Colluvium,MODERATE_RISK
10,10.1516,77.0212,1803.7,34.8,57.8,56.0,17.5,56.5,17.8,862.5,Weathered Granite,MODERATE_RISK
7,11.3391,76.782,1822.1,42.6,17.7,47.7,21.7,97.2,9.9,1027.8,Weathered Granite,SAFE
4,10.1366,77.0241,1649.8,47.9,178.81,90.5,20.0,48.6,20.6,916.7,Colluvium,HIGH_RISK
2,9.6751,76.9251,824.7,44.1,120.1,95.3,15.7,57.0,7.2,965.7,Laterite,HIGH_RISK
7,10.1695,77.028,1794.5,53.1,163.2,93.2,15.9,79.1,7.1,940.6,Weathered Granite,HIGH_RISK
3,31.0928,77.1868,2280.8,50.0,7.32,16.4,17.9,66.6,31.0,888.5,Clay Loam,SAFE
6,11.5434,76.1257,889.9,45.6,179.14,82.6,23.1,57.8,25.3,958.6,Colluvium,HIGH_RISK
8,9.6754,76.932,904.9,41.7,128.7,83.3,22.5,55.1,21.3,941.3,Laterite,HIGH_RISK
2,26.1542,91.6832,422.5,30.0,176.3,86.4,19.7,98.0,22.7,912.1,Clay Loam,HIGH_RISK
10,11.5386,76.1149,887.6,45.2,121.4,72.2,21.1,81.8,13.4,984.8,Colluvium,HIGH_RISK
3,11.5182,76.1531,1075.3,34.1,56.4,66.3,15.7,73.6,19.9,892.8,Colluvium,MODERATE_RISK
10,11.5125,76.1498,925.8,36.3,8.69,33.7,25.5,47.4,15.9,896.5,Colluvium,SAFE
1,32.2599,77.1991,2046.0,43.2,15.4,36.1,20.9,81.1,31.4,950.0,Colluvium,SAFE
6,9.685,76.9002,819.5,37.2,52.2,61.3,20.7,60.9,16.1,959.1,Laterite,MODERATE_RISK
8,32.2243,77.2028,2098.3,39.5,16.06,42.2,16.8,95.7,9.4,979.8,Colluvium,SAFE
10,32.2531,77.2073,2079.2,41.3,123.3,78.4,20.5,83.1,30.8,973.3,Clay Loam,HIGH_RISK
8,11.5562,76.144,869.8,40.7,9.85,40.4,16.4,84.7,17.4,1003.2,Colluvium,SAFE
9,9.6775,76.8975,818.8,36.4,51.5,69.4,22.1,84.5,32.0,942.7,Laterite,MODERATE_RISK
5,11.5369,76.1575,1035.8,52.0,178.1,72.1,14.2,59.5,30.1,968.1,Weathered Granite,HIGH_RISK
2,11.4124,76.1071,724.9,16.2,16.0,59.5,18.7,59.8,5.2,868.7,Laterite,SAFE
9,11.565,76.1427,944.9,36.6,55.9,63.5,19.8,81.8,33.8,907.4,Laterite,MODERATE_RISK
10,11.3881,76.7198,1940.9,34.9,46.53,56.2,16.8,92.8,21.5,941.6,Weathered Granite,MODERATE_RISK
9,11.5067,76.1361,1058.8,9.9,41.5,34.8,13.4,95.0,30.8,935.0,Clay Loam,SAFE
2,10.1675,77.0212,1780.7,47.1,176.0,91.2,15.4,87.6,14.2,992.4,Weathered Granite,HIGH_RISK
5,11.5556,76.1415,919.8,38.5,102.6,86.5,15.1,94.4,24.1,922.3,Colluvium,HIGH_RISK
4,11.5218,76.1317,1001.2,47.1,155.49,83.3,15.1,65.9,15.3,945.1,Colluvium,HIGH_RISK
8,26.9055,88.1969,1712.2,37.3,53.9,57.8,17.6,56.8,15.8,1006.2,Laterite,MODERATE_RISK
2,31.1139,77.1548,2256.5,4.9,44.1,45.5,25.9,55.1,22.1,1019.4,Sandy Loam,SAFE
8,32.2475,77.1909,2050.7,43.3,182.16,79.0,9.8,97.7,28.8,890.4,Colluvium,HIGH_RISK
1,32.2368,77.176,2072.2,37.3,35.2,71.9,22.6,89.0,18.2,913.9,Colluvium,MODERATE_RISK
5,10.1614,77.0075,1768.6,35.7,49.61,70.8,22.9,92.9,16.9,931.5,Sandy Loam,MODERATE_RISK
5,11.3677,76.7238,1937.4,47.8,181.44,91.6,26.7,93.9,14.0,947.3,Weathered Granite,HIGH_RISK
8,10.162,77.037,1739.4,46.6,12.1,47.3,25.6,67.6,35.0,947.9,Weathered Granite,SAFE
4,10.1543,77.0051,1636.2,14.2,22.8,44.9,20.7,83.9,25.2,996.6,Laterite,SAFE
6,11.3912,76.6925,1915.8,11.1,19.64,39.0,18.5,91.2,18.6,977.7,Sandy Loam,SAFE
5,11.5241,76.1558,1079.1,51.6,112.8,82.7,24.8,60.9,30.1,929.9,Weathered Granite,HIGH_RISK
10,11.5518,76.1174,897.8,39.7,134.48,71.1,17.6,45.2,26.7,935.6,Weathered Granite,HIGH_RISK
8,10.1349,77.0154,1655.8,6.5,30.0,45.1,14.2,59.7,19.8,883.8,Residual Soil,SAFE
9,9.6706,76.9251,800.4,33.2,48.84,69.5,21.7,83.6,31.1,909.8,Colluvium,MODERATE_RISK
10,11.513,76.1264,973.6,52.0,173.14,95.6,19.6,60.6,12.7,987.3,Weathered Granite,HIGH_RISK
5,31.1076,77.1932,2312.4,50.6,127.9,95.1,21.1,71.3,29.1,954.2,Colluvium,HIGH_RISK
10,11.4112,76.1157,746.2,43.3,101.37,85.0,15.3,81.3,6.8,952.0,Laterite,HIGH_RISK
5,11.3729,76.6998,1927.5,42.6,135.25,94.2,15.2,71.0,33.5,995.2,Weathered Granite,HIGH_RISK
5,11.5225,76.1459,1024.8,51.8,150.9,85.1,18.2,96.9,10.0,988.7,Weathered Granite,HIGH_RISK
5,10.1652,77.0061,1632.2,36.6,44.2,69.3,25.1,84.6,33.6,953.0,Colluvium,MODERATE_RISK
7,10.1537,77.0062,1799.8,53.0,157.0,94.8,24.0,68.2,23.6,953.7,Weathered Granite,HIGH_RISK
4,30.5717,79.5767,1881.7,11.3,16.3,54.3,22.1,54.8,14.2,1048.3,Colluvium,SAFE
1,9.6692,76.8971,862.5,37.2,55.2,70.7,23.3,47.1,16.8,977.9,Laterite,MODERATE_RISK
7,9.6748,76.9358,871.8,37.9,57.6,62.7,19.9,70.5,8.9,1061.8,Laterite,MODERATE_RISK
9,26.8805,88.1687,1711.2,37.7,38.1,53.0,27.6,90.2,27.8,970.1,Weathered Granite,MODERATE_RISK
9,17.9083,73.6668,1339.6,14.4,17.5,50.2,19.5,90.2,19.6,1010.8,Laterite,SAFE
9,11.373,76.7304,1896.9,31.3,56.1,56.4,16.7,89.7,10.0,973.9,Weathered Granite,MODERATE_RISK
7,10.1703,77.0424,1815.5,54.3,117.9,93.2,15.2,54.2,32.9,960.4,Weathered Granite,HIGH_RISK
3,11.3936,76.0862,747.1,17.6,26.6,26.4,18.6,46.2,27.7,877.8,Colluvium,SAFE
1,17.9706,73.5967,584.2,51.9,171.05,84.7,16.1,63.3,23.2,1032.8,Colluvium,HIGH_RISK
8,17.9532,73.5993,584.9,32.9,40.92,48.4,17.7,82.2,8.2,921.8,Colluvium,MODERATE_RISK
1,11.5234,76.1454,1033.4,40.1,139.9,93.1,17.3,58.9,20.3,984.5,Colluvium,HIGH_RISK
4,11.4149,76.086,732.1,37.2,3.0,45.5,16.7,82.9,6.7,1057.2,Laterite,SAFE
10,26.1514,91.7004,454.1,35.9,50.55,70.4,19.4,65.1,35.0,927.0,Colluvium,MODERATE_RISK
3,11.394,76.7216,1881.0,35.8,43.0,48.9,17.3,86.1,20.2,960.0,Weathered Granite,MODERATE_RISK
3,9.6647,76.9142,808.9,37.7,121.88,92.6,19.3,45.4,32.2,935.6,Laterite,HIGH_RISK
4,11.3481,76.8111,1856.3,13.0,35.31,28.1,22.4,65.1,27.7,964.6,Weathered Granite,SAFE
2,11.3942,76.0975,771.5,33.1,134.7,94.5,22.6,73.4,20.4,879.0,Laterite,HIGH_RISK
5,30.5425,79.583,1855.2,41.8,125.4,83.9,23.3,47.2,5.9,983.0,Weathered Granite,HIGH_RISK
10,11.5295,76.1195,942.3,37.4,56.8,62.2,17.7,69.1,11.0,897.1,Colluvium,MODERATE_RISK
10,11.5356,76.1278,1060.9,35.3,49.5,65.2,23.3,71.2,16.9,900.9,Weathered Granite,MODERATE_RISK
3,11.5291,76.1586,1068.8,34.5,50.16,49.8,26.0,87.6,18.6,941.7,Weathered Granite,MODERATE_RISK
3,9.6726,76.9335,859.9,35.4,50.0,67.7,15.0,92.0,20.5,931.9,Laterite,MODERATE_RISK
10,17.9201,73.6483,1336.9,34.1,45.6,64.9,23.8,59.5,23.9,886.1,Colluvium,MODERATE_RISK
6,17.9427,73.6496,1335.5,12.8,43.56,21.6,16.1,68.1,24.4,1027.1,Laterite,SAFE
7,12.439,75.7553,1164.8,33.3,14.69,42.4,21.5,56.6,24.3,938.9,Residual Soil,SAFE
7,11.3981,76.6967,1970.7,35.7,39.6,63.1,13.2,95.2,14.1,950.0,Weathered Granite,MODERATE_RISK
2,26.874,88.1747,1710.9,14.1,41.1,41.8,24.2,88.5,17.1,1074.9,Weathered Granite,SAFE
8,26.8863,88.1764,1733.8,34.7,16.1,12.8,22.1,83.8,23.5,919.4,Laterite,SAFE
6,31.099,77.1854,2291.3,48.2,101.97,78.5,20.4,79.2,16.8,968.1,Clay Loam,HIGH_RISK
5,26.8727,88.1788,1662.8,32.7,13.4,29.5,17.1,79.3,10.8,888.1,Laterite,SAFE
2,11.3443,76.7903,1812.2,31.0,56.8,70.3,18.0,82.9,15.6,910.5,Weathered Granite,MODERATE_RISK
1,31.088,77.1842,2218.2,55.4,165.7,71.7,22.2,97.1,10.0,926.4,Clay Loam,HIGH_RISK
1,31.1126,77.1598,2267.6,16.9,24.3,16.7,21.5,75.4,11.1,866.2,Residual Soil,SAFE
6,26.8775,88.1874,1719.6,36.3,178.64,83.4,23.3,45.7,10.9,941.3,Weathered Granite,HIGH_RISK
1,32.2505,77.1989,2103.4,43.5,150.32,75.2,19.4,95.3,16.9,923.8,Clay Loam,HIGH_RISK
6,11.5044,76.1311,997.2,46.9,152.02,87.8,19.1,90.8,33.2,942.0,Weathered Granite,HIGH_RISK
2,11.5543,76.1153,977.0,16.9,42.79,41.1,24.1,74.5,27.1,996.7,Laterite,SAFE
4,11.5331,76.1614,1070.6,44.0,6.55,31.4,17.4,50.8,17.8,913.1,Weathered Granite,SAFE
2,32.2336,77.1783,2029.1,37.0,47.6,70.2,16.8,83.5,23.8,965.9,Colluvium,MODERATE_RISK
2,30.5675,79.5679,1816.7,16.6,36.85,26.8,25.6,67.4,29.1,946.5,Residual Soil,SAFE
3,17.9354,73.6695,1330.8,43.3,138.44,87.5,19.7,48.6,15.8,950.4,Laterite,HIGH_RISK
6,17.9444,73.6609,1354.9,40.0,144.1,75.7,21.9,72.0,15.8,915.3,Laterite,HIGH_RISK
3,17.9514,73.5995,665.1,11.0,25.2,34.5,22.7,57.2,7.8,947.7,Colluvium,SAFE
8,10.1437,77.0177,1756.6,53.6,156.8,79.4,24.0,52.8,22.3,999.5,Weathered Granite,HIGH_RISK
10,30.5626,79.5705,1883.4,32.6,47.4,61.9,21.0,88.0,15.5,961.5,Weathered Granite,MODERATE_RISK
2,11.3525,76.8022,1851.0,36.6,46.6,65.8,17.1,82.1,8.6,962.8,Laterite,MODERATE_RISK
1,11.3819,76.7139,1961.6,40.5,172.2,89.5,20.9,62.7,24.8,924.2,Weathered Granite,HIGH_RISK
1,9.6807,76.9299,832.0,47.6,142.01,93.8,15.5,56.2,35.0,948.6,Laterite,HIGH_RISK
3,11.4011,76.6954,1885.7,37.8,51.4,51.3,20.9,80.1,19.3,909.9,Weathered Granite,MODERATE_RISK
2,11.345,76.8044,1899.3,39.2,158.68,71.0,19.8,90.5,13.6,873.8,Weathered Granite,HIGH_RISK
1,11.366,76.8091,1841.7,41.8,139.6,92.9,13.7,91.9,17.4,974.2,Weathered Granite,HIGH_RISK
1,11.3477,76.8109,1902.7,45.5,155.1,87.0,18.1,79.1,19.0,908.3,Laterite,HIGH_RISK
7,11.5658,76.1428,948.8,44.6,116.5,70.8,12.8,45.4,8.4,959.2,Colluvium,HIGH_RISK
6,10.1425,77.0446,1787.4,36.5,44.99,68.1,22.3,66.1,19.5,828.8,Weathered Granite,MODERATE_RISK
4,10.1527,76.9995,1662.6,15.4,39.5,25.6,17.8,58.2,7.8,915.1,Residual Soil,SAFE
6,30.5633,79.5653,1858.1,31.6,54.6,66.4,21.3,63.3,16.6,972.5,Weathered Granite,MODERATE_RISK
5,10.1553,77.0089,1832.0,36.6,41.0,52.8,26.1,82.3,10.2,969.9,Weathered Granite,MODERATE_RISK
5,11.5739,76.1473,919.9,37.7,56.0,66.6,21.4,88.3,34.0,879.4,Colluvium,MODERATE_RISK
8,10.1812,77.012,1799.0,47.9,17.2,42.8,12.6,68.0,12.5,928.6,Weathered Granite,SAFE
8,26.1501,91.6937,412.1,35.9,55.9,68.1,18.0,62.5,33.6,905.2,Laterite,MODERATE_RISK
3,30.5514,79.5524,1839.3,32.2,56.8,67.6,20.3,69.4,11.4,916.4,Weathered Granite,MODERATE_RISK
3,9.6915,76.9029,796.6,32.6,55.2,58.8,18.1,86.7,10.2,973.4,Laterite,MODERATE_RISK
10,11.5474,76.116,968.4,43.8,14.41,43.8,20.1,97.7,18.4,970.5,Colluvium,SAFE
6,32.2412,77.1737,2029.3,35.0,46.7,52.0,24.9,85.1,31.8,903.6,Laterite,MODERATE_RISK
6,32.2621,77.1944,2022.1,48.3,13.26,30.9,14.1,50.0,21.0,956.3,Colluvium,SAFE
4,11.3486,76.7981,1864.9,41.7,171.4,93.4,22.4,82.3,21.9,968.6,Weathered Granite,HIGH_RISK
8,11.3646,76.7913,1836.3,33.5,46.15,65.2,18.9,67.9,30.9,1005.7,Weathered Granite,MODERATE_RISK
9,11.5614,76.1301,964.9,38.6,155.3,81.3,16.6,94.6,28.9,937.6,Colluvium,HIGH_RISK
6,26.8976,88.1673,1674.0,16.5,48.5,22.3,21.1,58.5,10.3,966.2,Sandy Loam,SAFE
6,10.1493,77.0179,1718.9,10.7,44.3,21.7,27.9,73.3,21.5,922.0,Colluvium,SAFE
10,26.1472,91.694,436.0,5.3,24.8,50.6,18.5,72.6,29.9,961.3,Weathered Granite,SAFE
7,10.1653,77.0433,1769.5,52.6,113.2,70.1,16.8,65.2,28.6,1031.7,Weathered Granite,HIGH_RISK
10,11.4048,76.716,1916.2,14.2,38.2,29.3,20.9,66.1,20.1,943.4,Weathered Granite,SAFE
10,11.3683,76.7292,1965.0,37.6,47.08,67.0,24.1,57.3,11.2,957.5,Weathered Granite,MODERATE_RISK
1,11.5258,76.1593,1073.1,40.1,15.18,11.9,18.9,96.4,31.6,936.0,Weathered Granite,SAFE
10,30.5446,79.5751,1830.1,37.8,50.1,65.2,25.5,88.3,14.4,916.6,Colluvium,MODERATE_RISK
5,11.3397,76.7999,1844.6,11.7,13.8,52.6,22.8,56.3,13.3,1023.5,Residual Soil,SAFE
4,11.4315,76.1156,785.2,39.9,138.9,79.6,17.1,91.2,32.1,1035.7,Laterite,HIGH_RISK
3,17.9709,73.5979,625.2,49.2,186.23,72.8,21.9,71.6,23.9,1011.5,Weathered Granite,HIGH_RISK
4,32.2297,77.1817,2043.5,32.8,46.53,54.6,21.3,97.3,9.3,975.5,Colluvium,MODERATE_RISK
5,30.5417,79.5558,1868.8,40.9,123.9,92.6,19.3,45.6,5.1,925.8,Weathered Granite,HIGH_RISK
3,26.1859,91.6856,430.3,29.3,13.3,22.8,26.6,93.5,17.2,907.9,Clay Loam,SAFE
8,17.921,73.6456,1305.7,38.9,156.37,84.5,20.1,92.5,13.7,888.2,Laterite,HIGH_RISK
2,9.703,76.8992,794.4,14.1,30.09,39.8,20.2,93.0,22.1,991.2,Laterite,SAFE
7,10.1575,77.0059,1747.8,5.0,37.84,32.5,13.9,58.7,12.7,914.7,Residual Soil,SAFE
5,10.1813,77.024,1775.4,38.0,42.1,65.4,18.2,57.4,15.1,916.4,Weathered Granite,MODERATE_RISK
1,11.5239,76.1346,953.2,36.3,51.4,63.2,22.4,92.5,31.2,948.9,Sandy Loam,MODERATE_RISK
5,11.5302,76.1348,1010.6,17.7,20.9,35.0,16.8,97.3,7.6,939.0,Sandy Loam,SAFE
10,11.5203,76.1369,1059.7,48.6,81.0,91.9,19.0,84.3,5.7,1005.7,Weathered Granite,HIGH_RISK
7,32.2322,77.1926,2068.1,49.2,107.09,79.3,18.5,46.0,14.2,966.1,Colluvium,HIGH_RISK
1,17.9699,73.5889,649.7,44.8,17.2,39.1,14.9,54.4,19.2,955.8,Colluvium,SAFE
9,30.5661,79.5817,1863.7,45.7,178.2,85.7,19.7,56.0,25.5,993.0,Weathered Granite,HIGH_RISK
5,11.4251,76.1199,777.5,36.6,46.0,52.3,18.8,80.8,17.7,890.8,Weathered Granite,MODERATE_RISK
7,26.8734,88.1866,1704.4,36.2,52.2,50.2,24.1,75.7,10.2,999.7,Weathered Granite,MODERATE_RISK
6,9.6807,76.9028,847.5,44.2,163.8,73.5,18.5,84.6,16.9,903.6,Laterite,HIGH_RISK
5,11.5392,76.1438,942.6,43.7,154.7,75.6,17.5,60.2,30.9,968.9,Colluvium,HIGH_RISK
8,26.885,88.1677,1654.8,35.4,11.72,28.3,20.1,80.6,8.8,929.7,Laterite,SAFE
8,26.9039,88.1644,1722.7,35.8,50.4,60.8,16.3,93.9,12.3,977.1,Laterite,MODERATE_RISK
9,11.5317,76.1491,1060.7,44.2,148.3,87.8,21.8,87.5,10.3,942.8,Weathered Granite,HIGH_RISK
4,11.3793,76.7032,1913.5,35.0,45.2,61.0,23.8,56.1,20.2,933.4,Weathered Granite,MODERATE_RISK
6,26.9081,88.1961,1665.1,35.7,48.1,59.0,20.0,86.7,6.0,975.0,Clay Loam,MODERATE_RISK
7,32.2575,77.1892,2055.5,45.9,164.78,75.6,14.4,81.9,6.9,965.0,Colluvium,HIGH_RISK
6,11.5041,76.158,1043.3,36.4,47.03,66.5,17.7,71.1,33.6,954.4,Weathered Granite,MODERATE_RISK
5,9.6979,76.9321,820.6,14.2,25.14,31.4,19.8,96.4,21.5,947.2,Residual Soil,SAFE
7,17.9483,73.5655,627.0,43.2,7.81,21.1,17.7,69.6,31.2,915.8,Colluvium,SAFE
7,30.5556,79.5613,1815.6,40.2,12.87,16.5,15.2,95.9,28.0,929.9,Weathered Granite,SAFE
5,31.1054,77.1652,2215.6,47.0,177.7,85.1,25.3,86.0,9.2,909.8,Clay Loam,HIGH_RISK
5,11.5466,76.1475,949.6,36.2,5.94,42.8,30.6,75.7,31.3,952.8,Colluvium,SAFE
1,11.5229,76.1649,1061.8,31.7,54.0,68.1,27.8,80.9,26.7,982.4,Weathered Granite,MODERATE_RISK
9,11.3383,76.7872,1843.1,39.8,156.1,77.1,18.7,82.6,11.3,965.9,Weathered Granite,HIGH_RISK
9,10.1406,77.0018,1692.5,44.4,15.8,33.2,18.6,63.4,34.4,999.4,Colluvium,SAFE
3,11.4191,76.1079,796.4,17.2,35.6,54.8,14.4,83.3,33.1,819.9,Weathered Granite,SAFE
4,31.1051,77.1641,2306.8,17.6,30.5,33.1,20.3,95.1,8.0,986.8,Residual Soil,SAFE
3,26.8753,88.1767,1726.0,36.0,14.5,36.2,19.8,89.0,33.4,947.5,Laterite,SAFE
7,11.4067,76.1127,826.0,35.0,45.2,70.6,28.8,94.2,24.6,944.6,Weathered Granite,MODERATE_RISK
5,26.9019,88.1765,1666.7,38.0,52.3,54.8,25.2,90.5,32.6,913.0,Laterite,MODERATE_RISK
1,11.5151,76.1461,977.5,39.1,10.73,19.4,21.7,90.4,15.1,930.1,Colluvium,SAFE
6,30.574,79.5568,1890.3,16.2,24.8,48.8,20.8,66.1,33.6,948.6,Clay Loam,SAFE
8,11.3964,76.1036,845.0,39.0,134.37,76.7,20.5,57.0,19.6,957.7,Laterite,HIGH_RISK
8,10.164,77.025,1756.6,48.1,179.8,94.5,22.3,74.2,14.0,960.0,Weathered Granite,HIGH_RISK
9,26.1694,91.7006,440.5,33.8,11.44,39.7,17.1,85.7,5.6,919.8,Clay Loam,SAFE
8,12.4327,75.7424,1178.7,13.7,21.0,61.2,17.5,46.2,16.7,911.5,Sandy Loam,SAFE
7,11.4098,76.0861,755.3,37.7,52.6,59.3,20.4,89.8,34.3,940.0,Laterite,MODERATE_RISK
6,9.665,76.9248,854.5,40.0,163.3,75.4,21.6,84.0,21.0,948.0,Laterite,HIGH_RISK
4,32.2295,77.1815,2088.8,52.2,134.6,87.5,24.7,61.7,34.7,935.7,Colluvium,HIGH_RISK
6,30.5635,79.5626,1866.0,43.9,157.6,85.8,25.4,92.0,8.7,1010.2,Weathered Granite,HIGH_RISK
9,11.4035,76.7161,1913.2,44.0,11.06,43.8,18.8,49.3,22.3,951.4,Weathered Granite,SAFE
9,26.8753,88.187,1697.3,29.8,45.16,64.8,14.4,82.5,34.0,919.8,Laterite,MODERATE_RISK
3,11.4027,76.6977,1917.3,40.2,177.7,86.0,19.3,93.4,25.3,924.5,Weathered Granite,HIGH_RISK
4,12.44,75.7459,1161.0,17.3,20.1,27.9,18.0,72.6,22.0,903.1,Colluvium,SAFE
1,10.1628,77.0219,1651.5,35.0,56.9,60.9,21.9,65.1,8.7,976.6,Colluvium,MODERATE_RISK
7,17.9389,73.5793,657.1,43.1,14.19,17.0,22.5,53.1,5.3,944.0,Colluvium,SAFE
1,32.2289,77.1796,2012.1,43.6,179.9,86.4,16.8,72.6,22.6,1068.9,Colluvium,HIGH_RISK
3,11.3798,76.6948,1974.9,37.4,51.0,67.2,18.6,77.8,26.2,867.5,Weathered Granite,MODERATE_RISK
10,10.1551,77.0339,1684.9,8.4,35.1,17.8,15.2,64.6,21.5,993.5,Clay Loam,SAFE
9,11.5343,76.1464,923.3,35.2,56.1,54.3,19.3,83.9,12.7,979.0,Colluvium,MODERATE_RISK
10,30.5504,79.5559,1858.8,47.4,147.62,84.8,22.6,91.9,13.1,955.6,Weathered Granite,HIGH_RISK
4,9.6984,76.9059,800.3,37.7,34.5,67.2,28.0,87.8,19.7,945.3,Laterite,MODERATE_RISK
3,11.3447,76.7757,1823.0,36.0,46.15,69.2,15.1,45.5,18.8,1006.6,Weathered Granite,MODERATE_RISK
4,30.5425,79.5718,1856.0,44.1,87.18,77.5,14.0,89.4,28.4,924.8,Weathered Granite,HIGH_RISK
2,11.5303,76.1473,1053.2,32.2,54.2,63.7,24.5,70.0,19.0,937.2,Weathered Granite,MODERATE_RISK
5,32.2415,77.198,2029.1,51.6,177.9,91.6,21.7,89.7,6.3,920.4,Colluvium,HIGH_RISK
2,11.5326,76.1616,1039.8,37.9,43.7,52.3,18.4,90.3,34.1,873.0,Weathered Granite,MODERATE_RISK
4,10.1601,77.0126,1648.7,36.4,54.9,71.2,22.8,94.4,18.2,993.5,Colluvium,MODERATE_RISK
9,11.4037,76.0911,772.9,11.6,41.41,22.9,18.0,72.3,17.2,971.7,Colluvium,SAFE
3,10.1716,77.035,1761.3,44.9,163.4,80.6,18.9,72.6,7.8,1001.2,Weathered Granite,HIGH_RISK
9,9.7012,76.9112,816.9,47.8,110.6,90.5,22.7,97.5,17.9,955.7,Laterite,HIGH_RISK
1,11.4319,76.1172,797.7,11.6,30.2,58.0,11.7,67.0,6.1,979.0,Laterite,SAFE
1,31.086,77.1919,2267.6,48.3,92.57,86.7,20.7,97.5,32.0,983.3,Clay Loam,HIGH_RISK
4,31.1123,77.1726,2283.8,54.9,156.59,81.1,15.8,50.4,13.4,917.4,Weathered Granite,HIGH_RISK
6,31.1234,77.1557,2296.1,51.7,132.11,70.8,17.4,75.8,10.5,995.7,Clay Loam,HIGH_RISK
4,9.6887,76.9252,822.3,39.3,17.4,25.5,22.5,57.6,31.2,1000.8,Laterite,SAFE
8,17.948,73.5972,615.9,51.6,162.1,93.4,23.9,85.0,15.2,952.5,Clay Loam,HIGH_RISK
7,11.3926,76.7198,1911.9,24.2,56.6,57.3,20.1,83.6,31.5,941.4,Weathered Granite,MODERATE_RISK
9,17.9433,73.5691,654.4,42.6,120.3,78.4,24.6,80.9,34.0,965.2,Colluvium,HIGH_RISK
2,10.168,77.0328,1650.9,37.1,55.3,70.6,18.7,63.1,19.1,946.0,Colluvium,MODERATE_RISK
4,30.5507,79.581,1882.9,36.1,44.99,71.4,16.2,47.5,32.0,956.2,Weathered Granite,MODERATE_RISK
2,26.8867,88.1837,1678.0,12.2,49.1,63.9,20.1,54.4,31.6,945.6,Sandy Loam,SAFE
5,11.5408,76.1307,933.5,34.6,45.2,51.3,14.8,84.3,6.1,957.0,Laterite,MODERATE_RISK
4,31.1157,77.179,2311.8,33.5,55.3,67.4,25.8,70.1,31.4,944.8,Weathered Granite,MODERATE_RISK
4,26.1825,91.7158,424.1,34.0,15.3,20.8,11.6,80.9,8.3,902.9,Clay Loam,SAFE
1,11.3921,76.1224,796.0,33.9,49.8,65.6,31.3,48.2,19.4,932.6,Weathered Granite,MODERATE_RISK
1,11.5542,76.1131,907.3,34.8,56.5,71.8,20.0,91.5,11.6,984.6,Colluvium,MODERATE_RISK
7,32.2321,77.1902,2093.1,45.1,169.34,77.3,22.9,68.1,25.0,970.3,Colluvium,HIGH_RISK
8,12.4291,75.7207,1158.8,13.9,48.4,61.4,15.7,74.6,31.4,961.0,Colluvium,SAFE
1,10.1635,77.033,1665.6,50.5,128.1,88.0,15.4,77.1,26.7,923.5,Colluvium,HIGH_RISK
6,11.5473,76.1347,935.4,38.2,111.9,92.3,16.8,47.9,28.8,1022.3,Colluvium,HIGH_RISK
9,17.9625,73.5719,671.8,35.1,51.7,68.8,20.5,51.9,16.1,975.9,Weathered Granite,MODERATE_RISK
1,30.5484,79.5853,1875.4,47.2,139.81,71.1,22.7,85.7,34.6,919.5,Weathered Granite,HIGH_RISK
10,30.5702,79.5476,1877.1,34.3,55.6,70.9,21.7,52.0,9.0,931.2,Weathered Granite,MODERATE_RISK
6,11.5682,76.1162,892.4,40.9,158.57,91.9,24.0,54.8,19.5,950.2,Colluvium,HIGH_RISK
8,11.548,76.1211,958.8,44.2,101.3,81.6,17.6,65.9,33.2,1055.4,Weathered Granite,HIGH_RISK
1,32.2426,77.1978,1990.0,49.5,113.3,86.2,18.7,50.4,15.1,905.4,Colluvium,HIGH_RISK
1,11.5152,76.1293,1078.2,49.4,119.0,78.3,18.5,66.9,14.9,969.1,Weathered Granite,HIGH_RISK
5,11.5197,76.141,1115.5,32.8,50.3,71.3,16.0,61.1,29.5,909.7,Weathered Granite,MODERATE_RISK
5,17.9674,73.5819,641.9,46.1,6.0,47.4,28.9,82.6,14.6,985.0,Colluvium,SAFE
5,12.4381,75.7217,1213.2,13.1,33.44,62.9,26.0,67.5,29.9,1023.1,Laterite,SAFE
3,31.1002,77.186,2249.4,35.7,47.08,68.4,15.3,95.1,14.7,915.8,Clay Loam,MODERATE_RISK
8,11.5124,76.1359,1069.7,35.5,54.6,67.9,17.2,57.6,25.0,986.4,Weathered Granite,MODERATE_RISK
2,10.1478,77.0332,1793.2,49.7,186.07,82.9,25.7,97.5,31.3,907.5,Weathered Granite,HIGH_RISK
2,17.9424,73.5677,608.1,44.3,140.91,70.9,21.3,56.7,12.3,926.3,Colluvium,HIGH_RISK
7,26.1479,91.6936,397.2,30.2,17.2,19.4,23.5,46.4,18.3,960.2,Clay Loam,SAFE
7,10.1803,77.0415,1752.3,53.0,107.64,95.5,19.0,77.2,31.1,942.9,Colluvium,HIGH_RISK
7,17.9077,73.6513,1341.9,41.9,150.98,84.9,19.0,88.5,12.5,996.9,Clay Loam,HIGH_RISK
9,30.5382,79.5749,1865.0,10.9,31.46,62.5,17.6,68.5,31.7,894.7,Residual Soil,SAFE
10,11.3644,76.7792,1865.3,41.0,138.0,75.7,16.8,52.9,22.1,848.4,Weathered Granite,HIGH_RISK
6,12.4148,75.7324,1117.5,14.3,24.3,52.1,25.0,65.5,31.5,962.0,Clay Loam,SAFE
10,11.5491,76.1153,883.9,36.3,48.95,50.3,18.0,92.9,33.9,948.9,Colluvium,MODERATE_RISK
7,11.5287,76.1558,1086.2,42.3,14.9,11.6,13.7,62.9,34.1,956.1,Weathered Granite,SAFE
8,9.6687,76.9325,823.9,41.9,114.5,79.0,25.2,51.6,15.3,931.7,Laterite,HIGH_RISK
2,30.5518,79.5765,1873.6,32.7,53.4,62.2,16.3,81.5,29.9,960.1,Laterite,MODERATE_RISK
4,10.1639,77.0332,1637.7,45.4,105.0,79.6,22.1,79.5,13.4,992.6,Colluvium,HIGH_RISK
10,10.1677,77.0342,1642.4,47.6,83.2,86.9,12.0,72.1,28.0,933.7,Colluvium,HIGH_RISK
8,31.1145,77.1682,2239.7,32.7,57.9,68.3,16.7,93.7,20.3,968.8,Clay Loam,MODERATE_RISK
8,30.5571,79.5473,1860.2,42.4,165.94,91.8,24.4,69.2,12.1,968.8,Weathered Granite,HIGH_RISK
10,11.5238,76.1402,1041.5,51.6,106.37,92.2,18.0,89.8,34.4,1006.1,Weathered Granite,HIGH_RISK
6,10.1573,77.0084,1760.0,33.1,45.6,70.5,13.8,53.2,11.4,954.7,Weathered Granite,MODERATE_RISK
1,32.2415,77.2092,2063.5,16.9,41.5,60.2,21.7,77.9,26.4,987.5,Colluvium,SAFE
2,11.5476,76.1165,952.2,34.6,6.82,45.8,28.1,69.5,7.9,928.9,Colluvium,SAFE
7,10.1542,77.0339,1643.8,34.5,51.65,70.9,17.4,82.7,5.4,959.2,Weathered Granite,MODERATE_RISK
10,11.5215,76.1391,1037.2,37.8,57.9,71.0,18.0,86.5,20.9,900.5,Colluvium,MODERATE_RISK
5,11.4072,76.0925,751.9,34.0,6.0,44.0,26.4,74.9,24.7,952.7,Laterite,SAFE
6,17.9635,73.5807,669.6,11.4,34.1,28.0,20.1,47.9,34.0,927.9,Residual Soil,SAFE
5,32.2465,77.1992,2045.0,13.9,38.8,16.7,23.4,51.1,30.2,915.1,Weathered Granite,SAFE
1,31.0952,77.1768,2319.6,14.9,9.85,61.4,17.6,52.7,11.0,955.3,Residual Soil,SAFE
3,11.3349,76.7953,1836.7,35.5,43.7,58.5,21.2,54.1,15.1,940.3,Colluvium,MODERATE_RISK
4,11.3615,76.7969,1839.1,5.1,18.48,64.2,21.1,77.8,31.9,950.5,Sandy Loam,SAFE
9,31.1244,77.1728,2241.4,44.1,186.4,91.5,22.3,92.4,15.2,921.8,Clay Loam,HIGH_RISK
9,17.9734,73.5891,585.2,48.3,138.8,71.6,20.6,67.1,27.4,890.5,Colluvium,HIGH_RISK
2,31.1118,77.1764,2255.9,44.6,6.71,43.9,24.5,87.3,14.6,1029.4,Clay Loam,SAFE
2,26.9017,88.1739,1743.5,17.5,45.4,31.1,17.9,51.3,31.7,962.6,Sandy Loam,SAFE
5,26.8717,88.1717,1752.3,10.4,16.2,31.7,25.7,69.7,28.4,959.2,Sandy Loam,SAFE
9,31.1096,77.1611,2255.0,4.0,28.4,54.6,16.6,75.6,21.4,987.5,Residual Soil,SAFE
4,11.3961,76.715,1880.1,36.1,153.5,73.8,24.1,89.3,27.6,942.8,Weathered Granite,HIGH_RISK
4,9.6914,76.9203,834.2,34.7,52.5,51.6,21.5,45.1,21.1,905.9,Laterite,MODERATE_RISK
10,26.1645,91.6906,376.2,10.3,41.3,44.9,13.2,92.1,11.5,885.8,Sandy Loam,SAFE
2,11.3608,76.8028,1874.9,37.8,132.61,87.2,25.7,57.6,24.8,960.5,Weathered Granite,HIGH_RISK
8,12.4195,75.7551,1161.6,11.3,25.69,26.7,13.2,82.2,24.8,963.3,Weathered Granite,SAFE
3,11.5129,76.1262,979.1,41.2,9.4,29.8,28.3,73.6,26.2,1003.5,Colluvium,SAFE
1,17.9293,73.6591,1385.1,33.6,8.4,33.8,11.6,48.8,7.7,947.8,Laterite,SAFE
1,11.5347,76.1441,955.9,34.6,50.27,65.3,13.2,62.5,15.0,957.6,Colluvium,MODERATE_RISK
7,17.9671,73.5851,603.2,43.6,184.97,85.1,20.5,59.9,7.0,983.9,Clay Loam,HIGH_RISK
4,12.4358,75.7512,1163.9,37.3,42.3,45.2,30.0,81.4,31.9,927.3,Laterite,MODERATE_RISK
2,30.5431,79.5764,1868.5,47.4,169.24,85.0,19.3,62.1,29.5,918.2,Weathered Granite,HIGH_RISK
4,10.167,77.0038,1653.7,40.2,172.65,74.8,19.1,50.0,19.2,986.9,Colluvium,HIGH_RISK
8,11.5325,76.148,967.7,38.7,168.25,94.4,20.0,74.2,24.0,994.6,Colluvium,HIGH_RISK
3,11.3662,76.7892,1854.9,35.0,174.79,91.2,21.7,58.5,33.4,901.2,Colluvium,HIGH_RISK
10,11.5133,76.1464,1044.7,48.5,170.94,90.6,14.0,86.7,29.9,983.4,Colluvium,HIGH_RISK
2,11.4038,76.715,1958.4,39.4,6.7,24.7,18.6,74.0,21.0,914.9,Weathered Granite,SAFE
6,17.939,73.6439,1322.7,37.1,36.69,71.5,9.1,84.5,11.4,927.7,Weathered Granite,MODERATE_RISK
5,11.5139,76.1392,1082.9,53.0,80.14,86.0,20.0,66.9,22.1,967.3,Weathered Granite,HIGH_RISK
2,32.224,77.1728,2059.2,37.4,51.8,64.9,22.1,92.7,14.4,970.1,Colluvium,MODERATE_RISK
8,30.5456,79.5547,1927.7,36.2,40.6,46.3,20.6,84.0,22.2,929.9,Weathered Granite,MODERATE_RISK
3,17.9495,73.6009,609.4,32.9,56.4,62.5,17.0,80.2,19.6,868.9,Colluvium,MODERATE_RISK
4,11.5508,76.1081,910.1,40.3,154.7,94.1,21.0,47.9,19.5,944.9,Weathered Granite,HIGH_RISK
4,17.9655,73.59,622.6,13.1,42.0,59.1,27.1,82.2,19.3,904.9,Clay Loam,SAFE
1,11.3626,76.8122,1861.2,45.4,185.9,75.3,19.4,96.7,11.3,980.6,Weathered Granite,HIGH_RISK
5,11.4213,76.1213,820.9,43.1,123.2,88.7,25.8,87.5,14.6,911.2,Laterite,HIGH_RISK
2,9.6747,76.9169,768.5,40.6,9.5,43.7,18.5,66.2,29.5,945.6,Laterite,SAFE
2,11.3623,76.7966,1861.9,39.7,148.5,82.8,19.3,89.1,10.2,988.6,Weathered Granite,HIGH_RISK
5,11.523,76.1406,1065.7,43.7,3.8,19.4,26.1,65.2,14.8,914.3,Weathered Granite,SAFE
3,31.1057,77.1899,2277.3,11.3,36.58,25.9,19.4,61.3,18.0,960.9,Weathered Granite,SAFE
9,11.3715,76.7022,2020.2,34.2,57.8,55.2,20.0,70.0,6.1,973.2,Weathered Granite,MODERATE_RISK
5,11.3971,76.7286,1935.3,12.1,23.6,28.6,19.0,60.8,34.9,928.2,Residual Soil,SAFE
4,30.5617,79.5751,1862.6,44.2,5.9,40.6,17.6,53.2,27.4,930.8,Weathered Granite,SAFE
7,11.5325,76.1431,969.9,45.3,7.7,24.5,14.2,71.8,10.1,938.4,Colluvium,SAFE
2,11.4008,76.7035,1879.3,32.3,51.9,69.0,22.0,57.0,21.6,942.4,Weathered Granite,MODERATE_RISK
7,30.5748,79.5816,1893.7,34.2,56.5,57.6,28.2,93.7,10.6,955.9,Weathered Granite,MODERATE_RISK
6,26.8895,88.2003,1776.9,36.3,47.9,61.1,17.9,88.6,32.4,829.1,Laterite,MODERATE_RISK
4,31.1179,77.1614,2259.7,51.0,92.6,85.2,19.3,53.8,22.5,946.2,Clay Loam,HIGH_RISK
3,10.1595,77.0055,1644.9,37.7,53.9,63.7,21.4,71.7,11.4,880.6,Colluvium,MODERATE_RISK
10,9.7025,76.9011,812.4,37.3,46.4,66.3,18.6,92.7,20.4,980.8,Colluvium,MODERATE_RISK
6,32.2558,77.1816,2061.3,45.9,16.2,36.4,26.8,64.7,19.8,924.9,Colluvium,SAFE
10,11.3822,76.7142,1923.5,37.9,4.9,14.4,24.8,79.1,15.0,912.5,Weathered Granite,SAFE
1,10.1498,77.0421,1749.5,48.5,84.2,87.1,15.0,77.6,8.5,978.3,Weathered Granite,HIGH_RISK
2,11.5192,76.1467,1083.4,35.3,56.2,70.5,17.2,58.6,25.1,1055.5,Weathered Granite,MODERATE_RISK
2,11.543,76.1264,952.1,41.9,116.2,79.2,22.2,50.5,27.4,940.1,Colluvium,HIGH_RISK
5,12.4277,75.7274,1149.4,35.9,16.7,31.0,24.2,61.6,8.1,887.4,Residual Soil,SAFE
9,11.5153,76.1309,998.8,33.7,57.4,61.3,24.1,92.4,24.9,958.4,Colluvium,MODERATE_RISK
9,11.4286,76.0906,806.2,10.1,23.5,19.1,29.4,73.8,8.0,988.0,Clay Loam,SAFE
2,9.6776,76.9175,831.7,40.9,123.8,80.6,21.0,80.5,15.5,951.0,Colluvium,HIGH_RISK
9,11.4007,76.088,759.3,40.3,104.01,95.3,23.4,73.7,28.2,985.1,Laterite,HIGH_RISK
10,12.4332,75.7307,1181.7,17.1,43.9,28.1,17.4,49.4,16.3,951.5,Weathered Granite,SAFE
8,11.4138,76.0915,803.9,17.5,47.4,55.1,23.1,88.2,11.1,945.4,Sandy Loam,SAFE
3,11.3677,76.7176,1882.3,47.9,117.0,92.4,21.5,71.9,6.0,1011.1,Weathered Granite,HIGH_RISK
9,11.5193,76.1176,954.0,8.9,35.2,21.6,14.3,62.4,16.2,942.9,Laterite,SAFE
9,17.9316,73.6562,1388.0,39.0,169.78,75.9,23.7,69.7,14.0,832.5,Clay Loam,HIGH_RISK
10,9.6986,76.9025,830.5,45.8,13.9,23.2,24.3,90.4,21.0,977.9,Laterite,SAFE
2,9.6806,76.9154,774.2,16.1,24.7,31.1,19.8,77.0,6.6,960.0,Weathered Granite,SAFE
4,17.9694,73.59,620.1,45.2,141.62,90.1,20.1,94.2,16.6,1019.3,Colluvium,HIGH_RISK
6,26.1686,91.6915,473.3,34.9,174.9,91.5,16.8,82.4,19.0,970.8,Clay Loam,HIGH_RISK
5,11.3676,76.7205,1894.2,36.3,41.3,48.7,25.2,85.1,27.7,943.9,Weathered Granite,MODERATE_RISK
2,9.6847,76.902,827.7,37.3,47.0,70.0,13.1,72.0,11.8,948.6,Laterite,MODERATE_RISK
6,32.2556,77.204,2038.5,37.5,51.8,55.9,21.4,93.3,33.5,953.2,Colluvium,MODERATE_RISK
3,26.1498,91.687,476.1,5.1,39.2,51.1,16.6,53.7,30.4,960.7,Weathered Granite,SAFE
1,9.6725,76.9295,760.2,40.1,186.56,79.5,22.9,46.9,28.2,928.9,Colluvium,HIGH_RISK
3,10.1377,77.0228,1679.8,16.8,24.5,56.4,19.4,52.9,22.4,936.6,Sandy Loam,SAFE
10,26.1851,91.6976,487.4,40.5,15.4,31.9,21.7,82.2,31.1,1005.1,Clay Loam,SAFE
7,11.3907,76.7254,1896.5,37.4,51.1,47.0,21.1,80.4,30.1,943.9,Weathered Granite,MODERATE_RISK
2,10.1763,77.0148,1842.3,33.1,42.7,71.6,22.4,97.5,29.9,972.3,Weathered Granite,MODERATE_RISK
1,11.3913,76.6982,1883.8,39.4,166.32,85.5,19.7,69.9,29.6,853.6,Colluvium,HIGH_RISK
5,17.9426,73.6554,1341.5,36.8,16.6,20.8,24.3,83.5,15.0,1047.9,Laterite,SAFE
3,11.5462,76.1331,958.1,31.2,46.7,58.3,14.7,94.1,7.0,929.2,Weathered Granite,MODERATE_RISK
7,11.379,76.7179,1952.3,37.7,55.8,55.8,28.0,68.2,25.2,975.7,Colluvium,MODERATE_RISK
6,32.2284,77.2064,2026.4,51.3,167.59,90.1,29.0,91.3,28.8,980.6,Colluvium,HIGH_RISK
6,31.1207,77.1673,2248.4,34.3,51.59,69.3,16.2,90.8,19.1,972.7,Laterite,MODERATE_RISK
3,11.5342,76.1359,914.2,40.1,167.4,94.1,16.8,93.9,34.6,887.3,Colluvium,HIGH_RISK
3,26.1698,91.6993,439.5,36.4,15.79,18.5,13.3,68.4,33.4,1057.5,Clay Loam,SAFE
10,30.5712,79.562,1908.2,7.9,41.3,45.3,22.0,93.0,13.3,935.2,Weathered Granite,SAFE
5,11.5346,76.138,955.6,15.0,38.0,42.7,23.1,85.1,30.3,994.9,Sandy Loam,SAFE
8,32.2514,77.2033,2099.3,34.7,48.4,57.8,15.5,87.1,7.2,961.1,Colluvium,MODERATE_RISK
5,31.1118,77.1733,2262.6,44.0,9.96,44.5,21.8,62.7,25.6,935.1,Clay Loam,SAFE
9,17.925,73.6476,1394.0,42.8,127.6,81.7,14.8,89.0,6.0,1034.5,Weathered Granite,HIGH_RISK
2,11.4067,76.1123,796.1,39.1,14.8,35.4,27.0,63.2,17.9,999.2,Laterite,SAFE
7,10.1663,77.0341,1835.9,17.1,21.9,52.1,20.9,62.3,27.9,976.4,Laterite,SAFE
4,11.395,76.71,1943.0,36.7,49.9,62.5,14.2,91.4,13.5,912.2,Weathered Granite,MODERATE_RISK
1,11.5556,76.1276,862.9,27.5,48.68,68.6,19.1,90.4,19.7,913.8,Colluvium,MODERATE_RISK
8,17.9556,73.5688,655.6,33.1,32.0,65.5,25.6,91.6,31.0,971.3,Colluvium,MODERATE_RISK
2,10.1619,77.0306,1770.9,4.7,41.64,40.8,18.3,92.2,15.3,924.7,Laterite,SAFE
9,17.9598,73.5704,607.3,42.4,13.2,23.5,22.0,77.2,19.2,873.1,Colluvium,SAFE
3,10.1538,77.0263,1665.2,5.1,29.3,33.1,20.3,73.2,8.1,941.5,Weathered Granite,SAFE
8,17.9481,73.5911,578.5,37.4,43.8,68.6,15.6,69.9,20.4,991.9,Colluvium,MODERATE_RISK
10,9.6966,76.9168,797.5,46.3,176.99,73.6,17.1,48.2,30.2,984.4,Laterite,HIGH_RISK
5,11.5646,76.1346,918.3,36.0,54.9,66.0,16.1,73.3,27.0,882.6,Colluvium,MODERATE_RISK
9,11.5712,76.1293,944.5,7.5,31.35,50.5,33.5,71.7,28.2,946.7,Clay Loam,SAFE
4,31.1046,77.19,2262.2,47.0,4.3,16.3,18.5,85.2,20.0,900.5,Clay Loam,SAFE
4,11.3678,76.7792,1852.4,36.1,149.5,89.8,18.7,70.9,33.5,857.6,Weathered Granite,HIGH_RISK
8,31.1247,77.1902,2295.0,41.2,14.91,30.6,22.2,75.4,10.7,997.3,Clay Loam,SAFE
6,26.8872,88.1743,1709.1,40.7,175.67,81.4,22.0,61.7,7.7,1004.4,Laterite,HIGH_RISK
10,11.3674,76.7162,1897.4,4.2,34.81,51.2,18.4,69.1,26.0,992.9,Residual Soil,SAFE
5,11.5351,76.1359,960.4,15.4,27.61,44.4,20.2,82.2,6.7,960.4,Laterite,SAFE
2,11.533,76.1414,1043.9,30.0,43.78,64.3,26.0,95.2,26.5,971.1,Weathered Granite,MODERATE_RISK
1,11.5325,76.1414,1014.2,48.3,7.8,20.7,20.7,70.2,27.8,1028.1,Weathered Granite,SAFE
5,17.9631,73.5794,611.2,45.7,12.8,23.0,18.9,84.7,29.8,995.4,Colluvium,SAFE
3,10.1497,77.0128,1621.5,29.8,55.4,58.8,24.8,83.3,28.1,941.5,Colluvium,MODERATE_RISK
4,30.5508,79.5607,1849.7,13.5,27.28,24.8,19.8,74.8,16.2,1000.5,Colluvium,SAFE
7,11.5042,76.1272,1102.3,27.2,38.5,69.1,19.2,96.6,5.1,911.9,Weathered Granite,MODERATE_RISK
3,11.3436,76.7862,1818.1,13.0,22.71,59.1,19.0,71.9,25.0,977.8,Colluvium,SAFE
4,31.1101,77.1771,2283.6,47.7,10.95,10.0,24.7,74.5,15.3,900.2,Clay Loam,SAFE
4,11.4042,76.0915,816.5,35.5,174.13,89.8,17.2,76.2,32.5,963.3,Colluvium,HIGH_RISK
4,11.4147,76.0951,747.5,34.9,142.45,83.5,19.1,58.3,20.0,925.4,Weathered Granite,HIGH_RISK
5,26.8884,88.2017,1683.9,17.3,34.7,42.2,21.3,56.2,34.3,966.6,Weathered Granite,SAFE
10,12.4358,75.7367,1195.6,32.1,15.51,16.7,18.4,83.0,30.7,973.0,Residual Soil,SAFE
9,11.5703,76.1152,905.2,37.8,156.64,87.1,24.9,63.8,13.6,958.1,Colluvium,HIGH_RISK
4,31.1124,77.1916,2292.3,45.6,149.5,90.6,17.3,56.5,8.4,943.8,Clay Loam,HIGH_RISK
10,11.3361,76.805,1852.4,35.2,50.8,59.3,19.7,87.3,24.8,939.7,Colluvium,MODERATE_RISK
6,30.57,79.5654,1862.4,36.1,53.4,59.8,21.1,68.9,15.6,973.5,Weathered Granite,MODERATE_RISK
1,32.2425,77.1896,2070.3,34.9,53.0,71.6,33.3,83.1,17.3,909.6,Clay Loam,MODERATE_RISK
9,9.6858,76.9083,799.6,40.1,155.16,75.5,14.1,70.2,17.4,919.2,Laterite,HIGH_RISK
10,11.5115,76.1319,1060.3,34.0,53.0,61.6,17.3,63.6,10.2,990.1,Weathered Granite,MODERATE_RISK
4,11.3409,76.7935,1872.5,10.8,45.5,24.5,17.9,59.5,7.4,967.7,Residual Soil,SAFE
5,11.5595,76.1461,942.0,30.5,53.4,57.8,21.8,97.9,19.8,904.4,Colluvium,MODERATE_RISK
9,31.0995,77.1922,2281.8,54.3,175.12,95.2,17.7,93.2,25.3,982.8,Clay Loam,HIGH_RISK
5,32.246,77.1842,2038.9,34.2,42.5,65.2,24.1,86.9,18.7,967.2,Colluvium,MODERATE_RISK
3,11.5429,76.125,971.8,48.4,121.83,93.9,27.2,57.8,26.3,943.2,Laterite,HIGH_RISK
3,31.1059,77.1781,2303.3,50.9,1.3,20.8,17.9,92.1,9.2,944.5,Clay Loam,SAFE
2,31.0953,77.1643,2300.4,48.2,155.43,85.2,23.7,52.4,9.4,932.2,Clay Loam,HIGH_RISK
2,9.6695,76.911,803.3,12.5,21.39,33.1,16.5,77.6,16.3,984.2,Residual Soil,SAFE
2,26.9048,88.184,1726.9,31.5,17.2,19.4,21.7,91.0,22.8,983.4,Laterite,SAFE
4,10.1794,77.0141,1829.6,17.5,16.28,46.2,15.5,73.4,14.2,938.2,Colluvium,SAFE
9,10.1611,77.002,1684.7,10.9,47.1,23.3,18.6,95.0,10.5,881.4,Weathered Granite,SAFE
6,10.1329,77.0347,1644.6,34.4,36.0,48.5,24.0,83.3,11.5,974.6,Colluvium,MODERATE_RISK
6,10.155,77.044,1772.3,44.3,156.81,91.7,22.3,86.7,26.7,990.1,Weathered Granite,HIGH_RISK
9,11.5395,76.1287,1050.3,38.0,42.02,52.5,26.1,71.1,35.0,882.9,Weathered Granite,MODERATE_RISK
5,11.3445,76.7904,1842.0,36.3,13.2,11.0,17.2,96.6,33.3,964.5,Weathered Granite,SAFE
9,11.5347,76.1366,982.9,47.1,141.8,93.1,18.3,49.4,25.5,888.2,Colluvium,HIGH_RISK
3,11.3659,76.6988,1917.4,37.4,55.7,55.5,17.1,70.8,11.2,917.7,Weathered Granite,MODERATE_RISK
1,26.8805,88.1815,1686.4,7.9,27.56,25.3,22.3,86.0,25.2,870.3,Residual Soil,SAFE
3,11.3723,76.7209,1899.8,42.1,178.2,91.4,22.4,65.0,14.3,947.1,Weathered Granite,HIGH_RISK
6,11.5225,76.13,993.5,15.8,36.8,18.5,16.5,83.6,15.9,922.5,Clay Loam,SAFE
8,17.9653,73.5642,638.2,43.3,137.7,89.4,15.3,86.7,29.1,913.3,Weathered Granite,HIGH_RISK
7,11.5319,76.1323,959.8,42.6,13.6,29.3,23.8,47.8,5.4,855.2,Colluvium,SAFE
7,32.2396,77.1816,2042.3,36.0,42.2,49.0,16.6,89.8,10.9,970.0,Laterite,MODERATE_RISK
8,11.3928,76.1208,795.4,36.0,56.4,68.7,18.0,54.6,15.4,956.4,Colluvium,MODERATE_RISK
2,31.1128,77.1792,2293.2,49.0,13.97,17.8,19.9,83.4,10.8,883.6,Clay Loam,SAFE
4,11.5233,76.1388,984.7,37.6,9.79,22.9,21.7,79.2,34.1,923.9,Colluvium,SAFE
2,11.3842,76.6926,1895.1,37.5,43.9,69.4,20.5,85.6,32.2,904.5,Weathered Granite,MODERATE_RISK
2,11.5415,76.1465,934.7,12.4,33.33,20.0,28.9,56.5,8.6,997.3,Laterite,SAFE
9,11.3379,76.8095,1882.8,33.9,48.1,54.4,22.3,50.0,22.3,915.6,Weathered Granite,MODERATE_RISK
8,10.1506,77.0449,1792.3,35.1,56.9,62.9,24.6,74.3,28.1,942.9,Weathered Granite,MODERATE_RISK
4,9.6699,76.9208,832.3,45.8,11.0,17.4,22.6,80.2,28.7,944.9,Laterite,SAFE
6,11.5045,76.1511,1092.5,32.7,55.9,71.7,19.0,77.3,12.1,952.7,Weathered Granite,MODERATE_RISK
6,17.9373,73.6465,1342.9,37.7,51.65,62.9,22.6,90.6,32.1,966.3,Colluvium,MODERATE_RISK
10,30.5665,79.5725,1875.6,49.6,139.87,93.3,24.3,52.1,5.1,983.6,Weathered Granite,HIGH_RISK
2,11.348,76.7923,1873.5,32.2,53.2,68.2,16.8,60.7,11.1,957.6,Weathered Granite,MODERATE_RISK
9,12.4101,75.758,1216.7,43.8,180.51,83.5,18.2,94.6,14.6,963.9,Residual Soil,HIGH_RISK
1,11.3655,76.8088,1830.1,34.3,56.5,59.9,17.3,58.6,20.7,998.5,Weathered Granite,MODERATE_RISK
9,9.6692,76.9098,796.2,43.6,14.6,18.1,10.6,84.0,15.2,882.2,Laterite,SAFE
2,17.9173,73.6663,1378.0,36.5,38.6,71.0,21.0,85.5,10.8,977.3,Weathered Granite,MODERATE_RISK
3,11.392,76.6934,1935.3,34.1,50.27,67.6,15.0,80.4,17.4,935.2,Colluvium,MODERATE_RISK
5,17.9393,73.6459,1261.2,41.9,171.54,92.7,19.2,72.4,6.6,982.0,Laterite,HIGH_RISK
1,11.3872,76.7082,1944.4,34.6,49.5,70.1,14.0,94.0,28.1,983.9,Weathered Granite,MODERATE_RISK
9,17.9183,73.653,1366.7,44.8,149.8,73.4,24.5,63.1,25.4,948.7,Laterite,HIGH_RISK
1,10.1458,77.0117,1684.7,40.0,10.1,32.1,23.6,93.2,24.0,991.1,Colluvium,SAFE
8,11.5029,76.1557,1061.5,43.8,118.31,89.8,20.4,55.2,8.4,1014.5,Weathered Granite,HIGH_RISK
6,11.3412,76.7952,1874.9,28.9,11.7,24.7,24.2,53.1,18.8,989.3,Weathered Granite,SAFE
7,11.3946,76.7012,1948.7,45.0,136.6,72.6,23.6,65.4,12.0,974.5,Weathered Granite,HIGH_RISK
10,11.3858,76.7184,1926.1,47.9,177.8,76.4,18.8,79.5,28.0,947.6,Weathered Granite,HIGH_RISK
10,11.5424,76.1208,963.7,40.9,143.6,84.8,15.6,45.6,23.8,996.5,Colluvium,HIGH_RISK
8,9.6989,76.8984,836.4,41.6,16.39,23.4,23.1,83.7,20.2,905.7,Laterite,SAFE
6,11.3587,76.81,1820.4,38.0,32.95,71.7,17.6,72.1,32.3,975.1,Weathered Granite,MODERATE_RISK
10,12.4363,75.7477,1185.9,33.5,57.7,55.3,31.0,79.6,10.4,997.4,Weathered Granite,MODERATE_RISK
7,17.9382,73.6779,1373.8,11.9,41.53,21.2,16.1,87.1,14.9,952.4,Colluvium,SAFE
8,11.3813,76.7032,1903.3,14.3,34.05,53.3,16.5,55.3,11.1,934.7,Laterite,SAFE
10,11.3752,76.7221,1944.2,38.1,149.4,90.3,22.2,48.0,16.7,976.0,Clay Loam,HIGH_RISK
10,11.5341,76.1644,1074.5,34.3,40.54,64.9,20.6,89.3,5.1,951.3,Weathered Granite,MODERATE_RISK
8,9.6668,76.9314,866.3,38.8,13.0,34.1,19.3,52.0,24.4,908.0,Laterite,SAFE
8,12.4266,75.7344,1154.7,38.0,7.21,25.4,21.7,85.1,24.3,896.3,Residual Soil,SAFE
5,9.6836,76.9143,819.2,34.9,48.45,65.5,24.5,88.6,27.0,938.5,Laterite,MODERATE_RISK
4,11.5157,76.1332,1043.6,36.0,51.2,61.4,20.9,83.1,23.3,872.3,Weathered Granite,MODERATE_RISK
9,10.1439,77.029,1790.1,35.8,51.7,66.6,18.7,87.5,17.8,946.8,Weathered Granite,MODERATE_RISK
10,30.5643,79.5519,1856.1,44.9,179.9,93.5,17.0,52.6,16.3,878.6,Weathered Granite,HIGH_RISK
10,11.3377,76.7978,1891.6,42.2,151.1,70.5,29.1,62.1,9.3,958.9,Weathered Granite,HIGH_RISK
3,32.2279,77.1846,2048.8,9.1,36.0,63.6,16.2,54.3,8.9,1024.6,Residual Soil,SAFE
1,26.1485,91.7186,478.4,37.4,47.9,55.1,10.5,81.8,22.2,939.0,Clay Loam,MODERATE_RISK
8,11.3681,76.7252,1911.5,37.0,151.6,90.7,23.7,87.5,15.4,951.4,Weathered Granite,HIGH_RISK
6,11.4254,76.0857,760.0,30.0,9.35,41.3,19.0,70.4,26.9,896.1,Laterite,SAFE
2,11.3597,76.7937,1910.9,17.0,45.4,16.6,22.4,50.1,14.6,910.1,Residual Soil,SAFE
5,11.522,76.1319,1049.6,52.3,177.16,83.3,24.7,87.5,9.8,962.1,Weathered Granite,HIGH_RISK
5,11.4101,76.1092,739.7,34.3,14.3,47.6,20.7,83.8,15.4,1000.8,Laterite,SAFE
4,11.3917,76.6983,1929.8,34.8,42.6,60.7,18.6,97.5,7.6,944.4,Weathered Granite,MODERATE_RISK
3,11.527,76.1308,1035.4,37.8,49.55,45.2,20.1,56.2,20.6,991.6,Weathered Granite,MODERATE_RISK
6,31.0953,77.1594,2266.0,45.0,158.2,84.1,21.6,86.8,16.6,1013.5,Clay Loam,HIGH_RISK
8,26.8993,88.1681,1689.0,39.9,10.84,38.8,16.2,61.0,28.9,948.7,Laterite,SAFE
7,10.1707,77.0362,1758.2,49.8,158.6,72.8,23.5,96.6,26.1,939.6,Weathered Granite,HIGH_RISK
6,31.0888,77.1645,2281.5,55.5,164.1,84.8,21.7,65.0,34.8,859.8,Clay Loam,HIGH_RISK
7,31.1078,77.1815,2361.4,48.6,16.4,15.6,18.1,67.0,7.2,1005.1,Clay Loam,SAFE
8,12.4415,75.7411,1163.6,42.0,165.94,83.4,21.0,55.5,19.3,1036.5,Laterite,HIGH_RISK
10,11.3862,76.7039,1958.3,34.0,47.1,63.0,14.9,96.7,25.8,907.3,Weathered Granite,MODERATE_RISK
1,11.5305,76.1584,1077.2,35.3,48.1,56.5,27.6,84.8,10.3,963.5,Laterite,MODERATE_RISK
6,10.1609,77.0345,1754.6,44.6,171.77,74.0,11.7,87.7,10.0,986.5,Weathered Granite,HIGH_RISK
6,26.1761,91.7189,447.3,34.8,16.01,40.2,20.5,77.1,26.3,1011.2,Clay Loam,SAFE
8,26.8718,88.1835,1672.3,38.0,53.1,56.7,14.1,86.8,34.4,969.5,Sandy Loam,MODERATE_RISK
6,11.5592,76.1463,881.3,36.2,11.5,41.4,17.6,48.0,34.0,986.6,Colluvium,SAFE
9,9.692,76.9069,869.9,29.9,56.4,67.4,13.8,95.4,24.9,942.2,Laterite,MODERATE_RISK
9,9.6689,76.9165,820.7,35.4,51.7,56.3,22.7,91.0,20.6,927.1,Laterite,MODERATE_RISK
6,11.5194,76.1308,920.1,40.5,153.5,84.0,24.8,81.0,11.6,943.5,Colluvium,HIGH_RISK
4,11.5221,76.1365,1033.2,45.2,16.9,45.2,18.0,58.4,28.5,967.2,Weathered Granite,SAFE
10,11.5309,76.14,947.0,31.9,51.54,64.5,21.1,95.9,28.1,927.4,Weathered Granite,MODERATE_RISK
9,26.8954,88.1759,1704.4,40.9,185.35,92.5,15.8,76.1,6.6,972.2,Laterite,HIGH_RISK
6,9.675,76.9311,785.6,37.6,55.1,51.6,18.0,93.6,29.2,1027.9,Weathered Granite,MODERATE_RISK
4,10.1463,77.009,1668.1,43.3,15.35,24.1,23.3,94.3,33.8,984.4,Colluvium,SAFE
5,10.1806,77.0215,1734.6,51.0,156.86,81.6,17.5,47.0,29.5,959.5,Weathered Granite,HIGH_RISK
4,11.3402,76.8066,1874.8,37.9,39.27,62.8,20.9,61.6,15.3,932.8,Weathered Granite,MODERATE_RISK
4,9.6663,76.9365,782.8,7.5,22.0,39.2,18.0,70.4,14.5,997.2,Sandy Loam,SAFE
6,17.9636,73.5927,633.4,33.7,28.16,69.5,21.5,94.9,16.2,925.2,Colluvium,MODERATE_RISK
5,11.3755,76.7036,1927.0,18.0,37.57,56.3,21.1,55.9,9.4,905.4,Laterite,SAFE
3,11.3657,76.7314,1931.9,30.9,44.5,70.6,25.5,91.2,29.5,896.3,Weathered Granite,MODERATE_RISK
4,26.8865,88.1955,1758.3,37.2,13.92,35.2,17.5,69.0,30.0,973.8,Laterite,SAFE
9,26.1701,91.7064,448.8,38.9,180.84,93.9,19.3,78.3,9.9,954.7,Clay Loam,HIGH_RISK
7,31.1179,77.1832,2269.5,46.1,16.4,38.6,15.7,92.8,24.5,1026.7,Clay Loam,SAFE
10,11.5378,76.1573,1059.0,32.4,47.2,69.5,24.2,57.6,24.0,931.6,Weathered Granite,MODERATE_RISK
3,26.8748,88.1766,1692.8,37.8,42.8,70.0,15.8,87.6,25.8,985.3,Laterite,MODERATE_RISK
4,11.5262,76.1164,982.1,10.4,24.9,49.8,19.9,71.6,23.6,976.2,Clay Loam,SAFE
4,11.5186,76.1465,989.8,48.1,167.42,89.3,18.9,54.0,33.5,978.2,Colluvium,HIGH_RISK
10,26.8832,88.1678,1743.7,35.5,16.3,23.9,22.7,54.2,28.4,905.4,Laterite,SAFE
3,11.5292,76.1173,999.8,44.3,109.12,90.1,19.0,74.9,18.5,890.4,Colluvium,HIGH_RISK
3,11.3661,76.8062,1831.9,34.4,38.8,61.7,17.2,83.1,8.6,897.3,Weathered Granite,MODERATE_RISK
4,11.3762,76.7243,1925.7,36.2,145.59,89.7,24.8,92.4,16.9,968.7,Laterite,HIGH_RISK
2,11.5043,76.1646,1051.3,45.3,89.98,95.1,21.4,71.0,26.0,1057.4,Weathered Granite,HIGH_RISK
3,17.9714,73.5718,660.4,35.5,55.5,50.4,20.6,76.4,5.1,952.9,Colluvium,MODERATE_RISK
4,11.5506,76.1452,1017.7,46.8,173.86,93.9,20.3,76.8,5.2,908.1,Colluvium,HIGH_RISK
10,17.956,73.5727,599.2,31.7,51.3,69.9,20.8,92.2,12.1,893.3,Colluvium,MODERATE_RISK
3,11.5567,76.11,950.9,40.3,95.8,85.7,21.3,90.5,32.7,909.2,Colluvium,HIGH_RISK
3,11.3347,76.7985,1833.8,38.8,148.2,86.1,26.7,89.9,30.1,968.0,Weathered Granite,HIGH_RISK
3,30.5589,79.5507,1850.3,34.2,47.74,50.4,23.0,65.8,6.7,989.6,Weathered Granite,MODERATE_RISK
2,26.9007,88.1714,1690.8,29.9,12.38,18.1,20.0,93.6,26.2,973.4,Laterite,SAFE
4,17.9703,73.5952,642.3,44.5,10.01,45.5,20.8,65.2,27.0,951.8,Colluvium,SAFE
5,30.5433,79.5742,1808.8,44.1,3.2,10.6,22.5,80.8,21.6,905.0,Weathered Granite,SAFE
5,32.2586,77.1701,2097.3,28.1,49.4,63.2,14.4,84.0,30.1,950.0,Colluvium,MODERATE_RISK
3,17.9473,73.5804,574.9,44.3,142.1,81.7,24.5,90.0,6.6,1026.8,Colluvium,HIGH_RISK
3,11.5358,76.1346,1040.7,37.5,50.4,59.7,25.1,70.4,24.9,934.8,Weathered Granite,MODERATE_RISK
10,17.9601,73.5994,577.6,49.4,125.18,75.1,27.8,53.4,20.8,925.6,Colluvium,HIGH_RISK
7,17.9155,73.6558,1332.5,16.5,25.7,57.6,20.4,59.3,8.3,980.9,Sandy Loam,SAFE
3,17.9565,73.5677,687.6,9.7,49.2,28.1,21.7,49.9,25.0,973.7,Sandy Loam,SAFE
1,17.9555,73.5679,599.3,52.7,173.47,93.1,16.8,76.2,15.7,913.6,Colluvium,HIGH_RISK
2,31.0968,77.1765,2302.0,48.2,11.3,37.5,30.8,60.2,16.0,947.5,Clay Loam,SAFE
8,31.1243,77.1594,2307.1,54.6,133.05,89.1,22.6,79.8,26.0,924.8,Colluvium,HIGH_RISK
10,17.9458,73.5795,577.4,52.6,170.06,75.8,23.8,81.1,9.3,997.9,Colluvium,HIGH_RISK
6,11.4047,76.1102,801.4,36.2,17.7,33.5,18.2,92.3,15.4,922.2,Laterite,SAFE
3,11.5711,76.114,958.6,29.8,56.7,58.6,26.4,85.9,25.4,982.9,Colluvium,MODERATE_RISK
1,31.0916,77.1599,2277.5,45.6,144.8,79.4,19.4,97.4,15.2,926.8,Clay Loam,HIGH_RISK
3,10.1603,77.0151,1660.5,36.4,49.2,66.0,19.7,92.4,22.8,944.6,Colluvium,MODERATE_RISK
5,11.3931,76.0898,826.7,36.7,121.61,80.5,23.8,96.3,10.5,988.3,Laterite,HIGH_RISK
2,11.5486,76.1487,998.7,37.7,36.3,54.3,20.9,93.4,25.4,923.9,Colluvium,MODERATE_RISK
1,11.3718,76.697,1975.6,15.7,36.03,54.2,20.6,80.0,17.1,976.5,Residual Soil,SAFE
7,11.5667,76.1263,899.7,45.3,85.58,91.2,17.5,85.0,26.6,849.2,Laterite,HIGH_RISK
7,10.1425,77.0187,1639.3,35.1,49.0,67.3,19.2,87.8,26.5,900.6,Colluvium,MODERATE_RISK
1,11.5459,76.1168,987.1,35.9,45.3,63.0,16.7,92.5,26.6,977.0,Colluvium,MODERATE_RISK
4,11.5293,76.1397,1072.7,36.8,57.2,68.2,20.9,91.8,20.3,985.1,Weathered Granite,MODERATE_RISK
6,17.935,73.5692,677.2,35.4,45.1,68.3,17.4,95.1,28.3,965.6,Colluvium,MODERATE_RISK
2,17.9463,73.5922,584.7,37.7,53.2,66.5,19.3,56.1,25.4,997.9,Colluvium,MODERATE_RISK
7,17.9236,73.6545,1324.0,36.7,130.0,70.6,19.0,88.6,24.2,918.3,Laterite,HIGH_RISK
2,11.3487,76.7955,1877.5,35.7,55.1,65.5,18.5,97.3,9.2,944.8,Weathered Granite,MODERATE_RISK
8,11.3761,76.6979,1964.3,38.4,128.48,86.3,22.6,69.6,27.0,949.5,Weathered Granite,HIGH_RISK
10,12.4327,75.7548,1169.6,35.9,180.34,95.4,15.4,70.6,17.6,992.4,Residual Soil,HIGH_RISK
8,30.5368,79.5724,1863.5,33.2,51.2,56.0,22.4,95.8,25.4,893.4,Weathered Granite,MODERATE_RISK
6,11.5441,76.1139,961.8,36.8,54.7,47.8,23.3,89.9,11.4,922.7,Weathered Granite,MODERATE_RISK
10,11.5554,76.1132,931.2,31.4,17.3,44.6,18.0,90.4,28.5,929.3,Colluvium,SAFE
9,11.5513,76.1125,955.1,38.1,130.46,91.7,22.9,74.8,15.9,1001.9,Colluvium,HIGH_RISK
5,26.1801,91.7158,451.2,36.9,46.91,47.8,23.3,85.6,30.0,929.4,Clay Loam,MODERATE_RISK
9,11.4209,76.107,759.1,10.4,36.03,47.9,23.7,54.7,6.6,1020.9,Laterite,SAFE
9,11.3931,76.1223,780.3,36.7,52.9,56.3,14.0,97.6,20.4,858.5,Laterite,MODERATE_RISK
1,11.5663,76.1193,890.6,10.9,46.8,49.6,22.2,87.8,34.7,921.6,Sandy Loam,SAFE
3,10.1563,77.0249,1626.8,33.9,51.1,62.5,13.2,85.5,19.0,978.3,Weathered Granite,MODERATE_RISK
5,11.5491,76.1334,991.5,32.3,45.27,58.4,15.1,81.7,25.0,932.3,Weathered Granite,MODERATE_RISK
7,17.9217,73.6527,1361.8,35.2,172.5,85.8,14.8,85.8,8.1,1005.0,Laterite,HIGH_RISK
2,17.959,73.5982,596.4,36.3,40.87,65.2,16.6,91.6,13.8,933.6,Colluvium,MODERATE_RISK
6,32.2329,77.2051,2045.3,33.7,38.2,69.2,21.0,81.8,24.6,966.8,Laterite,MODERATE_RISK
5,17.9224,73.6554,1331.0,13.2,25.85,27.7,19.7,73.1,33.5,901.5,Weathered Granite,SAFE
4,11.3581,76.7926,1873.4,35.3,57.3,61.1,11.6,70.1,22.0,983.7,Weathered Granite,MODERATE_RISK
6,11.5339,76.1273,953.0,49.1,153.4,70.6,17.9,49.1,6.1,1000.7,Colluvium,HIGH_RISK
8,10.1373,76.9974,1659.2,37.6,51.2,52.0,16.7,88.9,16.9,911.5,Colluvium,MODERATE_RISK
3,26.883,88.1653,1674.2,39.3,142.3,83.6,22.0,47.2,6.4,875.2,Weathered Granite,HIGH_RISK
5,9.6912,76.9222,777.8,42.0,10.73,33.4,17.5,67.6,8.9,938.9,Laterite,SAFE
1,30.5524,79.5515,1883.5,45.9,147.7,88.3,27.5,88.4,12.0,935.5,Weathered Granite,HIGH_RISK
3,26.1504,91.7123,410.3,35.2,47.4,65.1,15.9,56.7,34.0,958.3,Laterite,MODERATE_RISK
8,10.1706,77.0271,1798.0,46.0,14.1,37.4,19.3,73.1,29.1,971.5,Weathered Granite,SAFE
6,12.4326,75.7185,1176.6,34.8,15.84,23.7,17.3,76.9,20.0,874.2,Residual Soil,SAFE
2,9.6863,76.9296,835.1,12.4,31.74,19.4,20.3,56.5,26.4,893.7,Colluvium,SAFE
10,17.9567,73.5874,629.5,12.3,19.64,57.8,14.5,45.7,33.1,951.1,Sandy Loam,SAFE
5,31.0863,77.174,2260.0,27.7,51.7,63.7,22.8,93.6,31.9,978.1,Weathered Granite,MODERATE_RISK
10,30.5494,79.5764,1869.2,42.4,107.1,88.7,17.2,97.6,24.9,951.9,Weathered Granite,HIGH_RISK
1,9.6867,76.9267,784.3,45.6,136.6,72.2,23.6,77.1,34.2,955.2,Laterite,HIGH_RISK
3,11.5218,76.1234,990.1,43.4,14.85,33.1,18.0,76.6,23.3,975.3,Colluvium,SAFE
8,26.8907,88.1833,1689.8,36.7,43.8,61.8,20.8,88.5,22.8,917.9,Laterite,MODERATE_RISK
3,30.5379,79.5659,1921.3,37.2,47.6,70.0,15.4,83.0,16.1,952.7,Weathered Granite,MODERATE_RISK
3,11.4097,76.0882,823.1,36.1,45.27,52.6,24.1,92.7,10.7,884.0,Laterite,MODERATE_RISK
10,17.9399,73.639,1377.6,37.3,4.68,11.9,19.2,98.0,13.8,923.9,Laterite,SAFE
8,26.1619,91.7077,500.2,38.3,17.5,33.3,19.1,71.4,28.4,963.5,Clay Loam,SAFE
2,9.6838,76.9025,838.7,29.6,50.4,63.8,23.2,89.8,27.7,874.7,Weathered Granite,MODERATE_RISK
3,26.9086,88.1731,1694.6,31.1,9.9,26.5,20.5,73.5,18.2,893.5,Laterite,SAFE
1,26.1494,91.6823,450.0,34.2,14.8,42.5,21.6,51.1,21.3,928.7,Clay Loam,SAFE
7,26.1635,91.702,489.6,34.9,185.24,88.1,24.2,66.4,20.8,942.0,Clay Loam,HIGH_RISK
9,26.1707,91.7161,457.0,5.7,25.91,62.8,19.4,89.4,11.9,923.6,Clay Loam,SAFE
9,11.5465,76.1498,951.4,34.0,57.8,71.5,23.1,75.0,29.0,885.7,Colluvium,MODERATE_RISK
6,9.6648,76.9262,863.2,36.9,11.6,45.2,21.0,67.1,21.1,1022.1,Laterite,SAFE
2,10.1591,77.0304,1672.7,30.9,48.5,66.0,24.9,72.4,13.7,959.7,Colluvium,MODERATE_RISK
3,10.1522,77.008,1804.3,35.5,46.15,48.3,12.9,84.2,23.5,972.4,Weathered Granite,MODERATE_RISK
2,26.1479,91.6894,453.2,29.7,11.5,40.3,17.6,95.2,30.0,975.4,Clay Loam,SAFE
5,17.9138,73.6472,1309.7,38.4,135.8,90.0,22.0,88.4,27.1,903.5,Laterite,HIGH_RISK
4,17.9699,73.5717,614.3,46.7,10.67,10.7,22.2,50.4,19.6,915.2,Colluvium,SAFE
10,17.9388,73.6442,1327.1,29.9,52.0,68.9,20.5,87.6,20.1,954.2,Laterite,MODERATE_RISK
9,11.3664,76.8131,1840.7,36.2,43.45,62.8,22.4,78.1,12.8,960.3,Weathered Granite,MODERATE_RISK
6,11.5577,76.1322,923.8,33.3,12.4,28.4,21.9,68.3,15.3,962.3,Colluvium,SAFE
1,30.5592,79.5751,1851.1,48.8,161.7,91.4,22.3,85.2,20.8,924.3,Weathered Granite,HIGH_RISK
10,9.6966,76.9254,747.5,11.7,28.38,35.1,18.1,46.7,15.8,936.0,Colluvium,SAFE
3,32.2325,77.2005,2071.6,37.6,45.7,70.7,22.8,67.2,31.9,939.3,Colluvium,MODERATE_RISK
9,17.9195,73.6726,1377.3,35.0,54.0,51.8,22.9,85.8,34.0,963.6,Laterite,MODERATE_RISK
5,32.2293,77.174,2065.2,11.5,20.0,64.2,31.4,89.4,24.5,910.6,Colluvium,SAFE
2,17.9427,73.6505,1350.9,33.7,164.5,90.0,21.3,89.3,34.1,900.1,Laterite,HIGH_RISK
9,31.0982,77.1561,2346.6,36.9,42.19,58.4,26.7,93.3,33.9,977.1,Clay Loam,MODERATE_RISK
5,31.1097,77.1617,2368.7,46.3,3.4,33.0,21.1,60.0,33.5,969.6,Clay Loam,SAFE
1,10.1571,77.0107,1804.5,35.9,42.8,46.9,22.2,87.3,7.6,971.0,Weathered Granite,MODERATE_RISK
7,11.5504,76.1215,908.7,45.4,141.08,91.8,15.3,47.1,10.8,982.0,Colluvium,HIGH_RISK
1,32.2311,77.2047,2023.7,5.2,34.2,41.9,17.4,64.8,28.6,946.2,Colluvium,SAFE
7,11.5552,76.1302,949.8,38.2,140.42,83.2,17.7,66.6,10.3,986.5,Colluvium,HIGH_RISK
8,32.242,77.2072,2068.5,37.6,34.16,65.9,23.1,93.7,30.9,921.0,Colluvium,MODERATE_RISK
1,9.6756,76.9071,853.4,34.6,49.01,56.0,18.1,94.1,29.2,910.3,Laterite,MODERATE_RISK
7,26.8858,88.1994,1706.1,32.9,46.91,70.2,17.6,81.6,7.1,968.2,Colluvium,MODERATE_RISK
4,10.1654,77.0359,1660.5,48.5,107.8,76.9,20.3,80.5,6.5,892.8,Colluvium,HIGH_RISK
3,30.5576,79.5781,1887.3,35.7,32.84,71.9,13.8,82.5,5.7,924.7,Weathered Granite,MODERATE_RISK
10,11.5368,76.1457,1019.8,35.2,45.7,62.0,15.1,97.3,23.5,990.4,Laterite,MODERATE_RISK
9,17.9605,73.5798,565.4,31.3,51.54,69.9,20.2,56.1,31.4,977.4,Colluvium,MODERATE_RISK
6,11.4211,76.1023,763.4,40.5,169.68,75.2,25.6,69.9,5.5,921.7,Laterite,HIGH_RISK
8,10.1391,77.0358,1656.7,5.3,25.08,48.2,19.6,71.3,8.3,948.1,Clay Loam,SAFE
6,9.6644,76.9286,808.7,44.8,178.0,70.9,25.1,94.3,34.0,930.0,Laterite,HIGH_RISK
8,30.5716,79.5594,1874.6,36.3,56.0,49.7,15.0,70.5,17.0,980.8,Weathered Granite,MODERATE_RISK
9,11.396,76.0964,826.2,7.7,20.3,52.4,21.8,57.4,34.8,921.5,Residual Soil,SAFE
4,11.542,76.1272,929.2,41.3,11.33,21.9,9.3,67.5,11.3,926.2,Colluvium,SAFE
8,17.9366,73.6718,1356.2,30.9,14.63,15.4,17.6,98.0,28.6,964.3,Laterite,SAFE
9,11.3623,76.7882,1796.9,34.3,45.5,60.6,21.9,97.3,15.8,901.5,Weathered Granite,MODERATE_RISK
2,11.5739,76.1174,941.4,37.3,42.5,51.5,21.3,50.6,13.2,964.7,Weathered Granite,MODERATE_RISK
1,9.6888,76.935,845.2,46.3,154.5,84.5,23.6,93.2,8.4,987.2,Laterite,HIGH_RISK
10,11.5364,76.1493,1037.9,31.8,39.99,65.3,25.7,82.2,22.6,968.9,Weathered Granite,MODERATE_RISK
7,10.1447,77.0159,1639.9,40.5,164.01,70.5,11.1,69.5,31.2,948.0,Colluvium,HIGH_RISK
3,17.9442,73.5712,595.9,49.1,170.2,90.1,26.5,56.4,31.4,1003.5,Colluvium,HIGH_RISK
3,11.5343,76.1203,920.2,34.3,48.1,46.8,20.8,83.5,26.9,918.0,Colluvium,MODERATE_RISK
8,26.9072,88.1652,1665.8,37.3,7.1,16.9,18.7,81.5,7.4,1010.6,Laterite,SAFE
3,31.0929,77.1928,2290.9,52.2,144.21,72.5,12.5,68.1,9.1,950.0,Laterite,HIGH_RISK
8,26.1664,91.681,475.7,32.8,16.0,23.1,17.6,96.7,32.4,958.9,Clay Loam,SAFE
8,31.0865,77.1617,2230.8,48.5,15.2,47.8,19.2,50.5,26.1,975.9,Clay Loam,SAFE
7,10.1632,77.0302,1708.6,44.1,140.1,81.6,24.0,82.9,27.4,994.1,Weathered Granite,HIGH_RISK
6,17.9646,73.5998,591.8,6.4,28.71,40.0,17.1,68.7,34.8,897.5,Laterite,SAFE
9,17.9196,73.6732,1364.1,42.0,110.28,88.2,20.3,74.8,15.9,979.3,Laterite,HIGH_RISK
3,9.67,76.9199,773.6,39.1,15.6,13.6,16.7,45.3,29.0,986.9,Laterite,SAFE
4,30.5701,79.5575,1874.6,37.6,58.0,55.0,15.9,72.1,20.8,1019.2,Weathered Granite,MODERATE_RISK
7,9.6978,76.9211,771.6,41.3,12.2,28.5,28.1,69.5,33.6,943.4,Laterite,SAFE
1,10.1556,77.0325,1787.5,47.2,183.21,87.2,17.7,59.7,8.2,1004.4,Weathered Granite,HIGH_RISK
8,31.1167,77.1803,2308.2,46.4,4.95,45.4,13.6,48.1,15.1,933.2,Clay Loam,SAFE
9,10.1682,77.0355,1599.4,35.5,52.2,59.4,21.5,88.4,34.8,940.8,Colluvium,MODERATE_RISK
6,31.0978,77.1678,2218.2,36.7,51.7,70.6,15.6,81.9,15.8,915.3,Clay Loam,MODERATE_RISK
6,31.1035,77.1864,2303.9,44.9,4.84,25.8,19.5,51.4,13.2,950.7,Clay Loam,SAFE
1,31.0887,77.1536,2296.5,46.5,185.63,70.3,22.2,48.3,8.3,983.9,Clay Loam,HIGH_RISK
9,30.5524,79.576,1930.1,50.0,81.3,81.6,27.0,64.2,23.9,1000.3,Weathered Granite,HIGH_RISK
1,31.096,77.1537,2255.3,49.1,13.42,42.4,19.2,88.2,17.2,880.7,Clay Loam,SAFE
2,11.5222,76.146,1002.7,34.3,54.2,70.6,24.2,55.3,10.6,986.6,Weathered Granite,MODERATE_RISK
2,11.4312,76.0913,861.4,43.6,102.69,89.6,21.9,68.5,30.3,935.8,Laterite,HIGH_RISK
2,10.1786,77.0074,1810.3,37.2,25.3,68.6,25.9,89.3,14.9,966.2,Weathered Granite,MODERATE_RISK
7,9.6723,76.9244,759.4,41.6,10.8,43.5,18.2,68.1,8.2,982.5,Laterite,SAFE
2,11.5124,76.1631,1050.5,52.8,154.6,94.7,18.5,75.5,11.9,937.9,Colluvium,HIGH_RISK
1,10.1574,77.0157,1792.2,37.9,47.03,60.8,21.1,96.2,19.0,1004.5,Weathered Granite,MODERATE_RISK
7,10.1431,77.0076,1753.5,47.6,9.79,30.7,24.6,63.4,11.3,924.6,Weathered Granite,SAFE
2,11.3665,76.7286,1929.4,41.8,17.3,15.8,16.4,66.2,34.8,975.2,Weathered Granite,SAFE
3,9.7022,76.9118,802.2,37.8,7.6,38.4,15.1,97.1,10.4,984.8,Laterite,SAFE
10,11.5367,76.1224,961.1,38.0,51.04,64.7,16.3,51.7,13.4,934.1,Colluvium,MODERATE_RISK
6,11.3673,76.7759,1877.7,35.8,43.2,63.5,8.2,92.7,33.6,907.0,Weathered Granite,MODERATE_RISK
5,26.1624,91.6828,467.8,27.8,10.89,34.0,17.6,92.5,13.5,955.5,Clay Loam,SAFE
5,31.0976,77.1609,2296.3,49.6,177.87,76.5,22.1,57.1,12.1,974.4,Clay Loam,HIGH_RISK
3,11.3675,76.8137,1817.5,35.9,107.09,90.4,22.8,61.0,5.6,937.6,Weathered Granite,HIGH_RISK
1,17.9598,73.5731,602.0,4.5,27.78,21.2,19.0,46.0,18.9,921.1,Laterite,SAFE
2,17.9674,73.5635,576.2,35.5,50.27,51.8,28.8,46.8,22.8,1012.1,Colluvium,MODERATE_RISK
4,17.9504,73.5695,622.4,10.1,25.85,27.6,21.8,91.0,10.9,935.9,Clay Loam,SAFE
9,26.1772,91.7066,470.1,37.8,56.5,72.0,22.5,81.1,12.6,970.5,Sandy Loam,MODERATE_RISK
2,10.148,77.021,1749.3,33.6,44.55,67.2,22.4,82.0,11.4,881.4,Weathered Granite,MODERATE_RISK
1,11.5401,76.1111,908.4,44.2,122.1,83.4,23.0,96.7,34.4,934.7,Colluvium,HIGH_RISK
9,17.9535,73.5916,637.8,49.7,155.76,86.5,22.7,48.7,26.5,890.4,Clay Loam,HIGH_RISK
5,9.6892,76.9214,806.0,39.6,178.3,83.2,23.7,62.9,27.9,945.1,Colluvium,HIGH_RISK
5,11.3613,76.7785,1867.4,37.8,176.06,73.9,16.8,61.8,21.5,886.1,Weathered Granite,HIGH_RISK
3,31.1141,77.1751,2283.2,5.8,22.28,51.3,30.4,60.8,22.0,980.1,Residual Soil,SAFE
10,17.937,73.5788,646.7,8.0,30.4,58.7,16.5,48.9,18.4,928.1,Residual Soil,SAFE
4,32.2298,77.196,2092.2,32.8,50.55,61.2,22.9,93.8,5.2,918.7,Colluvium,MODERATE_RISK
8,26.8724,88.1752,1703.5,36.1,55.6,66.5,16.9,49.6,22.1,966.9,Laterite,MODERATE_RISK
4,11.3787,76.7155,1951.7,45.0,166.27,85.4,20.8,68.4,17.4,881.2,Weathered Granite,HIGH_RISK
9,11.5493,76.1372,973.0,42.7,15.9,11.2,18.6,65.9,10.1,817.2,Colluvium,SAFE
4,11.5461,76.1175,992.8,44.2,142.78,88.3,22.2,73.8,10.6,986.1,Colluvium,HIGH_RISK
7,11.352,76.7784,1888.7,34.7,47.1,50.5,7.3,82.2,34.4,930.3,Weathered Granite,MODERATE_RISK
3,17.9262,73.6645,1291.4,39.3,15.4,19.1,12.1,79.0,5.8,988.1,Laterite,SAFE
2,11.3419,76.7862,1889.2,33.5,52.5,68.7,14.0,47.3,14.0,955.3,Weathered Granite,MODERATE_RISK
6,9.6906,76.9108,842.7,39.2,136.6,91.9,21.1,51.3,30.2,935.4,Laterite,HIGH_RISK
5,10.1493,77.0448,1742.7,34.5,43.1,61.2,25.8,86.7,21.7,981.4,Weathered Granite,MODERATE_RISK
8,17.9433,73.6569,1356.8,38.2,165.7,91.6,17.5,45.7,7.4,982.0,Laterite,HIGH_RISK
10,10.169,77.0324,1572.3,37.6,47.69,68.2,22.7,58.9,10.0,907.2,Weathered Granite,MODERATE_RISK
7,26.8717,88.1966,1658.0,34.7,11.55,40.8,27.9,90.4,11.7,906.7,Laterite,SAFE
8,11.3664,76.6951,1940.5,36.8,45.7,71.0,17.1,83.2,18.8,891.2,Weathered Granite,MODERATE_RISK
9,9.6705,76.9346,800.5,38.1,10.34,37.9,21.1,54.9,24.9,1018.7,Laterite,SAFE
6,17.9167,73.6495,1353.8,34.4,49.4,61.2,20.9,89.9,7.9,962.1,Laterite,MODERATE_RISK
6,17.9276,73.6494,1423.7,38.6,9.8,46.4,19.8,49.3,27.3,976.7,Laterite,SAFE
2,9.6918,76.935,788.2,38.9,15.07,20.9,24.1,88.3,31.2,943.6,Laterite,SAFE
2,11.5197,76.1229,990.1,48.1,88.99,85.7,26.0,50.8,28.2,940.4,Colluvium,HIGH_RISK
10,17.9414,73.5709,619.8,49.7,106.43,95.5,15.9,78.3,16.8,955.8,Colluvium,HIGH_RISK
2,26.8984,88.1641,1737.5,37.9,37.95,62.3,28.3,95.9,23.0,901.1,Laterite,MODERATE_RISK
10,11.5679,76.1373,915.1,30.2,40.32,65.3,13.0,89.4,23.0,970.1,Colluvium,MODERATE_RISK
6,26.8912,88.1672,1644.3,30.9,17.9,25.9,18.6,68.7,8.6,994.1,Laterite,SAFE
9,11.3905,76.7165,1926.9,31.3,50.8,57.5,25.5,95.1,26.2,911.8,Weathered Granite,MODERATE_RISK
9,17.9314,73.6573,1346.1,34.8,57.0,65.9,20.3,90.4,34.3,980.9,Laterite,MODERATE_RISK
4,26.1742,91.7036,500.8,34.7,43.2,71.8,18.3,94.9,25.9,910.9,Clay Loam,MODERATE_RISK
2,11.5141,76.1285,1043.9,33.4,50.3,59.7,23.4,81.3,13.3,964.9,Colluvium,MODERATE_RISK
6,11.5247,76.1176,950.2,42.5,6.77,25.6,26.1,64.2,22.4,907.3,Colluvium,SAFE
1,11.5109,76.1547,1065.3,37.8,35.59,68.2,29.3,55.1,9.5,950.0,Weathered Granite,MODERATE_RISK
2,11.3718,76.7993,1877.6,36.7,11.3,25.2,26.7,66.0,29.5,903.5,Weathered Granite,SAFE
5,11.5354,76.1525,1030.6,33.7,46.5,55.1,24.1,84.7,19.1,951.9,Weathered Granite,MODERATE_RISK
2,17.9231,73.6508,1347.1,34.1,7.59,39.6,23.8,71.3,32.5,931.8,Laterite,SAFE
1,11.3701,76.6965,1971.2,37.0,46.91,71.4,25.6,60.3,30.9,965.5,Weathered Granite,MODERATE_RISK
10,11.5235,76.143,979.1,49.5,142.89,87.4,22.3,64.9,22.6,892.7,Colluvium,HIGH_RISK
4,32.2292,77.1714,1997.4,36.6,43.9,51.4,21.7,54.0,5.2,929.4,Colluvium,MODERATE_RISK
9,10.1507,77.019,1820.4,32.8,42.9,60.9,18.6,95.9,34.2,867.0,Weathered Granite,MODERATE_RISK
9,12.4061,75.755,1207.0,37.3,15.62,28.5,21.7,65.3,19.2,940.5,Residual Soil,SAFE
1,10.155,77.0333,1762.4,31.2,41.41,53.6,24.6,97.1,10.2,923.3,Weathered Granite,MODERATE_RISK
5,11.3579,76.7751,1846.1,35.1,55.6,60.8,20.3,86.4,28.6,961.6,Weathered Granite,MODERATE_RISK
4,9.6865,76.9227,874.6,46.1,186.89,95.0,21.2,88.3,32.3,940.8,Laterite,HIGH_RISK
7,11.5492,76.1257,1021.2,28.2,49.0,66.2,27.4,95.7,27.3,964.7,Weathered Granite,MODERATE_RISK
2,11.5402,76.1205,923.3,45.8,17.4,31.1,25.7,55.0,8.1,874.9,Colluvium,SAFE
10,10.1481,77.0306,1796.2,35.5,52.8,46.7,24.2,92.0,31.6,922.0,Weathered Granite,MODERATE_RISK
8,32.2351,77.182,2004.7,46.0,175.62,90.2,21.6,50.5,29.1,910.3,Colluvium,HIGH_RISK
5,11.5347,76.1339,1116.5,26.8,54.6,65.7,25.4,84.1,34.4,979.6,Weathered Granite,MODERATE_RISK
7,32.2392,77.1995,1996.6,52.9,140.69,90.9,27.9,82.9,20.8,907.2,Colluvium,HIGH_RISK
2,17.9071,73.6553,1333.7,40.1,116.7,74.8,25.9,56.0,24.2,891.9,Laterite,HIGH_RISK
4,26.8689,88.1675,1672.7,17.8,33.4,56.8,26.9,46.0,27.2,1022.3,Clay Loam,SAFE
5,26.8971,88.1934,1721.0,35.1,16.17,24.4,24.5,60.5,19.7,947.1,Laterite,SAFE
5,11.3386,76.7944,1819.8,39.3,153.34,76.8,19.7,82.4,30.1,1034.5,Weathered Granite,HIGH_RISK
5,10.1706,77.0412,1760.1,37.3,55.7,68.7,20.6,78.3,32.3,895.3,Weathered Granite,MODERATE_RISK
5,11.3884,76.6948,1917.7,12.3,20.41,51.4,25.0,97.4,26.5,949.2,Clay Loam,SAFE
2,31.0923,77.1643,2281.4,35.9,36.85,66.7,14.0,97.7,24.4,855.5,Weathered Granite,MODERATE_RISK
5,31.0978,77.1792,2293.5,48.5,159.1,95.8,14.4,68.5,23.9,985.1,Clay Loam,HIGH_RISK
3,11.3675,76.79,1882.5,6.7,34.7,39.1,25.2,78.7,22.5,982.4,Residual Soil,SAFE
10,10.1533,77.0065,1783.2,47.6,133.2,88.4,17.7,54.1,6.5,972.4,Weathered Granite,HIGH_RISK
10,30.5719,79.55,1864.8,46.8,166.1,73.2,26.9,79.3,27.5,908.4,Weathered Granite,HIGH_RISK
1,11.3841,76.7161,1957.7,36.3,149.99,83.4,18.8,62.5,33.0,947.6,Weathered Granite,HIGH_RISK
5,11.3996,76.1166,785.8,28.1,47.9,67.2,20.2,86.0,23.5,936.6,Weathered Granite,MODERATE_RISK
10,10.1639,76.9981,1665.5,41.3,15.9,37.1,16.9,45.2,20.7,910.5,Colluvium,SAFE
7,11.5706,76.1089,907.0,36.3,53.0,69.8,23.1,71.8,23.8,954.7,Colluvium,MODERATE_RISK
9,11.4031,76.1199,771.0,16.5,42.5,44.5,26.9,94.4,32.8,973.9,Residual Soil,SAFE
3,17.9124,73.642,1302.5,36.9,53.6,69.7,26.5,86.1,9.8,941.4,Laterite,MODERATE_RISK
10,10.1507,77.0359,1789.7,52.3,168.8,74.5,18.8,46.3,17.7,999.7,Weathered Granite,HIGH_RISK
1,11.3499,76.8058,1853.0,33.7,50.4,59.3,25.7,94.6,25.7,961.6,Weathered Granite,MODERATE_RISK
4,17.9262,73.6655,1363.4,34.2,16.5,33.5,24.0,82.6,21.8,1031.3,Laterite,SAFE
7,26.169,91.7182,512.0,35.6,128.5,94.8,26.3,90.1,13.9,975.4,Laterite,HIGH_RISK
4,11.5425,76.122,975.1,46.3,14.8,41.7,23.2,67.3,34.7,931.9,Colluvium,SAFE
5,30.5473,79.5707,1873.9,47.3,158.7,81.1,24.4,94.2,17.3,997.9,Weathered Granite,HIGH_RISK
2,30.5488,79.5867,1860.9,34.0,32.8,58.3,19.6,97.0,32.0,924.8,Laterite,MODERATE_RISK
10,32.2343,77.1699,2093.3,45.7,168.0,94.7,15.4,68.1,10.4,928.5,Colluvium,HIGH_RISK
2,32.2306,77.1728,2081.9,29.1,55.8,59.4,19.0,81.3,17.7,915.7,Colluvium,MODERATE_RISK
6,10.1492,77.0237,1639.3,14.3,25.9,18.6,21.3,77.3,31.5,960.4,Weathered Granite,SAFE
3,11.5348,76.1436,1029.2,53.1,110.8,73.7,21.5,78.2,21.4,986.6,Weathered Granite,HIGH_RISK
1,30.5717,79.5738,1838.6,41.8,140.91,88.5,18.0,66.5,21.3,953.0,Weathered Granite,HIGH_RISK
4,11.4103,76.0865,783.4,14.9,25.14,24.7,18.7,95.4,28.3,922.8,Colluvium,SAFE
1,31.1141,77.1733,2307.4,46.2,6.66,31.0,21.6,47.1,32.7,936.4,Clay Loam,SAFE
1,32.2489,77.1947,2028.4,43.2,152.08,70.4,22.7,57.7,17.5,996.1,Colluvium,HIGH_RISK
2,11.4144,76.1208,789.1,34.9,57.9,57.9,25.2,57.6,34.8,983.6,Laterite,MODERATE_RISK
1,11.3681,76.7195,1939.3,38.8,15.4,32.5,22.6,52.2,18.4,974.7,Weathered Granite,SAFE
1,10.1454,77.0312,1611.2,16.6,22.88,40.8,14.0,70.5,19.1,928.1,Laterite,SAFE
5,17.9411,73.6628,1368.6,43.8,177.21,83.3,16.7,48.3,12.2,914.8,Laterite,HIGH_RISK
3,17.9139,73.6747,1312.2,38.9,4.5,37.6,26.5,68.4,23.0,900.8,Laterite,SAFE
2,11.5104,76.1389,1063.7,35.8,43.8,63.1,17.2,91.5,29.1,928.3,Colluvium,MODERATE_RISK
7,10.1748,77.0108,1816.8,36.6,40.5,53.1,18.7,82.2,22.9,973.8,Weathered Granite,MODERATE_RISK
1,26.1781,91.7192,391.7,33.3,46.3,55.6,20.7,87.3,16.1,872.1,Weathered Granite,MODERATE_RISK
5,11.4291,76.1017,746.2,39.9,15.9,36.3,21.2,62.5,28.8,938.6,Laterite,SAFE
5,17.9375,73.6634,1311.8,37.4,54.9,53.7,23.9,90.1,24.6,1038.3,Weathered Granite,MODERATE_RISK
2,26.8948,88.178,1728.1,32.9,44.8,70.9,19.4,96.9,25.3,966.6,Colluvium,MODERATE_RISK
9,26.9015,88.1842,1645.9,33.8,35.97,49.3,17.4,90.8,26.7,947.9,Laterite,MODERATE_RISK
4,32.2379,77.2046,2104.1,39.7,9.6,20.0,16.9,94.7,7.3,995.4,Colluvium,SAFE
9,30.5603,79.5685,1874.3,5.6,45.3,38.2,28.0,85.5,24.3,942.0,Colluvium,SAFE
6,11.3416,76.7981,1863.0,35.3,164.89,83.3,21.2,82.8,21.1,959.3,Laterite,HIGH_RISK
10,9.6687,76.9191,799.4,40.2,113.91,80.8,19.0,81.3,32.8,960.3,Laterite,HIGH_RISK
10,11.3889,76.713,1905.0,14.9,48.5,32.5,20.4,71.0,34.9,881.6,Weathered Granite,SAFE
1,11.4286,76.0951,774.1,37.4,175.0,90.0,21.2,85.0,18.7,919.4,Laterite,HIGH_RISK
10,31.0911,77.1831,2281.0,35.8,49.2,54.0,20.3,89.5,5.1,928.3,Colluvium,MODERATE_RISK
9,11.5098,76.1622,1079.9,36.3,32.6,64.5,18.0,92.7,17.6,940.6,Weathered Granite,MODERATE_RISK
3,10.1595,77.0091,1750.9,36.9,51.8,52.2,19.2,81.5,21.3,919.0,Weathered Granite,MODERATE_RISK
1,11.3803,76.7025,1948.8,41.8,185.02,84.0,11.6,82.9,34.4,929.9,Weathered Granite,HIGH_RISK
9,12.4342,75.7229,1143.7,37.2,8.3,47.2,17.1,74.3,31.2,925.4,Residual Soil,SAFE
1,10.1681,77.0237,1708.3,32.9,50.2,59.8,19.7,80.6,18.7,883.3,Weathered Granite,MODERATE_RISK
2,11.3801,76.6925,1913.2,9.8,20.79,40.5,21.8,89.6,27.2,936.3,Sandy Loam,SAFE
6,32.2493,77.1914,2067.2,43.8,117.9,71.3,25.4,80.3,24.1,1001.0,Colluvium,HIGH_RISK
9,12.4263,75.7574,1129.9,33.1,17.6,10.4,21.0,75.9,11.1,918.1,Residual Soil,SAFE
10,32.2489,77.1918,2050.2,47.7,6.6,27.2,21.7,73.4,13.5,961.8,Colluvium,SAFE
4,17.9617,73.5884,647.9,48.1,157.03,91.7,17.4,71.8,24.0,919.8,Colluvium,HIGH_RISK
6,11.544,76.1348,896.4,33.2,36.52,60.4,13.1,89.2,16.6,938.6,Colluvium,MODERATE_RISK
10,31.097,77.1544,2256.7,51.3,122.93,88.7,18.1,83.1,28.7,924.8,Clay Loam,HIGH_RISK
7,11.5398,76.1456,1020.3,29.5,50.8,65.2,20.3,87.0,32.1,966.3,Colluvium,MODERATE_RISK
1,26.8966,88.1902,1737.9,12.7,12.6,56.3,11.0,74.5,8.6,926.0,Clay Loam,SAFE
10,11.3719,76.8044,1869.0,44.3,13.9,14.3,21.6,73.4,13.7,896.8,Weathered Granite,SAFE
1,10.1367,77.0031,1695.7,43.0,176.6,80.2,22.5,48.9,10.9,953.0,Colluvium,HIGH_RISK
5,32.2319,77.1823,2033.0,12.0,15.2,52.0,23.1,77.5,21.6,930.9,Clay Loam,SAFE
1,9.6852,76.915,833.0,28.4,49.2,67.6,19.5,80.2,6.9,955.1,Colluvium,MODERATE_RISK
3,9.6827,76.9335,770.7,42.7,9.4,14.4,25.1,61.8,34.1,950.0,Laterite,SAFE
8,31.1163,77.1677,2279.9,42.6,5.28,40.1,13.2,53.6,15.2,901.4,Clay Loam,SAFE
6,11.5618,76.1311,875.6,8.0,19.03,38.7,19.3,49.9,34.4,967.1,Weathered Granite,SAFE
4,11.5469,76.1196,920.1,33.0,48.84,58.9,18.0,48.0,19.9,924.6,Weathered Granite,MODERATE_RISK
10,11.3886,76.7049,1941.7,45.9,156.2,71.1,17.7,93.9,33.8,906.4,Weathered Granite,HIGH_RISK
8,11.3485,76.8099,1860.6,45.1,163.4,78.8,16.0,84.3,5.1,866.0,Colluvium,HIGH_RISK
9,11.531,76.1197,983.5,45.8,12.1,23.9,20.7,69.6,29.5,951.8,Colluvium,SAFE
2,11.3705,76.7879,1872.3,34.9,51.5,51.9,12.1,85.3,17.2,902.4,Weathered Granite,MODERATE_RISK
3,10.1539,77.0207,1756.0,45.6,13.92,40.1,18.5,72.8,5.0,914.0,Weathered Granite,SAFE
10,9.6859,76.9212,786.6,36.9,15.46,36.1,23.2,96.9,22.9,890.2,Laterite,SAFE
1,17.954,73.565,594.2,45.8,123.42,81.4,12.5,94.4,9.8,984.8,Colluvium,HIGH_RISK
8,11.401,76.705,1988.3,38.1,13.3,40.3,29.7,79.4,14.2,912.2,Weathered Granite,SAFE
9,31.0893,77.1619,2284.4,37.9,53.6,64.8,22.5,93.5,32.3,942.5,Clay Loam,MODERATE_RISK
4,11.3991,76.0901,777.2,34.5,5.5,23.6,20.0,94.9,33.5,949.3,Laterite,SAFE
4,30.5752,79.5583,1834.6,34.3,57.5,71.6,19.0,53.6,15.0,978.2,Weathered Granite,MODERATE_RISK
5,26.1537,91.6986,420.4,31.1,13.7,37.7,24.7,48.7,6.9,1014.6,Clay Loam,SAFE
1,31.1112,77.1662,2245.4,40.9,4.9,19.7,17.2,92.7,20.7,975.9,Clay Loam,SAFE
9,12.4047,75.7218,1166.6,34.9,8.47,45.8,22.4,53.0,23.9,905.3,Residual Soil,SAFE
6,11.506,76.1535,1032.6,35.3,50.05,64.0,17.2,96.8,30.6,931.0,Weathered Granite,MODERATE_RISK
5,11.5319,76.1133,1008.4,45.0,112.9,93.7,17.5,69.4,34.0,1032.8,Colluvium,HIGH_RISK
1,32.2367,77.1751,2043.5,31.3,57.9,69.5,24.8,95.4,8.5,908.8,Colluvium,MODERATE_RISK
3,10.1626,77.0407,1739.5,37.7,45.65,67.1,20.7,50.6,17.0,931.5,Weathered Granite,MODERATE_RISK
5,11.5276,76.1389,1019.3,36.2,53.7,58.3,20.8,77.4,34.9,900.8,Laterite,MODERATE_RISK
9,11.3478,76.8109,1864.6,38.9,176.72,89.3,19.2,84.0,34.6,946.7,Weathered Granite,HIGH_RISK
2,10.1527,77.023,1691.2,4.6,29.1,25.9,19.1,62.3,5.3,984.4,Weathered Granite,SAFE
9,11.4049,76.0968,788.9,37.9,153.6,78.2,25.3,70.5,6.7,960.4,Laterite,HIGH_RISK
8,17.9404,73.6395,1293.5,36.1,46.7,69.2,28.9,78.2,21.2,943.6,Laterite,MODERATE_RISK
3,10.1404,77.0032,1659.6,46.0,153.4,75.7,21.3,68.1,5.5,907.0,Laterite,HIGH_RISK
3,26.1754,91.686,464.9,29.2,8.8,40.1,20.4,80.1,26.6,1001.9,Clay Loam,SAFE
9,32.2607,77.1768,2034.9,52.2,108.6,71.5,23.4,48.3,15.5,899.2,Colluvium,HIGH_RISK
6,11.5601,76.1267,928.4,32.7,51.1,69.4,22.0,93.3,31.8,946.7,Colluvium,MODERATE_RISK
4,17.933,73.6652,1392.4,37.0,6.16,25.3,21.8,94.8,31.3,946.6,Laterite,SAFE
9,11.3577,76.8069,1868.2,39.4,15.18,33.8,15.9,51.6,25.6,948.0,Weathered Granite,SAFE
9,12.4093,75.7352,1166.2,40.6,14.3,39.2,20.0,78.7,23.7,977.7,Residual Soil,SAFE
6,10.1473,77.0072,1572.5,47.2,8.4,32.4,14.6,56.1,32.1,962.1,Colluvium,SAFE
9,26.1742,91.6937,485.1,18.0,37.4,55.3,22.3,84.7,11.6,951.4,Laterite,SAFE
4,11.3685,76.7019,1898.4,44.1,5.88,44.6,11.9,69.6,31.6,972.9,Weathered Granite,SAFE
1,11.366,76.7164,1945.3,45.3,115.2,90.5,20.5,90.8,14.0,885.2,Weathered Granite,HIGH_RISK
7,11.5314,76.1351,1013.2,32.7,52.6,71.3,20.9,64.4,17.8,1010.9,Weathered Granite,MODERATE_RISK
4,11.5169,76.135,1046.6,47.4,142.0,78.8,13.1,81.4,6.9,1007.8,Weathered Granite,HIGH_RISK
7,11.3806,76.7115,1956.6,37.0,11.06,24.8,13.3,85.6,27.9,923.7,Weathered Granite,SAFE
6,11.3674,76.7211,1951.2,40.6,164.23,86.6,23.4,85.4,31.5,924.8,Weathered Granite,HIGH_RISK
3,26.8756,88.1815,1712.8,15.4,8.8,20.2,23.0,91.9,12.3,980.4,Colluvium,SAFE
2,11.511,76.1318,1054.7,34.3,36.0,68.1,26.8,96.5,34.9,991.4,Weathered Granite,MODERATE_RISK
1,10.1538,76.999,1684.9,43.1,152.9,76.6,23.6,73.8,31.4,888.6,Colluvium,HIGH_RISK
3,10.1589,77.0362,1730.3,47.5,103.8,72.6,17.5,58.2,34.0,986.7,Weathered Granite,HIGH_RISK
2,10.1516,77.025,1620.6,36.6,49.01,67.1,24.1,93.5,20.9,962.9,Weathered Granite,MODERATE_RISK
4,11.4236,76.1046,759.6,33.6,166.27,85.9,13.7,96.3,6.1,947.3,Laterite,HIGH_RISK
5,30.5641,79.5732,1865.9,6.8,18.3,44.9,17.1,52.8,17.3,914.4,Sandy Loam,SAFE
3,11.5137,76.1516,963.0,37.2,42.5,61.0,15.5,60.1,11.4,988.8,Colluvium,MODERATE_RISK
2,11.3991,76.73,1936.4,43.1,154.06,72.5,16.4,97.8,20.2,886.6,Weathered Granite,HIGH_RISK
4,31.0871,77.1617,2294.2,37.4,48.57,69.6,27.6,96.2,27.1,894.5,Clay Loam,MODERATE_RISK
6,26.8698,88.1822,1696.1,39.1,158.4,77.5,19.5,94.5,12.6,959.4,Laterite,HIGH_RISK
10,9.6831,76.9221,814.2,14.8,41.3,44.4,12.3,57.6,20.8,850.7,Laterite,SAFE
4,26.9006,88.1675,1643.2,29.1,51.1,67.8,21.9,85.3,17.7,963.2,Weathered Granite,MODERATE_RISK
3,11.5352,76.1338,916.3,13.0,21.95,48.4,23.0,96.2,33.9,931.9,Residual Soil,SAFE
3,11.5146,76.1263,970.7,15.2,37.9,35.0,24.7,66.4,17.9,1034.6,Colluvium,SAFE
9,12.4093,75.752,1179.6,6.1,43.45,16.1,23.6,73.6,24.9,882.2,Clay Loam,SAFE
2,11.4224,76.1018,778.5,41.8,178.81,91.8,19.9,56.1,25.3,972.5,Laterite,HIGH_RISK
5,10.1349,77.0151,1611.2,44.9,3.63,25.6,14.6,53.3,24.8,958.4,Colluvium,SAFE
7,26.1721,91.6965,447.4,33.2,9.9,25.5,20.5,94.5,33.7,930.5,Clay Loam,SAFE
8,9.6874,76.9293,815.4,49.0,90.1,90.9,13.2,68.8,19.4,956.2,Laterite,HIGH_RISK
4,26.1744,91.6816,444.4,34.4,13.6,31.6,24.8,78.7,11.6,994.1,Clay Loam,SAFE
5,17.9331,73.6454,1373.7,34.8,141.8,83.9,21.8,91.3,16.9,923.6,Laterite,HIGH_RISK
6,11.3942,76.0992,829.8,42.2,117.7,92.4,19.5,63.6,28.1,1040.2,Clay Loam,HIGH_RISK
7,11.4084,76.1063,799.3,36.8,9.8,30.5,24.7,67.6,34.2,943.1,Laterite,SAFE
8,26.8754,88.188,1709.9,6.2,35.9,48.2,19.3,67.7,9.5,965.5,Sandy Loam,SAFE
6,31.1128,77.1536,2288.2,34.2,52.03,67.4,16.2,95.1,8.7,927.6,Weathered Granite,MODERATE_RISK
8,26.8993,88.1815,1652.5,30.6,146.85,87.2,18.4,75.8,29.7,951.7,Laterite,HIGH_RISK
6,11.5712,76.1418,872.1,42.4,159.8,88.9,21.0,59.4,27.0,977.3,Colluvium,HIGH_RISK
8,17.9452,73.6431,1364.7,15.3,21.1,17.8,19.7,90.9,29.5,921.0,Laterite,SAFE
2,26.876,88.1868,1667.8,33.8,125.6,96.0,20.6,97.6,12.4,1019.7,Weathered Granite,HIGH_RISK
4,30.5538,79.5678,1852.3,37.7,42.85,61.3,20.9,96.3,30.8,957.1,Weathered Granite,MODERATE_RISK
4,10.1456,77.0212,1789.0,47.6,3.41,15.2,25.0,56.8,6.2,906.8,Weathered Granite,SAFE
9,11.4214,76.099,750.6,41.5,10.2,44.4,19.1,88.7,34.9,952.4,Laterite,SAFE
5,11.3946,76.7301,1905.5,35.9,54.3,63.5,22.1,52.7,7.5,978.8,Weathered Granite,MODERATE_RISK
1,11.35,76.7967,1814.0,14.8,42.2,23.4,24.9,47.1,18.0,928.2,Weathered Granite,SAFE
1,26.1501,91.6858,433.6,35.8,55.2,71.7,24.8,88.4,15.0,973.3,Clay Loam,MODERATE_RISK
3,10.1528,77.0347,1759.9,36.9,55.3,56.4,26.5,73.7,6.9,997.1,Weathered Granite,MODERATE_RISK
7,11.5203,76.1379,1066.7,44.7,176.83,90.4,22.3,81.9,10.7,947.0,Weathered Granite,HIGH_RISK
9,31.1011,77.1659,2210.2,45.9,172.8,80.9,18.0,88.4,32.5,974.1,Clay Loam,HIGH_RISK
9,17.9681,73.5899,577.0,34.8,51.0,59.3,15.0,56.2,30.1,959.6,Colluvium,MODERATE_RISK
8,32.2548,77.1718,2073.0,45.3,166.49,71.2,20.5,61.0,26.4,946.6,Colluvium,HIGH_RISK
6,11.5298,76.1497,955.5,40.5,148.1,95.1,10.3,96.6,26.7,971.1,Colluvium,HIGH_RISK
4,17.969,73.601,589.3,35.4,38.78,49.7,20.0,94.2,14.1,952.6,Colluvium,MODERATE_RISK
9,31.1077,77.1768,2277.6,54.8,13.75,21.3,29.1,50.0,33.5,922.2,Clay Loam,SAFE
10,17.9129,73.6448,1414.5,35.8,56.0,58.2,20.0,83.5,7.9,912.2,Laterite,MODERATE_RISK
4,32.2407,77.1858,2041.4,12.2,39.82,44.2,23.4,90.5,14.3,903.9,Colluvium,SAFE
1,12.4437,75.7271,1138.2,39.3,16.17,42.7,19.5,66.1,18.2,940.1,Residual Soil,SAFE
4,11.5445,76.1451,945.8,34.2,56.4,62.8,14.9,54.0,18.6,998.7,Colluvium,MODERATE_RISK
8,17.9458,73.5717,659.6,48.2,96.53,88.2,24.0,82.9,32.6,928.9,Laterite,HIGH_RISK
1,11.5022,76.1552,1084.6,46.5,7.3,31.3,26.0,56.3,9.1,985.1,Weathered Granite,SAFE
4,17.9322,73.6393,1288.6,41.8,120.7,86.7,29.2,85.0,27.3,1021.1,Laterite,HIGH_RISK
8,17.9445,73.6519,1395.3,12.7,17.5,62.8,18.8,80.2,31.8,883.0,Laterite,SAFE
1,17.9651,73.5937,622.9,44.0,147.7,88.0,16.3,94.1,32.2,958.3,Weathered Granite,HIGH_RISK
10,17.9335,73.6707,1313.0,43.8,147.51,79.7,17.9,91.0,5.3,959.1,Laterite,HIGH_RISK
3,17.9595,73.5905,651.5,45.5,146.7,71.6,18.2,79.4,8.7,898.3,Colluvium,HIGH_RISK
8,17.9524,73.5633,640.7,7.0,46.8,50.4,17.3,83.9,10.7,916.1,Laterite,SAFE
1,11.5412,76.1277,897.2,5.0,34.8,59.2,17.9,76.2,19.3,917.3,Residual Soil,SAFE
7,11.4048,76.085,727.7,37.9,131.56,90.5,18.4,55.9,29.1,950.4,Laterite,HIGH_RISK
7,10.18,77.0094,1791.2,34.5,48.2,56.3,15.7,74.4,33.7,916.3,Weathered Granite,MODERATE_RISK
1,31.1075,77.1597,2260.3,34.5,46.1,64.5,26.6,85.6,29.3,945.6,Clay Loam,MODERATE_RISK
4,32.2603,77.1928,2034.0,36.3,50.8,56.8,29.0,51.1,19.5,946.3,Colluvium,MODERATE_RISK
5,26.8851,88.1827,1710.8,40.2,136.7,72.7,18.4,72.3,13.3,899.6,Weathered Granite,HIGH_RISK
6,32.2305,77.196,2026.4,37.8,48.9,52.8,27.3,64.6,26.1,915.5,Colluvium,MODERATE_RISK
2,10.1748,77.0055,1825.6,37.8,50.4,71.8,20.2,73.5,31.0,1011.8,Weathered Granite,MODERATE_RISK
3,17.971,73.5821,625.4,41.3,13.9,22.5,19.8,67.6,11.9,928.6,Colluvium,SAFE
7,30.5522,79.5492,1856.8,8.8,44.0,41.0,10.4,68.9,31.1,859.0,Laterite,SAFE
9,11.5477,76.1443,988.7,17.3,37.9,50.1,25.1,46.5,7.6,905.3,Sandy Loam,SAFE
9,11.403,76.1052,767.6,42.3,147.34,94.2,18.6,66.4,15.7,1021.3,Laterite,HIGH_RISK
2,10.1482,77.0199,1753.6,54.3,103.95,82.5,20.6,91.5,26.2,975.0,Weathered Granite,HIGH_RISK
10,11.3659,76.7914,1861.6,39.8,12.9,22.2,17.8,51.1,25.5,986.2,Weathered Granite,SAFE
6,12.4184,75.7383,1228.7,42.6,128.7,87.4,14.8,55.3,12.2,865.5,Residual Soil,HIGH_RISK
6,11.5478,76.1425,997.4,35.0,52.7,54.9,17.5,60.7,28.8,1006.7,Colluvium,MODERATE_RISK
1,30.5643,79.5793,1869.2,48.2,134.2,83.6,14.8,66.9,11.4,927.6,Weathered Granite,HIGH_RISK
10,11.5571,76.1269,919.2,39.6,10.6,17.3,24.7,55.2,20.0,944.3,Colluvium,SAFE
1,17.9254,73.6611,1315.5,40.0,177.93,75.7,22.2,92.2,6.5,856.3,Laterite,HIGH_RISK
10,9.6822,76.9191,792.4,42.5,15.3,38.8,23.9,45.9,8.7,997.3,Laterite,SAFE
1,9.672,76.8991,873.5,4.3,29.1,38.2,21.1,90.0,6.3,910.5,Clay Loam,SAFE
10,11.3766,76.71,1914.3,40.9,114.0,92.4,18.3,81.5,7.7,906.1,Weathered Granite,HIGH_RISK
9,26.15,91.7109,440.4,5.9,30.8,24.1,19.0,50.4,12.0,977.2,Residual Soil,SAFE
3,11.5288,76.1283,1060.5,33.9,38.5,67.1,17.7,85.4,10.9,963.2,Weathered Granite,MODERATE_RISK
6,10.1543,77.0275,1643.3,35.7,56.2,55.7,20.7,79.9,28.6,918.5,Colluvium,MODERATE_RISK
3,10.1687,77.0292,1647.9,42.5,147.29,70.2,14.3,81.7,10.4,1034.5,Colluvium,HIGH_RISK
1,11.5296,76.1363,974.7,37.3,41.0,67.8,18.5,53.5,23.0,919.4,Colluvium,MODERATE_RISK
4,11.5066,76.1299,1071.9,33.5,57.4,59.2,16.0,91.1,9.0,931.1,Weathered Granite,MODERATE_RISK
6,11.5406,76.1445,1024.4,33.8,49.83,68.2,22.8,97.7,24.6,925.7,Weathered Granite,MODERATE_RISK
6,11.5564,76.1396,877.7,35.7,159.2,91.2,24.7,71.3,30.9,956.2,Colluvium,HIGH_RISK
4,11.5477,76.1309,880.4,38.0,4.6,44.9,20.5,72.7,28.5,930.8,Colluvium,SAFE
3,32.2558,77.1952,2030.4,37.3,48.6,70.9,23.3,86.1,31.9,894.6,Colluvium,MODERATE_RISK
9,11.5021,76.1432,1058.8,50.6,149.0,89.3,21.0,71.1,10.5,906.5,Weathered Granite,HIGH_RISK
2,11.4166,76.1191,749.9,34.8,17.5,27.0,22.8,62.0,23.3,968.8,Laterite,SAFE
2,11.3936,76.7,1922.5,45.5,155.21,76.8,20.8,66.3,27.4,990.3,Weathered Granite,HIGH_RISK
7,11.3849,76.7207,1895.2,44.5,144.76,85.5,21.9,89.5,16.2,972.7,Weathered Granite,HIGH_RISK
5,11.5277,76.1637,1053.5,46.5,120.84,72.7,18.1,48.7,16.7,931.6,Weathered Granite,HIGH_RISK
4,11.3885,76.7292,1930.4,5.5,22.6,22.2,25.0,51.9,29.4,948.9,Residual Soil,SAFE
7,10.18,77.0277,1800.1,46.4,110.6,78.5,21.5,75.0,25.2,1007.0,Weathered Granite,HIGH_RISK
6,11.5493,76.1161,980.1,44.2,136.5,80.9,19.3,66.3,13.8,932.8,Colluvium,HIGH_RISK
6,9.668,76.9244,766.9,46.9,177.1,70.5,17.4,65.7,7.2,941.7,Laterite,HIGH_RISK
5,31.1181,77.1861,2294.7,50.2,173.4,77.2,15.2,63.2,14.5,996.6,Clay Loam,HIGH_RISK
8,26.1739,91.684,517.9,34.4,41.9,66.0,19.2,91.0,22.6,843.4,Clay Loam,MODERATE_RISK
6,10.1743,77.0089,1770.0,34.7,26.79,67.2,17.2,83.0,30.4,917.4,Weathered Granite,MODERATE_RISK
3,11.5136,76.1477,1029.8,36.3,43.7,71.7,9.1,65.3,5.1,908.3,Colluvium,MODERATE_RISK
1,11.4194,76.1147,790.9,39.1,169.8,86.0,18.3,60.9,22.7,936.1,Colluvium,HIGH_RISK
2,11.3791,76.6979,1922.1,41.0,174.02,73.0,24.0,45.8,14.0,961.3,Weathered Granite,HIGH_RISK
1,11.431,76.0926,783.1,43.5,120.3,86.4,16.7,64.6,21.4,986.0,Laterite,HIGH_RISK
4,17.9728,73.5665,643.5,45.8,9.74,29.5,20.6,58.7,34.8,886.9,Colluvium,SAFE
5,11.5375,76.1286,910.3,32.6,52.2,69.7,14.8,80.5,16.6,967.1,Colluvium,MODERATE_RISK
10,17.9678,73.5693,618.6,43.3,179.9,85.0,14.7,77.2,8.8,991.2,Clay Loam,HIGH_RISK
3,10.1742,77.0103,1786.8,48.2,145.8,77.1,22.8,97.1,30.5,1002.2,Weathered Granite,HIGH_RISK
6,17.9299,73.6729,1331.0,31.7,16.45,30.0,21.6,93.1,30.2,933.9,Laterite,SAFE
1,17.9708,73.5871,632.1,11.5,21.3,60.6,20.4,92.9,14.7,933.0,Laterite,SAFE
10,10.1547,77.0356,1629.3,33.9,39.82,68.6,19.0,81.2,10.8,873.6,Colluvium,MODERATE_RISK
1,11.5122,76.1614,1083.2,32.9,41.14,67.4,24.0,92.2,22.2,936.9,Weathered Granite,MODERATE_RISK
3,26.1815,91.6957,444.4,31.3,49.8,50.2,19.9,90.1,16.3,949.8,Colluvium,MODERATE_RISK
6,31.1044,77.1925,2280.6,53.5,122.21,90.8,16.7,68.4,25.6,978.1,Clay Loam,HIGH_RISK
6,11.5384,76.1119,921.6,36.1,56.0,71.8,19.3,95.6,20.2,975.0,Colluvium,MODERATE_RISK
9,10.1412,77.0314,1643.1,48.5,132.4,77.2,22.6,81.7,34.8,951.0,Colluvium,HIGH_RISK
5,9.6713,76.9197,834.1,37.7,48.5,59.2,19.1,84.5,26.5,917.1,Laterite,MODERATE_RISK
6,11.5354,76.1126,892.3,38.4,114.8,90.9,28.7,96.8,25.2,944.3,Colluvium,HIGH_RISK
5,17.9144,73.6713,1310.5,34.0,16.7,46.4,12.5,58.8,11.7,946.2,Laterite,SAFE
4,11.3343,76.7839,1863.8,14.9,14.2,23.1,19.5,64.5,13.5,978.5,Weathered Granite,SAFE
4,10.1626,77.0036,1690.2,50.8,105.05,94.6,20.2,63.2,8.3,885.9,Laterite,HIGH_RISK
4,12.4301,75.7244,1141.3,37.5,48.18,54.3,20.6,94.6,7.8,932.1,Colluvium,MODERATE_RISK
5,31.0995,77.1642,2230.8,52.7,152.35,84.9,31.5,78.7,19.6,1037.4,Clay Loam,HIGH_RISK
2,11.3922,76.698,1912.1,30.7,55.1,61.7,20.6,90.7,29.4,941.1,Weathered Granite,MODERATE_RISK
2,11.5448,76.1148,1003.8,39.9,14.8,14.3,16.9,79.0,14.2,968.4,Colluvium,SAFE
9,17.9451,73.6748,1327.1,32.8,49.7,70.0,20.8,93.6,9.7,895.9,Colluvium,MODERATE_RISK
10,10.132,77.0294,1693.6,48.7,180.73,83.8,23.0,89.0,15.1,905.3,Weathered Granite,HIGH_RISK
2,17.964,73.5998,652.2,47.3,123.31,76.3,15.1,69.8,11.3,911.9,Colluvium,HIGH_RISK
9,11.5386,76.1444,999.7,43.7,123.2,87.0,20.4,48.8,19.8,947.3,Weathered Granite,HIGH_RISK
7,11.3497,76.7824,1862.2,35.6,138.1,92.7,21.0,64.5,14.3,957.7,Colluvium,HIGH_RISK
1,11.5505,76.1475,921.9,44.2,174.1,75.6,17.6,89.5,33.4,976.8,Weathered Granite,HIGH_RISK
1,17.9335,73.6419,1344.1,44.4,185.96,92.6,15.4,79.6,23.3,932.2,Laterite,HIGH_RISK
2,11.527,76.1624,1106.5,35.4,50.66,55.1,13.0,94.4,5.3,916.5,Laterite,MODERATE_RISK
1,17.9548,73.5976,563.7,51.1,142.78,86.9,19.1,76.9,31.2,962.8,Colluvium,HIGH_RISK
6,17.9268,73.6582,1357.8,44.1,152.41,87.5,11.6,60.1,8.9,909.2,Laterite,HIGH_RISK
6,11.5253,76.1317,1069.6,13.3,36.5,25.8,23.5,49.6,18.9,929.9,Weathered Granite,SAFE
10,11.3372,76.7918,1791.0,10.0,28.1,52.1,19.4,63.2,30.6,937.0,Laterite,SAFE
9,17.9599,73.5833,632.5,35.5,47.8,66.8,17.6,93.4,21.6,947.6,Weathered Granite,MODERATE_RISK
9,32.2256,77.1864,2029.8,51.4,135.4,79.3,25.9,60.5,17.9,920.8,Colluvium,HIGH_RISK
9,17.9308,73.6396,1370.6,36.4,186.12,86.4,24.9,54.9,13.0,905.3,Weathered Granite,HIGH_RISK
10,11.5245,76.1418,947.8,45.5,126.9,73.3,21.6,79.9,27.4,951.2,Colluvium,HIGH_RISK
3,9.6885,76.9134,798.0,42.1,9.96,32.6,17.3,84.0,14.6,899.9,Laterite,SAFE
9,31.1107,77.1925,2295.9,50.9,186.01,92.9,10.4,82.7,30.0,993.8,Clay Loam,HIGH_RISK
6,10.1685,77.0172,1622.5,49.8,182.49,94.2,23.7,85.2,20.5,930.9,Colluvium,HIGH_RISK
5,26.1676,91.6803,448.1,32.3,10.07,31.3,22.1,80.1,7.1,984.2,Clay Loam,SAFE
9,31.0897,77.1796,2281.6,55.3,186.28,84.2,23.7,69.0,10.5,919.4,Laterite,HIGH_RISK
2,10.1552,77.023,1771.4,35.7,49.66,58.7,22.0,84.3,12.9,994.2,Weathered Granite,MODERATE_RISK
2,31.0933,77.159,2289.2,46.0,13.8,42.1,14.0,84.3,19.8,864.8,Clay Loam,SAFE
8,30.5689,79.5618,1857.9,36.8,51.65,47.0,20.4,89.3,11.8,889.8,Weathered Granite,MODERATE_RISK
5,11.5138,76.1474,1082.0,8.7,29.65,20.8,17.9,95.4,17.1,938.5,Colluvium,SAFE
2,9.6637,76.9063,784.2,35.9,39.27,62.0,20.5,68.5,6.2,937.5,Laterite,MODERATE_RISK
1,11.5636,76.1402,905.9,37.4,54.2,48.5,20.9,54.2,18.0,972.9,Colluvium,MODERATE_RISK
6,17.9402,73.5869,598.9,42.6,12.71,23.6,22.6,56.5,12.8,929.8,Colluvium,SAFE
6,11.3894,76.7123,1953.3,47.6,144.8,89.5,26.1,61.7,6.0,1010.2,Weathered Granite,HIGH_RISK
9,9.6878,76.9206,887.8,10.2,23.27,27.0,18.4,72.5,18.5,905.3,Weathered Granite,SAFE
10,11.4273,76.0859,776.6,33.9,50.22,69.1,20.0,94.0,12.6,963.7,Weathered Granite,MODERATE_RISK
2,11.5388,76.1598,1056.2,36.5,45.16,48.9,6.7,93.4,29.1,936.1,Weathered Granite,MODERATE_RISK
8,11.5563,76.1209,871.7,35.4,47.85,59.9,20.4,96.2,27.6,948.7,Colluvium,MODERATE_RISK
4,11.5551,76.1178,904.4,17.7,49.5,20.6,19.4,50.8,31.5,883.3,Clay Loam,SAFE
1,11.4045,76.7286,1906.6,47.7,105.27,74.2,16.4,91.0,19.1,937.4,Weathered Granite,HIGH_RISK
5,31.1129,77.1896,2228.1,43.2,16.7,21.0,18.1,94.4,25.1,848.1,Clay Loam,SAFE
6,30.5481,79.5802,1942.6,33.6,57.9,62.8,22.6,69.5,8.5,1049.7,Colluvium,MODERATE_RISK
9,9.6664,76.9051,845.5,40.3,179.36,72.6,15.1,93.2,17.8,970.9,Laterite,HIGH_RISK
7,11.5479,76.1223,987.3,48.1,159.39,83.3,12.9,56.7,31.2,939.8,Colluvium,HIGH_RISK
10,11.3544,76.814,1875.9,37.6,48.5,65.6,18.5,75.6,7.8,949.1,Colluvium,MODERATE_RISK
9,32.26,77.1847,2125.9,48.7,116.16,91.3,20.6,50.1,34.5,950.2,Colluvium,HIGH_RISK
5,11.5651,76.126,955.2,34.8,53.1,64.7,12.6,78.6,22.8,969.8,Weathered Granite,MODERATE_RISK
10,11.4297,76.114,775.9,32.1,48.7,70.8,19.8,85.3,12.0,905.8,Laterite,MODERATE_RISK
9,11.4014,76.7168,1895.3,38.0,158.73,78.9,20.3,62.1,14.0,931.3,Weathered Granite,HIGH_RISK
10,10.1587,76.998,1674.1,35.4,49.1,59.0,19.2,91.0,29.2,946.7,Colluvium,MODERATE_RISK
1,9.6916,76.9164,807.5,36.6,44.0,69.4,18.6,93.8,13.7,936.7,Laterite,MODERATE_RISK
9,11.3971,76.107,745.9,37.9,167.1,95.4,15.0,66.1,27.8,979.7,Laterite,HIGH_RISK
9,31.0894,77.1786,2253.1,51.6,139.26,95.3,20.9,65.7,22.8,1014.9,Laterite,HIGH_RISK
4,11.367,76.7288,1947.0,34.2,40.2,52.7,22.0,88.3,22.4,954.4,Weathered Granite,MODERATE_RISK
2,26.8842,88.1691,1720.9,30.1,10.67,35.6,20.2,77.8,26.8,976.3,Laterite,SAFE
5,11.3924,76.6987,1949.0,31.3,56.0,68.6,15.8,63.3,12.9,941.2,Weathered Granite,MODERATE_RISK
9,11.5617,76.1468,892.2,43.9,127.0,78.0,19.4,58.9,25.4,915.2,Colluvium,HIGH_RISK
9,26.1799,91.7086,485.3,37.6,24.5,67.4,17.1,96.6,28.2,894.0,Colluvium,MODERATE_RISK
6,17.9328,73.672,1365.8,37.0,12.6,37.1,15.2,47.8,8.1,929.5,Laterite,SAFE
10,11.5271,76.1174,936.5,41.3,159.1,90.1,19.1,52.7,8.2,1004.1,Laterite,HIGH_RISK
8,17.9571,73.5832,616.1,13.5,14.63,21.1,20.7,56.1,31.2,954.6,Laterite,SAFE
4,10.1602,77.0065,1808.9,48.2,176.8,72.8,22.3,82.0,27.9,899.7,Weathered Granite,HIGH_RISK
6,11.5188,76.1144,1000.7,38.9,148.94,87.4,24.2,75.2,21.3,951.3,Colluvium,HIGH_RISK
6,32.2438,77.1857,2085.0,9.4,14.3,44.5,27.1,78.9,5.9,1030.4,Laterite,SAFE
3,11.4025,76.7242,1946.2,38.0,17.0,29.3,23.4,77.1,12.3,977.7,Weathered Granite,SAFE
10,10.1454,77.0225,1751.5,37.1,50.6,50.3,16.0,90.0,31.7,955.6,Laterite,MODERATE_RISK
1,9.6946,76.9135,821.2,38.4,116.2,82.7,22.1,48.7,21.1,995.0,Laterite,HIGH_RISK
3,11.4026,76.7225,1888.7,41.5,3.8,13.0,23.1,51.3,31.1,971.1,Weathered Granite,SAFE
9,30.5643,79.5783,1862.1,33.7,44.66,47.4,26.3,94.5,10.3,962.2,Weathered Granite,MODERATE_RISK
8,32.2299,77.1936,2046.9,14.2,33.0,40.1,18.7,74.3,33.9,937.9,Clay Loam,SAFE
4,11.528,76.1272,1052.3,46.3,138.6,73.9,19.3,85.9,17.2,994.0,Weathered Granite,HIGH_RISK
8,10.1631,77.0117,1778.6,53.2,132.8,89.1,16.8,77.8,8.9,944.3,Weathered Granite,HIGH_RISK
6,10.1653,77.0133,1586.4,9.7,13.53,54.0,17.3,72.0,5.6,994.7,Laterite,SAFE
4,10.1634,77.0197,1785.4,31.6,53.3,55.2,18.2,82.6,28.8,906.4,Weathered Granite,MODERATE_RISK
8,26.8837,88.1675,1664.9,15.7,16.72,63.8,21.4,81.7,27.1,913.7,Residual Soil,SAFE
4,11.3517,76.8105,1855.2,33.6,48.0,66.2,19.2,94.0,17.4,925.0,Weathered Granite,MODERATE_RISK
1,10.1393,77.0187,1603.3,5.1,49.6,29.2,21.7,67.9,22.5,945.7,Colluvium,SAFE
7,32.2579,77.1797,2027.4,41.8,156.1,74.5,22.2,86.9,26.0,986.1,Colluvium,HIGH_RISK
4,10.177,77.015,1805.3,52.8,141.02,70.7,20.2,65.1,15.4,931.1,Weathered Granite,HIGH_RISK
3,30.5492,79.5828,1889.9,40.3,14.1,41.7,19.0,49.4,32.9,969.5,Weathered Granite,SAFE
3,11.5089,76.1528,1049.3,17.5,12.4,57.2,19.4,63.6,33.0,1007.5,Colluvium,SAFE
4,11.361,76.8116,1784.9,41.9,146.03,83.1,15.4,57.7,26.9,946.1,Weathered Granite,HIGH_RISK
3,11.3833,76.7288,1934.3,34.9,40.3,69.6,21.4,87.7,32.6,974.4,Laterite,MODERATE_RISK
6,11.5316,76.1446,1043.1,44.6,141.4,74.8,22.6,65.1,5.8,932.8,Weathered Granite,HIGH_RISK
8,10.1801,77.0098,1797.3,35.1,36.5,45.3,22.4,96.6,25.6,937.4,Weathered Granite,MODERATE_RISK
8,11.3836,76.7095,1862.1,37.5,55.5,54.1,17.0,90.5,14.5,977.9,Colluvium,MODERATE_RISK
8,17.9362,73.6476,1354.1,35.0,11.17,46.4,20.5,59.7,34.9,951.3,Laterite,SAFE
4,11.5306,76.1494,1006.5,42.8,126.1,83.6,12.3,53.9,28.8,951.9,Weathered Granite,HIGH_RISK
9,10.1634,77.0137,1663.3,50.6,134.86,94.5,18.0,64.5,34.9,879.8,Colluvium,HIGH_RISK
10,26.1607,91.6959,456.5,31.6,17.1,34.2,22.6,51.5,15.7,930.3,Clay Loam,SAFE
2,12.4217,75.7283,1167.7,28.5,12.93,28.4,17.8,71.4,9.4,940.8,Residual Soil,SAFE
7,11.3721,76.7978,1863.1,33.8,56.2,55.5,22.9,81.2,19.1,933.5,Weathered Granite,MODERATE_RISK
10,26.8775,88.1667,1691.6,30.7,48.8,54.7,15.8,87.2,31.8,972.6,Laterite,MODERATE_RISK
8,10.1585,77.024,1648.3,45.0,186.94,92.1,22.7,51.1,31.0,939.2,Colluvium,HIGH_RISK
9,31.0983,77.1561,2241.7,48.6,14.0,47.9,18.9,58.5,31.8,951.0,Clay Loam,SAFE
3,11.3954,76.7239,1956.6,15.5,29.0,19.0,18.6,72.0,13.3,909.4,Sandy Loam,SAFE
7,26.8868,88.1736,1658.0,38.9,8.03,33.3,19.0,82.6,32.3,967.6,Laterite,SAFE
3,32.2441,77.2085,2022.7,45.8,168.9,74.9,23.2,65.4,33.2,917.1,Colluvium,HIGH_RISK
8,11.3931,76.0883,734.4,35.8,13.6,37.1,18.6,97.2,21.3,900.1,Laterite,SAFE
10,11.568,76.143,899.8,36.0,46.2,62.8,19.3,90.5,26.9,957.2,Colluvium,MODERATE_RISK
5,9.6739,76.9048,841.2,43.8,155.0,75.7,20.7,66.4,13.0,906.7,Laterite,HIGH_RISK
8,17.935,73.5934,597.7,37.5,36.41,53.3,25.5,90.6,11.6,883.3,Colluvium,MODERATE_RISK
10,17.9589,73.59,631.3,42.3,161.7,82.9,19.9,96.0,28.7,917.2,Colluvium,HIGH_RISK
4,17.9118,73.6594,1354.9,9.5,26.35,22.9,23.0,51.5,29.7,926.4,Colluvium,SAFE
8,11.3381,76.7765,1878.5,43.5,163.4,88.8,26.1,75.7,12.6,911.9,Weathered Granite,HIGH_RISK
8,17.9401,73.6739,1321.4,32.1,51.7,71.9,11.9,82.7,5.2,969.3,Colluvium,MODERATE_RISK
7,26.1481,91.6863,473.2,37.9,49.9,56.5,19.8,94.7,13.4,963.1,Clay Loam,MODERATE_RISK
8,12.4423,75.7268,1123.9,37.4,8.75,12.5,19.4,74.6,32.3,966.6,Residual Soil,SAFE
4,31.1176,77.1839,2268.7,36.9,51.26,64.6,17.2,92.4,20.2,853.6,Clay Loam,MODERATE_RISK
2,10.1386,77.0285,1659.2,35.0,48.95,66.2,27.2,97.3,12.3,968.0,Colluvium,MODERATE_RISK
10,26.1746,91.7197,445.6,33.2,151.9,92.1,22.3,57.5,17.2,996.0,Clay Loam,HIGH_RISK
4,9.7,76.9261,802.4,29.4,50.38,67.7,29.2,87.4,26.1,971.6,Laterite,MODERATE_RISK
3,17.9379,73.5826,617.0,50.7,101.7,71.9,20.7,79.2,29.1,907.1,Colluvium,HIGH_RISK
6,10.1632,77.0159,1719.8,29.2,57.9,61.7,23.2,84.1,17.7,922.8,Weathered Granite,MODERATE_RISK
10,11.5341,76.1633,1043.0,37.7,48.13,49.9,18.4,79.9,22.3,910.3,Colluvium,MODERATE_RISK
5,11.3722,76.7244,1915.1,37.5,47.7,58.4,15.5,97.6,24.2,990.6,Weathered Granite,MODERATE_RISK
10,10.1593,77.0328,1769.0,44.7,176.11,92.2,26.1,64.3,24.2,932.9,Weathered Granite,HIGH_RISK
1,12.4068,75.7378,1100.5,31.7,11.3,46.8,23.1,74.9,19.0,987.0,Residual Soil,SAFE
5,11.3712,76.8042,1845.8,39.3,132.4,88.6,17.5,87.2,32.6,1054.1,Weathered Granite,HIGH_RISK
4,26.1677,91.6826,420.0,7.7,48.6,42.1,19.5,54.5,9.9,997.0,Sandy Loam,SAFE
3,17.9484,73.5627,620.2,49.9,110.4,77.6,18.7,90.2,9.9,987.5,Colluvium,HIGH_RISK
2,10.1461,77.0343,1663.4,43.9,136.9,78.1,13.3,72.4,27.7,943.9,Colluvium,HIGH_RISK
6,17.9338,73.6625,1415.8,16.6,26.7,29.2,19.4,64.7,33.3,990.6,Clay Loam,SAFE
8,30.5712,79.5704,1838.3,43.7,16.34,15.9,20.1,74.0,17.6,950.1,Weathered Granite,SAFE
1,32.2567,77.1911,2083.3,6.4,42.02,64.1,21.0,97.9,6.0,916.8,Residual Soil,SAFE
1,11.5264,76.1458,971.7,36.1,47.69,58.4,25.7,96.9,27.8,955.6,Colluvium,MODERATE_RISK
9,12.4263,75.7494,1173.3,5.5,33.0,19.5,15.1,55.4,24.2,911.8,Laterite,SAFE
6,17.9143,73.6424,1374.5,40.5,158.07,74.8,22.0,57.9,8.4,1007.3,Laterite,HIGH_RISK
3,11.5142,76.1604,1028.0,5.8,39.6,60.2,18.4,78.1,7.2,969.5,Sandy Loam,SAFE
6,12.4312,75.7378,1160.4,33.4,15.1,23.9,20.4,63.6,24.7,998.1,Residual Soil,SAFE
5,11.5522,76.1133,877.6,37.2,48.7,54.2,16.6,55.8,18.6,905.1,Colluvium,MODERATE_RISK
3,32.2302,77.1762,2087.5,37.4,57.8,45.5,23.4,95.5,18.3,953.3,Colluvium,MODERATE_RISK
2,11.3465,76.811,1809.1,37.0,56.5,53.8,12.7,53.7,26.4,976.8,Weathered Granite,MODERATE_RISK
8,17.9482,73.5735,663.6,43.7,4.4,26.0,16.0,47.2,5.5,919.3,Colluvium,SAFE
9,11.3455,76.7991,1885.6,42.4,147.7,77.7,23.3,82.6,13.3,956.7,Weathered Granite,HIGH_RISK
10,11.3689,76.7986,1872.2,16.1,17.16,51.5,18.9,78.2,19.4,923.5,Weathered Granite,SAFE
3,17.9341,73.5649,570.9,44.9,151.58,93.1,16.1,81.1,14.3,917.0,Colluvium,HIGH_RISK
7,9.6822,76.8982,797.4,46.4,151.14,70.4,22.3,61.7,30.9,1013.1,Weathered Granite,HIGH_RISK
4,11.3605,76.7802,1830.6,37.9,48.7,71.5,27.4,46.6,28.3,922.4,Colluvium,MODERATE_RISK
8,26.8763,88.2013,1649.7,34.1,52.6,67.9,25.7,91.1,5.7,933.3,Laterite,MODERATE_RISK
1,32.2251,77.1915,2049.8,34.7,47.8,58.2,18.0,84.4,29.0,892.7,Colluvium,MODERATE_RISK
9,9.696,76.9208,795.5,16.9,47.9,26.6,11.9,88.8,15.2,886.6,Colluvium,SAFE
7,11.3559,76.8107,1821.9,41.1,12.65,36.6,16.8,91.1,23.8,1061.4,Weathered Granite,SAFE
5,10.1387,77.0069,1648.1,40.5,185.63,95.9,17.4,83.3,16.9,915.8,Colluvium,HIGH_RISK
9,11.3714,76.7113,1863.4,16.8,42.74,28.4,15.7,80.5,22.4,994.4,Residual Soil,SAFE
8,10.1621,77.0032,1626.7,36.9,33.99,68.8,23.0,88.2,32.8,901.8,Colluvium,MODERATE_RISK
10,11.3621,76.7754,1831.1,35.5,51.48,68.6,15.3,81.0,18.5,949.8,Weathered Granite,MODERATE_RISK
4,10.1339,77.0128,1693.8,41.2,175.1,79.1,13.3,65.8,23.2,945.2,Colluvium,HIGH_RISK
7,12.4339,75.7267,1175.7,42.0,144.04,87.3,24.2,68.7,31.2,1013.2,Residual Soil,HIGH_RISK
4,32.2496,77.1723,2058.5,48.7,96.4,89.0,18.6,95.3,22.3,977.0,Colluvium,HIGH_RISK
10,31.1195,77.1629,2321.2,50.8,16.8,23.2,20.4,70.0,19.0,862.6,Clay Loam,SAFE
4,11.549,76.1512,979.1,38.6,118.7,81.7,22.1,63.8,13.9,962.0,Colluvium,HIGH_RISK
2,11.3657,76.717,1902.1,33.4,54.5,58.4,15.6,95.5,30.1,955.2,Weathered Granite,MODERATE_RISK
7,26.1656,91.709,411.1,36.3,37.9,71.9,18.0,96.5,29.4,959.6,Laterite,MODERATE_RISK
5,11.5155,76.1149,981.4,44.7,110.7,79.8,17.2,77.3,13.5,992.9,Colluvium,HIGH_RISK
3,31.1012,77.1907,2294.3,55.7,105.6,76.8,14.4,64.0,26.6,944.5,Clay Loam,HIGH_RISK
6,11.4316,76.1203,837.3,41.0,10.4,20.0,21.0,69.5,10.5,1015.4,Laterite,SAFE
2,31.1113,77.1912,2267.2,50.0,17.1,27.2,12.5,61.7,21.8,966.3,Clay Loam,SAFE
6,11.5132,76.1414,978.0,45.8,166.3,80.4,23.1,59.3,34.2,997.7,Clay Loam,HIGH_RISK
5,12.4089,75.7275,1176.3,39.2,11.11,28.0,19.2,50.4,6.0,964.6,Residual Soil,SAFE
3,10.1624,77.0365,1674.3,47.1,167.42,80.6,15.7,57.1,16.8,983.3,Colluvium,HIGH_RISK
6,12.4066,75.7508,1183.1,5.1,32.12,24.4,20.5,58.4,7.1,915.4,Clay Loam,SAFE
6,11.5616,76.1245,933.9,40.6,14.79,10.4,25.3,84.3,23.2,918.9,Colluvium,SAFE
7,26.8885,88.1946,1706.9,39.3,12.4,11.4,25.3,67.2,13.6,963.3,Laterite,SAFE
4,11.4223,76.109,761.0,31.7,8.03,28.7,31.9,77.8,25.5,944.1,Laterite,SAFE
6,11.5741,76.1406,946.3,37.0,48.95,65.9,24.4,90.5,33.3,984.8,Colluvium,MODERATE_RISK
1,10.1432,77.0185,1770.9,15.6,49.5,44.7,18.0,89.5,6.0,1057.4,Sandy Loam,SAFE
3,10.1526,77.0437,1775.7,13.6,40.37,39.6,28.3,49.3,13.5,886.1,Laterite,SAFE
8,30.5429,79.5644,1870.5,37.9,40.1,66.0,20.4,90.9,12.3,967.3,Weathered Granite,MODERATE_RISK
4,11.3692,76.7755,1865.4,40.4,110.5,88.1,23.3,57.2,5.7,986.6,Weathered Granite,HIGH_RISK
3,11.5516,76.1357,888.0,37.5,9.3,18.1,19.5,91.6,17.9,952.2,Colluvium,SAFE
10,11.3563,76.7843,1835.7,40.2,15.8,20.2,21.9,89.4,9.4,1020.7,Weathered Granite,SAFE
10,11.5562,76.1157,940.9,36.3,15.8,26.0,22.2,47.6,30.3,977.2,Colluvium,SAFE
8,11.3776,76.698,1914.2,37.0,51.7,70.6,15.6,85.6,11.5,958.0,Residual Soil,MODERATE_RISK
3,11.5296,76.1144,955.2,40.3,2.5,39.8,22.2,70.5,19.5,918.6,Colluvium,SAFE
3,26.8811,88.1775,1726.7,31.5,138.27,87.9,17.0,67.5,34.4,960.1,Laterite,HIGH_RISK
5,17.9421,73.5852,674.5,44.5,164.8,88.3,21.8,64.8,16.1,950.6,Colluvium,HIGH_RISK
3,30.5368,79.5737,1875.8,37.5,48.7,49.3,24.5,80.2,25.6,952.0,Weathered Granite,MODERATE_RISK
8,11.5246,76.1224,966.1,47.5,111.43,93.4,22.2,97.0,8.7,943.9,Colluvium,HIGH_RISK
3,30.5513,79.5483,1864.4,37.4,43.1,67.9,18.2,96.4,18.8,944.6,Weathered Granite,MODERATE_RISK
10,10.136,76.9989,1662.6,39.8,14.3,20.0,23.7,76.8,26.5,913.1,Colluvium,SAFE
3,17.9442,73.6591,1324.1,37.3,50.7,65.7,18.9,88.1,6.9,993.6,Laterite,MODERATE_RISK
10,11.5407,76.1125,885.3,43.3,152.6,88.7,20.9,96.9,26.4,905.8,Colluvium,HIGH_RISK
5,11.5379,76.1385,952.1,41.4,147.57,94.2,16.2,54.7,18.0,956.6,Colluvium,HIGH_RISK
3,9.6872,76.9117,791.3,14.7,44.2,50.3,18.7,94.9,27.5,1002.8,Weathered Granite,SAFE
7,31.121,77.1882,2265.9,36.5,53.0,68.3,23.1,80.0,32.8,946.4,Weathered Granite,MODERATE_RISK
9,31.0935,77.1768,2274.9,55.9,92.2,75.0,17.9,64.3,23.1,928.8,Clay Loam,HIGH_RISK
8,11.3813,76.7038,1884.4,35.5,55.9,49.0,19.4,57.8,10.8,952.0,Weathered Granite,MODERATE_RISK
7,11.3772,76.7052,1853.5,38.5,7.3,15.4,20.4,79.3,17.8,989.7,Weathered Granite,SAFE
1,30.5738,79.5687,1863.8,49.1,130.19,84.5,24.3,68.0,19.1,935.2,Weathered Granite,HIGH_RISK
2,10.1636,77.0233,1784.7,50.2,16.6,11.4,21.6,48.4,19.0,942.6,Weathered Granite,SAFE
3,31.1046,77.1757,2264.2,48.9,141.1,88.6,15.8,92.7,18.0,883.4,Laterite,HIGH_RISK
6,9.6731,76.924,820.6,40.5,4.6,21.8,18.0,72.7,6.3,992.3,Laterite,SAFE
10,11.3341,76.7968,1824.2,38.1,174.96,90.8,14.4,63.9,28.1,970.4,Weathered Granite,HIGH_RISK
5,10.1694,76.998,1611.3,35.9,54.9,64.9,20.0,82.4,11.1,1002.7,Colluvium,MODERATE_RISK
2,32.2591,77.1929,1999.3,37.3,44.72,70.5,18.5,49.6,29.4,926.0,Colluvium,MODERATE_RISK
2,31.1146,77.1918,2250.2,46.9,126.4,94.4,22.6,66.5,24.9,956.9,Clay Loam,HIGH_RISK
3,11.3472,76.8135,1859.9,33.4,50.05,67.9,28.1,92.7,9.1,930.7,Weathered Granite,MODERATE_RISK
8,17.9443,73.5745,600.4,37.8,34.1,62.3,24.0,69.5,19.5,953.9,Colluvium,MODERATE_RISK
1,26.1651,91.7156,444.4,7.6,41.6,39.5,22.4,89.8,17.6,1031.1,Colluvium,SAFE
2,11.396,76.7189,1963.2,36.6,54.3,46.4,26.6,58.0,24.3,972.2,Weathered Granite,MODERATE_RISK
6,11.5509,76.1233,976.4,46.7,177.6,74.9,28.1,94.4,6.5,920.5,Clay Loam,HIGH_RISK
3,17.9477,73.5856,578.8,36.6,43.5,54.4,18.8,97.6,30.4,943.3,Colluvium,MODERATE_RISK
4,11.5132,76.1327,1020.8,47.1,161.87,89.9,23.4,70.4,20.6,953.9,Colluvium,HIGH_RISK
5,26.1593,91.7196,481.5,8.7,15.8,36.8,19.2,92.5,30.1,898.0,Residual Soil,SAFE
5,9.6994,76.9342,845.2,32.0,53.2,69.6,18.4,80.9,7.9,960.8,Laterite,MODERATE_RISK
4,11.5663,76.1135,903.0,36.1,16.5,40.4,19.6,66.0,19.6,897.5,Colluvium,SAFE
3,9.6832,76.9291,828.7,43.2,9.79,20.4,14.2,87.9,18.7,946.4,Laterite,SAFE
8,9.6976,76.931,839.1,36.4,48.02,60.3,24.6,91.6,21.8,887.1,Weathered Granite,MODERATE_RISK
1,11.5711,76.1175,968.4,36.1,185.35,76.3,24.6,86.4,30.2,959.6,Colluvium,HIGH_RISK
5,9.6766,76.9195,809.3,35.6,55.1,60.0,16.1,91.6,34.6,898.6,Laterite,MODERATE_RISK
2,9.6993,76.9307,871.8,37.1,55.6,66.5,24.7,96.9,31.6,905.5,Clay Loam,MODERATE_RISK
1,26.8779,88.1782,1647.9,33.9,15.29,34.9,12.2,77.5,33.3,930.6,Laterite,SAFE
3,17.9134,73.6531,1371.7,29.9,54.8,68.7,20.1,83.8,28.8,878.1,Laterite,MODERATE_RISK
2,12.4208,75.7284,1246.0,8.5,24.75,26.2,21.7,74.0,23.3,980.8,Laterite,SAFE
4,17.9726,73.5657,611.4,48.1,146.3,94.1,23.7,90.6,27.2,903.5,Laterite,HIGH_RISK
6,9.6889,76.9353,806.1,37.3,57.3,51.7,17.9,56.6,23.6,914.9,Laterite,MODERATE_RISK
5,11.5252,76.145,1040.5,28.4,52.6,65.5,23.7,92.0,11.3,926.2,Weathered Granite,MODERATE_RISK
5,11.3405,76.7818,1855.2,36.6,13.4,46.4,19.1,79.7,20.1,991.2,Weathered Granite,SAFE
4,17.9294,73.6761,1379.0,33.9,176.33,93.4,27.5,94.8,29.4,985.3,Colluvium,HIGH_RISK
8,11.5152,76.1342,980.5,40.3,14.47,46.0,16.2,82.1,26.2,988.6,Colluvium,SAFE
8,11.3992,76.7147,1864.5,10.2,37.0,63.9,10.4,62.9,8.0,989.8,Weathered Granite,SAFE
5,17.9354,73.6017,645.9,48.3,127.11,81.7,19.4,70.8,12.2,962.5,Weathered Granite,HIGH_RISK
5,12.4296,75.7382,1151.2,34.4,129.8,78.7,17.4,94.7,16.9,909.0,Weathered Granite,HIGH_RISK
7,10.1364,77.0012,1631.3,36.9,51.65,48.2,22.0,85.6,17.8,1002.2,Colluvium,MODERATE_RISK
6,30.5559,79.563,1828.1,4.1,36.03,60.4,24.6,48.8,11.4,938.4,Laterite,SAFE
2,9.6877,76.9035,799.0,47.6,176.3,84.0,12.7,67.7,12.7,944.2,Laterite,HIGH_RISK
9,31.0899,77.1659,2249.3,15.7,15.3,33.0,30.3,86.9,24.7,966.8,Colluvium,SAFE
5,9.7029,76.906,794.4,34.1,49.6,52.7,16.2,82.3,13.8,956.8,Laterite,MODERATE_RISK
9,30.5516,79.5784,1862.9,37.9,49.39,63.5,20.6,72.6,11.3,992.2,Weathered Granite,MODERATE_RISK
7,11.3774,76.7184,1927.1,5.4,23.3,41.6,30.2,66.9,18.4,965.5,Weathered Granite,SAFE
1,11.5101,76.1327,1045.5,46.7,8.8,13.0,26.6,53.5,12.7,934.0,Weathered Granite,SAFE
10,10.1563,77.0101,1739.7,44.0,111.16,83.8,24.0,53.9,10.0,1000.2,Weathered Granite,HIGH_RISK
4,17.9156,73.6483,1327.1,33.7,134.4,90.6,23.8,84.4,13.9,916.6,Laterite,HIGH_RISK
6,10.1614,76.9974,1697.5,7.3,22.3,56.6,26.8,65.1,27.5,1022.7,Clay Loam,SAFE
3,32.2599,77.2051,2059.9,9.8,49.3,27.5,18.6,60.8,21.3,918.7,Weathered Granite,SAFE
7,11.5568,76.1274,925.6,35.5,49.1,68.2,21.2,97.2,13.8,876.8,Colluvium,MODERATE_RISK
4,26.1674,91.6927,470.7,7.5,17.49,24.3,21.1,98.0,16.8,920.2,Residual Soil,SAFE
1,17.9169,73.6744,1319.7,36.3,46.6,65.9,24.7,57.5,5.9,914.6,Laterite,MODERATE_RISK
8,17.9251,73.667,1351.9,42.7,148.0,71.4,21.1,85.3,8.7,920.4,Laterite,HIGH_RISK
10,10.1466,77.0228,1727.9,52.0,144.93,74.5,24.9,92.7,14.8,954.9,Weathered Granite,HIGH_RISK
10,11.343,76.7794,1820.2,37.9,42.9,60.0,21.0,87.1,9.7,888.9,Weathered Granite,MODERATE_RISK
1,17.9319,73.6724,1359.8,43.7,112.2,79.4,26.2,93.3,26.7,953.5,Laterite,HIGH_RISK
6,12.4228,75.7374,1186.6,13.4,25.0,17.8,25.2,81.7,24.9,959.9,Residual Soil,SAFE
6,11.3756,76.7151,1941.7,45.2,9.46,41.7,12.4,54.7,21.9,905.5,Weathered Granite,SAFE
7,11.5354,76.1358,997.6,44.4,138.4,93.0,18.5,65.5,10.1,939.7,Colluvium,HIGH_RISK
10,17.9674,73.5971,638.2,4.5,37.45,57.1,15.9,61.2,11.9,951.7,Sandy Loam,SAFE
2,11.5129,76.1614,1058.4,47.1,173.9,93.2,30.9,95.1,25.7,948.9,Laterite,HIGH_RISK
6,17.907,73.647,1382.4,41.2,7.76,17.6,16.0,45.6,17.3,1009.5,Laterite,SAFE
5,11.3408,76.778,1826.6,37.9,50.44,49.8,22.2,65.4,12.1,916.0,Weathered Granite,MODERATE_RISK
10,11.5251,76.147,969.4,39.8,4.0,20.4,14.8,57.8,10.5,958.3,Colluvium,SAFE
6,30.5385,79.5677,1929.4,43.1,145.53,95.0,16.5,67.9,29.9,938.4,Weathered Granite,HIGH_RISK
8,11.5583,76.1426,925.8,16.6,16.6,45.7,21.5,79.2,14.4,952.9,Sandy Loam,SAFE
6,11.4022,76.7318,1901.8,44.2,16.7,22.7,17.3,93.6,21.3,998.8,Weathered Granite,SAFE
3,11.5366,76.1519,1008.9,37.1,39.0,63.9,23.8,93.5,10.8,916.6,Colluvium,MODERATE_RISK
8,11.5653,76.1368,940.1,37.3,56.8,57.1,18.2,86.1,20.7,929.5,Colluvium,MODERATE_RISK
7,11.3589,76.8025,1868.2,4.9,31.63,18.3,14.1,81.3,19.0,994.9,Sandy Loam,SAFE
5,12.4138,75.7227,1143.7,40.6,163.6,93.5,18.7,72.3,5.8,949.3,Residual Soil,HIGH_RISK
1,10.1604,77.0185,1769.7,37.0,42.19,46.8,19.9,68.1,11.8,889.1,Weathered Granite,MODERATE_RISK
2,10.1787,77.0198,1766.5,46.5,6.8,47.5,17.1,79.2,9.0,946.3,Weathered Granite,SAFE
3,30.5637,79.5808,1886.5,9.5,34.87,27.4,6.7,63.0,10.3,1001.4,Sandy Loam,SAFE
4,11.3923,76.7186,1954.6,13.5,19.9,62.4,19.0,82.8,13.5,895.4,Colluvium,SAFE
1,10.1355,77.0131,1646.1,37.8,44.99,52.8,16.7,90.9,22.3,978.9,Weathered Granite,MODERATE_RISK
5,32.2429,77.1871,2055.7,44.6,151.69,73.4,27.4,84.6,32.0,978.5,Colluvium,HIGH_RISK
6,17.9457,73.5642,701.4,47.2,160.27,70.6,20.4,76.9,27.2,905.4,Colluvium,HIGH_RISK
6,30.5524,79.5814,1874.6,36.9,53.0,62.1,21.7,85.2,5.6,942.0,Clay Loam,MODERATE_RISK
8,31.0862,77.1756,2251.5,54.9,164.1,82.1,19.9,86.7,34.2,929.2,Clay Loam,HIGH_RISK
9,11.4084,76.095,734.3,38.5,146.1,73.8,10.2,96.1,30.2,913.8,Laterite,HIGH_RISK
5,11.5105,76.15,1051.2,42.4,170.1,81.3,14.3,72.0,12.8,924.6,Weathered Granite,HIGH_RISK
1,11.5319,76.1302,989.6,31.7,49.5,70.3,26.1,90.5,33.0,905.5,Colluvium,MODERATE_RISK
2,11.5332,76.1436,1047.7,31.1,56.2,58.9,18.2,89.1,31.2,951.8,Colluvium,MODERATE_RISK
8,10.1581,77.0146,1791.5,49.5,9.24,43.8,15.5,59.3,7.8,920.6,Weathered Granite,SAFE
10,11.4051,76.1235,735.8,4.3,33.2,20.8,18.1,95.6,24.1,1013.3,Residual Soil,SAFE
1,11.3678,76.7782,1892.0,37.4,46.97,71.8,18.3,97.4,27.2,901.1,Clay Loam,MODERATE_RISK
10,11.5043,76.1639,1020.0,36.1,44.22,60.9,20.6,91.9,17.7,938.3,Laterite,MODERATE_RISK
7,11.5379,76.1614,1056.7,48.2,146.63,76.0,15.3,79.4,11.6,988.3,Laterite,HIGH_RISK
3,17.9339,73.6596,1359.5,41.3,179.41,82.9,19.3,80.8,6.8,1028.2,Laterite,HIGH_RISK
6,9.698,76.9249,788.0,37.9,50.38,54.0,18.7,90.7,29.6,915.8,Laterite,MODERATE_RISK
7,17.9279,73.643,1319.8,5.1,36.6,46.0,18.1,62.6,33.5,939.7,Weathered Granite,SAFE
5,17.9387,73.6646,1380.4,42.5,13.97,41.3,22.8,83.9,18.6,930.6,Laterite,SAFE
4,32.2284,77.2068,2052.5,42.5,109.95,84.7,18.6,90.1,20.2,911.1,Colluvium,HIGH_RISK
1,17.9286,73.6548,1360.2,30.8,51.37,71.7,17.5,94.3,28.2,965.1,Laterite,MODERATE_RISK
2,32.252,77.1801,2024.0,43.6,131.3,75.1,17.9,84.1,20.2,937.8,Colluvium,HIGH_RISK
2,11.556,76.1165,848.7,37.3,131.56,81.9,19.8,61.1,27.5,895.8,Colluvium,HIGH_RISK
3,11.4008,76.1116,761.3,36.1,54.6,67.6,27.2,79.5,25.9,982.3,Weathered Granite,MODERATE_RISK
6,11.3962,76.7216,1872.0,36.5,44.77,54.6,23.6,68.7,23.0,980.1,Weathered Granite,MODERATE_RISK
10,32.2321,77.1921,2031.0,37.0,30.0,65.6,25.8,92.8,33.7,897.6,Colluvium,MODERATE_RISK
9,9.6971,76.9241,798.6,46.7,162.09,95.5,22.3,91.9,26.8,945.5,Weathered Granite,HIGH_RISK
4,11.5109,76.15,1076.2,35.1,54.9,54.2,21.5,76.8,15.2,918.1,Weathered Granite,MODERATE_RISK
2,17.9113,73.6485,1397.1,9.7,37.68,25.0,22.4,65.6,9.8,1001.6,Weathered Granite,SAFE
6,11.3511,76.8091,1846.2,34.5,13.3,37.5,22.9,46.0,21.4,934.3,Weathered Granite,SAFE
9,32.2603,77.2055,2050.7,50.0,168.6,85.8,29.6,46.0,11.2,923.3,Clay Loam,HIGH_RISK
10,32.2322,77.1742,2005.4,33.6,48.4,63.4,20.7,76.7,15.6,853.2,Weathered Granite,MODERATE_RISK
6,11.5172,76.1443,916.0,47.2,167.86,85.5,13.6,80.1,13.3,907.3,Colluvium,HIGH_RISK
6,10.1661,77.041,1784.4,35.5,41.75,65.8,17.8,94.4,12.6,917.1,Weathered Granite,MODERATE_RISK
8,32.2343,77.1765,2083.0,10.9,41.1,34.2,14.5,55.0,10.5,996.7,Weathered Granite,SAFE
4,12.4168,75.7255,1108.9,36.4,8.14,29.7,20.2,58.7,18.9,966.2,Residual Soil,SAFE
10,11.3362,76.795,1822.0,31.5,44.33,47.2,19.2,84.4,21.1,954.3,Weathered Granite,MODERATE_RISK
7,11.5428,76.1124,963.6,33.8,43.18,69.5,26.0,86.7,23.0,912.6,Colluvium,MODERATE_RISK
3,17.935,73.6678,1384.7,44.0,173.58,83.6,26.2,84.7,25.8,992.4,Laterite,HIGH_RISK
2,10.1538,77.0264,1768.4,49.4,81.2,78.9,16.9,49.6,22.5,992.3,Weathered Granite,HIGH_RISK
3,9.7021,76.9196,806.5,47.1,144.59,92.7,18.0,94.3,7.8,899.8,Laterite,HIGH_RISK
3,10.1509,77.0274,1758.1,54.9,145.1,91.3,18.8,90.9,18.8,966.7,Weathered Granite,HIGH_RISK
1,11.5537,76.1145,924.2,10.7,39.1,60.1,24.8,68.3,5.4,946.5,Sandy Loam,SAFE
4,26.1797,91.6818,470.4,37.8,52.4,45.2,19.2,82.1,26.3,909.4,Laterite,MODERATE_RISK
10,12.4209,75.7365,1185.9,31.8,55.2,57.7,21.4,82.2,23.6,905.8,Weathered Granite,MODERATE_RISK
6,11.5623,76.1357,919.4,35.4,16.17,45.9,18.3,78.2,13.4,952.6,Colluvium,SAFE
4,9.6883,76.9314,785.8,42.9,139.75,92.6,24.3,88.9,27.4,958.3,Clay Loam,HIGH_RISK
3,11.3665,76.7934,1870.5,43.1,186.62,90.7,21.1,73.2,15.2,978.6,Weathered Granite,HIGH_RISK
2,31.109,77.1761,2308.3,32.2,41.6,66.0,20.9,54.8,15.2,953.2,Laterite,MODERATE_RISK
5,31.1023,77.1608,2239.6,50.9,127.38,85.4,21.1,64.3,13.2,873.9,Weathered Granite,HIGH_RISK
6,11.3766,76.7,1899.8,40.8,178.37,75.1,16.7,86.0,18.4,947.5,Weathered Granite,HIGH_RISK
10,11.5117,76.1408,1033.2,36.2,47.0,45.5,20.0,88.6,27.3,958.6,Weathered Granite,MODERATE_RISK
8,9.6794,76.9127,799.8,43.2,164.4,92.0,18.2,94.6,10.2,883.2,Laterite,HIGH_RISK
10,32.2271,77.2,2049.6,43.8,158.6,86.2,21.9,69.3,22.4,989.2,Colluvium,HIGH_RISK
8,10.1633,77.0021,1725.8,47.7,132.66,77.7,17.9,69.7,25.2,969.7,Colluvium,HIGH_RISK
1,31.0905,77.1832,2315.5,6.4,23.16,25.1,20.4,85.6,27.5,867.4,Residual Soil,SAFE
7,11.4122,76.1027,767.9,43.7,126.39,75.1,25.9,50.9,33.7,959.4,Laterite,HIGH_RISK
2,11.4282,76.1191,746.3,36.5,163.08,74.2,19.4,85.4,30.2,893.5,Laterite,HIGH_RISK
4,10.1544,77.0155,1667.2,42.2,6.88,11.1,25.9,57.0,31.1,978.1,Colluvium,SAFE
4,17.9422,73.5859,660.0,34.2,54.1,54.0,14.3,73.9,16.1,1032.6,Colluvium,MODERATE_RISK
3,26.1719,91.6967,461.4,38.4,147.02,76.5,17.8,89.3,26.4,884.9,Clay Loam,HIGH_RISK
10,9.6776,76.9017,832.4,45.7,181.44,94.9,25.3,60.8,14.9,947.8,Laterite,HIGH_RISK
1,11.3352,76.7771,1868.4,35.5,16.0,35.7,19.5,91.1,28.5,998.0,Weathered Granite,SAFE
3,11.5197,76.1361,1011.9,12.6,17.4,49.2,23.0,57.7,6.7,948.6,Laterite,SAFE
5,9.6643,76.9129,781.7,35.4,56.1,67.7,26.1,62.5,15.7,921.9,Laterite,MODERATE_RISK
8,17.9662,73.5801,619.8,7.9,30.47,34.7,25.5,67.7,26.0,953.4,Sandy Loam,SAFE
5,10.1573,77.0266,1811.9,35.6,41.47,55.4,17.8,82.8,29.6,928.6,Weathered Granite,MODERATE_RISK
5,11.5346,76.1581,1083.1,34.0,55.1,65.2,24.6,55.3,7.4,953.7,Colluvium,MODERATE_RISK
4,30.5427,79.5655,1884.9,34.1,42.0,68.5,20.5,97.5,33.6,889.5,Weathered Granite,MODERATE_RISK
9,11.3528,76.787,1830.2,37.4,32.23,61.2,15.3,92.1,12.5,969.8,Weathered Granite,MODERATE_RISK
10,11.3848,76.6963,1928.6,33.8,47.96,69.3,25.6,86.4,12.0,891.6,Clay Loam,MODERATE_RISK
8,11.3947,76.7014,1890.7,39.9,9.52,34.1,22.3,97.1,11.5,880.9,Weathered Granite,SAFE
5,10.1672,77.0225,1746.3,49.9,86.57,90.5,22.7,84.5,14.1,956.2,Colluvium,HIGH_RISK
9,11.3899,76.6988,1931.7,41.1,9.6,27.8,19.1,56.3,12.0,1039.7,Weathered Granite,SAFE
5,30.5656,79.5573,1837.4,40.2,12.49,23.8,23.7,70.2,33.4,956.7,Weathered Granite,SAFE
4,12.4132,75.7537,1191.7,43.6,115.83,84.7,19.9,51.4,11.2,934.9,Clay Loam,HIGH_RISK
9,10.1637,77.0356,1619.8,46.3,17.2,10.2,17.8,96.8,6.8,987.9,Colluvium,SAFE
5,32.2383,77.1775,1963.3,44.0,184.58,74.2,15.9,67.9,32.7,998.1,Colluvium,HIGH_RISK
2,10.1751,77.0108,1795.1,10.8,23.5,19.7,12.1,83.1,26.5,915.6,Weathered Granite,SAFE
4,11.5462,76.1451,958.1,31.4,54.8,65.5,22.8,97.8,20.0,980.2,Colluvium,MODERATE_RISK
6,26.9009,88.1698,1629.3,30.8,57.3,47.8,22.8,80.9,34.5,962.1,Clay Loam,MODERATE_RISK
3,11.5626,76.1236,886.4,30.8,11.0,33.2,10.6,76.3,10.9,945.3,Colluvium,SAFE
10,30.5434,79.5663,1873.4,43.8,16.0,41.9,26.8,70.6,30.1,988.1,Weathered Granite,SAFE
6,30.5423,79.5864,1815.8,9.4,28.55,19.8,23.5,60.3,12.7,914.6,Laterite,SAFE
1,11.5259,76.1375,1091.0,15.2,26.24,16.4,25.9,92.9,12.1,931.7,Sandy Loam,SAFE
4,11.5661,76.1286,915.0,6.7,16.2,29.6,22.0,90.7,25.1,961.5,Weathered Granite,SAFE
6,11.5605,76.122,878.7,32.9,13.3,44.4,22.0,46.3,10.2,937.2,Colluvium,SAFE
6,11.5183,76.1511,981.7,45.5,173.36,81.5,14.9,65.0,10.4,881.9,Colluvium,HIGH_RISK
2,10.1645,77.0177,1651.3,33.0,51.76,71.6,18.1,59.4,7.3,985.5,Colluvium,MODERATE_RISK
10,31.0885,77.1608,2315.9,46.5,14.36,26.4,19.7,57.9,17.8,956.9,Clay Loam,SAFE
3,17.9205,73.6417,1348.3,37.1,51.9,56.0,15.4,71.4,26.6,958.2,Laterite,MODERATE_RISK
10,10.1596,77.0104,1559.5,37.2,40.0,50.1,24.3,91.9,26.0,920.0,Colluvium,MODERATE_RISK
4,30.5364,79.576,1902.6,41.6,162.4,95.1,19.2,65.9,8.1,928.4,Weathered Granite,HIGH_RISK
5,26.1801,91.7037,452.4,32.1,3.8,40.7,23.6,59.2,14.4,991.3,Clay Loam,SAFE
3,11.5413,76.1104,954.8,29.1,49.6,66.1,27.9,83.5,31.0,935.0,Colluvium,MODERATE_RISK
2,17.9518,73.5911,614.8,48.0,124.8,83.6,19.4,53.5,6.8,980.1,Colluvium,HIGH_RISK
5,10.1596,77.0048,1570.4,43.9,139.3,78.6,23.9,47.0,10.4,903.4,Colluvium,HIGH_RISK
5,26.8902,88.174,1698.0,10.3,31.7,27.3,23.6,65.3,27.1,941.0,Residual Soil,SAFE
8,11.5442,76.1381,996.0,10.5,31.3,36.8,27.8,47.8,10.4,917.6,Residual Soil,SAFE
10,11.362,76.8139,1832.7,36.6,147.62,93.3,16.5,91.4,26.4,993.0,Weathered Granite,HIGH_RISK
4,31.1078,77.1824,2233.6,47.2,98.67,95.0,21.6,87.2,33.5,971.5,Clay Loam,HIGH_RISK
1,11.5452,76.1455,870.4,36.2,13.9,24.6,20.8,75.7,29.6,952.5,Colluvium,SAFE
3,11.3822,76.7027,1930.6,42.4,15.1,33.8,25.6,79.9,12.6,947.5,Weathered Granite,SAFE
7,9.6666,76.9319,811.5,26.7,54.0,70.3,23.4,84.6,33.8,908.9,Colluvium,MODERATE_RISK
8,11.5599,76.1423,900.7,30.0,55.8,70.4,21.6,91.4,18.4,955.3,Colluvium,MODERATE_RISK
8,11.4222,76.1125,820.8,37.3,46.1,67.5,22.7,96.5,20.8,960.7,Laterite,MODERATE_RISK
3,17.9438,73.6742,1371.0,32.2,10.1,16.2,20.9,74.9,29.8,918.1,Laterite,SAFE
3,11.4026,76.1151,793.9,41.0,137.8,88.7,17.7,81.2,16.3,981.7,Colluvium,HIGH_RISK
10,11.5632,76.1234,925.3,37.3,164.18,94.6,20.7,63.9,29.6,936.6,Colluvium,HIGH_RISK
6,26.1794,91.69,430.7,35.0,10.07,41.6,16.7,82.1,33.6,931.4,Clay Loam,SAFE
1,11.563,76.1085,939.9,38.8,3.3,16.2,26.2,72.2,32.3,938.1,Colluvium,SAFE
5,10.1647,77.0069,1661.3,33.0,49.89,68.1,20.6,86.2,26.6,938.4,Colluvium,MODERATE_RISK
8,31.0984,77.1546,2257.3,54.8,145.5,74.2,15.8,87.9,10.8,936.7,Clay Loam,HIGH_RISK
2,32.239,77.2081,2065.7,44.2,158.3,76.8,14.4,54.6,30.1,890.3,Colluvium,HIGH_RISK
6,12.4414,75.7347,1203.1,6.6,14.85,24.8,22.0,92.4,10.0,975.9,Colluvium,SAFE
7,11.5148,76.1212,951.0,40.0,6.33,12.8,23.3,95.0,17.7,983.3,Colluvium,SAFE
10,10.1651,77.0444,1764.4,53.7,183.21,88.8,18.5,68.5,33.7,879.1,Weathered Granite,HIGH_RISK
3,31.0982,77.1805,2200.3,47.9,6.66,45.9,19.5,57.2,29.9,876.6,Clay Loam,SAFE
6,30.5393,79.5727,1856.8,41.3,135.52,94.7,28.2,84.1,14.2,915.1,Weathered Granite,HIGH_RISK
2,11.4198,76.0937,769.3,31.8,39.5,66.7,22.9,87.8,14.4,964.3,Laterite,MODERATE_RISK
1,30.5684,79.5605,1910.2,37.9,30.6,61.5,19.9,89.9,16.3,981.6,Weathered Granite,MODERATE_RISK
10,30.5626,79.5806,1873.9,14.7,21.6,27.7,24.7,76.5,23.1,902.9,Colluvium,SAFE
2,11.5286,76.1435,963.6,34.7,57.9,47.9,22.1,82.2,17.9,922.8,Colluvium,MODERATE_RISK
2,11.3439,76.8138,1833.3,34.0,47.47,67.0,18.3,62.8,29.2,925.4,Weathered Granite,MODERATE_RISK
3,31.1006,77.1799,2294.1,51.2,111.9,79.8,22.3,69.2,8.2,942.8,Weathered Granite,HIGH_RISK
7,11.5439,76.1485,963.6,45.7,135.7,93.2,31.5,71.9,23.0,973.2,Colluvium,HIGH_RISK
7,17.9705,73.6003,637.4,37.6,44.3,68.3,18.8,46.5,22.9,947.7,Colluvium,MODERATE_RISK
8,17.9413,73.6439,1396.2,39.3,14.8,39.0,18.8,74.4,18.5,941.0,Laterite,SAFE
9,11.5583,76.1165,947.0,34.1,56.5,56.6,15.1,56.4,30.9,922.7,Colluvium,MODERATE_RISK
2,11.3848,76.7051,1925.3,37.3,49.83,52.0,16.9,65.8,27.0,939.4,Weathered Granite,MODERATE_RISK
1,17.9406,73.5669,591.3,28.8,48.35,53.9,19.9,85.9,21.6,970.9,Colluvium,MODERATE_RISK
1,9.672,76.9237,751.0,37.1,42.9,49.4,17.6,92.6,22.3,969.5,Laterite,MODERATE_RISK
8,30.5725,79.5507,1882.5,35.6,56.9,48.9,25.9,87.1,6.4,938.2,Weathered Granite,MODERATE_RISK
1,26.875,88.1729,1731.4,5.8,42.1,39.8,23.6,95.8,34.4,902.6,Laterite,SAFE
4,11.339,76.801,1837.8,36.7,50.66,62.9,23.2,70.3,11.0,1040.9,Weathered Granite,MODERATE_RISK
5,11.3645,76.7772,1864.5,37.8,49.45,60.2,24.8,87.2,17.5,906.7,Weathered Granite,MODERATE_RISK
7,30.5402,79.5824,1906.5,34.2,46.3,54.1,18.8,82.5,14.1,940.8,Weathered Granite,MODERATE_RISK
5,11.5074,76.1626,1072.9,14.0,26.2,59.7,19.3,50.3,20.5,946.0,Laterite,SAFE
5,11.3523,76.807,1796.0,35.9,54.4,59.0,19.3,85.3,22.8,943.1,Weathered Granite,MODERATE_RISK
9,17.9537,73.583,647.6,8.8,45.3,39.6,20.9,73.3,21.2,972.5,Clay Loam,SAFE
6,17.9371,73.6499,1313.0,35.2,48.7,66.7,17.7,83.9,24.4,949.7,Colluvium,MODERATE_RISK
8,11.37,76.7973,1767.8,30.4,53.7,68.8,25.2,93.2,31.6,896.4,Weathered Granite,MODERATE_RISK
9,17.9244,73.6528,1342.8,31.4,43.0,67.7,25.4,88.3,25.4,920.2,Weathered Granite,MODERATE_RISK
8,10.1596,77.0282,1656.7,27.6,56.7,65.0,22.5,89.4,31.8,891.7,Weathered Granite,MODERATE_RISK
6,26.1862,91.6927,453.3,35.2,171.38,89.5,21.4,72.7,7.6,968.2,Weathered Granite,HIGH_RISK
7,11.3587,76.7777,1854.8,34.0,51.5,52.8,22.1,97.0,14.0,975.4,Weathered Granite,MODERATE_RISK
2,17.9366,73.5855,632.8,37.8,40.0,69.8,16.1,70.9,20.9,978.6,Colluvium,MODERATE_RISK
10,11.366,76.7137,1928.3,36.8,122.71,84.8,13.7,91.6,6.4,1034.9,Weathered Granite,HIGH_RISK
3,9.6715,76.9111,797.9,41.6,111.27,95.9,27.1,49.9,11.0,1031.7,Clay Loam,HIGH_RISK
8,11.5518,76.1324,908.0,35.9,51.65,71.1,22.6,91.6,24.8,883.1,Colluvium,MODERATE_RISK
6,11.3699,76.7182,1885.6,40.4,115.5,81.8,25.3,87.4,9.5,922.5,Weathered Granite,HIGH_RISK
9,17.9409,73.6779,1347.0,44.2,137.72,94.3,17.8,54.9,31.5,966.5,Laterite,HIGH_RISK
10,11.3336,76.7827,1871.6,42.4,93.61,86.9,22.5,96.4,17.8,894.3,Weathered Granite,HIGH_RISK
2,11.3795,76.7183,1909.3,39.4,134.3,77.2,16.4,69.7,5.1,881.0,Weathered Granite,HIGH_RISK
8,26.18,91.7187,477.6,34.9,51.9,58.5,19.5,95.4,34.0,885.7,Colluvium,MODERATE_RISK
8,9.702,76.9104,755.2,11.8,27.3,25.9,18.3,63.9,30.3,920.5,Clay Loam,SAFE
7,11.5389,76.1154,1020.0,37.9,57.0,47.0,17.1,86.5,33.5,941.6,Laterite,MODERATE_RISK
5,11.5191,76.1347,1050.5,42.9,178.0,75.2,23.9,89.8,6.6,909.3,Weathered Granite,HIGH_RISK
9,31.1013,77.1905,2282.0,50.1,15.7,18.9,19.6,83.4,6.0,917.8,Clay Loam,SAFE
1,12.4146,75.7378,1165.8,36.4,6.16,15.9,20.8,48.0,9.3,948.5,Residual Soil,SAFE
9,17.9343,73.6703,1391.1,34.5,185.84,84.9,23.9,65.4,25.2,959.3,Laterite,HIGH_RISK
5,30.5687,79.5815,1822.4,45.2,130.74,81.9,17.6,63.6,16.2,931.8,Weathered Granite,HIGH_RISK
5,30.5529,79.5826,1897.0,49.1,174.1,91.5,20.7,47.0,7.5,909.6,Colluvium,HIGH_RISK
8,11.3408,76.8021,1827.9,35.1,48.51,71.5,16.4,56.5,9.8,913.2,Weathered Granite,MODERATE_RISK
5,30.5464,79.5531,1833.6,37.3,47.36,52.8,26.7,95.0,22.0,957.6,Weathered Granite,MODERATE_RISK
9,11.3852,76.7106,1959.9,36.0,47.6,66.1,19.1,58.9,26.9,997.5,Weathered Granite,MODERATE_RISK
5,31.1026,77.1934,2256.5,49.7,9.6,33.0,18.7,70.1,25.3,964.4,Clay Loam,SAFE
3,11.5449,76.1408,910.5,37.5,6.4,11.5,21.9,80.8,14.8,927.7,Colluvium,SAFE
6,9.669,76.9205,848.5,17.7,37.35,22.6,16.1,81.7,27.4,1024.9,Weathered Granite,SAFE
4,11.3946,76.1006,762.1,42.4,108.79,94.8,21.1,73.1,18.8,968.4,Laterite,HIGH_RISK
2,26.1627,91.6944,491.6,37.0,49.78,49.6,20.0,66.1,30.1,1033.5,Weathered Granite,MODERATE_RISK
4,9.668,76.9041,787.9,38.7,15.35,29.6,20.6,49.9,25.0,979.7,Laterite,SAFE
8,31.0852,77.1707,2261.4,15.3,23.1,39.6,16.5,50.9,17.8,1004.8,Residual Soil,SAFE
8,10.1561,77.027,1764.7,52.9,74.8,79.7,25.3,71.4,28.9,877.9,Weathered Granite,HIGH_RISK
6,10.1391,77.0061,1647.7,46.3,156.0,89.6,21.6,70.9,31.9,948.8,Weathered Granite,HIGH_RISK
6,11.3788,76.7145,1916.5,5.6,46.0,57.3,24.5,62.5,6.5,920.9,Clay Loam,SAFE
7,30.5475,79.5684,1833.3,45.4,173.64,91.7,21.3,49.9,30.9,932.5,Laterite,HIGH_RISK
9,26.88,88.1948,1651.0,33.3,37.7,68.8,22.4,97.8,30.1,941.9,Weathered Granite,MODERATE_RISK
9,10.1578,77.0061,1680.1,40.7,169.3,76.2,19.1,47.5,14.3,976.7,Colluvium,HIGH_RISK
10,26.8853,88.1698,1719.5,38.4,16.6,24.0,27.6,97.4,22.5,970.7,Laterite,SAFE
10,26.1803,91.7028,442.6,34.5,167.1,89.0,20.6,69.2,16.0,923.7,Clay Loam,HIGH_RISK
2,11.4295,76.0855,758.1,34.4,15.68,38.8,21.7,62.8,7.9,933.1,Laterite,SAFE
4,17.9391,73.5793,591.6,46.9,15.18,35.1,17.8,94.4,20.8,967.0,Colluvium,SAFE
1,17.9651,73.5788,619.0,52.8,145.03,78.0,17.6,70.7,12.7,973.9,Colluvium,HIGH_RISK
2,17.9211,73.6605,1384.9,8.2,31.5,47.5,29.0,68.6,5.4,902.5,Laterite,SAFE
5,32.2537,77.1925,2053.2,35.7,33.6,61.7,21.5,89.4,13.6,984.1,Colluvium,MODERATE_RISK
8,26.156,91.7181,416.9,26.6,16.0,13.8,21.6,75.3,18.5,929.5,Clay Loam,SAFE
2,11.5622,76.1217,886.6,13.5,33.66,28.2,19.2,53.9,9.9,942.2,Residual Soil,SAFE
7,11.3547,76.8076,1867.7,36.4,13.7,44.4,14.2,76.9,24.1,1012.9,Weathered Granite,SAFE
2,30.5383,79.582,1793.8,34.9,45.0,66.9,21.4,89.8,18.1,1012.8,Weathered Granite,MODERATE_RISK
4,32.2293,77.2068,2030.4,8.8,28.2,50.6,23.1,75.7,16.3,947.1,Laterite,SAFE
9,11.5266,76.1128,957.3,38.9,132.1,92.3,19.7,47.5,21.3,953.6,Colluvium,HIGH_RISK
4,31.1106,77.1734,2336.5,44.0,169.3,87.2,21.8,55.7,20.2,951.6,Clay Loam,HIGH_RISK
10,11.5527,76.1468,901.4,36.7,51.8,70.8,17.4,84.0,8.9,973.9,Colluvium,MODERATE_RISK
9,26.1681,91.6992,392.7,10.6,38.8,43.2,26.4,50.5,15.0,949.3,Colluvium,SAFE
3,26.1472,91.6817,454.1,34.9,151.91,87.2,27.0,62.3,20.1,1025.1,Clay Loam,HIGH_RISK
8,30.5683,79.5853,1887.7,36.8,50.5,70.1,17.7,47.5,12.6,987.1,Weathered Granite,MODERATE_RISK
2,30.5383,79.5737,1859.3,28.2,49.9,56.3,29.5,95.6,15.0,975.8,Weathered Granite,MODERATE_RISK
6,30.5565,79.5852,1869.1,39.2,128.75,79.6,13.8,94.3,14.6,914.7,Weathered Granite,HIGH_RISK
5,11.3435,76.7753,1843.3,36.9,50.6,68.2,19.6,53.1,16.4,979.2,Weathered Granite,MODERATE_RISK
5,32.2322,77.1765,2019.1,52.3,123.0,95.1,19.3,96.2,12.4,920.8,Colluvium,HIGH_RISK
6,11.3777,76.7129,1899.3,32.3,50.05,69.3,20.7,91.4,33.3,974.5,Weathered Granite,MODERATE_RISK
10,11.3751,76.7256,1980.2,38.2,7.2,35.5,16.6,53.5,10.5,924.5,Weathered Granite,SAFE
4,11.5384,76.159,1027.5,34.2,53.9,68.6,20.9,89.6,23.9,1027.1,Weathered Granite,MODERATE_RISK
1,32.2304,77.1732,2105.2,34.7,51.7,69.1,19.9,85.1,31.7,911.9,Colluvium,MODERATE_RISK
6,10.1805,77.0066,1794.2,37.2,55.1,60.1,17.1,64.9,34.8,915.4,Laterite,MODERATE_RISK
4,17.9161,73.6463,1342.5,10.4,32.1,57.2,18.3,59.2,31.1,912.0,Laterite,SAFE
3,11.371,76.7234,1914.8,35.6,46.09,55.0,19.0,82.0,18.4,914.9,Weathered Granite,MODERATE_RISK
9,11.5533,76.1135,946.1,34.0,16.3,22.0,21.8,79.4,12.8,970.4,Colluvium,SAFE
7,26.1603,91.6918,462.7,37.9,49.61,61.5,21.2,89.8,6.9,968.5,Colluvium,MODERATE_RISK
7,31.1182,77.1691,2309.4,47.4,123.4,89.6,19.0,88.3,32.4,985.0,Clay Loam,HIGH_RISK
3,11.5327,76.1288,1056.3,31.7,40.65,55.4,18.1,82.5,32.6,883.4,Weathered Granite,MODERATE_RISK
1,31.0849,77.1912,2205.2,47.2,101.2,85.4,19.4,83.9,33.4,987.0,Clay Loam,HIGH_RISK
1,10.1588,77.0204,1821.2,11.8,40.4,19.9,21.8,78.8,10.6,962.3,Residual Soil,SAFE
1,32.2357,77.1905,2092.3,41.2,140.9,70.1,17.4,59.3,31.2,959.1,Colluvium,HIGH_RISK
1,10.1629,77.0328,1822.3,33.9,43.6,69.3,25.6,96.1,8.0,1024.9,Weathered Granite,MODERATE_RISK
3,9.6774,76.9238,839.4,41.4,166.54,80.6,17.7,93.2,20.3,1032.3,Laterite,HIGH_RISK
6,10.1516,76.998,1692.6,33.1,57.0,71.9,21.6,76.3,34.9,943.6,Colluvium,MODERATE_RISK
10,26.9024,88.1994,1709.2,38.0,50.6,55.5,18.9,66.2,22.3,940.5,Laterite,MODERATE_RISK
6,10.1815,77.0383,1783.6,43.2,2.5,13.5,16.8,46.5,19.6,974.6,Weathered Granite,SAFE
9,11.5016,76.1502,1029.1,50.3,112.7,71.3,21.7,63.8,30.3,915.5,Laterite,HIGH_RISK
5,10.1466,77.0333,1604.0,42.3,15.9,39.5,23.3,74.9,34.8,931.4,Colluvium,SAFE
7,32.257,77.1694,2063.2,13.8,32.12,17.9,19.6,50.2,12.0,994.1,Sandy Loam,SAFE
3,10.1591,77.0249,1764.1,54.7,164.3,77.8,18.3,69.2,12.0,944.4,Weathered Granite,HIGH_RISK
6,10.1511,77.0311,1736.1,50.3,152.6,90.6,18.0,65.4,16.1,999.3,Weathered Granite,HIGH_RISK
7,9.6723,76.9212,796.7,44.5,16.17,22.5,17.0,70.9,26.1,945.4,Laterite,SAFE
5,9.6756,76.9017,849.8,42.9,116.8,84.7,17.0,97.1,34.4,964.9,Laterite,HIGH_RISK
8,11.3915,76.7059,1994.2,37.9,174.0,93.2,22.8,95.0,10.2,917.2,Weathered Granite,HIGH_RISK
3,30.5624,79.5747,1892.6,10.1,29.5,51.2,15.5,88.4,6.5,911.1,Sandy Loam,SAFE
10,11.5295,76.1411,976.1,15.6,41.1,35.0,21.2,55.8,33.0,978.1,Weathered Granite,SAFE
7,11.5131,76.1485,1050.9,47.3,146.2,73.2,17.9,52.0,19.4,970.3,Weathered Granite,HIGH_RISK
4,11.405,76.0914,817.3,34.4,44.7,49.6,26.0,81.2,11.1,960.8,Colluvium,MODERATE_RISK
4,32.2429,77.2052,2072.0,43.0,13.7,46.1,17.9,54.1,26.9,877.3,Colluvium,SAFE
2,10.1467,77.0235,1729.7,49.1,151.5,72.2,22.0,87.7,32.4,912.6,Weathered Granite,HIGH_RISK
3,30.5671,79.5738,1876.6,37.9,54.0,59.0,16.4,50.9,22.7,901.3,Weathered Granite,MODERATE_RISK
6,26.1485,91.696,434.1,33.4,157.58,89.8,11.3,55.1,17.0,994.6,Clay Loam,HIGH_RISK
3,10.1668,77.0132,1606.7,38.9,13.42,41.2,19.4,56.7,30.4,958.2,Colluvium,SAFE
8,17.9126,73.6577,1372.4,42.6,91.63,93.4,14.5,97.1,18.1,955.0,Laterite,HIGH_RISK
9,11.5247,76.1337,953.5,37.2,41.47,54.9,18.7,85.6,35.0,953.7,Colluvium,MODERATE_RISK
7,11.531,76.1571,1096.6,10.9,18.1,47.5,17.6,95.7,19.9,942.5,Colluvium,SAFE
7,11.505,76.1453,1063.1,52.5,144.54,78.8,17.1,73.6,24.1,990.1,Weathered Granite,HIGH_RISK
6,11.3584,76.7803,1864.6,41.0,184.97,95.7,13.4,46.8,34.5,902.9,Weathered Granite,HIGH_RISK
8,11.3848,76.724,1914.1,37.0,54.0,68.6,16.8,50.3,14.9,978.3,Weathered Granite,MODERATE_RISK
1,30.5376,79.5748,1883.1,36.5,43.7,67.7,13.0,60.6,22.6,985.2,Weathered Granite,MODERATE_RISK
1,26.9087,88.1894,1675.7,37.7,36.1,66.6,16.7,85.8,20.4,965.4,Laterite,MODERATE_RISK
5,17.9526,73.5826,583.3,16.6,34.0,30.6,16.3,79.8,8.6,961.6,Weathered Granite,SAFE
7,32.2332,77.1872,2096.0,7.6,36.0,43.0,20.0,83.2,6.1,890.5,Sandy Loam,SAFE
9,17.9694,73.5637,612.2,46.6,128.4,84.5,22.0,51.6,21.6,950.4,Colluvium,HIGH_RISK
4,11.517,76.1601,1055.3,33.9,56.0,55.2,14.3,72.9,14.4,978.1,Weathered Granite,MODERATE_RISK
2,30.5724,79.5798,1918.7,36.6,46.7,66.4,15.1,83.7,16.9,904.4,Weathered Granite,MODERATE_RISK
2,11.3757,76.7173,1896.3,35.7,50.22,53.0,12.6,48.2,16.2,982.4,Weathered Granite,MODERATE_RISK
3,30.5585,79.5632,1846.5,47.1,103.5,71.3,25.8,68.1,13.6,942.3,Weathered Granite,HIGH_RISK
1,11.5506,76.1336,875.0,35.0,127.1,88.9,23.8,92.6,34.7,919.2,Clay Loam,HIGH_RISK
6,11.5172,76.1423,976.1,5.0,33.8,57.6,11.9,85.8,25.5,882.0,Weathered Granite,SAFE
9,11.3698,76.7918,1904.5,37.7,50.1,55.1,24.1,94.4,34.1,954.0,Weathered Granite,MODERATE_RISK
3,26.9086,88.1777,1688.3,35.9,49.0,57.6,21.7,91.2,6.4,908.4,Colluvium,MODERATE_RISK
1,11.4037,76.0913,800.2,35.1,156.3,83.5,14.5,52.9,28.9,992.6,Laterite,HIGH_RISK
5,17.9708,73.5863,671.0,4.0,48.0,23.8,19.9,63.7,10.8,933.2,Clay Loam,SAFE
8,11.4028,76.7316,1901.4,36.9,50.05,64.4,23.9,83.3,22.7,919.1,Laterite,MODERATE_RISK
5,10.1651,77.0415,1741.8,5.5,49.3,46.4,20.8,65.1,30.3,1004.0,Sandy Loam,SAFE
1,11.4036,76.6986,1900.3,37.9,154.0,94.2,20.9,70.9,13.5,895.8,Weathered Granite,HIGH_RISK
5,32.2233,77.1725,1996.6,36.1,56.0,49.6,19.9,96.7,9.3,957.2,Colluvium,MODERATE_RISK
5,10.1464,77.043,1805.7,44.8,131.89,91.9,22.1,47.4,32.0,929.2,Weathered Granite,HIGH_RISK
8,11.5295,76.1167,954.2,37.0,50.0,66.6,25.5,58.8,5.7,1009.7,Colluvium,MODERATE_RISK
8,11.5163,76.1499,955.8,34.4,48.29,71.1,22.1,81.0,16.2,976.1,Colluvium,MODERATE_RISK
9,10.1434,77.0175,1759.8,55.1,150.4,87.9,24.1,50.7,26.9,916.6,Weathered Granite,HIGH_RISK
9,11.5023,76.1617,1070.8,37.8,53.8,64.7,17.2,91.8,24.1,960.9,Weathered Granite,MODERATE_RISK
8,11.3749,76.7085,1920.5,12.0,20.6,27.3,18.8,62.2,26.2,943.0,Laterite,SAFE
4,11.4211,76.088,750.7,43.0,171.11,73.9,25.5,81.6,10.4,951.7,Weathered Granite,HIGH_RISK
10,10.1757,77.0062,1775.8,44.7,13.3,12.4,24.8,56.5,9.0,927.3,Weathered Granite,SAFE
7,17.9116,73.6444,1370.2,35.0,111.7,90.5,18.4,86.3,20.4,891.7,Laterite,HIGH_RISK
7,31.1103,77.1606,2215.2,37.4,48.79,51.7,18.2,87.8,8.7,904.2,Clay Loam,MODERATE_RISK
6,9.6663,76.9279,817.6,46.6,112.8,82.4,23.0,97.3,31.3,961.8,Laterite,HIGH_RISK
5,11.5114,76.1433,1075.5,33.1,53.4,50.1,28.7,92.1,30.2,952.5,Weathered Granite,MODERATE_RISK
7,17.9395,73.5894,633.1,34.9,48.3,71.2,14.3,59.4,6.9,915.7,Colluvium,MODERATE_RISK
4,11.3935,76.0967,755.0,36.2,41.6,69.2,22.4,92.1,10.9,1012.4,Laterite,MODERATE_RISK
4,11.5379,76.1556,1041.8,35.1,51.1,65.1,16.0,64.6,12.5,937.9,Weathered Granite,MODERATE_RISK
8,10.1374,77.0128,1664.9,40.2,167.7,92.4,6.0,62.3,34.2,909.5,Colluvium,HIGH_RISK
4,12.4436,75.7259,1137.9,38.6,7.7,34.9,18.0,59.9,21.8,965.2,Residual Soil,SAFE
4,11.5597,76.1237,891.9,39.4,116.3,95.6,16.9,62.3,21.0,942.1,Colluvium,HIGH_RISK
1,9.6868,76.922,812.5,9.1,42.9,56.8,22.4,81.4,32.7,989.8,Laterite,SAFE
5,26.1474,91.6836,477.1,34.9,146.47,89.7,14.8,95.8,16.0,894.6,Clay Loam,HIGH_RISK
10,12.4386,75.7218,1203.9,34.9,165.7,88.0,25.1,64.3,23.6,924.7,Residual Soil,HIGH_RISK
9,11.5209,76.1436,982.4,41.6,123.9,87.7,24.6,50.9,15.8,1005.7,Colluvium,HIGH_RISK
10,10.148,76.9985,1611.0,6.7,44.1,36.2,20.4,88.7,30.0,1029.2,Residual Soil,SAFE
10,11.3756,76.704,1890.0,32.7,51.76,52.7,17.2,84.5,10.7,915.5,Weathered Granite,MODERATE_RISK
6,11.5234,76.1193,987.2,11.3,24.4,22.7,23.2,80.5,18.1,938.9,Colluvium,SAFE
6,11.5046,76.1324,1024.9,36.4,30.36,62.7,18.1,84.2,27.4,956.3,Weathered Granite,MODERATE_RISK
1,30.5357,79.5616,1884.3,36.5,56.5,60.1,23.3,80.1,24.2,999.5,Weathered Granite,MODERATE_RISK
1,32.245,77.2085,2072.0,51.6,102.7,75.3,14.7,95.4,15.0,967.5,Colluvium,HIGH_RISK
10,31.1143,77.1843,2230.5,9.8,48.3,51.6,17.3,85.8,31.1,939.8,Residual Soil,SAFE
4,17.9165,73.6436,1359.2,39.6,125.95,86.2,15.5,49.0,5.1,935.2,Laterite,HIGH_RISK
3,9.6868,76.9294,824.9,46.1,160.54,74.5,26.4,94.7,31.8,1010.7,Laterite,HIGH_RISK
10,17.9453,73.6549,1334.5,36.3,46.6,51.7,20.8,64.0,12.0,899.2,Weathered Granite,MODERATE_RISK
10,11.3855,76.6987,1945.9,44.7,119.46,74.5,17.4,68.4,24.4,927.5,Weathered Granite,HIGH_RISK
9,26.8861,88.1666,1692.2,29.6,15.51,16.9,18.0,74.2,26.1,912.7,Laterite,SAFE
2,17.9304,73.6687,1380.0,37.4,57.6,64.2,25.3,92.6,9.4,970.3,Clay Loam,MODERATE_RISK
2,32.2571,77.2072,2055.0,45.2,11.7,40.1,28.5,83.5,14.8,1007.2,Colluvium,SAFE
10,11.5237,76.1521,1098.7,32.1,47.4,54.7,18.7,86.8,6.0,961.8,Weathered Granite,MODERATE_RISK
6,11.5527,76.1314,917.9,37.3,166.4,95.8,21.0,85.4,26.7,993.3,Laterite,HIGH_RISK
10,17.9601,73.5914,581.6,48.5,113.5,79.4,18.4,47.9,16.8,963.7,Colluvium,HIGH_RISK
1,11.5152,76.1323,936.5,42.4,3.35,35.0,25.9,73.1,7.6,911.0,Colluvium,SAFE
9,17.9731,73.581,632.6,49.3,162.03,95.6,18.0,59.6,14.3,1008.8,Colluvium,HIGH_RISK
1,11.5276,76.1437,1105.1,37.2,49.5,58.1,24.4,90.5,29.0,922.1,Colluvium,MODERATE_RISK
8,10.1539,77.0264,1753.3,5.3,15.2,34.4,14.0,70.3,28.7,943.0,Colluvium,SAFE
10,32.2352,77.1918,2090.3,52.7,146.63,81.1,19.0,78.0,25.0,915.5,Colluvium,HIGH_RISK
9,26.8828,88.1813,1722.9,33.9,4.3,41.4,25.0,77.9,15.6,945.9,Laterite,SAFE
3,10.1488,77.0237,1617.0,44.0,7.1,22.2,18.2,69.0,27.9,917.7,Colluvium,SAFE
9,11.4066,76.112,747.6,35.8,43.89,67.5,17.1,80.6,21.5,915.9,Laterite,MODERATE_RISK
6,11.3657,76.7937,1831.9,37.9,42.9,57.3,17.7,62.7,26.6,1021.0,Weathered Granite,MODERATE_RISK
3,17.9422,73.5705,638.3,52.4,183.48,72.7,20.8,68.4,8.9,990.6,Colluvium,HIGH_RISK
3,10.1371,77.0061,1658.6,45.3,153.9,94.0,18.9,91.7,5.4,978.7,Colluvium,HIGH_RISK
5,11.3535,76.7988,1792.4,35.8,54.6,62.0,23.4,49.8,8.4,863.4,Weathered Granite,MODERATE_RISK
3,9.6839,76.9086,826.2,39.7,176.28,78.1,23.7,52.1,16.8,919.3,Laterite,HIGH_RISK
3,11.3561,76.806,1832.4,37.8,51.32,71.4,13.9,52.8,30.3,994.5,Weathered Granite,MODERATE_RISK
6,11.3445,76.8028,1851.0,33.7,33.3,67.9,24.6,67.8,13.9,920.7,Weathered Granite,MODERATE_RISK
4,10.1445,77.0237,1785.7,35.8,52.7,57.2,20.5,87.8,31.0,932.5,Weathered Granite,MODERATE_RISK
5,10.166,77.0161,1639.5,28.3,48.68,71.9,23.5,83.2,7.6,940.8,Colluvium,MODERATE_RISK
8,26.1705,91.6999,462.4,8.4,31.9,26.5,16.8,67.7,26.5,1015.6,Laterite,SAFE
6,11.4095,76.1175,786.8,38.3,153.4,80.0,17.3,67.7,30.5,954.3,Laterite,HIGH_RISK
3,11.3976,76.0929,779.6,8.5,22.94,33.7,13.0,87.0,16.5,990.3,Sandy Loam,SAFE
2,17.9329,73.6542,1337.2,34.4,124.91,88.6,27.6,78.4,28.6,906.7,Laterite,HIGH_RISK
4,9.6899,76.9178,846.5,6.8,15.3,63.0,19.0,81.5,9.8,942.9,Colluvium,SAFE
1,12.417,75.7396,1100.6,38.4,6.0,37.4,22.0,94.4,19.3,937.9,Residual Soil,SAFE
2,11.5135,76.1584,977.1,44.1,144.3,79.2,18.8,92.4,10.3,873.8,Weathered Granite,HIGH_RISK
7,10.164,77.0173,1843.2,35.9,36.0,48.5,22.6,89.5,7.9,948.3,Weathered Granite,MODERATE_RISK
9,11.4185,76.0975,805.8,42.3,113.14,87.0,20.5,56.2,22.2,955.1,Laterite,HIGH_RISK
2,9.6737,76.9166,818.8,40.4,16.2,41.1,24.6,70.5,23.6,978.7,Laterite,SAFE
5,10.1442,77.0053,1680.0,45.9,148.3,86.7,21.7,93.0,17.2,947.6,Weathered Granite,HIGH_RISK
1,26.8922,88.1676,1701.4,33.6,139.32,84.8,20.7,94.7,21.2,864.7,Laterite,HIGH_RISK
8,26.1753,91.7183,471.8,17.8,22.4,29.8,22.8,69.0,28.1,963.6,Weathered Granite,SAFE
3,10.1648,77.0333,1636.5,45.0,107.31,77.8,25.3,58.2,11.8,943.4,Colluvium,HIGH_RISK
3,11.415,76.0999,789.3,31.0,51.1,64.8,24.0,84.2,20.6,886.9,Laterite,MODERATE_RISK
7,30.5609,79.5727,1856.2,41.2,4.8,45.5,17.4,94.2,27.7,911.5,Weathered Granite,SAFE
10,30.5595,79.5791,1892.9,31.4,34.16,64.9,17.7,89.1,33.3,918.1,Weathered Granite,MODERATE_RISK
8,30.5555,79.566,1922.1,43.0,174.46,78.6,23.7,55.2,28.0,913.7,Weathered Granite,HIGH_RISK
9,11.394,76.1094,779.8,10.1,49.6,25.7,29.7,61.3,21.0,934.2,Laterite,SAFE
6,11.3742,76.716,1960.5,35.7,48.02,69.9,14.4,76.3,13.2,988.4,Weathered Granite,MODERATE_RISK
7,11.3573,76.8091,1876.2,33.8,46.2,65.4,24.1,90.0,22.7,905.5,Weathered Granite,MODERATE_RISK
6,26.8768,88.1705,1671.2,33.5,9.96,20.7,23.6,86.8,32.2,954.7,Laterite,SAFE
6,17.9467,73.5836,587.3,28.1,54.3,70.8,21.7,82.3,7.8,975.1,Clay Loam,MODERATE_RISK
3,11.3991,76.7014,1951.8,41.9,13.48,21.2,21.2,66.7,33.0,946.7,Weathered Granite,SAFE
7,11.3493,76.7977,1885.7,43.7,104.56,93.3,20.8,86.8,19.8,908.7,Weathered Granite,HIGH_RISK
2,9.6715,76.9115,797.2,46.8,185.19,87.6,18.5,52.7,19.7,917.0,Weathered Granite,HIGH_RISK
3,31.1125,77.1916,2301.5,45.2,149.38,81.5,18.3,50.1,25.3,889.2,Clay Loam,HIGH_RISK
1,17.9461,73.5762,678.1,43.0,184.03,93.9,18.4,64.9,22.1,952.7,Clay Loam,HIGH_RISK
9,17.9471,73.5674,634.1,7.4,41.3,58.0,16.5,46.0,8.5,959.0,Laterite,SAFE
10,9.6989,76.9353,835.9,40.0,96.4,88.4,13.5,84.5,27.2,952.2,Laterite,HIGH_RISK
7,32.2469,77.1738,2009.9,45.4,175.4,88.6,16.2,84.4,17.2,946.8,Colluvium,HIGH_RISK
2,11.5331,76.1603,1051.8,37.5,55.4,59.3,19.2,79.4,27.0,951.7,Weathered Granite,MODERATE_RISK
5,10.1725,77.0377,1749.0,34.5,42.02,71.6,15.2,46.8,25.7,943.8,Weathered Granite,MODERATE_RISK
1,11.3935,76.7134,1916.2,15.7,42.08,19.6,19.3,71.7,30.4,962.8,Sandy Loam,SAFE
3,11.3767,76.717,1944.1,31.9,43.6,54.9,18.0,85.2,20.6,963.9,Weathered Granite,MODERATE_RISK
1,11.5176,76.1435,1042.3,41.3,17.7,24.5,16.3,62.8,19.0,937.2,Weathered Granite,SAFE
2,30.5658,79.5676,1884.0,41.9,173.5,73.4,19.3,68.3,11.4,963.3,Weathered Granite,HIGH_RISK
3,10.1525,77.0219,1638.1,43.3,4.9,17.7,25.4,52.5,24.6,928.3,Colluvium,SAFE
10,30.5569,79.5601,1896.2,42.8,13.37,14.6,18.8,69.0,17.2,945.4,Weathered Granite,SAFE
9,12.4144,75.7544,1184.1,34.2,44.39,67.2,22.8,86.1,12.4,937.5,Weathered Granite,MODERATE_RISK
4,11.5149,76.131,1030.3,31.1,40.48,47.2,19.3,86.7,26.3,946.4,Weathered Granite,MODERATE_RISK
9,9.6802,76.9086,855.8,16.0,34.7,40.7,17.1,64.2,12.5,929.7,Weathered Granite,SAFE
2,10.1607,77.0123,1784.3,37.9,53.5,71.7,9.1,47.2,23.2,927.8,Weathered Granite,MODERATE_RISK
6,30.5543,79.5626,1883.6,47.1,172.0,86.1,23.8,83.0,9.4,960.0,Clay Loam,HIGH_RISK
8,11.5252,76.1207,987.5,4.8,42.9,15.6,19.1,60.6,30.8,944.9,Sandy Loam,SAFE
7,12.4205,75.7298,1162.0,34.3,11.5,21.0,14.6,83.9,34.5,918.4,Residual Soil,SAFE
10,31.0925,77.177,2268.6,14.9,36.52,32.4,22.7,95.5,7.9,926.2,Weathered Granite,SAFE
4,30.5578,79.5656,1869.1,33.4,45.82,62.8,13.9,82.1,14.8,910.7,Weathered Granite,MODERATE_RISK
7,26.8986,88.1766,1707.4,35.8,46.42,64.8,20.8,81.0,27.7,983.2,Laterite,MODERATE_RISK
9,11.3701,76.7775,1817.1,15.9,43.34,19.4,21.2,96.3,18.4,884.0,Colluvium,SAFE
9,26.8804,88.1921,1672.2,31.5,167.4,91.7,14.7,47.3,16.0,958.1,Laterite,HIGH_RISK
7,11.3795,76.6994,1926.9,42.8,171.5,89.9,17.2,90.3,25.8,966.7,Weathered Granite,HIGH_RISK
3,32.2419,77.2035,2073.0,50.9,150.92,83.5,17.5,53.7,25.1,891.4,Colluvium,HIGH_RISK
9,11.3436,76.789,1836.1,6.5,44.0,53.3,16.4,74.4,8.0,1006.8,Residual Soil,SAFE
10,31.1193,77.16,2300.2,6.9,13.5,40.9,11.8,92.1,18.6,987.9,Laterite,SAFE
3,12.4099,75.7377,1195.1,37.8,15.46,33.4,23.5,83.2,9.2,917.2,Residual Soil,SAFE
10,11.5428,76.1164,929.7,43.4,132.4,87.9,18.6,54.1,19.5,964.8,Colluvium,HIGH_RISK
1,11.552,76.1229,947.5,42.1,13.48,18.8,20.7,62.5,6.3,951.3,Colluvium,SAFE
9,11.4295,76.0965,778.5,40.2,185.08,73.8,20.5,94.5,28.3,956.2,Laterite,HIGH_RISK
9,11.4009,76.1044,745.7,43.8,175.4,94.7,20.7,74.1,29.9,926.8,Laterite,HIGH_RISK
8,11.3784,76.7065,1942.9,47.8,153.78,80.1,24.6,83.0,29.2,991.3,Weathered Granite,HIGH_RISK
4,10.1584,77.0281,1800.0,51.9,73.6,72.0,20.4,86.7,29.9,982.9,Weathered Granite,HIGH_RISK
3,11.3769,76.7109,1933.6,15.2,32.4,30.4,18.1,73.5,28.8,957.1,Laterite,SAFE
3,11.3651,76.809,1875.5,10.4,18.6,46.4,21.4,61.0,31.7,945.4,Sandy Loam,SAFE
9,32.2534,77.1869,2070.4,35.9,46.97,56.4,22.3,63.9,19.9,919.4,Colluvium,MODERATE_RISK
1,10.1329,77.0331,1654.5,31.6,51.6,50.2,23.1,96.5,19.3,967.9,Colluvium,MODERATE_RISK
5,11.538,76.1359,887.2,36.1,44.83,48.4,22.4,93.0,26.5,975.1,Colluvium,MODERATE_RISK
10,32.258,77.1988,2014.3,42.6,6.33,37.4,18.5,96.6,20.8,905.9,Colluvium,SAFE
7,32.2619,77.1731,2144.8,36.2,51.92,58.3,14.7,83.1,7.5,948.3,Weathered Granite,MODERATE_RISK
2,11.558,76.1294,909.3,27.9,54.5,62.2,23.4,89.1,24.7,925.7,Colluvium,MODERATE_RISK
8,11.3843,76.6952,1993.6,33.5,45.98,57.3,20.7,56.2,16.4,855.2,Weathered Granite,MODERATE_RISK
2,31.0974,77.1539,2284.9,46.3,177.16,88.0,30.5,68.5,22.9,948.0,Clay Loam,HIGH_RISK
9,17.914,73.647,1334.1,36.6,55.5,55.1,24.4,80.2,27.3,941.8,Laterite,MODERATE_RISK
5,30.5397,79.5577,1886.1,33.9,53.1,71.9,18.7,89.6,18.9,994.1,Weathered Granite,MODERATE_RISK
7,11.5137,76.1569,1029.5,45.5,146.3,76.1,20.0,51.1,14.0,957.4,Laterite,HIGH_RISK
8,31.0925,77.1723,2308.7,46.3,159.7,85.6,18.1,95.1,24.3,884.6,Clay Loam,HIGH_RISK
8,11.3885,76.7091,1896.3,38.3,9.19,17.5,17.1,49.7,10.2,958.0,Weathered Granite,SAFE
3,11.3902,76.7061,1907.7,46.4,171.88,71.9,22.4,78.3,5.4,956.4,Weathered Granite,HIGH_RISK
2,26.8822,88.1931,1710.1,36.5,160.99,92.2,26.0,69.5,25.1,947.0,Laterite,HIGH_RISK
10,17.9582,73.5818,629.6,48.9,163.52,72.9,23.0,73.1,7.8,934.0,Colluvium,HIGH_RISK
1,30.5421,79.5831,1912.4,49.6,173.42,78.3,16.1,66.6,12.9,924.4,Weathered Granite,HIGH_RISK
6,17.9534,73.586,628.0,47.2,116.22,95.9,16.5,46.7,26.4,988.7,Colluvium,HIGH_RISK
6,11.3991,76.6963,1954.4,41.3,8.0,30.8,7.4,73.1,23.3,953.5,Weathered Granite,SAFE
3,11.3704,76.8097,1862.3,41.9,10.2,42.3,23.1,78.1,5.4,935.5,Weathered Granite,SAFE
10,11.5726,76.1457,891.8,6.0,40.0,65.0,23.0,84.8,15.4,960.5,Sandy Loam,SAFE
4,12.407,75.7412,1169.1,34.6,3.52,36.2,20.4,88.3,30.8,1044.9,Residual Soil,SAFE
5,11.5338,76.163,997.0,47.3,181.56,90.6,24.5,63.3,18.4,1045.5,Weathered Granite,HIGH_RISK
7,11.5604,76.1243,937.1,37.0,170.5,81.1,27.1,87.7,17.3,974.8,Colluvium,HIGH_RISK
7,26.1562,91.712,437.2,37.3,43.29,64.2,28.5,94.2,26.8,980.6,Clay Loam,MODERATE_RISK
9,30.5524,79.5809,1883.1,16.2,26.18,38.6,18.6,79.7,15.4,910.9,Colluvium,SAFE
3,11.5123,76.1424,980.3,38.5,9.68,26.8,16.5,47.8,27.6,1006.2,Colluvium,SAFE
3,10.1353,77.0225,1642.0,29.1,54.1,66.3,21.8,82.0,27.8,949.8,Colluvium,MODERATE_RISK
8,11.5646,76.1136,909.1,16.2,21.01,58.0,18.4,95.4,29.8,967.5,Colluvium,SAFE
1,17.9458,73.6652,1371.5,39.1,168.8,92.3,22.2,50.1,11.1,910.0,Laterite,HIGH_RISK
7,10.1546,77.0156,1687.3,37.8,57.7,61.7,20.4,89.0,9.9,942.0,Weathered Granite,MODERATE_RISK
8,17.9369,73.5623,642.2,7.2,25.6,20.4,10.0,87.2,21.3,984.9,Sandy Loam,SAFE
3,32.2537,77.1937,2023.6,34.5,52.25,71.9,16.6,93.1,10.1,981.7,Colluvium,MODERATE_RISK
6,11.5174,76.1635,1011.2,46.2,113.96,81.1,17.1,92.0,26.4,956.6,Weathered Granite,HIGH_RISK
7,10.1667,77.013,1629.9,45.8,11.28,16.3,22.0,53.6,23.9,935.4,Colluvium,SAFE
2,32.2545,77.1896,2038.4,43.1,166.27,90.3,16.7,51.9,32.5,870.9,Weathered Granite,HIGH_RISK
2,30.5425,79.5468,1813.5,39.2,14.4,18.2,17.3,74.4,10.6,933.1,Weathered Granite,SAFE
3,10.1802,77.0267,1748.7,38.0,48.9,69.6,24.1,92.9,34.4,942.5,Weathered Granite,MODERATE_RISK
8,11.3832,76.7133,1957.1,40.3,4.24,43.6,18.9,93.5,19.6,944.4,Weathered Granite,SAFE
10,26.8857,88.2015,1705.2,36.5,56.0,49.1,23.9,60.3,13.9,1009.1,Colluvium,MODERATE_RISK
10,11.5347,76.1299,992.8,37.9,50.22,52.2,16.5,92.8,33.0,933.9,Colluvium,MODERATE_RISK
7,26.1684,91.6848,473.4,38.7,122.6,90.3,19.9,74.7,24.0,890.1,Laterite,HIGH_RISK
3,11.4231,76.0968,786.5,36.6,48.95,55.3,13.3,70.3,20.6,1022.3,Weathered Granite,MODERATE_RISK
10,10.1462,77.0106,1688.1,34.0,46.97,70.2,18.2,45.9,7.9,973.8,Colluvium,MODERATE_RISK
2,30.5429,79.5631,1901.1,47.7,97.7,82.3,12.5,76.3,13.3,837.6,Weathered Granite,HIGH_RISK
1,11.554,76.1373,937.6,37.6,50.77,63.6,24.2,96.1,27.5,942.5,Colluvium,MODERATE_RISK
10,11.3378,76.7903,1838.8,40.1,158.02,73.1,18.9,92.4,31.9,916.6,Weathered Granite,HIGH_RISK
4,11.3675,76.7947,1859.6,38.7,11.2,37.3,22.2,62.5,10.1,1026.9,Weathered Granite,SAFE
4,9.6767,76.9196,759.7,42.4,9.8,44.9,23.4,90.1,6.6,980.6,Laterite,SAFE
4,17.951,73.5875,643.0,43.3,5.0,39.8,17.9,65.8,23.9,923.8,Colluvium,SAFE
3,26.1516,91.6951,453.7,32.3,15.8,24.3,16.7,45.1,31.2,981.4,Clay Loam,SAFE
1,10.1352,77.0221,1654.2,48.5,95.2,70.7,21.7,62.8,14.1,927.3,Colluvium,HIGH_RISK
2,31.1039,77.1839,2269.8,55.5,156.37,79.0,23.6,59.9,22.6,920.5,Clay Loam,HIGH_RISK
3,11.5043,76.1598,1076.6,37.0,34.6,69.1,23.4,86.1,20.1,978.5,Colluvium,MODERATE_RISK
2,11.4076,76.105,806.6,37.5,10.3,16.1,10.8,78.3,25.2,1021.0,Laterite,SAFE
7,10.1422,77.035,1735.5,9.0,46.0,32.9,24.5,67.6,34.1,946.1,Colluvium,SAFE
4,31.101,77.1777,2254.1,49.5,84.5,88.1,20.9,48.9,28.6,903.8,Weathered Granite,HIGH_RISK
10,9.6671,76.9361,828.6,47.2,185.74,73.7,16.0,71.3,13.2,949.4,Laterite,HIGH_RISK
2,11.416,76.1044,752.7,8.7,12.2,18.1,23.1,91.2,28.6,953.4,Residual Soil,SAFE
8,12.4437,75.7392,1174.8,12.5,26.7,41.6,17.7,48.0,23.4,929.1,Clay Loam,SAFE
10,10.1631,77.0302,1632.1,37.8,50.8,61.2,21.7,70.8,18.8,935.2,Weathered Granite,MODERATE_RISK
10,9.6949,76.8992,849.0,45.1,161.48,78.8,23.3,57.2,21.4,908.2,Colluvium,HIGH_RISK
5,10.1648,77.0299,1669.3,32.4,48.3,71.7,14.6,91.5,29.4,976.2,Colluvium,MODERATE_RISK
6,11.3656,76.7094,1903.8,15.7,44.6,16.6,14.7,67.0,27.4,951.1,Clay Loam,SAFE
6,26.1596,91.7032,382.4,30.6,9.41,14.4,23.3,91.8,26.6,957.5,Clay Loam,SAFE
5,26.8961,88.1813,1723.6,38.0,13.86,14.7,22.2,93.4,7.3,982.9,Laterite,SAFE
4,26.8792,88.1847,1730.2,33.2,174.29,90.2,24.7,87.0,22.8,963.5,Laterite,HIGH_RISK
6,11.4064,76.1175,852.6,37.9,47.3,51.9,12.9,92.6,9.6,902.6,Laterite,MODERATE_RISK
8,11.5225,76.1476,970.2,40.3,7.8,29.0,23.4,89.2,17.4,954.7,Colluvium,SAFE
7,32.248,77.1821,2038.8,47.8,17.4,28.5,19.8,48.9,28.9,967.1,Colluvium,SAFE
3,32.2531,77.1854,2027.6,46.8,136.57,79.7,22.6,50.0,29.5,960.4,Colluvium,HIGH_RISK
3,11.5612,76.1298,937.4,37.8,44.5,67.7,11.7,65.0,24.8,1023.1,Colluvium,MODERATE_RISK
8,11.5261,76.1182,948.0,47.2,145.8,91.9,24.8,76.5,13.6,894.9,Colluvium,HIGH_RISK
9,32.2525,77.1708,2079.7,41.1,16.3,27.6,26.4,46.1,30.3,985.5,Colluvium,SAFE
5,17.9424,73.6708,1328.8,37.5,31.5,63.6,18.3,96.9,13.8,959.2,Laterite,MODERATE_RISK
5,30.5565,79.5516,1879.9,39.5,17.6,37.3,21.3,54.8,13.9,965.8,Weathered Granite,SAFE
10,17.9615,73.5721,646.6,40.2,15.4,46.5,20.1,69.9,30.2,1029.2,Colluvium,SAFE
7,11.4312,76.1077,825.6,40.4,178.4,70.5,19.0,58.6,16.1,949.7,Weathered Granite,HIGH_RISK
1,26.1673,91.7039,501.2,11.6,30.64,62.9,11.9,69.8,14.3,928.3,Clay Loam,SAFE
5,32.2599,77.2062,2067.0,36.6,56.3,63.7,15.2,93.5,31.5,949.7,Sandy Loam,MODERATE_RISK
2,11.5156,76.1199,1028.3,37.4,51.1,69.3,20.9,88.5,8.3,939.9,Residual Soil,MODERATE_RISK
8,17.94,73.6434,1388.1,11.8,32.6,27.9,13.6,74.6,7.9,978.5,Clay Loam,SAFE
7,11.5693,76.1281,912.9,43.8,178.81,81.6,13.7,75.1,26.5,983.3,Colluvium,HIGH_RISK
8,10.1586,77.0128,1643.7,33.2,45.1,71.9,18.8,86.3,34.1,969.3,Colluvium,MODERATE_RISK
5,9.7024,76.9355,829.0,46.0,147.0,92.7,22.0,68.2,27.6,981.8,Colluvium,HIGH_RISK
7,31.1126,77.1692,2296.7,34.1,53.6,71.1,18.3,56.2,9.3,899.7,Clay Loam,MODERATE_RISK
5,17.9177,73.6718,1374.5,37.8,51.9,70.5,19.4,80.3,12.5,916.0,Colluvium,MODERATE_RISK
8,10.1691,77.0141,1777.7,37.0,37.35,57.7,25.3,61.1,13.4,893.6,Weathered Granite,MODERATE_RISK
10,32.2418,77.1996,2010.5,39.8,9.9,40.8,20.7,59.3,22.0,953.3,Colluvium,SAFE
1,9.6881,76.9153,865.3,45.3,101.48,94.9,22.1,75.7,25.3,952.6,Laterite,HIGH_RISK
2,11.5468,76.1377,877.8,32.7,44.72,51.3,19.2,94.4,23.1,880.5,Colluvium,MODERATE_RISK
10,17.9298,73.6471,1346.0,37.8,11.83,47.5,24.5,96.0,26.7,1003.0,Laterite,SAFE
1,26.1799,91.6962,486.6,36.1,104.4,91.8,14.3,90.9,10.1,916.2,Clay Loam,HIGH_RISK
4,30.5708,79.5586,1861.2,48.2,174.57,74.5,15.2,61.4,21.5,896.3,Weathered Granite,HIGH_RISK
5,11.3966,76.7088,1919.4,28.9,52.3,68.8,20.8,80.6,19.6,956.3,Weathered Granite,MODERATE_RISK
10,32.2313,77.1884,2035.7,46.2,94.5,95.4,17.8,73.3,24.5,952.1,Colluvium,HIGH_RISK
2,11.5566,76.1334,946.4,39.6,131.2,76.6,20.8,92.1,7.2,932.2,Weathered Granite,HIGH_RISK
8,26.8699,88.2025,1723.3,27.3,47.19,63.3,19.1,95.7,14.4,970.1,Laterite,MODERATE_RISK
4,11.5585,76.1428,934.5,33.5,50.4,66.8,22.7,85.5,31.7,900.7,Colluvium,MODERATE_RISK
4,30.5375,79.5646,1858.6,45.0,13.4,25.5,23.8,51.7,8.7,944.8,Weathered Granite,SAFE
3,30.5658,79.5648,1950.1,44.0,17.9,20.8,19.7,62.0,30.2,942.5,Weathered Granite,SAFE
9,10.1405,77.0025,1652.4,33.3,54.8,50.2,16.1,81.2,13.2,950.0,Colluvium,MODERATE_RISK
5,9.6979,76.8986,795.6,17.2,35.31,29.3,19.0,86.1,14.4,953.3,Weathered Granite,SAFE
8,11.5532,76.1462,955.9,14.0,28.16,56.6,20.3,88.8,33.2,943.6,Weathered Granite,SAFE
9,32.2484,77.1765,2067.0,50.2,87.2,92.1,24.8,76.2,25.9,974.3,Colluvium,HIGH_RISK
5,26.1691,91.7,459.2,15.7,48.5,15.6,27.4,73.7,17.9,942.8,Residual Soil,SAFE
9,17.9446,73.6746,1332.2,38.2,135.9,72.4,17.6,92.1,31.9,954.0,Laterite,HIGH_RISK
3,11.3583,76.7836,1842.2,33.0,57.4,67.2,21.6,97.5,11.0,876.2,Clay Loam,MODERATE_RISK
8,11.5171,76.1255,962.3,39.7,116.8,81.2,19.8,53.0,34.6,908.8,Colluvium,HIGH_RISK
3,11.5149,76.1353,932.2,40.9,118.69,83.5,15.4,48.1,28.0,971.0,Colluvium,HIGH_RISK
8,17.9242,73.6522,1305.5,33.6,12.49,46.5,23.1,62.4,29.2,1012.4,Laterite,SAFE
8,10.176,77.028,1786.4,48.9,174.6,87.4,21.2,52.5,9.4,1010.6,Laterite,HIGH_RISK
5,26.8717,88.1938,1674.0,33.3,5.61,13.1,19.5,84.8,8.9,955.0,Laterite,SAFE
6,31.0935,77.1802,2285.3,35.7,47.03,62.6,23.5,87.9,25.0,951.9,Clay Loam,MODERATE_RISK
5,11.5354,76.1154,984.8,10.8,44.4,34.1,24.7,93.8,32.5,885.8,Clay Loam,SAFE
7,30.5744,79.573,1880.9,38.3,179.8,95.6,15.1,57.3,17.6,982.0,Weathered Granite,HIGH_RISK
4,12.4217,75.7441,1147.7,7.8,41.4,17.3,14.2,83.9,33.1,939.2,Colluvium,SAFE
5,9.6954,76.9294,764.5,40.3,16.3,44.8,26.6,93.0,34.8,974.5,Laterite,SAFE
7,17.9186,73.6533,1358.7,45.4,7.6,17.2,19.8,61.1,13.0,951.3,Laterite,SAFE
2,11.3889,76.7267,1852.9,9.4,36.03,63.6,18.2,95.8,27.4,1035.3,Weathered Granite,SAFE
4,17.9177,73.6607,1357.1,34.0,36.41,53.9,22.4,93.3,31.2,969.2,Laterite,MODERATE_RISK
9,11.5423,76.1274,954.6,32.7,43.12,63.2,16.8,83.7,30.6,887.1,Colluvium,MODERATE_RISK
2,10.1801,77.0309,1824.1,45.3,11.11,24.8,24.7,72.0,6.0,974.6,Weathered Granite,SAFE
1,26.9043,88.174,1707.5,41.1,185.08,88.5,23.5,94.7,24.1,908.4,Clay Loam,HIGH_RISK
10,26.1509,91.6936,464.9,29.9,16.12,30.4,15.3,80.2,11.1,1023.9,Clay Loam,SAFE
3,17.9663,73.5816,614.3,37.7,54.2,58.2,16.5,80.4,11.9,967.2,Colluvium,MODERATE_RISK
5,26.9042,88.167,1674.0,35.0,6.44,39.4,20.4,69.9,8.8,915.4,Laterite,SAFE
6,26.8738,88.1932,1690.7,20.7,56.9,65.5,23.8,92.1,30.8,935.0,Colluvium,MODERATE_RISK
9,11.5235,76.1443,1060.2,44.5,5.5,38.6,27.0,66.0,5.1,908.4,Weathered Granite,SAFE
9,17.9088,73.6566,1400.8,37.0,49.7,57.6,22.8,60.8,31.1,952.6,Colluvium,MODERATE_RISK
1,26.887,88.1742,1709.5,33.4,128.26,95.8,15.2,64.5,23.2,998.1,Laterite,HIGH_RISK
1,10.1687,77.0217,1628.4,36.5,40.98,66.1,25.3,70.2,9.9,914.5,Colluvium,MODERATE_RISK
10,11.571,76.1467,894.0,5.9,29.1,30.0,22.8,49.4,16.5,968.5,Colluvium,SAFE
7,11.5584,76.1168,937.2,41.7,17.2,32.7,24.4,54.8,6.8,1027.4,Colluvium,SAFE
6,17.9395,73.6407,1347.6,10.3,47.9,40.4,24.0,93.6,10.0,993.9,Laterite,SAFE
5,11.4012,76.1201,748.2,34.5,57.2,62.7,22.5,67.6,15.5,925.2,Laterite,MODERATE_RISK
3,11.4035,76.0929,761.4,15.5,45.8,44.2,16.4,77.4,34.3,1050.3,Sandy Loam,SAFE
7,30.5411,79.5703,1881.3,33.4,57.1,45.1,18.3,97.7,20.0,963.6,Weathered Granite,MODERATE_RISK
3,12.4257,75.7295,1130.5,8.6,25.03,56.0,20.6,57.3,31.9,1039.1,Residual Soil,SAFE
7,10.1739,77.005,1748.5,17.3,34.38,30.8,23.6,54.0,13.2,936.4,Residual Soil,SAFE
6,31.1061,77.1841,2294.8,11.2,21.6,27.3,25.5,86.7,15.0,961.0,Sandy Loam,SAFE
3,26.179,91.6876,459.8,12.3,35.75,18.6,17.7,53.3,30.5,979.7,Weathered Granite,SAFE
8,11.3398,76.7761,1835.6,37.3,37.4,70.6,19.3,89.6,20.6,959.9,Weathered Granite,MODERATE_RISK
4,11.5345,76.1313,982.4,12.3,39.88,53.8,17.7,66.7,28.2,1016.5,Clay Loam,SAFE
2,32.2585,77.1704,2046.8,37.3,44.72,72.0,23.8,60.0,8.2,1030.8,Laterite,MODERATE_RISK
7,11.3379,76.8047,1841.1,33.7,50.33,71.4,16.3,56.6,27.7,897.9,Weathered Granite,MODERATE_RISK
10,11.5598,76.1303,961.7,35.3,53.3,68.0,14.9,96.4,25.0,893.1,Colluvium,MODERATE_RISK
2,11.3717,76.8141,1802.9,36.5,48.45,71.3,20.6,84.6,20.2,931.9,Clay Loam,MODERATE_RISK
1,31.1051,77.1691,2260.3,55.1,136.2,91.5,21.4,82.9,32.3,989.7,Clay Loam,HIGH_RISK
8,11.5385,76.1384,944.6,42.9,167.5,88.4,22.5,55.9,29.6,885.7,Weathered Granite,HIGH_RISK
10,10.1758,77.0204,1823.3,32.8,47.52,51.7,21.6,93.4,32.3,937.3,Weathered Granite,MODERATE_RISK
4,9.666,76.9337,853.9,45.1,155.32,93.9,17.4,50.6,21.7,1020.2,Laterite,HIGH_RISK
10,11.5494,76.1333,915.7,38.0,55.2,71.3,17.7,55.9,24.3,922.5,Colluvium,MODERATE_RISK
8,12.4054,75.7379,1180.8,36.9,14.1,38.6,18.7,87.6,20.7,955.6,Residual Soil,SAFE
10,17.971,73.5682,597.6,14.3,43.4,33.4,16.3,61.2,14.8,908.6,Weathered Granite,SAFE
9,11.4036,76.1055,766.8,40.9,148.6,70.3,14.7,48.8,22.8,938.4,Laterite,HIGH_RISK
4,10.1608,77.0192,1624.2,40.0,15.7,34.4,20.3,72.4,22.3,991.0,Colluvium,SAFE
3,17.9455,73.5702,618.1,51.2,120.7,73.9,14.3,69.0,16.9,933.3,Colluvium,HIGH_RISK
6,11.5193,76.1361,1059.7,53.2,140.75,93.3,21.2,61.2,24.2,955.3,Weathered Granite,HIGH_RISK
10,17.9229,73.6775,1386.4,42.0,156.86,76.7,23.0,48.7,24.5,955.8,Colluvium,HIGH_RISK
9,30.5463,79.583,1900.2,34.7,49.2,71.1,19.2,96.3,19.6,1008.7,Weathered Granite,MODERATE_RISK
5,17.9139,73.6704,1327.7,38.0,48.73,71.4,24.1,86.1,21.3,953.7,Colluvium,MODERATE_RISK
3,10.1619,77.0033,1688.0,38.0,43.62,66.5,21.5,62.5,25.9,877.6,Weathered Granite,MODERATE_RISK
7,12.4431,75.747,1177.7,37.0,148.56,95.6,20.8,69.7,33.5,1004.9,Residual Soil,HIGH_RISK
3,10.1649,77.0397,1816.4,35.7,57.6,71.1,18.1,69.9,33.8,976.3,Weathered Granite,MODERATE_RISK
9,10.1636,77.0332,1636.1,37.2,51.98,55.1,24.2,83.4,6.9,948.6,Laterite,MODERATE_RISK
3,31.116,77.1849,2263.3,49.6,14.85,29.4,15.9,57.4,14.5,875.8,Clay Loam,SAFE
2,17.9216,73.6538,1371.5,35.2,53.3,59.0,19.4,82.2,17.5,948.9,Colluvium,MODERATE_RISK
1,10.151,77.0206,1664.0,34.8,55.4,69.6,21.9,69.5,13.2,971.7,Colluvium,MODERATE_RISK
3,11.5664,76.1103,857.8,32.6,50.0,67.0,15.2,92.1,20.0,943.6,Colluvium,MODERATE_RISK
4,26.1795,91.6854,456.2,7.4,31.2,29.7,21.9,75.5,10.6,959.1,Residual Soil,SAFE
9,11.3613,76.7906,1857.9,33.2,46.3,57.0,14.7,88.2,31.0,924.4,Weathered Granite,MODERATE_RISK
6,26.8929,88.1656,1647.4,34.4,54.9,57.4,27.1,81.1,30.2,897.2,Colluvium,MODERATE_RISK
1,9.6919,76.9298,814.2,37.5,45.4,67.8,19.8,79.6,27.2,976.7,Laterite,MODERATE_RISK
10,31.094,77.1779,2283.9,37.7,53.3,57.3,17.2,47.4,11.5,964.7,Weathered Granite,MODERATE_RISK
4,30.5607,79.5747,1854.1,48.9,174.9,77.8,16.6,86.4,33.0,996.0,Weathered Granite,HIGH_RISK
4,10.1378,77.0108,1624.8,37.4,42.68,64.7,19.3,70.0,23.5,849.5,Colluvium,MODERATE_RISK
4,11.5493,76.1394,983.4,43.9,125.2,78.7,16.8,85.2,31.4,1008.0,Colluvium,HIGH_RISK
10,31.094,77.1721,2288.3,48.4,6.0,43.2,20.2,92.1,21.9,893.6,Clay Loam,SAFE
6,10.1397,77.0268,1681.1,45.1,127.05,82.9,22.9,89.6,21.0,933.0,Colluvium,HIGH_RISK
8,10.1458,77.0241,1789.2,36.5,51.7,66.2,20.6,84.4,19.9,875.0,Weathered Granite,MODERATE_RISK
7,11.3741,76.7113,1947.8,39.6,17.5,12.2,19.5,89.3,11.7,869.9,Weathered Granite,SAFE
7,11.3958,76.7024,1938.9,37.1,50.3,59.8,25.3,66.1,15.5,945.1,Weathered Granite,MODERATE_RISK
7,11.4019,76.1157,820.0,4.2,13.8,56.1,12.9,54.2,33.0,913.1,Weathered Granite,SAFE
5,10.162,77.0118,1629.2,37.0,51.4,62.9,21.3,71.0,28.3,883.0,Colluvium,MODERATE_RISK
8,31.0932,77.1842,2309.3,45.7,14.14,20.3,21.2,60.0,8.0,903.4,Clay Loam,SAFE
4,11.3715,76.7179,1901.9,44.6,159.72,85.9,19.3,48.5,10.8,936.5,Weathered Granite,HIGH_RISK
3,17.9459,73.5906,667.3,43.9,4.68,19.5,21.6,58.0,9.0,881.1,Colluvium,SAFE
4,11.5415,76.1127,983.5,42.6,12.1,23.2,25.8,55.7,19.6,958.5,Colluvium,SAFE
8,17.9359,73.5934,621.5,38.0,29.6,69.1,29.6,81.5,21.4,976.2,Colluvium,MODERATE_RISK
6,11.3429,76.8143,1841.8,35.5,114.5,90.7,20.0,51.6,12.6,943.7,Weathered Granite,HIGH_RISK
5,11.3981,76.1216,794.7,15.1,36.9,40.5,25.9,57.1,19.7,954.1,Laterite,SAFE
5,11.3434,76.8085,1870.4,17.7,41.3,26.8,20.6,48.7,22.4,983.9,Sandy Loam,SAFE
5,32.2355,77.2043,2074.0,31.4,53.0,66.4,23.0,55.8,32.6,949.5,Weathered Granite,MODERATE_RISK
2,11.4019,76.6947,1885.1,37.9,43.8,50.1,18.1,84.6,33.4,924.9,Sandy Loam,MODERATE_RISK
8,11.5632,76.116,909.4,43.6,132.17,75.2,19.5,46.6,22.7,917.6,Weathered Granite,HIGH_RISK
8,17.9473,73.5825,599.4,43.7,7.5,32.2,20.7,62.7,15.2,1024.2,Colluvium,SAFE
6,17.9542,73.5696,543.8,41.1,147.6,81.3,20.3,89.2,20.6,954.0,Colluvium,HIGH_RISK
3,30.5462,79.5669,1869.7,30.6,46.91,70.3,19.5,95.6,12.7,961.3,Weathered Granite,MODERATE_RISK
10,10.1653,77.0278,1690.3,42.2,178.6,82.1,28.4,66.6,26.2,892.1,Colluvium,HIGH_RISK
5,10.1584,77.0266,1701.2,47.7,179.03,82.9,15.9,79.2,5.3,1000.5,Laterite,HIGH_RISK
6,9.6636,76.93,850.1,38.6,118.7,95.7,12.4,94.4,13.1,910.9,Laterite,HIGH_RISK
8,17.9708,73.5791,634.5,9.2,16.0,46.6,24.7,73.1,25.5,929.0,Colluvium,SAFE
4,17.9425,73.6603,1352.0,42.4,150.9,74.7,16.8,74.7,31.7,944.2,Laterite,HIGH_RISK
7,12.4155,75.7501,1168.9,10.1,24.6,41.5,15.2,57.3,8.9,908.3,Residual Soil,SAFE
2,26.1631,91.6917,464.5,36.0,162.25,88.9,17.0,65.1,5.5,970.8,Colluvium,HIGH_RISK
4,12.4422,75.7438,1161.0,31.0,11.6,43.9,14.4,53.8,15.8,874.7,Residual Soil,SAFE
10,11.5469,76.1457,885.8,31.2,51.9,70.5,22.4,60.6,31.2,944.0,Colluvium,MODERATE_RISK
3,17.9422,73.5825,559.2,42.9,104.28,89.8,16.9,84.6,19.8,888.9,Colluvium,HIGH_RISK
2,11.5498,76.1432,923.9,36.2,169.78,77.6,21.8,54.4,7.4,925.4,Colluvium,HIGH_RISK
8,31.1098,77.174,2348.5,52.9,10.0,28.6,20.5,49.2,26.7,921.5,Clay Loam,SAFE
2,32.2408,77.1794,2091.6,33.7,41.4,62.9,17.6,86.6,7.0,965.4,Colluvium,MODERATE_RISK
2,11.3986,76.7125,1913.9,12.2,27.0,48.0,13.5,93.9,20.0,953.3,Laterite,SAFE
3,11.426,76.0877,815.7,36.5,51.2,71.9,19.8,67.2,10.0,918.9,Colluvium,MODERATE_RISK
8,11.3879,76.7213,1964.9,42.3,84.92,94.4,18.0,70.8,31.5,977.8,Weathered Granite,HIGH_RISK
10,17.9695,73.5825,618.9,50.9,139.1,87.1,18.2,65.0,10.3,956.8,Colluvium,HIGH_RISK
10,11.4022,76.1115,766.7,38.8,124.2,85.6,23.5,84.3,28.4,993.1,Laterite,HIGH_RISK
2,11.5387,76.1217,1019.6,36.9,53.1,65.3,17.6,53.3,14.5,917.4,Colluvium,MODERATE_RISK
4,17.9162,73.6513,1341.7,35.7,50.9,54.3,14.3,94.1,33.9,971.1,Laterite,MODERATE_RISK
9,10.1449,77.0223,1744.7,32.1,53.8,51.7,20.3,97.7,26.6,982.1,Weathered Granite,MODERATE_RISK
8,32.2579,77.1771,2084.7,52.9,134.03,73.8,21.4,83.8,30.1,895.5,Colluvium,HIGH_RISK
1,9.7017,76.9218,829.5,45.5,158.4,81.1,13.9,61.0,11.8,897.9,Laterite,HIGH_RISK
3,11.5696,76.1184,927.5,40.6,16.8,18.0,26.4,74.3,11.4,894.3,Colluvium,SAFE
6,10.158,77.013,1735.9,37.3,48.45,69.0,17.5,65.6,9.2,940.5,Weathered Granite,MODERATE_RISK
9,10.1491,77.0377,1791.6,49.3,10.78,12.6,26.3,51.2,34.6,830.6,Weathered Granite,SAFE
1,10.159,77.0085,1652.8,36.4,51.7,71.5,21.8,59.9,6.3,1008.2,Weathered Granite,MODERATE_RISK
1,10.1686,77.0022,1656.5,12.5,48.8,38.9,16.9,60.4,13.1,996.7,Residual Soil,SAFE
5,10.1449,77.0037,1661.2,36.3,32.62,65.5,19.0,90.8,14.9,972.1,Colluvium,MODERATE_RISK
8,17.9418,73.6016,634.9,36.4,52.5,63.5,22.4,81.0,21.1,931.6,Colluvium,MODERATE_RISK
5,30.5395,79.5705,1861.7,14.1,32.3,33.6,17.8,60.7,14.7,942.7,Residual Soil,SAFE
6,10.1669,77.0107,1616.7,48.4,107.9,91.5,23.7,65.1,34.2,1031.0,Weathered Granite,HIGH_RISK
1,9.6684,76.9365,803.5,34.2,44.3,66.2,24.3,66.7,19.2,930.9,Laterite,MODERATE_RISK
1,32.2511,77.1934,2061.8,51.9,136.3,83.6,19.9,60.5,17.0,909.4,Colluvium,HIGH_RISK
2,11.544,76.1159,948.4,36.5,58.0,71.2,14.2,97.3,23.5,913.1,Clay Loam,MODERATE_RISK
6,11.5107,76.163,1061.1,52.4,177.9,74.0,19.6,47.2,23.3,1018.7,Weathered Granite,HIGH_RISK
2,11.3793,76.7187,1924.5,37.4,47.36,67.0,18.8,63.6,10.2,997.8,Weathered Granite,MODERATE_RISK
5,10.1464,77.0164,1663.6,37.4,34.1,49.1,22.7,87.5,33.8,964.4,Colluvium,MODERATE_RISK
8,11.3397,76.8136,1871.1,33.6,42.1,71.5,17.9,87.3,20.2,938.4,Weathered Granite,MODERATE_RISK
5,10.1646,77.0154,1790.2,43.8,12.87,38.2,22.5,87.2,27.1,1021.1,Weathered Granite,SAFE
7,11.397,76.1059,794.5,34.3,43.9,66.1,23.3,89.4,21.0,961.1,Laterite,MODERATE_RISK
2,11.3707,76.7826,1851.1,37.9,47.14,47.6,22.7,94.0,12.1,906.7,Colluvium,MODERATE_RISK
6,10.1428,77.0106,1796.1,33.7,49.8,53.3,13.5,96.6,19.1,904.5,Weathered Granite,MODERATE_RISK
5,26.877,88.1656,1640.8,36.7,131.3,85.9,26.0,95.3,30.3,898.2,Laterite,HIGH_RISK
10,10.1516,77.0046,1652.1,9.4,49.2,17.8,8.8,92.8,12.8,964.2,Laterite,SAFE
5,32.2506,77.1699,2096.0,40.0,14.08,24.3,21.7,50.9,30.2,1023.9,Colluvium,SAFE
1,10.1605,77.01,1755.2,37.1,50.2,66.3,17.2,85.8,16.4,994.8,Laterite,MODERATE_RISK
2,17.9529,73.598,599.1,16.7,49.8,45.1,13.0,58.6,11.5,952.7,Laterite,SAFE
1,11.403,76.714,1887.1,41.1,9.62,24.2,19.5,87.9,16.2,912.4,Weathered Granite,SAFE
5,31.1186,77.1709,2305.1,16.2,47.5,39.6,26.1,71.3,13.0,938.7,Weathered Granite,SAFE
1,10.1603,77.0223,1716.3,4.5,17.4,31.7,23.7,58.3,30.7,940.2,Colluvium,SAFE
8,10.161,77.0162,1776.0,47.4,184.69,89.0,18.6,60.6,11.0,969.2,Weathered Granite,HIGH_RISK
9,17.959,73.581,608.8,14.7,38.5,61.8,22.4,45.2,9.9,896.6,Sandy Loam,SAFE
4,17.9482,73.5741,647.6,44.1,6.77,31.7,24.2,76.2,33.2,900.2,Colluvium,SAFE
9,9.6773,76.917,743.1,36.7,55.0,68.7,17.4,97.1,19.7,925.7,Laterite,MODERATE_RISK
8,11.3773,76.6944,1917.3,37.7,54.0,59.7,17.5,46.7,7.5,1003.8,Weathered Granite,MODERATE_RISK
10,11.4003,76.7098,1932.7,44.7,8.1,40.5,23.4,62.0,26.4,866.6,Weathered Granite,SAFE
10,11.4022,76.7137,1968.9,13.0,47.2,60.4,16.0,74.7,13.7,968.6,Laterite,SAFE
7,10.1591,77.03,1635.5,43.4,10.78,10.5,21.1,59.8,9.1,933.2,Colluvium,SAFE
5,17.9414,73.5777,582.1,47.7,116.7,74.8,23.7,92.8,21.7,1022.6,Colluvium,HIGH_RISK
8,17.965,73.5999,596.5,37.9,31.35,70.7,19.3,84.4,5.5,902.4,Colluvium,MODERATE_RISK
9,11.5594,76.1085,863.7,43.6,10.6,47.1,17.0,56.7,21.9,953.9,Colluvium,SAFE
6,26.1652,91.6993,474.0,12.1,41.9,56.0,21.3,74.9,7.4,1023.5,Sandy Loam,SAFE
10,9.6937,76.9074,818.7,10.8,35.3,58.1,18.8,77.7,14.5,922.5,Sandy Loam,SAFE
10,11.5511,76.1283,953.5,47.8,142.7,81.1,22.3,94.9,27.2,911.7,Colluvium,HIGH_RISK
7,11.4256,76.1014,770.7,33.4,55.4,68.2,16.3,82.6,26.2,948.6,Laterite,MODERATE_RISK
7,11.5125,76.1384,961.6,32.1,49.6,66.8,13.6,90.1,17.0,949.8,Colluvium,MODERATE_RISK
4,26.8769,88.1814,1709.2,32.6,13.7,42.8,21.7,69.9,9.8,929.1,Laterite,SAFE
6,11.5624,76.1316,928.7,34.4,180.34,91.0,20.6,53.8,7.9,966.4,Colluvium,HIGH_RISK
3,11.3653,76.7121,1888.8,38.2,13.0,47.2,17.7,46.7,14.9,928.0,Weathered Granite,SAFE
2,31.1211,77.1699,2314.1,44.9,185.79,78.1,24.9,57.2,15.2,926.2,Weathered Granite,HIGH_RISK
2,11.3633,76.7838,1834.0,8.7,25.69,43.6,24.8,82.8,14.6,910.3,Colluvium,SAFE
4,11.5208,76.1219,964.9,47.2,139.87,85.3,16.3,62.3,12.9,978.9,Colluvium,HIGH_RISK
8,32.2512,77.1879,2026.8,41.2,136.5,72.1,29.3,50.5,28.5,922.5,Colluvium,HIGH_RISK
6,12.4201,75.7239,1157.7,42.4,161.9,88.9,13.2,63.5,28.0,934.7,Residual Soil,HIGH_RISK
5,17.9357,73.6019,614.3,52.3,119.5,88.2,16.2,85.4,8.5,943.9,Colluvium,HIGH_RISK
5,10.1394,77.0319,1642.0,30.5,37.29,63.5,27.1,96.4,8.1,894.8,Colluvium,MODERATE_RISK
5,30.5625,79.5846,1884.4,40.8,94.0,84.4,16.3,79.0,8.2,1016.0,Weathered Granite,HIGH_RISK
1,17.9714,73.6015,593.4,7.9,27.6,37.4,26.1,75.9,17.7,958.2,Residual Soil,SAFE
2,11.3426,76.7834,1831.0,36.3,10.1,28.9,18.4,73.2,31.4,1016.3,Weathered Granite,SAFE
3,11.5367,76.1427,1144.5,15.2,20.79,37.5,18.3,69.9,21.9,953.5,Laterite,SAFE
2,11.523,76.1599,1003.9,36.6,57.9,71.5,22.0,61.3,27.8,941.0,Weathered Granite,MODERATE_RISK
8,17.9297,73.649,1357.7,37.5,51.87,48.4,24.2,97.3,11.7,920.6,Laterite,MODERATE_RISK
7,11.3413,76.8127,1828.5,36.4,57.7,55.5,22.4,86.4,26.1,992.5,Weathered Granite,MODERATE_RISK
1,10.1509,77.0143,1757.4,45.7,132.9,75.2,22.9,84.7,17.5,947.1,Laterite,HIGH_RISK
4,17.9593,73.5848,633.4,35.4,51.8,69.6,20.6,94.8,16.3,955.3,Colluvium,MODERATE_RISK
3,17.9259,73.6667,1347.3,41.0,168.4,77.6,25.7,87.9,13.7,985.5,Laterite,HIGH_RISK
8,11.54,76.1255,965.6,29.9,49.9,69.8,15.5,92.3,33.2,875.6,Colluvium,MODERATE_RISK
3,17.9087,73.6607,1351.1,34.8,16.6,44.4,14.4,70.0,18.8,964.9,Laterite,SAFE
6,26.16,91.6879,409.6,31.0,4.6,25.2,20.3,96.7,30.5,944.4,Clay Loam,SAFE
8,11.3518,76.8007,1861.4,17.4,27.2,57.3,22.8,45.9,18.2,999.1,Weathered Granite,SAFE
5,31.0888,77.1615,2257.7,36.2,49.17,70.1,20.7,85.8,24.9,931.9,Clay Loam,MODERATE_RISK
10,32.2374,77.208,2057.3,52.5,114.3,78.1,18.0,93.6,10.9,976.5,Colluvium,HIGH_RISK
7,10.1331,77.0299,1633.0,9.0,43.8,40.3,21.2,87.1,31.5,863.7,Sandy Loam,SAFE
6,17.9201,73.6406,1392.1,33.8,13.5,20.5,20.2,85.4,21.1,930.9,Laterite,SAFE
4,30.5396,79.5652,1911.3,34.2,44.8,47.5,20.4,96.6,24.3,962.8,Weathered Granite,MODERATE_RISK
9,26.8813,88.2023,1663.4,29.3,5.8,22.0,14.7,75.6,34.5,865.1,Laterite,SAFE
6,9.6936,76.9207,835.5,8.7,38.28,57.3,17.1,59.7,33.8,955.8,Colluvium,SAFE
5,17.965,73.5733,658.7,9.3,19.4,33.9,18.9,53.9,33.4,885.1,Clay Loam,SAFE
9,11.5194,76.1513,999.0,49.6,121.33,85.6,29.1,60.2,23.8,889.4,Weathered Granite,HIGH_RISK
8,26.1675,91.698,473.6,35.7,56.8,58.6,21.7,80.6,26.9,949.3,Laterite,MODERATE_RISK
7,31.0951,77.1859,2284.9,51.0,118.6,73.8,21.3,72.5,20.0,983.9,Clay Loam,HIGH_RISK
8,11.529,76.1426,1038.6,31.2,43.5,71.5,17.6,87.8,9.3,897.6,Weathered Granite,MODERATE_RISK
4,11.5361,76.1261,1057.4,36.8,46.15,56.5,20.0,80.8,10.8,948.6,Weathered Granite,MODERATE_RISK
2,11.5551,76.146,857.6,35.8,171.6,89.2,20.0,83.8,27.3,927.9,Colluvium,HIGH_RISK
6,30.5487,79.5666,1849.7,46.3,15.02,35.9,23.4,67.0,7.5,915.7,Weathered Granite,SAFE
1,11.4202,76.1147,784.8,43.5,163.08,78.0,23.4,97.7,5.7,966.4,Laterite,HIGH_RISK
6,9.6724,76.9075,789.5,37.7,52.8,65.2,15.3,89.5,28.3,987.6,Laterite,MODERATE_RISK
4,9.6715,76.9157,814.2,41.8,103.3,72.1,17.8,91.6,29.7,890.1,Laterite,HIGH_RISK
4,30.5554,79.5661,1889.4,49.5,95.9,78.2,24.2,54.0,22.2,945.5,Weathered Granite,HIGH_RISK
4,12.4134,75.7537,1147.2,34.9,15.07,28.6,21.5,64.7,18.1,954.3,Residual Soil,SAFE
3,10.1604,77.0073,1668.8,31.3,44.22,52.4,13.4,88.2,34.7,962.5,Colluvium,MODERATE_RISK
5,10.1754,77.0428,1774.5,49.6,107.2,85.0,16.6,85.2,33.4,969.1,Weathered Granite,HIGH_RISK
3,11.5295,76.1465,1011.1,50.6,163.29,92.9,24.9,76.0,14.9,926.4,Weathered Granite,HIGH_RISK
2,11.5679,76.1273,940.7,41.7,13.31,14.8,24.4,83.4,19.8,996.7,Colluvium,SAFE
10,17.9259,73.6551,1296.6,32.2,12.6,30.6,21.3,73.2,8.5,987.0,Laterite,SAFE
8,30.5634,79.5697,1887.3,39.0,13.7,35.9,15.1,46.7,8.6,927.8,Weathered Granite,SAFE
10,11.5312,76.1529,1106.0,49.7,102.0,71.9,22.5,85.3,6.7,956.3,Weathered Granite,HIGH_RISK
10,10.1465,77.0415,1782.4,36.1,39.33,69.5,20.9,67.3,8.4,985.5,Weathered Granite,MODERATE_RISK
9,26.1853,91.7009,447.8,37.0,148.1,86.6,17.7,69.7,28.9,914.8,Clay Loam,HIGH_RISK
4,30.5755,79.5754,1836.5,47.8,175.9,92.3,26.0,86.9,11.8,909.7,Weathered Granite,HIGH_RISK
7,11.3551,76.7995,1821.5,35.3,52.5,71.8,19.2,81.7,9.9,948.8,Weathered Granite,MODERATE_RISK
1,17.94,73.6553,1378.2,34.2,48.3,45.4,13.2,82.0,29.4,868.6,Laterite,MODERATE_RISK
8,11.3373,76.8009,1873.7,36.5,45.43,51.6,20.6,96.6,16.7,858.9,Weathered Granite,MODERATE_RISK
2,17.9676,73.5778,629.1,13.1,23.2,50.4,18.9,65.8,20.1,968.4,Residual Soil,SAFE
6,26.8952,88.1767,1668.4,17.3,22.0,45.6,18.5,89.3,20.3,989.9,Sandy Loam,SAFE
2,17.9419,73.6773,1334.8,41.9,171.6,91.6,21.3,68.0,8.4,924.2,Laterite,HIGH_RISK
3,11.5733,76.1407,948.3,37.8,43.34,50.0,24.3,91.9,32.6,965.1,Laterite,MODERATE_RISK
5,30.5412,79.5655,1838.8,43.9,168.47,83.6,16.8,46.8,33.6,994.9,Weathered Granite,HIGH_RISK
1,12.4154,75.7322,1147.7,12.0,30.41,43.8,21.7,63.4,24.7,894.5,Clay Loam,SAFE
8,31.1023,77.1602,2327.1,50.4,135.58,76.4,19.7,50.9,6.7,880.3,Clay Loam,HIGH_RISK
7,11.5692,76.1165,888.7,36.0,10.62,27.8,16.7,56.9,15.0,883.6,Colluvium,SAFE
3,32.2545,77.1849,2056.6,38.0,40.4,53.6,21.6,93.1,24.7,976.6,Colluvium,MODERATE_RISK
10,11.5499,76.1272,872.5,37.1,2.7,21.8,23.0,81.8,30.8,911.3,Colluvium,SAFE
9,11.3584,76.8097,1837.9,35.2,55.3,47.0,23.1,75.8,13.5,995.9,Weathered Granite,MODERATE_RISK
7,32.2571,77.1993,2046.1,49.5,166.65,73.0,14.7,83.8,23.8,1002.9,Colluvium,HIGH_RISK
1,11.5719,76.1118,884.0,37.9,14.91,20.0,19.8,95.3,12.4,899.3,Colluvium,SAFE
8,31.0882,77.1714,2298.5,51.9,16.3,34.3,22.6,71.2,31.8,926.0,Clay Loam,SAFE
10,26.1666,91.703,465.7,36.1,11.06,41.3,25.7,80.7,22.4,915.9,Clay Loam,SAFE
4,11.3732,76.7116,1894.0,40.9,11.06,32.6,15.6,77.5,6.9,932.2,Weathered Granite,SAFE
2,10.1587,77.0292,1776.6,34.6,48.84,46.5,19.3,85.1,29.5,956.6,Weathered Granite,MODERATE_RISK
3,10.1744,77.0352,1764.4,48.7,145.3,84.2,16.0,80.9,18.1,959.8,Weathered Granite,HIGH_RISK
6,32.2351,77.1982,2026.5,37.2,46.3,63.8,19.6,85.1,30.8,923.7,Laterite,MODERATE_RISK
1,11.3846,76.7212,1946.1,32.7,56.3,71.2,19.1,95.0,19.4,987.5,Weathered Granite,MODERATE_RISK
2,11.3535,76.7799,1826.9,36.8,9.46,24.3,19.4,54.0,28.6,928.1,Weathered Granite,SAFE
7,12.414,75.7357,1141.0,33.8,5.9,10.2,20.2,48.9,6.0,961.4,Residual Soil,SAFE
8,30.5705,79.5479,1874.4,35.1,12.6,39.8,13.0,67.3,10.8,998.9,Weathered Granite,SAFE
10,26.8905,88.1733,1700.5,11.9,24.7,42.2,20.7,57.8,32.0,947.3,Colluvium,SAFE
4,26.8859,88.2004,1695.4,25.4,16.39,21.1,16.2,56.8,34.9,990.7,Laterite,SAFE
3,10.1409,77.0249,1631.5,8.9,5.9,42.5,17.9,53.2,16.0,948.9,Weathered Granite,SAFE
1,26.1836,91.7103,419.8,35.6,160.7,90.2,18.1,76.2,29.5,894.4,Clay Loam,HIGH_RISK
2,30.5558,79.5834,1859.2,38.8,13.59,10.2,24.2,52.9,30.7,965.9,Weathered Granite,SAFE
5,11.5106,76.162,1094.8,36.8,56.0,47.1,24.7,71.2,30.2,923.1,Weathered Granite,MODERATE_RISK
10,11.3942,76.6938,1983.7,38.4,117.04,77.9,18.9,50.2,12.5,1046.7,Weathered Granite,HIGH_RISK
4,26.893,88.2005,1710.4,38.8,11.8,18.7,18.7,46.1,12.0,969.8,Laterite,SAFE
3,11.3614,76.7947,1843.9,37.7,42.3,50.5,25.6,88.7,15.0,999.4,Weathered Granite,MODERATE_RISK
4,11.4044,76.715,1873.6,36.8,57.9,59.6,20.4,68.3,12.5,1006.1,Weathered Granite,MODERATE_RISK
5,11.3698,76.7874,1908.6,37.1,46.7,65.9,19.1,52.8,9.5,1033.4,Weathered Granite,MODERATE_RISK
6,10.1519,77.0443,1798.5,44.7,3.3,18.2,24.2,93.6,33.7,871.6,Weathered Granite,SAFE
10,11.4245,76.0928,794.2,37.1,13.04,28.3,18.7,88.4,23.5,970.5,Laterite,SAFE
6,9.6801,76.9316,827.1,40.4,157.08,87.4,14.6,86.6,20.2,926.1,Laterite,HIGH_RISK
4,11.3381,76.8108,1853.7,12.1,33.6,27.6,16.8,52.4,31.5,943.6,Clay Loam,SAFE
3,31.123,77.1811,2297.6,50.0,163.84,77.7,22.0,91.4,6.6,951.3,Clay Loam,HIGH_RISK
5,31.1195,77.1652,2292.2,55.7,101.26,71.7,14.3,88.5,29.6,888.5,Clay Loam,HIGH_RISK
10,11.3757,76.7253,1931.7,37.2,38.0,59.2,20.6,52.9,11.6,867.3,Weathered Granite,MODERATE_RISK
9,11.3887,76.7019,1888.1,15.2,30.4,27.6,24.7,63.5,5.9,995.8,Weathered Granite,SAFE
6,31.0962,77.1633,2239.4,37.1,56.6,71.1,22.9,90.9,22.8,908.7,Sandy Loam,MODERATE_RISK
5,11.3878,76.7216,1911.5,4.2,40.98,34.8,19.5,69.6,30.2,893.5,Colluvium,SAFE
5,17.9534,73.5942,619.7,48.7,146.7,75.8,19.3,81.1,18.7,930.5,Colluvium,HIGH_RISK
1,11.3641,76.815,1834.4,36.3,47.19,69.0,29.2,82.2,24.1,938.7,Weathered Granite,MODERATE_RISK
4,9.6848,76.9279,814.2,36.4,16.8,15.5,12.1,96.3,25.2,975.6,Laterite,SAFE
1,31.1006,77.1662,2255.7,52.2,94.05,85.9,23.5,59.7,19.7,877.2,Clay Loam,HIGH_RISK
6,31.1007,77.1778,2249.4,44.1,169.07,82.7,15.0,45.5,19.8,1028.8,Clay Loam,HIGH_RISK
6,11.5406,76.1437,970.7,46.0,152.29,94.6,21.9,88.2,8.7,951.7,Colluvium,HIGH_RISK
2,11.5421,76.1299,911.8,37.9,7.15,15.0,21.7,48.6,8.2,920.0,Colluvium,SAFE
5,11.3359,76.786,1875.1,35.1,50.8,63.4,29.5,96.5,27.2,946.7,Weathered Granite,MODERATE_RISK
7,10.1817,77.0354,1786.6,37.3,57.4,61.6,15.4,50.2,32.5,926.5,Weathered Granite,MODERATE_RISK
3,10.1433,77.0142,1626.9,35.7,54.2,52.2,25.9,84.2,9.6,972.9,Weathered Granite,MODERATE_RISK
3,26.1691,91.7026,497.7,37.7,48.9,56.4,11.8,81.6,16.8,919.5,Laterite,MODERATE_RISK
10,11.4242,76.1133,807.1,35.0,44.7,63.5,21.7,93.5,23.9,924.3,Laterite,MODERATE_RISK
6,11.4145,76.1074,796.3,37.6,12.65,45.2,17.9,72.6,13.3,918.2,Laterite,SAFE
6,30.5435,79.5726,1851.7,37.8,48.18,67.2,22.4,46.7,11.1,872.5,Weathered Granite,MODERATE_RISK
7,26.9046,88.1674,1703.4,39.1,179.41,93.2,15.9,69.9,7.8,926.9,Laterite,HIGH_RISK
8,11.3666,76.7105,1905.2,30.5,45.0,71.4,16.4,82.7,32.7,919.5,Weathered Granite,MODERATE_RISK
4,32.2267,77.1802,2066.7,45.6,115.23,88.8,19.3,96.8,31.5,931.2,Colluvium,HIGH_RISK
3,10.1582,77.0171,1776.0,28.2,43.8,49.9,21.1,95.1,11.6,954.3,Clay Loam,MODERATE_RISK
4,17.9069,73.6543,1329.6,37.1,43.45,69.6,25.5,92.8,8.8,950.1,Laterite,MODERATE_RISK
10,11.3745,76.7155,1923.0,32.0,51.8,66.7,25.1,84.1,31.1,938.0,Laterite,MODERATE_RISK
3,11.4044,76.1146,790.1,37.4,3.6,18.1,19.3,49.3,28.1,924.2,Laterite,SAFE
6,11.3972,76.1011,778.8,39.0,174.84,93.1,19.1,79.0,33.5,937.8,Laterite,HIGH_RISK
9,17.9401,73.6615,1340.6,35.2,49.8,68.0,20.5,96.1,16.5,975.9,Laterite,MODERATE_RISK
10,9.6884,76.9282,804.9,47.7,157.52,84.6,27.0,48.4,29.7,1000.8,Laterite,HIGH_RISK
1,10.1593,77.0139,1593.3,42.0,154.33,78.7,20.6,96.3,13.9,921.1,Colluvium,HIGH_RISK
10,11.3527,76.7779,1781.8,15.6,35.4,35.0,17.0,81.2,17.2,1007.9,Clay Loam,SAFE
7,26.159,91.6988,426.8,14.7,18.1,53.9,14.7,68.4,30.6,953.3,Colluvium,SAFE
4,11.5269,76.1541,1102.4,46.2,15.0,47.7,16.1,68.5,21.8,964.4,Weathered Granite,SAFE
4,9.6686,76.9187,818.3,40.2,5.8,41.4,16.1,88.2,27.7,990.1,Laterite,SAFE
6,11.418,76.0997,799.3,11.1,24.7,35.9,16.8,51.6,23.9,948.3,Residual Soil,SAFE
5,11.533,76.1503,1015.7,36.7,55.8,68.4,22.4,94.7,12.2,1030.0,Weathered Granite,MODERATE_RISK
8,12.4224,75.7534,1149.4,32.6,12.8,31.9,24.3,60.5,33.7,997.9,Residual Soil,SAFE
7,10.157,77.0139,1597.8,37.7,48.0,55.8,17.2,97.4,5.5,893.3,Colluvium,MODERATE_RISK
7,26.9072,88.197,1639.0,37.4,16.39,40.5,15.5,93.4,13.3,991.4,Laterite,SAFE
1,11.5452,76.1448,921.7,4.1,22.6,53.5,20.8,71.9,9.6,920.4,Sandy Loam,SAFE
2,31.0917,77.1558,2292.7,51.6,6.9,45.9,11.9,82.7,11.3,998.4,Clay Loam,SAFE
2,11.5345,76.1496,1063.8,40.6,4.24,13.7,18.7,87.4,27.6,964.4,Weathered Granite,SAFE
1,26.8958,88.1954,1686.8,37.3,57.7,70.2,20.9,56.2,20.7,982.4,Laterite,MODERATE_RISK
9,11.5649,76.1479,900.0,13.9,46.7,50.3,25.6,80.6,17.5,964.6,Clay Loam,SAFE
9,9.6855,76.9216,882.4,37.2,42.4,46.3,21.9,88.3,32.8,888.1,Laterite,MODERATE_RISK
3,11.3412,76.7919,1833.7,39.7,10.5,28.8,20.8,62.7,5.5,979.3,Weathered Granite,SAFE
3,10.178,77.0222,1797.3,35.7,51.7,59.3,19.3,85.6,14.3,956.1,Weathered Granite,MODERATE_RISK
7,11.3469,76.7757,1885.6,36.7,51.87,61.7,16.5,78.6,22.6,904.2,Weathered Granite,MODERATE_RISK
1,11.5657,76.1401,939.7,43.2,184.19,83.5,23.4,50.4,29.6,948.8,Colluvium,HIGH_RISK
5,11.5739,76.1263,928.8,32.5,50.99,57.0,23.8,93.3,6.8,945.3,Colluvium,MODERATE_RISK
6,17.9231,73.6714,1373.9,44.9,177.7,77.3,14.2,81.2,15.4,975.4,Clay Loam,HIGH_RISK
10,11.3903,76.7073,1942.7,41.6,158.29,94.6,19.1,84.7,34.4,958.1,Colluvium,HIGH_RISK
8,11.3968,76.1018,750.4,37.5,42.79,54.8,19.8,68.2,23.5,981.7,Laterite,MODERATE_RISK
6,11.3572,76.7847,1859.2,42.5,145.4,72.1,9.9,73.8,10.9,911.9,Weathered Granite,HIGH_RISK
1,12.4133,75.7359,1150.4,35.8,12.6,33.2,25.9,46.7,20.2,951.9,Residual Soil,SAFE
3,11.3467,76.8055,1851.3,35.9,54.5,45.8,21.6,50.1,30.2,954.7,Weathered Granite,MODERATE_RISK
4,17.9737,73.5792,641.3,51.7,155.9,71.9,17.3,64.4,18.6,1036.4,Colluvium,HIGH_RISK
9,11.3564,76.7926,1858.9,37.4,42.41,65.0,17.6,84.6,6.5,958.5,Weathered Granite,MODERATE_RISK
3,10.1576,77.0266,1796.5,48.5,165.39,75.1,17.5,48.0,6.5,946.6,Weathered Granite,HIGH_RISK
5,17.9258,73.6781,1336.1,38.9,13.53,28.5,18.4,64.8,32.6,932.4,Laterite,SAFE
6,31.1076,77.1891,2217.9,9.0,21.51,24.6,25.7,80.4,18.5,990.8,Colluvium,SAFE
2,9.6823,76.9135,820.0,17.5,47.2,43.1,21.7,71.5,30.0,983.8,Sandy Loam,SAFE
8,26.1475,91.6817,450.9,32.4,9.3,41.0,9.4,93.8,7.2,859.8,Clay Loam,SAFE
6,10.1525,76.9976,1648.5,32.0,43.1,66.3,16.0,85.9,32.8,1019.5,Weathered Granite,MODERATE_RISK
3,26.1491,91.6956,414.4,28.9,14.69,33.8,26.8,55.8,23.3,945.0,Clay Loam,SAFE
10,11.3428,76.8046,1813.9,36.5,46.1,66.6,21.2,65.4,31.9,949.7,Colluvium,MODERATE_RISK
6,10.1545,77.0131,1655.8,28.2,48.84,71.6,30.8,95.0,27.1,969.6,Colluvium,MODERATE_RISK
9,10.1668,77.0122,1641.3,41.2,169.2,84.0,20.1,66.7,5.6,897.3,Colluvium,HIGH_RISK
2,11.5326,76.1289,1049.3,48.2,136.5,84.6,18.1,82.0,8.9,991.1,Weathered Granite,HIGH_RISK
6,17.9367,73.5709,659.0,35.6,48.6,47.9,18.9,97.7,28.4,897.1,Colluvium,MODERATE_RISK
3,10.1315,77.0351,1693.2,43.4,176.28,89.8,18.7,51.4,14.3,947.3,Colluvium,HIGH_RISK
6,17.9483,73.5727,630.5,34.9,55.8,62.7,19.9,92.0,25.2,872.1,Laterite,MODERATE_RISK
8,31.1068,77.1743,2246.6,8.0,42.5,37.2,15.8,59.7,28.1,990.7,Residual Soil,SAFE
3,10.1412,77.0171,1696.0,13.7,21.2,37.1,14.6,86.3,16.8,940.6,Colluvium,SAFE
6,11.3517,76.8136,1842.2,45.8,178.3,82.3,20.8,55.2,24.0,950.3,Weathered Granite,HIGH_RISK
6,30.541,79.5622,1943.6,35.1,27.7,70.0,16.9,86.6,24.1,904.3,Weathered Granite,MODERATE_RISK
1,32.2361,77.2037,2071.5,11.4,19.2,18.0,15.1,89.2,16.6,996.5,Residual Soil,SAFE
2,17.9443,73.5855,620.0,16.1,37.68,56.1,16.1,60.9,33.6,895.3,Weathered Granite,SAFE
3,32.2325,77.1844,2079.0,44.2,161.2,88.2,17.3,89.2,23.2,867.4,Colluvium,HIGH_RISK
6,31.1089,77.1794,2248.1,49.0,10.7,41.4,21.3,57.5,23.6,903.1,Clay Loam,SAFE
10,17.9439,73.6665,1309.8,15.6,23.5,51.6,24.6,54.8,16.4,1017.7,Residual Soil,SAFE
8,11.5453,76.1364,1025.3,43.2,125.23,83.1,19.8,55.0,13.2,967.5,Colluvium,HIGH_RISK
10,12.4259,75.7185,1192.8,40.1,15.62,44.9,20.1,68.1,18.5,939.3,Residual Soil,SAFE
8,11.5168,76.1248,946.8,37.6,47.8,57.9,15.4,74.5,26.4,914.1,Colluvium,MODERATE_RISK
4,10.1783,77.0433,1809.0,50.1,143.0,92.3,18.2,90.9,20.6,968.2,Weathered Granite,HIGH_RISK
1,12.4278,75.7201,1215.9,8.4,37.62,28.1,23.7,64.6,17.3,998.3,Residual Soil,SAFE
4,31.098,77.177,2249.1,13.2,37.07,39.7,23.6,95.3,26.2,978.5,Laterite,SAFE
3,9.664,76.9211,818.6,37.4,34.4,69.7,19.6,84.4,29.0,912.6,Weathered Granite,MODERATE_RISK
3,9.6737,76.9351,849.2,45.7,125.79,71.5,17.8,76.3,25.4,1038.2,Laterite,HIGH_RISK
2,17.9316,73.6465,1327.8,37.5,38.55,63.5,18.4,92.0,29.3,967.5,Laterite,MODERATE_RISK
10,11.5278,76.1134,942.6,11.1,28.77,37.1,16.9,92.9,22.7,1016.6,Residual Soil,SAFE
2,11.4214,76.1183,817.8,35.7,41.8,63.2,20.5,78.0,17.3,991.1,Laterite,MODERATE_RISK
2,11.5571,76.1462,965.4,36.1,38.45,49.8,15.8,95.1,25.7,980.5,Colluvium,MODERATE_RISK
7,11.5154,76.1327,979.1,42.1,153.9,83.1,22.4,51.0,15.6,943.4,Colluvium,HIGH_RISK
10,10.1319,77.0327,1678.6,46.3,176.2,84.1,14.5,61.5,21.1,970.3,Colluvium,HIGH_RISK
2,10.1447,77.0265,1711.2,11.9,46.6,42.1,30.6,85.6,13.9,943.4,Sandy Loam,SAFE
6,10.1698,77.0425,1780.4,48.5,6.6,25.2,26.2,49.7,11.3,959.7,Weathered Granite,SAFE
6,10.1386,77.0029,1576.7,37.8,40.92,59.8,15.0,94.8,26.7,932.9,Laterite,MODERATE_RISK
4,11.5424,76.1446,909.4,15.2,24.26,32.4,20.7,76.7,10.4,956.9,Sandy Loam,SAFE
2,11.3459,76.792,1873.8,37.8,38.8,58.2,15.3,94.3,15.3,1015.7,Weathered Granite,MODERATE_RISK
6,17.906,73.6769,1349.3,35.8,41.75,68.6,20.9,96.0,13.9,969.8,Laterite,MODERATE_RISK
8,11.3689,76.7912,1904.6,4.4,12.0,62.3,18.4,88.5,12.1,906.7,Clay Loam,SAFE
10,17.971,73.6001,644.8,48.1,143.7,75.4,19.5,95.0,20.6,943.2,Colluvium,HIGH_RISK
2,11.4311,76.1169,804.3,31.3,57.9,47.6,17.7,84.6,12.4,929.1,Colluvium,MODERATE_RISK
2,10.1554,76.9991,1661.7,45.1,128.0,82.1,24.6,60.5,13.1,942.3,Colluvium,HIGH_RISK
10,17.94,73.5765,657.0,33.2,56.2,65.8,27.0,95.6,18.9,891.2,Colluvium,MODERATE_RISK
10,30.5397,79.5612,1851.0,33.8,57.2,63.0,19.2,79.7,20.4,910.2,Weathered Granite,MODERATE_RISK
5,11.5343,76.1491,1010.3,38.0,51.98,69.9,25.7,70.4,14.6,962.8,Colluvium,MODERATE_RISK
4,11.3379,76.7795,1855.1,12.5,32.0,35.3,20.5,82.7,6.8,941.3,Laterite,SAFE
1,11.5483,76.1362,888.0,17.8,44.6,39.3,20.2,96.0,24.1,945.5,Clay Loam,SAFE
7,11.5128,76.126,1062.1,50.0,154.2,87.7,21.4,92.1,21.4,1001.0,Weathered Granite,HIGH_RISK
3,26.9063,88.1844,1645.5,35.5,138.3,82.1,19.0,81.3,12.7,918.6,Laterite,HIGH_RISK
5,26.9011,88.1806,1739.0,35.2,42.52,69.8,17.2,97.4,23.6,1006.3,Colluvium,MODERATE_RISK
9,11.5288,76.1169,1045.3,37.1,30.6,51.1,16.2,89.0,19.7,865.2,Weathered Granite,MODERATE_RISK
6,11.5099,76.1483,1048.9,33.4,49.28,50.6,22.3,96.3,15.3,957.0,Weathered Granite,MODERATE_RISK
4,9.6806,76.9251,892.6,46.3,130.1,93.7,19.4,88.1,7.6,979.9,Laterite,HIGH_RISK
5,11.3641,76.7848,1839.6,44.5,125.9,90.3,11.0,78.8,19.3,912.4,Weathered Granite,HIGH_RISK
8,11.3581,76.8056,1843.7,43.9,166.9,79.4,23.8,51.8,17.2,935.5,Weathered Granite,HIGH_RISK
3,17.9454,73.6445,1379.6,32.8,6.0,11.9,17.9,86.6,24.6,919.3,Laterite,SAFE
7,11.5739,76.1445,951.3,34.8,52.4,52.7,23.0,90.5,21.2,943.5,Colluvium,MODERATE_RISK
6,26.1746,91.6822,372.9,29.8,12.82,19.6,19.8,53.4,9.6,963.2,Clay Loam,SAFE
6,10.1692,77.0289,1795.7,35.6,43.4,52.5,22.3,94.2,32.8,922.0,Weathered Granite,MODERATE_RISK
3,30.5498,79.5728,1926.7,37.4,56.9,68.7,24.2,91.3,26.5,911.0,Colluvium,MODERATE_RISK
4,17.9242,73.6662,1318.8,43.4,184.09,94.6,18.7,60.9,9.2,993.5,Laterite,HIGH_RISK
2,17.9452,73.5837,637.2,41.8,168.4,86.9,22.5,87.9,18.7,888.9,Colluvium,HIGH_RISK
3,17.9633,73.5718,609.6,34.8,53.2,70.0,22.7,87.9,27.2,894.7,Colluvium,MODERATE_RISK
6,11.5641,76.1466,920.7,38.4,180.84,88.7,19.8,51.0,22.5,937.1,Colluvium,HIGH_RISK
3,12.4254,75.7404,1145.7,33.6,11.6,43.6,10.7,56.0,23.2,933.5,Residual Soil,SAFE
3,11.3724,76.8112,1870.1,43.0,11.28,40.8,18.4,84.8,30.5,979.3,Weathered Granite,SAFE
4,11.5666,76.1162,933.6,36.5,45.6,57.9,16.9,88.8,17.1,959.4,Colluvium,MODERATE_RISK
10,10.1712,77.0207,1818.6,48.3,124.2,73.8,22.4,65.4,16.9,972.7,Weathered Granite,HIGH_RISK
1,12.4279,75.7257,1153.7,42.1,102.36,85.4,15.8,60.1,32.7,972.9,Weathered Granite,HIGH_RISK
10,30.5506,79.5838,1914.9,38.1,166.8,73.5,17.1,61.8,32.1,962.2,Weathered Granite,HIGH_RISK
6,11.5178,76.1448,952.6,38.5,123.59,71.8,11.3,88.7,27.6,927.8,Colluvium,HIGH_RISK
5,10.1339,77.0067,1657.3,50.5,144.7,84.8,23.4,68.1,23.7,902.3,Colluvium,HIGH_RISK
6,12.4123,75.7188,1169.3,6.1,49.8,46.8,29.6,65.3,13.1,1007.7,Colluvium,SAFE
1,30.5448,79.5707,1909.8,45.1,156.0,76.5,17.1,56.5,5.4,919.6,Clay Loam,HIGH_RISK
3,12.4388,75.7187,1193.8,15.7,28.16,51.6,23.7,52.9,28.0,1006.1,Colluvium,SAFE
6,17.9592,73.5758,602.7,46.8,150.1,75.3,18.0,60.5,8.6,971.6,Colluvium,HIGH_RISK
8,26.1767,91.6962,445.4,10.6,29.81,64.6,13.2,74.1,14.9,944.2,Residual Soil,SAFE
3,11.5527,76.1297,914.8,30.3,49.5,60.4,21.7,88.4,16.0,901.5,Colluvium,MODERATE_RISK
7,26.9024,88.1821,1688.3,30.9,33.0,65.3,18.5,87.5,22.9,974.5,Weathered Granite,MODERATE_RISK
7,17.9201,73.6498,1294.5,41.3,17.9,40.0,16.6,82.6,7.5,920.8,Laterite,SAFE
8,32.2456,77.1951,2090.2,44.0,10.3,30.1,23.3,72.6,32.0,1007.6,Colluvium,SAFE
3,11.5572,76.1429,899.3,38.8,17.9,36.6,23.1,83.2,23.8,888.2,Colluvium,SAFE
9,30.5678,79.5603,1878.6,33.2,32.56,65.9,27.9,97.3,16.7,965.9,Weathered Granite,MODERATE_RISK
8,10.1743,77.0138,1790.0,34.6,51.6,69.1,19.8,90.0,12.4,976.0,Weathered Granite,MODERATE_RISK
6,10.1656,77.0423,1779.6,45.9,134.7,85.7,19.0,86.9,33.8,1025.8,Clay Loam,HIGH_RISK
3,32.2584,77.1753,2034.3,41.4,127.77,95.3,21.4,70.0,15.5,970.8,Colluvium,HIGH_RISK
5,11.3579,76.8117,1830.0,31.7,55.9,52.6,16.2,85.8,21.1,960.7,Weathered Granite,MODERATE_RISK
6,9.6856,76.9178,913.9,39.3,10.8,19.0,27.0,45.0,13.1,908.6,Laterite,SAFE
7,32.2268,77.1976,2046.8,36.0,51.1,71.7,21.1,90.7,25.6,966.5,Colluvium,MODERATE_RISK
10,31.1105,77.1647,2243.5,47.3,161.59,88.5,11.7,62.9,25.5,1032.1,Clay Loam,HIGH_RISK
7,9.6646,76.9,854.3,4.4,46.2,64.5,9.9,77.1,18.2,930.2,Colluvium,SAFE
3,17.9356,73.5688,564.2,52.9,147.7,91.5,19.1,86.1,21.7,874.9,Colluvium,HIGH_RISK
5,11.5387,76.1088,863.1,35.9,163.2,92.3,20.5,97.6,20.9,985.7,Colluvium,HIGH_RISK
3,11.526,76.1568,1025.4,37.7,56.2,68.8,22.6,91.7,22.8,943.7,Weathered Granite,MODERATE_RISK
9,11.3791,76.7117,1904.3,45.5,91.8,93.1,24.8,76.9,9.5,982.2,Weathered Granite,HIGH_RISK
7,11.57,76.108,1024.9,34.7,6.66,40.7,14.1,70.5,24.1,946.6,Colluvium,SAFE
5,11.5421,76.1448,992.5,37.9,38.72,68.9,16.1,58.8,32.7,960.7,Weathered Granite,MODERATE_RISK
6,11.5358,76.1132,879.9,6.2,24.2,63.8,20.0,52.7,12.7,951.9,Colluvium,SAFE
8,10.165,77.0292,1679.1,42.1,147.78,89.1,18.6,80.6,5.7,962.7,Colluvium,HIGH_RISK
3,32.2511,77.1708,2012.0,9.5,35.8,48.2,20.3,96.4,12.7,897.2,Weathered Granite,SAFE
1,17.9326,73.665,1367.0,34.1,167.4,92.4,20.7,67.3,30.9,945.4,Laterite,HIGH_RISK
5,10.1637,76.9968,1680.8,31.8,57.6,56.4,11.5,94.9,34.0,949.2,Clay Loam,MODERATE_RISK
7,9.6844,76.9104,817.1,36.8,29.8,66.1,22.4,97.3,28.6,927.8,Weathered Granite,MODERATE_RISK
6,31.0936,77.1746,2296.0,7.1,29.0,55.5,20.1,50.4,27.0,912.8,Colluvium,SAFE
6,17.951,73.5681,651.6,16.1,15.68,51.2,20.2,96.8,13.5,1005.9,Residual Soil,SAFE
2,11.5013,76.1557,1056.1,7.3,32.2,26.4,18.8,89.7,32.2,1023.2,Colluvium,SAFE
9,11.5228,76.1466,957.6,37.4,54.0,63.9,18.7,67.1,6.1,1015.8,Colluvium,MODERATE_RISK
1,26.893,88.1811,1692.1,37.7,51.32,68.1,31.1,60.3,15.7,988.4,Laterite,MODERATE_RISK
2,17.9597,73.5944,591.8,41.6,16.3,47.3,19.4,83.4,21.2,966.7,Colluvium,SAFE
2,9.6989,76.9056,820.0,35.9,52.6,67.2,29.3,74.3,7.8,924.0,Laterite,MODERATE_RISK
4,17.9654,73.5636,588.5,49.2,91.6,86.6,25.0,87.3,23.7,1005.4,Colluvium,HIGH_RISK
7,26.1743,91.7129,439.2,33.9,49.1,51.9,19.2,50.2,34.6,938.0,Colluvium,MODERATE_RISK
3,17.9689,73.5836,587.6,43.7,183.32,78.2,17.3,58.5,18.7,896.2,Colluvium,HIGH_RISK
9,11.5203,76.1516,1002.8,11.0,18.8,51.4,27.9,73.6,8.2,993.1,Sandy Loam,SAFE
2,11.4087,76.102,801.9,34.5,8.0,18.0,18.0,58.1,19.0,953.2,Laterite,SAFE
9,30.5674,79.5854,1828.8,40.7,163.96,77.5,21.2,62.1,9.3,906.6,Weathered Granite,HIGH_RISK
5,32.2349,77.19,2073.8,35.8,48.73,70.6,14.7,93.5,16.7,935.6,Colluvium,MODERATE_RISK
4,11.4032,76.1046,804.7,24.2,56.9,66.4,24.2,84.3,5.2,956.6,Laterite,MODERATE_RISK
2,10.1306,77.0089,1635.4,48.5,178.8,85.7,17.2,65.1,14.3,962.4,Clay Loam,HIGH_RISK
4,17.9113,73.6529,1357.0,34.8,10.45,10.4,16.8,67.6,28.6,1024.3,Laterite,SAFE
1,11.5224,76.1122,1013.9,38.3,15.1,42.4,9.6,90.7,28.6,978.6,Colluvium,SAFE
5,30.5644,79.5496,1932.8,49.8,161.65,89.2,22.1,88.9,25.4,991.0,Weathered Granite,HIGH_RISK
5,11.3692,76.7153,1981.2,39.0,159.2,85.2,21.7,47.4,26.5,1028.7,Laterite,HIGH_RISK
9,11.5521,76.1217,876.5,35.6,47.2,64.5,8.8,95.6,24.9,936.6,Laterite,MODERATE_RISK
9,11.3621,76.7866,1845.0,37.8,57.6,71.0,24.5,48.1,31.5,970.2,Clay Loam,MODERATE_RISK
10,11.5185,76.1155,990.4,36.8,47.1,64.7,18.7,96.2,33.4,925.8,Colluvium,MODERATE_RISK
7,32.2478,77.1745,2072.0,43.8,15.24,26.2,19.0,47.8,13.2,893.2,Colluvium,SAFE
4,11.3786,76.7018,1925.3,37.9,40.3,63.0,22.6,56.3,31.6,850.0,Weathered Granite,MODERATE_RISK
5,32.2265,77.1833,2048.5,37.2,46.97,69.5,24.1,93.9,11.9,1004.2,Colluvium,MODERATE_RISK
2,11.5367,76.1509,1009.2,34.2,44.55,67.5,13.6,83.9,22.8,926.3,Weathered Granite,MODERATE_RISK
4,26.8721,88.171,1633.6,34.7,15.4,14.4,18.4,64.0,20.9,1003.5,Laterite,SAFE
8,11.5133,76.1375,975.5,33.8,57.6,59.4,22.4,90.1,33.1,913.3,Colluvium,MODERATE_RISK
7,11.5455,76.1493,950.8,30.2,55.8,67.7,20.9,68.9,25.5,944.3,Weathered Granite,MODERATE_RISK
9,11.4029,76.1007,780.7,38.3,179.6,91.7,23.8,76.2,33.9,951.0,Clay Loam,HIGH_RISK
4,10.1479,77.0428,1756.4,35.5,55.4,57.0,19.5,49.9,22.7,898.4,Weathered Granite,MODERATE_RISK
8,10.172,77.0229,1785.7,55.2,170.61,87.9,19.9,79.6,30.0,925.1,Weathered Granite,HIGH_RISK
4,10.1503,77.0162,1665.7,43.5,5.2,20.8,21.5,63.8,18.5,869.9,Colluvium,SAFE
7,11.4011,76.7123,1894.2,36.8,50.9,61.7,22.4,64.5,7.6,943.7,Colluvium,MODERATE_RISK
1,26.1481,91.6938,442.2,37.1,49.9,49.3,20.7,82.6,28.3,936.5,Weathered Granite,MODERATE_RISK
7,11.3608,76.7956,1895.3,44.3,128.5,71.2,20.0,84.5,10.1,1015.6,Weathered Granite,HIGH_RISK
5,17.9704,73.5623,598.4,45.8,158.57,90.7,27.8,93.5,16.1,946.2,Colluvium,HIGH_RISK
2,10.1324,77.0089,1665.1,36.6,50.3,52.1,20.8,47.9,29.2,959.2,Colluvium,MODERATE_RISK
8,32.2524,77.2018,2102.6,34.5,45.93,53.8,14.5,93.0,21.3,989.8,Colluvium,MODERATE_RISK
8,30.5359,79.5718,1882.2,43.3,140.14,71.9,23.9,81.4,10.9,910.6,Weathered Granite,HIGH_RISK
10,31.0952,77.1854,2282.6,49.7,171.22,70.7,12.0,78.5,31.8,992.2,Clay Loam,HIGH_RISK
5,32.2312,77.2068,2060.7,37.3,56.0,51.6,20.7,88.6,26.4,934.2,Colluvium,MODERATE_RISK
2,10.1318,77.0304,1663.1,47.1,175.73,82.3,16.2,82.7,13.0,894.3,Colluvium,HIGH_RISK
6,11.5255,76.131,1106.8,14.1,28.5,46.4,12.9,63.6,7.7,914.1,Colluvium,SAFE
4,11.3984,76.7197,1995.2,36.2,49.5,62.4,23.4,80.1,30.5,996.4,Laterite,MODERATE_RISK
5,10.1613,77.0013,1662.8,38.7,15.3,32.0,16.4,71.2,27.6,930.0,Colluvium,SAFE
1,17.9664,73.5993,624.3,51.6,157.2,88.0,14.9,69.4,24.3,1018.2,Colluvium,HIGH_RISK
4,11.5331,76.1314,1020.6,5.0,49.6,60.7,13.3,45.8,19.8,1056.1,Weathered Granite,SAFE
4,32.2309,77.1914,2009.4,16.6,40.8,21.0,21.5,90.1,7.5,1005.0,Weathered Granite,SAFE
3,30.5596,79.5507,1889.2,43.4,178.6,82.2,20.5,87.6,9.6,1049.9,Weathered Granite,HIGH_RISK
1,9.6942,76.918,835.2,37.1,44.6,70.0,13.3,96.8,22.9,921.6,Laterite,MODERATE_RISK
3,10.1578,77.0143,1780.9,49.9,118.91,72.3,20.4,84.9,21.0,1002.1,Weathered Granite,HIGH_RISK
3,11.4032,76.1148,743.4,41.7,165.8,92.0,21.0,88.6,34.5,962.0,Laterite,HIGH_RISK
6,32.2553,77.1836,2075.5,30.3,36.91,63.5,19.7,93.4,21.1,927.4,Colluvium,MODERATE_RISK
2,17.9593,73.5646,645.5,34.3,56.0,65.1,27.3,80.7,15.1,969.7,Colluvium,MODERATE_RISK
10,11.505,76.1275,1042.3,43.3,167.03,94.3,22.6,66.8,17.3,890.2,Weathered Granite,HIGH_RISK
6,30.536,79.5689,1881.1,47.1,158.29,85.5,19.5,78.0,25.1,1020.4,Weathered Granite,HIGH_RISK
2,11.5219,76.1224,993.6,10.2,12.4,29.4,17.0,47.7,15.3,998.5,Clay Loam,SAFE
10,30.555,79.5527,1846.1,37.9,26.9,66.7,23.7,69.3,9.2,947.1,Colluvium,MODERATE_RISK
3,11.5563,76.1454,900.0,36.4,38.9,69.5,14.2,96.4,28.3,960.3,Colluvium,MODERATE_RISK
8,10.1456,77.0094,1698.8,41.3,117.8,78.1,24.2,65.0,9.4,852.4,Weathered Granite,HIGH_RISK
3,31.0954,77.1803,2234.8,35.6,51.9,65.8,18.4,84.8,34.7,963.6,Clay Loam,MODERATE_RISK
2,17.9272,73.6517,1330.8,10.8,47.2,39.9,18.0,47.5,10.3,919.2,Colluvium,SAFE
1,31.119,77.174,2292.5,48.9,14.6,45.8,16.2,93.8,5.6,916.1,Clay Loam,SAFE
9,11.3521,76.7984,1839.5,36.7,41.7,69.8,19.0,88.4,13.9,936.2,Weathered Granite,MODERATE_RISK
5,11.5073,76.1309,1068.7,42.8,82.1,87.9,17.4,58.9,25.1,923.7,Weathered Granite,HIGH_RISK
2,10.141,77.0016,1674.0,41.9,154.6,83.2,23.5,72.4,29.9,928.7,Colluvium,HIGH_RISK
3,17.9215,73.6582,1381.5,34.9,162.91,95.1,22.8,58.5,31.8,946.7,Laterite,HIGH_RISK
4,11.5732,76.1363,976.7,32.9,4.7,47.0,21.7,59.7,26.3,946.5,Colluvium,SAFE
2,26.1673,91.6804,451.7,37.9,141.62,85.1,22.0,53.9,14.1,927.6,Clay Loam,HIGH_RISK
7,17.9102,73.6589,1285.3,14.7,20.6,40.5,21.7,48.5,23.7,885.2,Residual Soil,SAFE
7,32.2582,77.1748,2003.3,16.8,35.53,21.5,17.1,45.5,13.5,919.1,Laterite,SAFE
5,11.5032,76.153,1016.2,42.7,14.0,35.8,21.0,56.3,11.9,955.5,Weathered Granite,SAFE
2,11.4038,76.7307,1946.6,4.2,12.2,21.1,19.7,53.6,6.3,1009.0,Weathered Granite,SAFE
10,17.9712,73.5722,640.5,42.8,134.48,86.6,22.2,82.5,17.3,905.5,Colluvium,HIGH_RISK
3,17.9722,73.5955,624.2,41.7,9.74,27.0,23.0,92.5,27.6,985.9,Colluvium,SAFE
1,10.162,77.0263,1756.3,45.1,150.0,78.3,23.9,49.9,28.6,949.7,Weathered Granite,HIGH_RISK
9,26.1759,91.7051,393.5,31.1,12.49,10.7,25.4,69.6,24.4,946.5,Clay Loam,SAFE
1,17.9472,73.5702,640.5,31.0,56.3,58.5,18.4,94.7,31.2,956.3,Weathered Granite,MODERATE_RISK
6,11.5287,76.1485,967.0,47.5,150.3,78.5,28.4,50.2,18.8,1018.3,Colluvium,HIGH_RISK
7,17.9327,73.677,1345.8,11.2,43.5,49.2,20.6,62.2,20.8,950.2,Colluvium,SAFE
5,10.1414,77.0144,1647.3,51.3,155.87,92.2,23.7,47.2,24.3,978.4,Colluvium,HIGH_RISK
7,11.5138,76.1357,1021.1,53.8,126.94,86.2,24.1,62.5,26.9,909.6,Weathered Granite,HIGH_RISK
6,11.5436,76.1456,967.0,49.9,124.8,92.7,21.8,62.4,18.3,947.9,Colluvium,HIGH_RISK
2,11.3983,76.7305,1961.9,42.3,124.4,71.5,18.9,78.8,26.8,923.7,Weathered Granite,HIGH_RISK
6,11.3449,76.7975,1868.7,38.9,12.93,37.9,22.9,50.9,29.9,927.1,Weathered Granite,SAFE
5,11.5611,76.134,947.6,37.3,54.5,62.3,20.8,58.1,8.8,949.9,Colluvium,MODERATE_RISK
8,32.2358,77.1747,2072.2,34.5,55.9,52.0,23.0,92.1,9.4,1008.0,Colluvium,MODERATE_RISK
5,31.1134,77.1874,2255.6,46.0,127.2,78.4,16.4,81.3,29.5,962.1,Clay Loam,HIGH_RISK
1,11.5429,76.1284,923.5,38.1,8.03,35.4,19.6,64.7,13.7,935.9,Colluvium,SAFE
1,30.5365,79.5607,1872.7,35.6,39.33,68.5,20.0,82.1,29.4,983.3,Weathered Granite,MODERATE_RISK
9,9.6915,76.9053,805.7,36.5,51.98,60.0,23.2,92.7,31.8,923.0,Weathered Granite,MODERATE_RISK
10,17.9286,73.6779,1371.3,37.7,157.1,82.0,19.0,63.1,9.2,943.5,Laterite,HIGH_RISK
9,10.1449,77.0041,1674.0,40.1,129.5,79.9,14.6,73.7,15.2,980.1,Colluvium,HIGH_RISK
8,32.237,77.1895,2068.7,49.7,78.8,78.0,22.3,94.1,21.8,917.1,Colluvium,HIGH_RISK
8,11.5279,76.1563,1123.2,47.3,6.22,29.0,23.3,55.6,13.6,930.2,Weathered Granite,SAFE
7,30.5468,79.5847,1930.8,40.7,16.2,33.8,19.6,77.9,13.3,989.1,Weathered Granite,SAFE
3,11.3988,76.1121,783.9,34.3,54.8,52.7,15.3,85.3,25.8,937.2,Laterite,MODERATE_RISK
9,12.4295,75.7461,1195.6,41.1,15.8,33.5,20.8,79.7,17.7,948.5,Residual Soil,SAFE
7,32.2279,77.174,2101.3,36.1,46.5,52.4,17.1,80.7,22.8,954.0,Colluvium,MODERATE_RISK
10,31.0881,77.1709,2192.0,45.2,102.52,82.2,20.3,80.4,25.9,984.9,Clay Loam,HIGH_RISK
3,17.9589,73.5732,627.9,29.9,53.5,71.2,17.7,82.9,29.8,962.2,Weathered Granite,MODERATE_RISK
2,11.5269,76.1356,1057.5,40.4,16.5,42.8,18.6,75.8,30.8,910.6,Weathered Granite,SAFE
5,17.96,73.5874,605.6,37.3,52.8,67.9,12.7,68.0,27.2,901.4,Colluvium,MODERATE_RISK
9,12.41,75.751,1164.7,39.9,10.23,37.9,25.2,56.2,8.9,954.3,Residual Soil,SAFE
9,9.6839,76.9105,761.5,47.0,161.21,82.9,20.5,88.9,6.8,960.0,Laterite,HIGH_RISK
8,17.9409,73.6612,1406.1,35.1,6.9,16.8,20.5,75.7,9.9,917.0,Laterite,SAFE
3,11.3874,76.7055,1935.8,41.3,150.0,74.4,17.1,88.0,19.6,908.0,Weathered Granite,HIGH_RISK
9,31.0872,77.1534,2219.4,53.5,166.76,80.5,22.0,77.6,11.0,959.9,Laterite,HIGH_RISK
9,32.2561,77.2014,2122.5,32.7,46.15,63.7,24.0,97.4,30.8,975.5,Colluvium,MODERATE_RISK
2,12.4182,75.7505,1139.7,38.0,10.95,19.3,20.7,90.0,8.1,959.0,Residual Soil,SAFE
10,26.1736,91.7138,460.9,14.2,24.09,40.1,21.6,64.9,12.3,903.4,Laterite,SAFE
4,11.5433,76.1366,943.6,41.6,147.3,76.8,16.6,58.6,32.5,999.5,Colluvium,HIGH_RISK
4,11.5501,76.1453,912.4,37.6,48.51,49.8,24.2,56.7,30.1,887.1,Colluvium,MODERATE_RISK
2,9.6885,76.9065,828.1,8.4,27.2,38.6,17.6,90.3,9.7,882.1,Sandy Loam,SAFE
8,10.1691,77.0373,1772.9,37.2,53.1,70.6,17.7,89.2,28.1,961.0,Weathered Granite,MODERATE_RISK
5,17.9381,73.5947,610.9,47.6,111.43,79.0,18.6,66.0,20.1,894.2,Colluvium,HIGH_RISK
7,17.9386,73.5658,554.9,4.3,43.5,39.0,17.1,47.9,10.0,999.9,Sandy Loam,SAFE
10,11.5479,76.1219,1027.3,36.1,41.3,68.7,18.0,86.2,33.0,978.3,Colluvium,MODERATE_RISK
7,17.9205,73.6478,1389.5,37.5,3.0,13.3,19.0,72.1,9.2,900.5,Laterite,SAFE
6,11.3631,76.8142,1871.1,36.6,52.3,53.0,22.7,81.4,27.1,963.9,Colluvium,MODERATE_RISK
6,10.1611,77.0064,1758.8,36.9,48.8,57.3,26.1,84.5,29.4,951.2,Weathered Granite,MODERATE_RISK
10,10.1403,77.0094,1697.1,16.4,30.09,18.4,26.1,56.1,18.1,905.4,Weathered Granite,SAFE
5,11.395,76.104,741.5,39.5,6.44,14.7,14.1,47.4,15.8,866.2,Laterite,SAFE
2,17.909,73.6454,1374.1,41.7,176.94,91.9,13.9,77.9,18.3,976.7,Laterite,HIGH_RISK
3,17.9618,73.5628,613.5,37.8,50.8,50.5,27.4,86.4,18.7,878.3,Colluvium,MODERATE_RISK
2,26.8945,88.1875,1673.4,33.9,54.8,53.5,18.5,80.6,34.2,928.6,Laterite,MODERATE_RISK
7,11.5276,76.1252,962.6,43.7,103.4,89.0,16.2,92.7,24.6,889.5,Colluvium,HIGH_RISK
5,26.8922,88.1794,1723.3,12.4,40.65,28.2,18.1,67.9,29.9,931.7,Colluvium,SAFE
1,11.3536,76.7979,1876.2,35.1,52.7,46.1,17.6,81.7,16.4,970.2,Weathered Granite,MODERATE_RISK
1,10.1509,77.0229,1763.5,4.5,29.92,29.2,25.3,61.8,6.7,925.5,Residual Soil,SAFE
6,31.1143,77.1856,2261.3,51.2,4.12,39.7,16.7,49.1,26.4,894.0,Clay Loam,SAFE
2,17.9519,73.5885,619.6,51.0,155.4,73.0,17.2,96.1,6.8,911.4,Colluvium,HIGH_RISK
6,11.5697,76.1301,889.8,39.6,171.66,82.0,29.0,65.3,5.8,933.1,Colluvium,HIGH_RISK
1,10.1547,77.0403,1703.1,36.9,52.0,71.8,22.0,89.5,9.2,1019.4,Weathered Granite,MODERATE_RISK
4,9.6636,76.9033,855.4,39.2,159.89,94.9,23.8,64.7,24.5,966.8,Laterite,HIGH_RISK
7,11.3764,76.7076,1908.5,46.7,100.1,73.1,21.6,46.7,33.7,935.7,Weathered Granite,HIGH_RISK
2,17.9498,73.6001,633.9,47.1,14.79,14.3,19.9,45.4,32.0,946.3,Colluvium,SAFE
8,12.4233,75.7454,1193.4,36.6,47.52,68.0,20.3,51.5,24.0,943.9,Weathered Granite,MODERATE_RISK
5,11.3606,76.7981,1861.6,28.8,52.4,69.6,15.4,90.1,7.1,923.5,Laterite,MODERATE_RISK
8,31.1113,77.1819,2242.6,37.9,38.28,60.9,27.2,97.3,21.2,900.5,Clay Loam,MODERATE_RISK
5,9.6761,76.9196,819.5,36.5,49.94,69.1,16.6,57.1,9.0,995.4,Laterite,MODERATE_RISK
1,26.8909,88.1867,1638.8,41.3,163.2,74.5,18.7,61.7,5.4,884.8,Laterite,HIGH_RISK
9,17.9567,73.5953,623.9,12.7,35.75,56.9,23.3,59.8,30.1,864.6,Residual Soil,SAFE
6,11.3869,76.7242,1897.2,35.0,55.1,62.4,22.1,84.8,8.4,979.9,Weathered Granite,MODERATE_RISK
7,17.9381,73.6649,1312.8,9.7,25.36,16.7,21.7,53.4,14.3,992.2,Clay Loam,SAFE
6,11.3961,76.7226,1924.1,6.8,36.4,52.7,17.2,59.0,30.6,942.2,Clay Loam,SAFE
3,10.173,77.0435,1752.0,32.2,44.55,56.9,12.2,83.4,32.0,943.2,Weathered Granite,MODERATE_RISK
1,17.9462,73.5701,591.9,46.5,13.2,46.1,17.8,60.0,35.0,979.8,Colluvium,SAFE
8,31.0951,77.1553,2328.6,36.9,47.85,71.1,20.9,82.6,33.9,848.6,Clay Loam,MODERATE_RISK
4,11.5498,76.1133,987.6,33.3,43.6,71.4,19.0,87.7,11.7,981.6,Colluvium,MODERATE_RISK
4,10.1516,77.0094,1684.3,42.7,16.1,17.4,17.9,71.4,16.9,950.7,Colluvium,SAFE
5,30.5516,79.586,1902.5,35.5,55.0,66.9,19.3,93.4,33.2,918.2,Weathered Granite,MODERATE_RISK
9,11.3956,76.0857,733.1,31.2,55.3,58.3,20.6,89.6,6.7,966.8,Laterite,MODERATE_RISK
9,9.6999,76.9153,823.8,35.1,12.9,25.2,18.3,48.0,33.5,968.3,Laterite,SAFE
9,11.5385,76.1374,977.8,45.8,151.14,81.5,20.1,50.8,20.0,937.6,Colluvium,HIGH_RISK
8,26.8752,88.1913,1710.3,30.6,6.4,10.5,23.6,94.2,30.3,932.7,Laterite,SAFE
9,11.5193,76.1599,1001.4,36.8,41.75,63.5,21.8,93.9,32.5,929.4,Weathered Granite,MODERATE_RISK
2,30.547,79.5797,1866.5,40.9,9.35,12.6,22.6,48.4,31.3,1011.1,Weathered Granite,SAFE
5,30.5699,79.5805,1878.1,39.8,118.8,85.1,22.0,84.6,15.1,960.3,Weathered Granite,HIGH_RISK
10,26.8786,88.17,1742.1,36.4,16.7,20.8,18.0,53.6,16.4,944.6,Laterite,SAFE
10,10.1717,77.0124,1874.4,36.3,55.1,53.0,10.6,48.4,11.1,876.1,Colluvium,MODERATE_RISK
9,32.2559,77.2087,2078.5,34.1,43.5,71.5,18.5,91.7,16.2,966.9,Colluvium,MODERATE_RISK
2,30.5529,79.5546,1867.5,10.9,34.1,40.2,15.5,89.2,8.4,959.4,Weathered Granite,SAFE
3,26.1819,91.697,399.4,14.2,39.1,48.6,17.0,91.5,21.4,1022.6,Clay Loam,SAFE
2,32.248,77.2045,2106.7,30.1,47.7,67.3,23.6,82.6,12.4,962.0,Colluvium,MODERATE_RISK
4,17.9084,73.6402,1333.6,6.5,28.6,33.2,22.6,66.7,30.1,960.9,Laterite,SAFE
4,10.169,77.0267,1627.7,39.4,16.1,13.2,18.0,54.5,24.8,897.6,Colluvium,SAFE
5,10.1394,77.0046,1610.3,37.1,39.7,66.6,17.3,67.6,25.3,1028.6,Colluvium,MODERATE_RISK
6,11.411,76.1222,829.1,4.5,16.8,19.7,23.4,53.7,13.0,979.0,Residual Soil,SAFE
6,10.1513,77.0296,1787.0,49.6,144.0,72.3,20.8,93.1,12.2,943.2,Weathered Granite,HIGH_RISK
7,17.9725,73.5852,665.2,52.3,119.6,80.5,19.1,70.8,23.7,911.8,Colluvium,HIGH_RISK
6,11.5227,76.1331,952.3,34.3,48.6,70.6,17.9,89.4,26.8,958.9,Laterite,MODERATE_RISK
7,11.3829,76.7196,1948.3,38.1,170.0,76.1,10.0,71.7,34.4,975.4,Weathered Granite,HIGH_RISK
9,11.5148,76.1197,973.2,4.3,44.0,55.7,19.7,76.7,5.7,992.8,Clay Loam,SAFE
1,11.5403,76.1107,878.6,35.4,45.27,53.6,18.8,94.7,17.8,966.3,Colluvium,MODERATE_RISK
3,10.1496,76.9974,1693.3,43.4,163.8,76.7,16.8,45.4,26.8,995.2,Colluvium,HIGH_RISK
9,11.4191,76.1093,772.0,34.8,57.1,58.9,15.4,74.8,33.4,923.9,Weathered Granite,MODERATE_RISK
3,26.165,91.6858,472.2,37.9,17.4,37.9,19.0,74.4,8.1,957.3,Clay Loam,SAFE
8,11.3716,76.8022,1850.7,10.2,18.81,40.5,21.4,55.7,18.3,948.6,Laterite,SAFE
2,10.1742,77.0185,1749.6,30.3,49.5,68.4,27.9,86.6,28.8,924.8,Weathered Granite,MODERATE_RISK
2,11.5407,76.1466,986.8,35.6,51.26,56.1,21.0,94.5,6.6,942.5,Colluvium,MODERATE_RISK
2,31.088,77.1792,2327.5,50.8,138.82,73.2,20.7,72.6,5.1,948.9,Clay Loam,HIGH_RISK
6,11.5371,76.1297,1011.6,33.9,39.22,59.0,23.8,90.4,29.6,923.4,Weathered Granite,MODERATE_RISK
2,11.3691,76.7845,1806.1,33.7,57.2,61.4,18.8,58.6,6.5,958.2,Weathered Granite,MODERATE_RISK
10,10.1566,77.0196,1749.0,46.2,9.19,17.8,24.1,68.4,27.9,890.3,Weathered Granite,SAFE
4,11.4026,76.7084,1871.6,37.9,52.5,57.2,25.9,85.6,24.3,938.0,Weathered Granite,MODERATE_RISK
10,12.4262,75.7235,1110.8,30.0,6.1,24.0,20.4,94.4,17.7,961.9,Residual Soil,SAFE
2,10.1662,77.0224,1714.7,53.4,132.2,93.4,20.8,97.9,29.9,996.1,Laterite,HIGH_RISK
8,11.3459,76.7765,1827.7,36.2,11.66,44.0,16.9,62.8,33.3,963.1,Weathered Granite,SAFE
2,11.5553,76.1333,880.2,42.5,149.66,74.4,18.7,79.5,20.4,884.0,Colluvium,HIGH_RISK
4,32.2269,77.1743,2055.9,37.7,49.34,61.3,20.0,91.6,7.5,929.1,Colluvium,MODERATE_RISK
2,17.9686,73.5893,651.0,48.5,15.79,28.0,25.2,50.4,21.0,890.1,Colluvium,SAFE
2,11.3348,76.7753,1846.7,42.8,151.8,87.5,23.3,65.2,25.5,963.1,Weathered Granite,HIGH_RISK
1,31.1067,77.1795,2273.1,14.3,49.8,27.3,15.2,50.0,23.1,967.6,Weathered Granite,SAFE
4,17.9458,73.6393,1313.5,37.7,50.38,55.9,11.8,60.7,13.1,978.8,Laterite,MODERATE_RISK
2,26.9019,88.1778,1735.6,12.2,40.9,36.1,17.3,64.2,30.8,935.8,Colluvium,SAFE
9,26.1696,91.6818,452.2,32.0,8.9,11.2,24.9,46.7,34.5,958.0,Clay Loam,SAFE
8,26.8845,88.1679,1637.5,33.6,49.9,68.1,22.1,75.8,23.6,951.6,Laterite,MODERATE_RISK
8,11.5129,76.1438,1110.8,31.9,43.7,69.0,13.6,87.3,17.8,940.1,Weathered Granite,MODERATE_RISK
8,11.4034,76.7188,1952.3,42.1,12.0,40.7,17.1,45.8,16.3,938.3,Weathered Granite,SAFE
6,11.3422,76.7769,1891.8,34.6,37.68,54.4,20.8,95.6,6.0,843.8,Weathered Granite,MODERATE_RISK
7,11.4082,76.1165,792.7,34.6,57.4,60.8,22.0,92.9,20.0,946.6,Laterite,MODERATE_RISK
8,17.9378,73.5812,547.5,50.0,181.94,70.5,13.4,73.3,28.4,910.0,Colluvium,HIGH_RISK
3,17.9423,73.5733,599.1,37.3,57.8,71.4,16.0,92.6,15.9,914.4,Colluvium,MODERATE_RISK
9,11.3643,76.8139,1870.5,13.6,19.9,38.2,28.0,60.7,7.3,940.4,Colluvium,SAFE
2,17.956,73.5875,695.0,41.2,163.79,82.1,22.1,83.7,25.0,914.1,Weathered Granite,HIGH_RISK
5,11.5324,76.1273,1059.1,52.4,149.5,94.5,21.2,50.6,33.8,940.6,Weathered Granite,HIGH_RISK
2,11.4026,76.7096,1909.9,33.8,46.4,66.2,18.7,45.0,12.6,917.1,Weathered Granite,MODERATE_RISK
8,30.5696,79.5719,1869.2,36.2,43.62,46.9,21.8,92.3,32.7,950.4,Weathered Granite,MODERATE_RISK
1,26.887,88.2013,1649.9,40.1,159.17,88.6,18.3,86.2,22.5,923.0,Laterite,HIGH_RISK
2,11.5331,76.1595,1107.4,49.6,171.1,84.1,17.0,66.1,10.6,883.4,Laterite,HIGH_RISK
6,26.8937,88.1816,1704.6,31.2,131.12,90.5,19.7,64.8,11.0,1005.2,Laterite,HIGH_RISK
9,11.4034,76.0864,766.9,31.6,49.2,67.3,14.6,96.0,19.5,942.4,Laterite,MODERATE_RISK
10,30.5573,79.5704,1828.0,47.4,124.63,71.8,16.3,46.4,29.2,930.9,Weathered Granite,HIGH_RISK
6,12.4186,75.7427,1169.8,15.0,25.3,17.8,25.0,78.9,12.8,1039.3,Colluvium,SAFE
5,11.4178,76.1038,798.4,34.7,31.7,63.4,15.2,82.3,14.7,956.5,Laterite,MODERATE_RISK
4,10.1516,77.0109,1768.7,44.0,126.4,79.8,23.0,60.5,27.2,985.6,Weathered Granite,HIGH_RISK
5,11.3954,76.7269,1928.4,36.9,110.6,95.5,22.7,96.0,23.9,906.7,Weathered Granite,HIGH_RISK
9,11.5514,76.1192,891.4,44.3,11.6,35.3,22.2,58.4,19.1,1047.2,Colluvium,SAFE
6,17.9567,73.5801,624.0,35.9,50.8,69.8,20.5,81.5,19.5,864.1,Clay Loam,MODERATE_RISK
2,11.4198,76.099,798.6,35.3,8.69,29.8,25.3,47.5,5.0,908.6,Laterite,SAFE
8,32.2521,77.2027,2081.4,37.3,50.0,69.4,21.4,82.0,24.6,935.1,Weathered Granite,MODERATE_RISK
2,12.4094,75.7345,1139.3,41.5,177.7,87.6,16.5,77.8,24.9,986.5,Residual Soil,HIGH_RISK
4,11.515,76.1317,1002.8,37.5,41.6,53.6,17.3,85.7,13.6,919.2,Colluvium,MODERATE_RISK
6,10.1507,77.0231,1625.6,42.1,106.3,88.3,23.4,86.5,5.5,937.4,Clay Loam,HIGH_RISK
2,11.5559,76.1376,901.7,34.3,15.7,13.0,15.1,51.1,12.1,929.7,Colluvium,SAFE
4,11.5252,76.1344,1079.1,43.7,141.2,74.6,21.3,87.2,28.4,1009.1,Weathered Granite,HIGH_RISK
2,30.5629,79.5479,1877.0,41.3,146.1,90.0,24.1,72.5,23.5,930.2,Weathered Granite,HIGH_RISK
4,11.3718,76.731,1927.6,40.8,17.4,25.5,18.0,54.1,31.0,960.3,Weathered Granite,SAFE
6,10.146,77.0208,1756.3,29.4,57.5,68.6,21.9,50.7,24.8,1012.1,Weathered Granite,MODERATE_RISK
1,11.3679,76.7007,1916.4,37.9,43.1,51.8,19.9,81.6,14.5,965.7,Weathered Granite,MODERATE_RISK
9,12.4219,75.7339,1271.5,4.7,24.9,53.4,19.9,81.7,26.3,899.3,Sandy Loam,SAFE
5,11.5363,76.129,1026.0,35.0,33.16,59.8,24.4,92.0,31.5,932.3,Weathered Granite,MODERATE_RISK
2,11.5132,76.1441,1059.9,5.2,22.0,37.6,13.3,53.8,20.3,929.4,Colluvium,SAFE
9,17.9456,73.6502,1350.5,5.8,16.0,27.1,14.0,62.1,32.7,867.6,Clay Loam,SAFE
10,11.3523,76.7922,1841.6,40.1,171.6,95.9,21.4,83.8,19.3,910.2,Weathered Granite,HIGH_RISK
6,10.1447,77.0193,1653.6,44.5,91.63,84.2,23.7,66.1,15.2,937.7,Colluvium,HIGH_RISK
4,10.1482,77.0334,1766.6,33.6,57.5,70.8,22.5,60.6,14.5,977.0,Weathered Granite,MODERATE_RISK
4,11.4195,76.1063,801.5,36.4,10.34,23.4,22.7,63.6,7.5,989.9,Laterite,SAFE
3,31.0927,77.188,2263.9,34.1,36.3,62.3,17.7,94.3,7.3,979.0,Clay Loam,MODERATE_RISK
7,11.3667,76.7189,1935.7,46.9,130.62,93.7,25.9,67.3,18.1,962.0,Weathered Granite,HIGH_RISK
2,10.1709,77.0073,1784.8,49.7,154.28,72.5,19.0,93.9,19.4,933.1,Weathered Granite,HIGH_RISK
3,11.4273,76.0918,835.7,41.6,169.7,77.6,21.0,63.3,18.8,943.4,Laterite,HIGH_RISK
1,11.5505,76.1195,967.9,34.1,50.71,66.1,21.4,82.9,15.0,891.7,Colluvium,MODERATE_RISK
5,31.1106,77.1608,2315.0,47.5,14.3,27.7,11.4,46.4,10.9,986.4,Clay Loam,SAFE
3,31.1228,77.1905,2314.8,45.7,10.23,38.9,25.1,58.1,29.9,993.9,Clay Loam,SAFE
5,26.1537,91.6847,436.3,37.9,38.0,54.3,23.1,71.0,8.8,919.2,Colluvium,MODERATE_RISK
9,11.3828,76.6999,1917.5,38.7,8.91,23.5,17.8,56.9,17.6,967.8,Weathered Granite,SAFE
9,9.6648,76.9247,809.5,48.1,177.59,84.2,25.5,86.8,28.0,874.6,Laterite,HIGH_RISK
3,11.3478,76.8138,1868.0,34.7,53.1,58.3,24.5,83.6,33.7,928.6,Weathered Granite,MODERATE_RISK
3,17.9509,73.5988,595.1,44.7,157.2,83.5,24.3,83.4,13.7,883.7,Colluvium,HIGH_RISK
2,9.6729,76.924,801.5,31.9,12.1,39.6,17.6,97.9,31.7,922.5,Laterite,SAFE
6,10.1736,77.0159,1761.5,55.7,109.95,93.4,21.1,69.1,9.4,987.9,Colluvium,HIGH_RISK
5,11.348,76.7938,1848.7,44.3,135.52,88.6,12.3,83.5,29.5,887.7,Weathered Granite,HIGH_RISK
9,11.5404,76.1443,977.1,30.9,38.89,54.9,22.2,87.0,9.0,910.3,Weathered Granite,MODERATE_RISK
2,17.9466,73.5923,626.3,37.2,49.55,70.4,13.9,64.2,13.6,975.7,Colluvium,MODERATE_RISK
3,11.527,76.1564,1036.1,45.4,172.8,74.4,15.8,91.0,16.1,967.0,Clay Loam,HIGH_RISK
9,9.6975,76.9169,794.3,40.0,183.53,89.4,20.6,57.6,7.5,920.7,Colluvium,HIGH_RISK
7,11.5057,76.1539,1050.1,27.9,42.3,64.6,17.5,92.0,7.0,959.6,Weathered Granite,MODERATE_RISK
5,11.5357,76.1158,916.8,38.0,46.97,68.5,27.2,68.0,10.2,912.6,Colluvium,MODERATE_RISK
7,11.3882,76.6965,1907.5,37.6,140.1,81.0,24.5,65.1,25.6,952.7,Weathered Granite,HIGH_RISK
6,11.5608,76.1447,918.6,37.4,55.3,68.3,15.9,94.8,28.8,918.4,Colluvium,MODERATE_RISK
9,11.3527,76.7938,1843.3,35.2,51.2,57.3,22.1,58.0,5.1,897.3,Weathered Granite,MODERATE_RISK
3,17.9556,73.5941,628.1,45.9,150.5,88.3,18.5,62.5,11.1,865.8,Colluvium,HIGH_RISK
2,30.5464,79.5544,1878.3,44.6,116.9,88.8,20.5,67.9,15.8,951.0,Weathered Granite,HIGH_RISK
1,26.1656,91.6969,471.0,24.2,17.1,42.6,25.4,88.3,28.4,976.9,Clay Loam,SAFE
4,30.5643,79.5511,1852.3,32.8,47.19,62.9,18.0,89.8,12.0,936.3,Weathered Granite,MODERATE_RISK
2,30.5425,79.5518,1916.1,46.8,152.6,94.5,22.4,74.0,14.9,890.6,Weathered Granite,HIGH_RISK
9,31.0876,77.1734,2264.9,13.3,34.1,49.8,23.2,51.8,7.1,900.9,Residual Soil,SAFE
3,17.9609,73.5775,635.3,37.5,51.3,70.8,19.4,67.4,12.2,991.7,Laterite,MODERATE_RISK
1,10.1531,77.0403,1761.1,55.3,180.68,92.4,20.0,82.9,25.8,924.8,Weathered Granite,HIGH_RISK
5,11.5697,76.1264,916.9,36.9,46.7,65.4,15.0,64.8,20.8,954.3,Colluvium,MODERATE_RISK
6,17.9417,73.5903,578.8,53.0,125.46,79.3,15.4,65.5,23.9,986.3,Colluvium,HIGH_RISK
3,10.1653,77.0361,1668.4,37.9,44.28,51.6,13.9,65.8,13.0,952.4,Colluvium,MODERATE_RISK
5,11.4048,76.0961,791.9,16.3,29.5,18.4,19.3,95.0,13.8,1015.4,Sandy Loam,SAFE
4,26.896,88.1839,1684.8,33.0,122.0,92.4,21.7,81.3,21.4,886.6,Laterite,HIGH_RISK
6,26.9049,88.1763,1699.0,10.7,47.3,41.1,20.6,96.0,34.6,945.8,Weathered Granite,SAFE
10,32.234,77.1742,2038.0,5.2,37.9,20.2,20.4,83.1,23.9,914.1,Sandy Loam,SAFE
2,10.1466,77.007,1819.7,45.1,160.2,83.6,20.4,85.7,6.2,944.9,Laterite,HIGH_RISK
2,11.5176,76.1437,1082.7,33.1,51.37,70.1,23.8,50.8,32.8,932.5,Weathered Granite,MODERATE_RISK
9,11.3734,76.7002,1885.1,31.0,53.7,66.3,24.3,93.8,19.7,972.8,Weathered Granite,MODERATE_RISK
2,30.5452,79.5795,1884.1,40.6,14.91,19.9,28.4,94.3,9.7,935.9,Weathered Granite,SAFE
6,30.5531,79.5806,1889.4,34.2,49.5,60.8,21.1,82.3,22.1,979.3,Weathered Granite,MODERATE_RISK
4,11.4134,76.1032,760.3,36.0,41.2,50.0,17.0,96.1,34.1,951.0,Laterite,MODERATE_RISK
3,12.4142,75.7418,1154.1,38.1,9.13,36.8,19.7,83.9,13.2,941.4,Residual Soil,SAFE
6,26.9019,88.1983,1674.9,40.6,184.69,70.7,18.4,63.3,28.0,916.6,Laterite,HIGH_RISK
9,11.3923,76.0917,772.8,37.1,126.3,81.7,25.2,78.0,30.0,917.9,Laterite,HIGH_RISK
5,11.5452,76.1244,1039.8,43.5,163.52,70.7,17.7,65.4,29.7,959.2,Colluvium,HIGH_RISK
10,11.5476,76.1444,984.7,6.1,8.47,61.5,20.5,48.6,31.0,950.7,Sandy Loam,SAFE
7,12.4271,75.7385,1175.6,42.7,123.26,88.3,14.9,72.5,24.4,912.8,Residual Soil,HIGH_RISK
1,11.3967,76.7078,1863.0,46.2,152.68,82.8,17.0,75.9,5.5,927.0,Weathered Granite,HIGH_RISK
6,17.9183,73.6644,1322.8,32.9,55.3,70.4,16.7,82.9,20.1,952.0,Weathered Granite,MODERATE_RISK
6,9.6745,76.9117,843.7,49.0,123.37,75.3,20.8,66.8,25.3,867.0,Laterite,HIGH_RISK
5,11.5234,76.1547,1055.9,36.0,49.78,57.9,21.9,96.7,30.0,990.0,Weathered Granite,MODERATE_RISK
1,11.5447,76.1289,867.0,38.1,157.4,83.5,15.9,85.9,17.9,941.6,Colluvium,HIGH_RISK
5,26.1511,91.6922,421.4,30.4,15.73,27.8,25.7,69.0,9.7,994.7,Clay Loam,SAFE
9,11.3451,76.7788,1843.2,36.5,48.68,66.5,17.0,75.8,10.3,907.9,Weathered Granite,MODERATE_RISK
10,11.3598,76.8148,1891.7,35.3,51.4,66.9,15.1,60.2,5.1,979.2,Weathered Granite,MODERATE_RISK
5,17.9653,73.577,615.5,36.9,43.6,51.3,19.8,89.7,14.0,974.5,Colluvium,MODERATE_RISK
2,30.5494,79.5808,1857.7,41.5,9.57,16.1,16.7,54.4,21.9,946.3,Weathered Granite,SAFE
7,11.4042,76.097,771.7,41.0,162.7,84.0,24.3,76.0,23.3,895.0,Laterite,HIGH_RISK
2,26.1546,91.6928,409.8,29.4,10.1,29.5,21.7,51.2,34.1,922.7,Clay Loam,SAFE
8,11.3338,76.7984,1842.5,40.6,103.73,92.5,19.8,54.6,15.3,991.8,Weathered Granite,HIGH_RISK
1,26.1861,91.6879,429.8,37.8,49.2,69.4,24.1,81.7,18.8,954.0,Clay Loam,MODERATE_RISK
3,10.1579,77.017,1667.8,49.6,151.31,73.7,17.4,61.1,20.8,905.2,Colluvium,HIGH_RISK
8,10.1484,77.0339,1668.1,34.8,53.7,71.1,21.1,69.3,30.7,1005.3,Colluvium,MODERATE_RISK
1,17.9526,73.5854,648.1,37.4,56.0,54.3,16.8,61.3,14.7,905.9,Colluvium,MODERATE_RISK
3,17.9393,73.6571,1355.1,7.1,20.74,19.8,17.7,88.6,33.0,917.4,Colluvium,SAFE
10,17.9375,73.6402,1350.5,43.8,107.14,83.0,20.1,53.9,25.4,920.5,Laterite,HIGH_RISK
8,30.5536,79.5514,1841.2,35.1,42.13,65.9,21.5,61.5,9.7,933.4,Weathered Granite,MODERATE_RISK
10,32.2392,77.2003,2050.6,41.6,135.2,90.9,17.7,94.5,16.6,1015.0,Colluvium,HIGH_RISK
1,31.1236,77.1933,2251.5,11.9,18.9,23.1,21.1,88.5,21.2,962.1,Residual Soil,SAFE
8,10.1536,77.0257,1680.0,31.3,53.8,65.5,22.0,80.9,13.4,920.5,Colluvium,MODERATE_RISK
10,11.5063,76.1593,1043.2,48.7,152.7,94.1,15.6,89.0,12.2,950.2,Weathered Granite,HIGH_RISK
4,12.4257,75.7188,1183.6,36.7,51.48,45.8,17.6,47.7,26.0,884.9,Weathered Granite,MODERATE_RISK
1,32.2423,77.1811,1984.5,37.2,56.8,69.8,20.2,68.0,27.6,965.4,Colluvium,MODERATE_RISK
3,11.3337,76.7882,1881.3,40.3,183.98,94.0,20.0,95.8,8.8,942.9,Weathered Granite,HIGH_RISK
4,10.1597,77.0004,1629.0,37.2,44.44,55.7,11.0,57.9,20.7,1001.1,Colluvium,MODERATE_RISK
10,31.1032,77.1705,2298.5,51.7,9.79,31.4,13.3,61.2,26.0,918.0,Clay Loam,SAFE
1,11.3554,76.8141,1835.5,36.5,47.96,69.1,20.1,57.3,15.6,985.5,Weathered Granite,MODERATE_RISK
1,17.974,73.574,616.5,42.6,6.9,33.7,29.5,78.3,29.3,1027.4,Colluvium,SAFE
3,11.3783,76.7035,1917.8,39.5,164.6,86.3,21.9,47.9,17.2,955.0,Weathered Granite,HIGH_RISK
2,11.3564,76.8059,1858.9,37.4,6.93,14.1,18.6,77.3,34.4,1002.4,Weathered Granite,SAFE
5,11.5015,76.1324,1067.9,52.6,126.9,71.2,21.1,60.1,25.7,973.8,Weathered Granite,HIGH_RISK
9,31.1135,77.1559,2264.5,28.4,55.6,70.9,24.5,91.1,8.7,932.9,Weathered Granite,MODERATE_RISK
10,32.2566,77.1817,2015.1,49.0,166.71,86.0,20.2,82.8,29.1,885.1,Colluvium,HIGH_RISK
7,11.417,76.0973,762.6,36.2,54.1,51.6,15.5,57.2,13.9,937.0,Laterite,MODERATE_RISK
10,30.5554,79.5632,1862.7,41.3,128.75,71.6,19.7,55.8,33.2,969.7,Weathered Granite,HIGH_RISK
4,11.552,76.143,896.5,43.4,11.28,38.8,25.3,83.4,19.9,935.8,Colluvium,SAFE
3,11.556,76.1328,911.4,37.5,5.2,17.6,18.5,73.3,34.0,1000.9,Colluvium,SAFE
1,17.9664,73.6006,640.1,37.1,54.2,66.2,19.6,65.8,8.1,937.6,Colluvium,MODERATE_RISK
8,10.1731,77.0094,1720.1,50.9,122.6,93.1,23.4,58.3,26.9,1019.7,Weathered Granite,HIGH_RISK
7,11.3471,76.8043,1810.6,11.9,14.5,45.5,15.7,51.2,7.0,965.1,Laterite,SAFE
2,9.7026,76.9161,829.1,46.0,177.32,87.2,14.3,69.6,8.0,946.3,Laterite,HIGH_RISK
3,17.9724,73.5694,618.0,43.8,15.7,14.3,20.9,65.3,15.2,913.9,Colluvium,SAFE
4,11.3807,76.7059,1903.2,34.5,50.3,50.6,17.2,95.5,18.7,932.6,Weathered Granite,MODERATE_RISK
3,10.1577,77.017,1692.5,46.0,17.3,28.2,19.1,72.5,27.3,982.1,Colluvium,SAFE
5,31.1169,77.1535,2281.5,54.7,117.32,87.3,10.4,78.4,10.4,987.4,Clay Loam,HIGH_RISK
8,11.5377,76.1202,942.3,36.5,37.1,67.6,14.8,59.8,30.7,924.4,Colluvium,MODERATE_RISK
9,10.1682,77.0169,1799.3,27.5,55.6,70.6,20.0,80.5,14.5,902.8,Weathered Granite,MODERATE_RISK
2,10.1687,77.0299,1779.2,50.5,176.44,70.3,13.1,66.2,10.2,907.0,Weathered Granite,HIGH_RISK
5,17.9158,73.6571,1335.9,38.4,14.3,44.6,26.1,74.8,7.6,892.0,Laterite,SAFE
10,26.8912,88.1863,1705.9,33.7,51.7,70.8,18.2,74.1,20.6,953.7,Laterite,MODERATE_RISK
8,10.1462,77.0089,1775.3,31.1,46.0,58.4,21.1,94.1,33.4,920.3,Weathered Granite,MODERATE_RISK
5,32.2295,77.1771,2033.4,52.0,163.1,86.4,23.2,78.1,8.8,978.7,Colluvium,HIGH_RISK
4,11.5235,76.1214,966.8,42.3,10.51,40.5,17.6,94.6,20.6,986.1,Colluvium,SAFE
5,11.5611,76.1227,938.5,37.5,8.9,19.2,18.3,73.8,9.3,871.2,Colluvium,SAFE
5,10.16,77.0224,1659.2,49.4,155.59,95.2,23.2,66.5,16.8,918.4,Colluvium,HIGH_RISK
1,11.5327,76.1454,979.3,40.9,165.22,84.8,17.5,91.1,12.3,981.3,Colluvium,HIGH_RISK
6,32.2468,77.1766,2060.5,31.2,46.91,71.7,22.7,87.2,31.9,932.2,Colluvium,MODERATE_RISK
4,31.0998,77.1607,2304.2,37.0,56.2,65.7,18.2,49.8,27.7,952.5,Laterite,MODERATE_RISK
9,12.414,75.7349,1145.5,16.5,21.9,36.5,15.5,52.2,13.9,884.9,Colluvium,SAFE
7,17.9451,73.5788,618.5,14.8,40.04,16.2,19.7,85.7,16.0,973.0,Colluvium,SAFE
4,11.5374,76.1329,1029.7,31.0,53.6,52.5,21.7,91.9,19.4,964.5,Weathered Granite,MODERATE_RISK
6,11.3688,76.8095,1837.6,42.1,12.32,34.9,19.8,70.3,32.0,901.4,Weathered Granite,SAFE
1,32.2376,77.1817,2015.7,44.1,150.48,76.3,24.1,67.5,22.4,945.3,Colluvium,HIGH_RISK
9,10.1548,77.0236,1606.9,49.0,109.34,82.5,13.8,79.4,14.3,984.0,Colluvium,HIGH_RISK
7,30.5742,79.5553,1830.6,44.3,10.56,38.1,22.8,69.5,14.5,960.6,Weathered Granite,SAFE
1,32.2511,77.1707,2062.5,41.8,134.42,72.5,25.6,88.5,6.2,1002.9,Colluvium,HIGH_RISK
1,32.2263,77.1775,2033.4,36.4,50.05,67.5,22.2,95.5,33.7,948.4,Colluvium,MODERATE_RISK
3,11.5358,76.1445,967.5,32.6,38.66,71.4,18.9,84.8,30.0,962.3,Colluvium,MODERATE_RISK
1,11.5346,76.1178,891.1,36.7,56.6,57.5,12.4,57.9,34.7,971.7,Colluvium,MODERATE_RISK
2,11.5263,76.1449,1025.8,44.8,129.7,95.8,20.8,62.0,5.0,974.0,Laterite,HIGH_RISK
1,11.3787,76.7042,1921.1,35.0,53.2,63.3,18.6,96.0,20.8,908.2,Weathered Granite,MODERATE_RISK
2,10.1441,77.0256,1650.2,12.8,14.14,63.5,26.1,86.5,14.5,1029.0,Colluvium,SAFE
4,11.3391,76.7856,1857.6,36.9,54.6,57.7,21.6,93.8,19.5,942.5,Weathered Granite,MODERATE_RISK
7,11.5038,76.1648,1065.5,34.4,50.22,49.4,17.1,90.6,31.6,947.8,Colluvium,MODERATE_RISK
5,30.54,79.574,1851.8,12.8,21.51,23.7,26.4,55.9,23.3,882.0,Weathered Granite,SAFE
10,11.5616,76.1132,935.3,36.2,161.37,91.2,11.7,81.1,15.0,931.3,Colluvium,HIGH_RISK
7,11.366,76.7286,1898.5,35.3,50.71,68.5,20.9,62.6,6.7,929.7,Weathered Granite,MODERATE_RISK
3,11.3937,76.698,1879.9,44.7,162.53,70.3,15.2,89.7,18.4,996.3,Weathered Granite,HIGH_RISK
7,17.9289,73.6599,1362.1,29.6,56.3,69.1,25.5,66.6,25.1,950.4,Laterite,MODERATE_RISK
10,10.1626,77.0147,1596.6,44.9,11.7,16.8,16.2,81.6,19.4,935.8,Colluvium,SAFE
5,11.3557,76.8105,1863.3,29.7,50.9,60.8,15.1,89.5,29.9,981.3,Weathered Granite,MODERATE_RISK
6,11.4296,76.0904,862.2,37.4,171.11,89.6,28.9,48.4,10.0,988.2,Laterite,HIGH_RISK
9,10.1508,77.0057,1672.3,34.6,50.16,66.8,18.6,94.3,11.6,966.7,Laterite,MODERATE_RISK
5,11.5359,76.113,1049.0,46.6,167.48,86.6,18.5,63.4,29.3,986.5,Colluvium,HIGH_RISK
5,12.415,75.7417,1146.9,12.4,28.66,58.5,19.0,61.1,27.5,874.2,Weathered Granite,SAFE
5,11.3718,76.8101,1869.3,41.6,141.7,70.2,19.8,54.5,7.5,975.0,Weathered Granite,HIGH_RISK
4,11.408,76.1141,789.2,37.0,128.15,71.4,30.5,87.9,20.8,916.7,Laterite,HIGH_RISK
5,9.6734,76.9185,825.7,41.1,167.9,83.8,20.8,56.2,28.4,954.6,Laterite,HIGH_RISK
7,11.5094,76.1574,1066.1,34.8,45.27,54.1,23.3,81.7,33.9,948.7,Weathered Granite,MODERATE_RISK
8,17.9722,73.5649,643.7,49.7,177.65,89.7,19.7,66.9,29.2,986.9,Colluvium,HIGH_RISK
4,26.1742,91.6967,401.1,38.0,36.41,64.1,16.3,95.9,14.5,953.3,Weathered Granite,MODERATE_RISK
3,17.9554,73.5816,597.3,43.8,6.9,20.0,16.0,73.6,6.8,946.4,Colluvium,SAFE
3,11.5472,76.117,931.2,44.9,160.6,82.8,22.0,86.5,18.6,876.9,Colluvium,HIGH_RISK
1,17.9326,73.6646,1363.1,6.7,35.8,26.0,24.3,65.2,6.7,903.3,Laterite,SAFE
6,11.5079,76.1279,1051.4,31.1,50.3,66.4,21.7,94.5,34.6,925.1,Weathered Granite,MODERATE_RISK
1,32.2335,77.1909,1978.2,17.1,33.06,59.7,18.5,84.5,21.9,918.7,Laterite,SAFE
5,30.572,79.5467,1834.5,31.7,9.0,16.5,18.9,47.8,20.9,956.5,Weathered Granite,SAFE
4,32.2316,77.1756,2077.9,50.3,111.38,80.5,15.1,70.1,11.8,919.1,Laterite,HIGH_RISK
9,17.9679,73.572,596.7,43.2,155.2,77.3,19.1,51.7,9.0,885.0,Colluvium,HIGH_RISK
6,31.1141,77.1851,2286.6,14.6,31.0,24.2,12.0,85.4,9.9,977.3,Sandy Loam,SAFE
7,32.251,77.195,2075.4,35.2,51.6,70.3,15.2,64.2,21.3,1006.4,Colluvium,MODERATE_RISK
4,11.3521,76.7943,1847.6,41.6,146.58,79.2,19.5,86.1,25.7,972.8,Weathered Granite,HIGH_RISK
8,32.2442,77.1802,2136.0,31.6,55.2,68.6,14.6,91.6,19.9,1003.7,Colluvium,MODERATE_RISK
5,11.5235,76.1575,1060.3,44.5,132.61,76.7,18.5,83.8,16.0,916.4,Weathered Granite,HIGH_RISK
1,30.5414,79.5757,1863.7,45.5,16.17,39.9,17.8,61.4,33.4,907.4,Weathered Granite,SAFE
9,30.5487,79.5623,1839.9,42.2,132.6,90.8,25.0,57.5,14.5,935.5,Weathered Granite,HIGH_RISK
8,11.3553,76.7884,1842.8,40.0,86.3,92.0,15.3,84.4,9.3,922.2,Weathered Granite,HIGH_RISK
8,11.3834,76.7042,1951.1,5.6,15.07,26.0,12.9,87.6,21.7,935.1,Colluvium,SAFE
2,11.4301,76.0996,787.5,34.1,47.14,49.4,21.2,97.8,15.6,922.9,Laterite,MODERATE_RISK
6,11.5275,76.1326,1024.3,17.0,37.3,26.5,23.1,85.8,29.9,947.6,Clay Loam,SAFE
4,10.1378,77.0344,1628.5,41.0,153.73,95.7,12.0,58.8,13.7,930.6,Colluvium,HIGH_RISK
5,10.1708,77.021,1783.9,53.2,177.2,84.3,30.9,56.4,18.4,956.6,Weathered Granite,HIGH_RISK
2,11.3956,76.7263,1946.1,38.1,159.56,93.8,17.6,58.1,17.1,962.0,Weathered Granite,HIGH_RISK
7,9.6841,76.9347,808.5,39.7,159.7,82.1,25.2,97.5,19.8,983.9,Weathered Granite,HIGH_RISK
4,9.6698,76.9138,822.9,35.1,15.24,44.5,12.2,45.5,29.5,914.4,Laterite,SAFE
1,11.5329,76.1453,1061.7,49.8,128.5,76.2,14.5,62.9,5.4,971.2,Weathered Granite,HIGH_RISK
1,11.3807,76.7045,1944.7,37.4,165.6,80.4,20.5,76.3,31.1,910.5,Weathered Granite,HIGH_RISK
3,11.5339,76.1429,971.1,45.3,111.1,71.4,14.0,87.3,30.5,968.6,Colluvium,HIGH_RISK
8,32.246,77.1966,2044.5,42.6,173.5,83.3,18.2,78.5,34.7,1033.2,Colluvium,HIGH_RISK
4,10.1724,77.0355,1771.0,12.2,41.0,60.7,18.3,92.9,10.3,963.2,Weathered Granite,SAFE
1,30.5489,79.549,1861.8,7.3,39.8,17.9,19.3,53.9,17.3,889.8,Residual Soil,SAFE
1,11.5492,76.1088,826.8,7.5,37.68,18.6,18.2,76.0,28.2,907.1,Weathered Granite,SAFE
3,30.5658,79.5579,1877.2,37.4,47.47,52.3,23.0,87.5,23.2,892.6,Weathered Granite,MODERATE_RISK
5,26.869,88.2027,1686.2,37.1,16.7,28.7,19.4,58.7,31.4,1000.1,Laterite,SAFE
6,31.0958,77.1819,2308.6,4.7,22.7,38.9,21.3,60.7,32.4,924.8,Laterite,SAFE
4,17.9169,73.6534,1354.2,30.3,16.0,48.0,16.4,45.2,13.1,936.8,Laterite,SAFE
10,26.1745,91.6829,487.1,35.8,51.1,71.8,18.0,93.2,9.2,943.0,Sandy Loam,MODERATE_RISK
1,32.2258,77.1964,2007.3,42.8,145.6,91.2,24.1,62.7,26.2,972.7,Colluvium,HIGH_RISK
4,10.1703,77.021,1807.9,50.4,144.6,83.8,13.3,73.2,21.2,967.0,Weathered Granite,HIGH_RISK
3,32.2362,77.2,2063.8,47.2,149.27,74.3,20.0,47.7,7.7,1011.8,Colluvium,HIGH_RISK
3,30.5418,79.5848,1848.8,48.3,107.47,94.2,9.6,54.3,7.5,977.2,Weathered Granite,HIGH_RISK
6,11.3705,76.8133,1833.2,41.8,156.5,91.8,24.2,92.8,15.0,973.7,Weathered Granite,HIGH_RISK
10,30.5388,79.586,1833.4,11.4,5.6,57.0,15.4,49.9,22.6,942.4,Sandy Loam,SAFE
6,11.5149,76.1434,1004.8,49.8,164.56,78.1,14.7,57.8,17.5,969.9,Colluvium,HIGH_RISK
9,31.1025,77.1692,2267.1,17.7,36.91,39.2,17.2,71.2,29.4,959.5,Residual Soil,SAFE
5,12.4057,75.7237,1156.5,34.9,11.17,28.1,23.4,62.7,24.9,919.2,Residual Soil,SAFE
9,10.166,77.0162,1825.4,37.1,40.76,55.8,21.6,80.9,28.6,887.5,Weathered Granite,MODERATE_RISK
5,10.1683,77.0243,1756.5,28.4,57.6,64.7,15.4,92.7,15.2,844.3,Weathered Granite,MODERATE_RISK
6,9.6794,76.9329,879.5,46.1,10.2,16.1,26.9,64.4,15.3,941.8,Laterite,SAFE
8,11.4001,76.1242,769.2,37.7,49.6,56.3,22.6,97.8,17.9,926.8,Laterite,MODERATE_RISK
9,30.5632,79.574,1901.1,4.1,42.1,25.0,27.4,46.6,11.0,938.4,Colluvium,SAFE
5,11.5733,76.123,919.5,36.1,9.3,39.8,16.1,91.3,31.6,1008.2,Colluvium,SAFE
5,11.3827,76.7188,1952.2,35.7,52.2,45.5,22.9,50.5,34.2,950.1,Weathered Granite,MODERATE_RISK
5,11.531,76.1258,1028.4,40.9,8.42,28.6,22.2,82.1,12.9,905.7,Colluvium,SAFE
9,12.4129,75.7306,1154.7,30.7,10.5,14.6,17.4,59.2,15.1,967.9,Residual Soil,SAFE
3,10.1491,77.0153,1741.3,52.7,108.0,70.1,20.2,97.9,22.9,921.7,Weathered Granite,HIGH_RISK
10,31.1213,77.1769,2273.7,49.3,78.5,92.6,19.3,73.7,28.7,959.4,Laterite,HIGH_RISK
5,32.2409,77.1809,2092.2,42.4,14.96,15.7,15.8,74.8,6.7,960.2,Colluvium,SAFE
4,31.1233,77.154,2313.9,52.5,171.9,90.2,22.3,55.2,22.6,961.6,Clay Loam,HIGH_RISK
7,11.3656,76.7291,1906.0,42.3,116.6,90.5,21.9,93.6,22.1,934.4,Weathered Granite,HIGH_RISK
2,11.5245,76.1402,992.4,14.1,32.2,46.2,13.5,69.2,29.0,992.9,Clay Loam,SAFE
8,11.3706,76.8137,1829.8,39.8,176.1,88.3,16.7,88.3,28.1,956.3,Weathered Granite,HIGH_RISK
9,12.4315,75.7582,1171.8,33.7,40.4,64.8,16.2,92.2,9.9,972.8,Weathered Granite,MODERATE_RISK
7,11.5159,76.145,1095.2,46.8,128.81,85.8,26.0,66.8,12.6,956.0,Laterite,HIGH_RISK
2,10.1448,77.0183,1816.9,6.4,26.9,48.7,23.4,84.1,8.3,936.2,Residual Soil,SAFE
2,11.4129,76.1156,763.8,34.1,17.8,17.2,20.9,72.4,10.5,923.5,Laterite,SAFE
9,11.5123,76.1396,1050.5,6.4,49.2,58.8,17.8,74.0,34.8,906.3,Colluvium,SAFE
2,17.9689,73.5687,625.2,52.9,160.71,72.5,20.0,62.1,19.6,923.0,Laterite,HIGH_RISK
8,10.1555,77.0335,1665.5,37.1,49.39,68.6,18.0,95.5,11.1,982.3,Colluvium,MODERATE_RISK
4,17.9399,73.6015,598.2,35.1,53.9,71.8,28.4,79.3,7.0,949.7,Laterite,MODERATE_RISK
9,12.4204,75.753,1190.5,35.4,16.8,44.3,24.8,51.3,6.7,882.8,Residual Soil,SAFE
10,11.3934,76.1123,735.6,16.5,30.5,51.5,18.0,56.9,25.8,1038.5,Residual Soil,SAFE
8,31.1104,77.1838,2263.6,49.1,159.28,70.9,14.7,51.3,23.6,1004.9,Clay Loam,HIGH_RISK
8,17.9236,73.6447,1363.2,41.0,111.0,93.5,19.1,50.9,8.2,910.7,Laterite,HIGH_RISK
5,11.4153,76.1201,823.2,37.8,172.5,90.9,21.3,81.2,13.1,1006.9,Laterite,HIGH_RISK
10,10.1317,77.007,1632.9,48.7,102.96,78.0,25.1,82.7,9.8,917.3,Colluvium,HIGH_RISK
3,11.5054,76.1444,1013.4,12.6,27.89,18.2,17.0,89.8,8.2,958.7,Clay Loam,SAFE
2,31.1247,77.1665,2303.7,52.2,176.7,72.9,23.1,81.1,33.4,994.3,Clay Loam,HIGH_RISK
5,30.5614,79.5654,1895.9,6.4,44.8,59.4,13.3,86.2,10.1,979.6,Weathered Granite,SAFE
4,9.6812,76.9229,773.9,40.6,153.9,84.0,26.6,60.7,9.2,983.4,Clay Loam,HIGH_RISK
1,11.5632,76.1441,943.1,41.9,175.62,95.1,24.6,84.1,34.1,909.5,Colluvium,HIGH_RISK
4,11.3761,76.7132,1881.5,46.5,186.28,82.6,13.8,80.4,10.4,931.6,Weathered Granite,HIGH_RISK
10,10.1522,77.0182,1788.0,51.7,181.78,74.0,17.6,58.0,32.4,946.5,Weathered Granite,HIGH_RISK
7,11.4192,76.1112,774.7,32.3,4.2,40.2,19.1,95.0,17.6,904.1,Laterite,SAFE
8,11.5055,76.1588,1085.0,33.9,50.3,70.5,23.9,49.6,11.9,930.6,Weathered Granite,MODERATE_RISK
3,12.4128,75.723,1151.4,35.1,54.9,54.9,19.5,87.4,30.1,937.4,Laterite,MODERATE_RISK
5,10.1616,77.0136,1761.4,36.2,46.59,70.8,19.8,93.8,30.8,973.2,Weathered Granite,MODERATE_RISK
1,26.904,88.1692,1729.0,36.4,6.6,23.7,20.8,56.7,17.4,919.9,Laterite,SAFE
4,32.2451,77.1979,2028.7,32.3,44.72,46.3,17.4,88.4,34.3,947.7,Colluvium,MODERATE_RISK
3,10.147,77.0012,1638.4,47.6,15.8,30.3,21.2,83.5,20.8,1010.0,Colluvium,SAFE
1,26.9088,88.1815,1729.7,34.2,154.77,95.1,22.4,81.1,25.4,936.8,Laterite,HIGH_RISK
2,11.409,76.0964,806.8,40.5,154.5,81.1,14.6,90.6,34.7,953.3,Laterite,HIGH_RISK
3,32.2602,77.1844,2057.9,42.7,14.79,35.1,18.1,52.4,16.7,904.2,Colluvium,SAFE
2,30.5562,79.5535,1898.4,36.7,5.61,17.5,18.5,70.5,27.4,963.4,Weathered Granite,SAFE
8,12.4124,75.7287,1202.7,39.2,10.12,45.6,21.2,45.5,6.1,883.3,Residual Soil,SAFE
3,32.249,77.1885,2057.7,45.9,9.9,43.7,21.2,72.8,33.8,938.7,Colluvium,SAFE
9,30.5752,79.5524,1939.0,41.8,166.3,90.8,29.8,91.3,34.1,914.5,Weathered Granite,HIGH_RISK
2,11.3963,76.1197,775.7,37.9,51.9,69.9,27.4,46.4,14.5,969.3,Weathered Granite,MODERATE_RISK
8,10.1724,77.0272,1729.0,45.2,131.95,91.9,22.9,87.5,16.6,954.8,Weathered Granite,HIGH_RISK
1,11.367,76.7852,1904.3,10.3,45.1,45.4,12.6,45.7,33.8,935.9,Clay Loam,SAFE
1,11.3949,76.7211,1881.9,35.5,39.22,55.2,15.9,85.1,16.3,921.7,Weathered Granite,MODERATE_RISK
1,10.1758,77.0424,1780.6,51.4,126.94,90.3,19.8,53.7,23.3,1040.5,Weathered Granite,HIGH_RISK
4,11.5188,76.1258,1002.6,42.1,140.25,79.6,14.1,59.6,25.1,899.1,Colluvium,HIGH_RISK
10,26.891,88.1787,1666.8,37.7,53.9,63.0,17.5,61.4,33.2,929.5,Laterite,MODERATE_RISK
3,9.6873,76.917,816.5,47.2,137.94,84.9,13.7,84.3,13.5,969.7,Laterite,HIGH_RISK
6,9.6676,76.9231,835.4,11.1,44.3,16.5,23.2,72.7,6.4,957.0,Laterite,SAFE
9,30.5582,79.581,1882.7,14.5,25.85,17.7,18.6,80.7,8.5,928.2,Sandy Loam,SAFE
5,11.3928,76.1185,792.9,43.0,126.2,74.8,19.9,87.6,27.1,938.7,Laterite,HIGH_RISK
1,32.2503,77.2038,2058.5,36.6,49.12,60.5,22.3,83.5,7.8,954.2,Colluvium,MODERATE_RISK
5,11.5587,76.1382,897.3,45.4,162.36,91.6,31.2,55.1,20.1,940.2,Colluvium,HIGH_RISK
8,31.0859,77.1806,2296.1,49.8,15.29,28.1,20.8,79.2,23.7,919.6,Clay Loam,SAFE
4,11.5011,76.148,1097.8,45.4,154.6,92.0,26.9,69.8,22.8,951.0,Colluvium,HIGH_RISK
7,11.5373,76.116,919.8,36.3,50.99,52.8,15.5,89.0,30.3,950.4,Colluvium,MODERATE_RISK
10,10.1572,77.0179,1618.1,40.6,179.4,91.8,15.5,70.9,15.7,1036.4,Colluvium,HIGH_RISK
4,11.3619,76.7948,1888.8,33.2,17.9,16.9,12.2,71.7,16.0,891.0,Weathered Granite,SAFE
2,31.0896,77.1895,2284.4,51.4,165.5,90.5,20.8,83.6,20.1,962.5,Clay Loam,HIGH_RISK
9,31.0938,77.1805,2260.0,44.2,13.75,13.9,21.1,79.7,10.0,937.4,Clay Loam,SAFE
9,17.9124,73.6427,1375.0,37.6,149.5,79.4,17.5,96.8,19.2,1018.0,Weathered Granite,HIGH_RISK
5,11.5029,76.1364,1072.3,38.0,49.9,46.2,20.7,80.2,29.8,949.2,Weathered Granite,MODERATE_RISK
8,26.1734,91.7011,465.2,30.0,175.12,89.9,24.1,93.4,13.1,913.2,Clay Loam,HIGH_RISK
8,17.9716,73.5737,616.7,47.0,98.01,84.8,20.3,48.4,19.8,922.7,Colluvium,HIGH_RISK
5,31.1215,77.1897,2271.2,46.7,16.8,31.1,22.5,74.5,34.3,1045.7,Clay Loam,SAFE
2,12.4239,75.7292,1145.3,36.5,35.8,57.8,18.0,82.9,32.8,911.1,Weathered Granite,MODERATE_RISK
6,17.9682,73.5831,624.5,36.3,47.0,69.4,17.1,87.6,30.7,969.3,Colluvium,MODERATE_RISK
2,17.9321,73.6516,1350.4,14.0,41.0,33.4,20.8,63.5,12.7,915.7,Laterite,SAFE
10,11.5437,76.1281,846.8,42.8,112.5,84.1,22.6,86.4,14.2,977.7,Colluvium,HIGH_RISK
9,11.3671,76.815,1808.4,34.6,50.6,52.5,19.7,94.1,8.9,999.0,Weathered Granite,MODERATE_RISK
7,17.9441,73.5878,554.7,8.3,27.3,39.3,21.3,85.9,30.1,982.5,Weathered Granite,SAFE
5,10.1471,77.0365,1677.7,51.3,154.0,77.7,18.8,89.9,6.9,956.1,Colluvium,HIGH_RISK
9,11.5207,76.1511,961.7,43.7,13.04,18.0,19.3,61.8,23.2,917.3,Colluvium,SAFE
8,11.5546,76.1231,915.1,32.2,50.38,60.0,15.0,89.2,23.4,972.6,Colluvium,MODERATE_RISK
4,11.34,76.7965,1797.1,37.8,47.47,58.9,19.8,85.7,20.5,979.6,Weathered Granite,MODERATE_RISK
9,26.1652,91.7146,488.1,35.6,51.15,49.8,22.9,90.8,23.9,930.4,Clay Loam,MODERATE_RISK
1,10.143,77.0061,1642.5,45.0,12.8,31.3,21.8,88.5,18.2,935.4,Colluvium,SAFE
3,31.1134,77.1727,2212.4,49.8,140.58,95.7,19.4,46.9,12.3,964.1,Clay Loam,HIGH_RISK
7,11.3916,76.7312,1916.7,36.9,52.7,66.2,20.9,97.5,30.4,954.0,Clay Loam,MODERATE_RISK
4,11.5362,76.1366,1070.4,49.7,140.91,89.9,14.1,96.7,33.8,852.4,Weathered Granite,HIGH_RISK
5,10.154,77.0362,1667.1,51.2,169.6,79.5,15.3,83.6,30.4,985.1,Colluvium,HIGH_RISK
4,17.9206,73.6764,1429.2,33.2,54.4,64.0,21.1,53.4,15.0,933.8,Laterite,MODERATE_RISK
7,11.5325,76.154,1070.3,36.4,44.72,69.6,18.4,45.9,23.3,943.1,Weathered Granite,MODERATE_RISK
7,9.6856,76.9248,782.2,31.4,50.6,71.3,24.5,56.7,26.4,929.5,Weathered Granite,MODERATE_RISK
9,9.6933,76.9238,848.8,37.3,37.24,65.2,18.5,70.1,15.8,891.9,Weathered Granite,MODERATE_RISK
9,17.9452,73.6416,1387.4,37.4,54.4,50.1,24.0,91.9,15.8,974.5,Laterite,MODERATE_RISK
7,11.3692,76.7928,1860.6,44.3,141.9,80.8,20.3,91.9,21.9,939.6,Weathered Granite,HIGH_RISK
7,10.1804,77.0336,1821.6,48.9,167.48,79.4,22.4,82.0,17.1,947.8,Weathered Granite,HIGH_RISK
5,17.9526,73.5644,583.6,51.5,163.6,73.0,19.7,50.2,34.0,1005.4,Colluvium,HIGH_RISK
3,11.5428,76.1147,982.2,36.0,48.4,71.3,15.4,81.2,6.2,822.7,Colluvium,MODERATE_RISK
5,11.5251,76.1435,970.9,41.8,15.35,36.8,23.1,89.8,26.3,940.4,Colluvium,SAFE
2,11.3662,76.7814,1870.3,36.7,57.1,65.6,20.7,88.7,16.6,903.0,Weathered Granite,MODERATE_RISK
1,30.5556,79.582,1865.1,33.7,50.9,67.6,21.9,77.8,28.3,956.3,Laterite,MODERATE_RISK
9,11.4311,76.1074,755.2,42.9,179.03,85.9,14.9,75.0,20.3,937.7,Laterite,HIGH_RISK
6,30.5633,79.5773,1870.2,43.3,98.7,87.8,24.2,93.1,24.5,929.5,Weathered Granite,HIGH_RISK
8,11.3713,76.7907,1894.5,36.1,52.4,68.9,25.1,48.2,7.7,870.4,Weathered Granite,MODERATE_RISK
2,11.5233,76.1317,1030.1,46.8,126.12,82.6,21.1,81.7,24.7,906.1,Weathered Granite,HIGH_RISK
2,10.1561,76.9975,1686.6,34.3,47.4,64.9,25.4,86.7,30.6,910.3,Colluvium,MODERATE_RISK
3,26.8889,88.1648,1724.7,42.0,115.1,83.0,19.6,94.6,12.2,954.7,Laterite,HIGH_RISK
2,11.4017,76.1068,774.5,35.7,16.0,36.1,18.1,91.8,21.0,884.3,Laterite,SAFE
8,26.8847,88.1969,1668.0,28.8,12.8,33.9,21.7,62.3,28.7,971.1,Laterite,SAFE
2,11.5298,76.1369,926.4,47.9,100.54,83.7,17.2,45.4,16.2,876.4,Weathered Granite,HIGH_RISK
2,10.1646,77.0411,1801.2,6.4,30.31,58.1,20.0,92.3,22.3,942.3,Weathered Granite,SAFE
6,10.1686,77.0072,1629.4,51.1,176.5,91.7,19.3,62.7,7.2,953.5,Colluvium,HIGH_RISK
7,9.6934,76.9228,784.1,12.3,29.8,35.9,25.5,55.6,17.3,966.4,Weathered Granite,SAFE
3,11.4063,76.0912,819.3,11.1,27.2,47.4,13.6,70.8,22.1,888.7,Laterite,SAFE
10,10.1779,77.0208,1752.4,31.6,49.45,69.5,19.9,71.5,34.9,890.4,Weathered Granite,MODERATE_RISK
7,11.3717,76.7062,1873.1,7.4,23.1,29.6,17.6,75.9,31.5,944.5,Sandy Loam,SAFE
5,11.55,76.1448,982.9,47.2,169.84,80.3,18.0,88.5,12.6,904.9,Colluvium,HIGH_RISK
4,10.1372,77.0082,1657.3,37.6,55.3,45.6,20.1,76.2,11.0,1000.7,Colluvium,MODERATE_RISK
7,32.2482,77.1927,2062.0,48.9,136.62,80.8,21.8,52.9,14.6,919.8,Colluvium,HIGH_RISK
9,11.5579,76.1224,916.6,28.7,51.9,65.8,20.9,93.9,22.1,948.2,Colluvium,MODERATE_RISK
8,10.1626,77.0241,1672.3,39.9,9.6,47.5,25.9,67.2,33.0,947.1,Colluvium,SAFE
10,17.9198,73.6499,1349.6,36.1,49.9,67.5,21.5,55.4,16.0,964.6,Laterite,MODERATE_RISK
6,10.1406,77.0025,1610.7,48.9,102.7,83.2,25.3,60.7,34.5,919.1,Colluvium,HIGH_RISK
10,12.434,75.7238,1156.2,36.8,14.74,18.9,19.0,71.2,22.9,868.2,Residual Soil,SAFE
1,10.1313,77.007,1650.2,44.7,171.9,95.1,17.2,54.6,15.5,1066.2,Colluvium,HIGH_RISK
9,11.5402,76.132,958.6,40.8,17.4,33.8,20.4,80.1,30.8,970.7,Colluvium,SAFE
9,10.1795,77.0277,1770.5,34.7,46.64,70.9,16.8,94.7,12.3,957.4,Weathered Granite,MODERATE_RISK
2,10.1546,77.0431,1760.0,47.5,174.24,94.6,22.2,76.2,10.9,924.8,Weathered Granite,HIGH_RISK
8,11.5575,76.1392,933.3,42.2,168.63,74.8,18.8,61.3,7.1,940.8,Colluvium,HIGH_RISK
1,10.1455,77.0052,1834.7,43.6,17.0,14.8,24.7,69.7,29.8,961.1,Weathered Granite,SAFE
8,11.3528,76.7909,1792.3,37.2,52.09,56.8,20.4,92.4,14.0,962.6,Weathered Granite,MODERATE_RISK
7,12.4415,75.7332,1129.0,37.2,49.78,55.9,14.0,69.2,22.6,973.0,Weathered Granite,MODERATE_RISK
6,10.1557,77.0055,1783.2,55.5,159.56,83.7,20.6,63.7,18.1,984.2,Weathered Granite,HIGH_RISK
1,11.5164,76.1328,1066.3,45.7,9.6,23.5,8.7,59.4,9.8,972.6,Weathered Granite,SAFE
6,10.1598,77.0234,1610.2,50.6,153.4,81.1,16.8,56.7,8.0,925.3,Colluvium,HIGH_RISK
10,10.1605,77.0424,1804.9,48.1,165.0,95.1,19.7,73.0,19.3,973.6,Weathered Granite,HIGH_RISK
3,17.972,73.5949,651.8,41.5,144.0,84.4,26.4,75.5,21.6,901.6,Colluvium,HIGH_RISK
2,32.23,77.2032,2064.0,35.2,40.26,52.4,18.6,91.4,9.0,887.0,Colluvium,MODERATE_RISK
3,32.232,77.2058,2066.2,35.6,50.82,65.5,20.4,54.7,6.5,920.3,Colluvium,MODERATE_RISK
5,11.399,76.0995,741.6,37.5,56.1,58.2,15.7,85.0,34.3,957.1,Colluvium,MODERATE_RISK
2,11.4269,76.0973,827.7,13.6,20.3,56.9,19.3,79.7,7.4,966.6,Clay Loam,SAFE
6,9.6909,76.9153,814.2,39.0,174.2,76.6,19.6,91.5,34.0,969.5,Laterite,HIGH_RISK
6,11.359,76.7908,1817.8,34.7,54.3,59.9,21.2,59.9,27.3,992.2,Weathered Granite,MODERATE_RISK
3,11.3469,76.8142,1894.8,35.2,47.4,70.6,20.1,80.9,16.4,911.4,Weathered Granite,MODERATE_RISK
10,31.1122,77.1845,2292.0,51.1,9.8,40.5,17.1,63.1,16.5,956.3,Clay Loam,SAFE
2,11.5575,76.1309,890.1,34.9,137.06,84.1,19.1,94.3,11.2,981.6,Colluvium,HIGH_RISK
8,32.2473,77.1938,2050.2,44.8,16.34,45.5,21.8,45.1,5.9,908.1,Colluvium,SAFE
9,26.8701,88.1747,1664.8,33.3,44.44,62.1,13.2,92.9,14.3,942.2,Colluvium,MODERATE_RISK
3,9.687,76.9168,752.6,39.4,9.6,14.2,20.6,89.4,7.5,885.1,Laterite,SAFE
2,11.5361,76.1433,1044.7,37.9,46.6,63.4,15.8,94.8,27.8,899.9,Weathered Granite,MODERATE_RISK
5,11.3667,76.7162,1929.5,44.8,120.8,89.1,16.1,96.3,26.7,968.8,Weathered Granite,HIGH_RISK
1,11.4232,76.1137,787.7,35.6,15.0,15.4,16.6,64.4,7.6,1027.0,Laterite,SAFE
7,9.6889,76.9246,853.8,44.6,4.9,12.3,17.5,67.1,20.7,933.4,Laterite,SAFE
5,26.1509,91.6817,445.0,24.4,10.39,13.3,27.0,90.0,28.8,916.6,Clay Loam,SAFE
10,11.4278,76.1169,791.4,36.4,15.2,43.7,16.4,91.3,22.1,940.6,Laterite,SAFE
1,11.5123,76.1525,1017.0,49.4,14.25,10.8,22.7,46.8,17.3,985.6,Weathered Granite,SAFE
2,11.5206,76.1395,1023.0,36.2,56.4,65.2,22.4,60.5,27.5,1034.8,Weathered Granite,MODERATE_RISK
2,11.4067,76.09,811.0,15.4,31.5,47.3,18.1,59.4,17.0,946.0,Sandy Loam,SAFE
6,11.3984,76.1104,770.2,15.5,39.1,24.9,19.8,73.6,34.7,961.2,Laterite,SAFE
5,26.9025,88.1766,1668.5,30.5,47.58,61.9,21.5,90.7,5.6,924.6,Weathered Granite,MODERATE_RISK
1,31.0986,77.1822,2335.6,37.5,51.2,64.2,21.0,79.0,8.3,925.0,Clay Loam,MODERATE_RISK
6,30.5513,79.5731,1844.3,46.3,150.7,75.0,20.1,85.7,6.0,926.6,Weathered Granite,HIGH_RISK
7,11.5509,76.1114,917.7,35.3,3.4,36.9,19.0,78.4,20.9,932.1,Colluvium,SAFE
9,11.5362,76.1405,925.8,37.6,49.61,71.9,21.2,84.9,30.8,919.8,Weathered Granite,MODERATE_RISK
9,11.5109,76.1379,1035.9,46.5,91.47,84.1,16.2,67.5,9.7,890.1,Weathered Granite,HIGH_RISK
3,9.672,76.9275,793.4,44.3,6.6,30.9,22.3,76.8,29.0,958.5,Laterite,SAFE
1,26.1621,91.6977,476.4,30.0,155.38,94.1,16.4,58.3,34.5,936.9,Clay Loam,HIGH_RISK
3,11.4294,76.0998,809.5,36.0,51.6,66.1,21.6,82.7,34.4,943.5,Laterite,MODERATE_RISK
8,32.2331,77.2053,2028.1,46.9,10.23,31.8,15.4,78.2,9.0,894.5,Colluvium,SAFE
8,30.5748,79.5613,1904.8,45.2,139.3,91.0,19.1,47.2,16.0,975.3,Weathered Granite,HIGH_RISK
1,30.5588,79.574,1814.1,34.0,45.8,64.8,27.8,91.8,17.8,958.4,Weathered Granite,MODERATE_RISK
5,17.9692,73.5915,661.1,47.2,146.36,78.9,18.8,64.4,13.3,921.5,Colluvium,HIGH_RISK
2,30.5388,79.5769,1873.9,36.7,57.9,71.4,22.8,65.0,27.2,1035.1,Weathered Granite,MODERATE_RISK
3,17.969,73.6018,592.8,46.9,15.9,39.8,20.2,53.8,14.7,915.1,Colluvium,SAFE
8,31.0948,77.1887,2322.2,15.8,27.8,47.9,22.1,89.1,12.8,870.7,Weathered Granite,SAFE
3,11.3379,76.7806,1891.0,36.0,42.79,54.2,19.8,79.2,21.8,985.0,Colluvium,MODERATE_RISK
5,9.6882,76.911,815.1,45.8,10.0,19.1,24.8,83.5,7.9,958.4,Laterite,SAFE
10,11.5695,76.1392,969.8,35.8,56.3,47.1,24.4,80.3,30.8,909.1,Colluvium,MODERATE_RISK
5,32.2516,77.2046,2040.1,36.5,50.9,61.5,17.0,77.6,16.7,931.2,Colluvium,MODERATE_RISK
5,32.2272,77.1693,2042.1,42.2,146.7,91.8,18.3,74.3,25.0,948.3,Colluvium,HIGH_RISK
9,10.1442,77.0095,1625.8,48.2,142.4,81.2,24.5,93.9,32.8,890.0,Colluvium,HIGH_RISK
7,11.3384,76.7755,1828.7,32.1,16.0,18.1,17.8,77.3,23.3,947.1,Weathered Granite,SAFE
7,11.3694,76.7824,1836.0,38.7,5.1,23.4,15.7,97.2,18.9,983.0,Weathered Granite,SAFE
2,11.5195,76.1261,1005.5,46.2,134.2,94.4,21.7,47.7,12.3,1022.2,Colluvium,HIGH_RISK
10,11.3968,76.7178,1909.9,43.7,12.5,18.2,17.5,48.5,11.6,921.2,Weathered Granite,SAFE
1,32.2574,77.2014,2072.5,47.1,97.8,73.0,25.9,87.2,23.0,883.4,Colluvium,HIGH_RISK
3,30.558,79.5787,1876.7,37.8,44.16,54.9,12.9,81.8,30.1,924.7,Weathered Granite,MODERATE_RISK
1,17.9241,73.671,1330.3,37.5,144.82,88.3,24.5,67.3,29.6,919.5,Laterite,HIGH_RISK
10,11.3926,76.106,762.0,37.7,51.3,62.4,22.0,92.2,10.8,956.2,Colluvium,MODERATE_RISK
1,11.3408,76.8026,1822.4,34.3,44.5,45.3,23.3,87.5,13.6,941.8,Weathered Granite,MODERATE_RISK
4,31.1142,77.1675,2298.5,53.4,111.05,72.5,19.3,55.3,18.6,1004.4,Clay Loam,HIGH_RISK
4,11.4271,76.088,747.4,41.8,143.6,83.5,23.9,59.3,8.7,920.3,Laterite,HIGH_RISK
1,30.55,79.5585,1876.5,8.6,44.1,53.8,24.8,79.3,8.9,941.7,Residual Soil,SAFE
8,32.2242,77.1758,2075.4,35.8,47.4,59.1,14.6,96.1,10.1,901.3,Colluvium,MODERATE_RISK
9,10.1336,77.0297,1656.6,37.7,7.7,44.0,18.9,93.9,22.0,940.8,Colluvium,SAFE
10,10.1465,77.031,1783.6,25.6,52.0,68.7,17.9,84.1,31.7,962.9,Weathered Granite,MODERATE_RISK
8,11.3998,76.6936,1899.1,41.4,120.8,88.4,19.2,55.1,5.7,962.3,Weathered Granite,HIGH_RISK
5,11.4028,76.7127,1858.8,42.0,114.18,90.6,14.6,73.2,18.4,954.1,Weathered Granite,HIGH_RISK
9,11.5455,76.1247,1028.2,36.4,49.61,51.5,16.6,84.5,32.9,941.6,Colluvium,MODERATE_RISK
10,31.1021,77.1879,2308.2,50.5,12.2,42.9,25.2,56.7,17.2,1015.4,Clay Loam,SAFE
4,26.1678,91.6932,475.4,29.0,13.1,16.2,23.0,68.1,24.5,931.4,Clay Loam,SAFE
5,30.5536,79.5535,1896.7,31.5,41.9,69.3,21.7,90.7,29.9,933.0,Weathered Granite,MODERATE_RISK
1,11.5448,76.1364,989.2,36.0,47.0,53.5,16.2,96.9,19.8,971.9,Colluvium,MODERATE_RISK
7,11.5313,76.1314,1045.8,51.0,150.3,73.7,21.9,54.5,28.1,969.9,Weathered Granite,HIGH_RISK
7,30.5641,79.5549,1849.8,26.5,45.27,67.4,22.2,92.7,12.1,968.0,Weathered Granite,MODERATE_RISK
3,30.5521,79.5811,1889.5,38.0,52.5,63.3,24.0,86.0,30.6,889.1,Laterite,MODERATE_RISK
4,11.3366,76.811,1890.1,39.5,184.19,76.0,20.7,73.4,18.1,952.7,Weathered Granite,HIGH_RISK
1,11.5046,76.1531,1059.1,33.8,54.2,59.0,18.9,88.7,21.1,964.4,Weathered Granite,MODERATE_RISK
1,11.3589,76.783,1842.1,40.2,7.9,45.9,17.7,86.3,12.7,936.8,Weathered Granite,SAFE
5,17.9712,73.5904,635.4,36.0,58.0,49.2,22.8,55.8,19.1,916.4,Colluvium,MODERATE_RISK
6,11.5309,76.127,1063.3,36.5,47.0,51.3,17.8,60.0,28.2,948.3,Colluvium,MODERATE_RISK
10,26.8695,88.1705,1738.5,37.7,51.37,55.9,17.4,96.7,27.6,850.6,Laterite,MODERATE_RISK
4,11.5141,76.133,1045.5,37.3,40.9,56.0,20.8,86.7,32.7,928.6,Weathered Granite,MODERATE_RISK
8,30.5617,79.5594,1859.3,34.9,49.5,71.9,22.3,91.9,14.3,944.6,Weathered Granite,MODERATE_RISK
9,26.8836,88.1944,1767.2,5.9,48.1,50.6,18.8,65.6,15.3,869.1,Clay Loam,SAFE
1,32.2434,77.1852,2093.4,34.5,51.59,56.1,24.5,92.0,34.2,1040.4,Weathered Granite,MODERATE_RISK
7,11.3631,76.8024,1860.1,36.1,47.91,55.2,23.9,90.6,7.8,990.0,Weathered Granite,MODERATE_RISK
7,11.3473,76.783,1890.7,36.2,147.0,93.9,18.6,57.8,13.1,981.8,Colluvium,HIGH_RISK
7,12.429,75.7188,1167.6,38.6,182.27,95.8,19.0,52.9,30.0,937.6,Residual Soil,HIGH_RISK
5,17.9367,73.6536,1351.3,35.2,4.9,39.0,25.2,50.0,25.3,945.6,Laterite,SAFE
3,9.6931,76.9332,873.3,12.8,19.4,40.5,25.3,47.5,20.1,927.5,Colluvium,SAFE
5,32.2584,77.201,2068.0,42.0,171.2,71.8,23.0,62.8,15.1,949.8,Colluvium,HIGH_RISK
5,11.5322,76.1407,996.9,11.1,31.85,52.2,22.1,89.9,6.9,978.4,Colluvium,SAFE
5,30.5376,79.5615,1864.2,34.0,49.17,47.6,22.5,87.9,31.0,1026.5,Colluvium,MODERATE_RISK
8,11.5489,76.138,976.2,42.8,103.6,75.8,17.5,58.6,29.9,947.4,Colluvium,HIGH_RISK
9,31.1132,77.1724,2274.1,37.5,58.0,67.8,20.7,94.6,32.1,973.0,Clay Loam,MODERATE_RISK
1,26.164,91.7132,451.3,32.5,13.37,46.4,19.8,70.6,25.5,910.0,Clay Loam,SAFE
9,10.1654,77.0339,1769.5,11.3,32.84,30.4,19.7,83.7,26.8,858.7,Weathered Granite,SAFE
2,26.8734,88.1678,1720.5,35.2,46.1,52.6,18.0,97.4,5.1,933.7,Laterite,MODERATE_RISK
8,10.1498,77.0259,1669.3,45.8,160.2,85.0,13.4,77.1,34.0,940.2,Clay Loam,HIGH_RISK
8,11.4254,76.0916,795.7,34.5,16.5,44.0,15.9,54.0,22.2,984.8,Laterite,SAFE
7,17.9109,73.6598,1381.7,10.9,33.3,18.8,29.3,96.3,19.5,953.4,Colluvium,SAFE
10,11.3995,76.7005,1872.4,43.2,6.88,29.1,16.2,53.0,13.7,915.7,Weathered Granite,SAFE
6,10.1534,77.0188,1659.9,37.4,36.0,56.6,18.3,83.3,31.0,977.3,Colluvium,MODERATE_RISK
4,11.4315,76.0914,747.1,34.7,45.3,50.7,18.3,81.7,19.9,885.5,Laterite,MODERATE_RISK
7,17.9273,73.6673,1354.2,32.7,42.7,71.8,20.1,81.4,28.3,968.9,Laterite,MODERATE_RISK
10,11.4007,76.7213,1916.6,33.2,51.6,69.1,19.4,95.9,21.6,969.0,Weathered Granite,MODERATE_RISK
4,10.145,77.0242,1614.9,5.1,41.41,51.9,20.2,71.5,27.7,989.3,Sandy Loam,SAFE
4,12.4214,75.7549,1198.3,34.9,15.8,47.3,27.2,61.6,34.0,928.9,Residual Soil,SAFE
5,11.3926,76.1202,726.2,41.7,155.1,81.7,21.2,73.7,17.6,993.6,Laterite,HIGH_RISK
2,11.4129,76.1132,746.0,12.3,35.3,50.0,13.5,94.8,20.4,1007.8,Laterite,SAFE
2,11.3712,76.8033,1813.9,35.7,137.61,86.3,23.7,92.7,7.4,952.0,Weathered Granite,HIGH_RISK
4,10.1604,77.0385,1814.0,51.8,154.39,88.1,20.5,73.3,17.6,1005.8,Weathered Granite,HIGH_RISK
3,12.4308,75.7506,1175.9,5.5,34.38,55.6,19.9,95.4,14.0,1032.4,Colluvium,SAFE
2,26.1809,91.6901,464.9,26.5,16.06,10.5,15.2,88.6,15.9,910.8,Clay Loam,SAFE
3,10.1354,77.0134,1613.5,37.1,49.66,45.1,16.0,52.7,6.0,967.8,Colluvium,MODERATE_RISK
10,30.5614,79.5555,1853.3,37.1,57.5,55.6,22.2,84.3,32.7,933.5,Weathered Granite,MODERATE_RISK
4,11.3428,76.7788,1906.5,38.8,17.1,27.7,17.5,54.3,20.4,987.6,Weathered Granite,SAFE
9,11.5734,76.1379,958.1,7.7,23.5,20.3,24.2,92.7,25.5,920.0,Sandy Loam,SAFE
8,11.556,76.1222,888.1,45.8,140.42,72.9,20.8,94.1,22.9,947.6,Colluvium,HIGH_RISK
5,32.2433,77.196,2042.3,36.6,42.1,45.4,13.6,97.3,18.2,916.2,Colluvium,MODERATE_RISK
2,11.3445,76.7867,1862.6,36.5,140.1,96.0,21.8,66.5,28.5,1005.9,Colluvium,HIGH_RISK
9,30.5366,79.5629,1912.9,49.0,169.5,90.0,27.2,95.0,26.8,963.2,Weathered Granite,HIGH_RISK
5,9.699,76.9312,800.8,35.7,46.09,67.9,8.1,75.9,32.5,969.7,Laterite,MODERATE_RISK
10,11.42,76.0886,765.0,30.8,5.72,13.5,19.0,45.3,17.3,891.4,Laterite,SAFE
7,11.3686,76.7009,1914.5,10.7,49.7,33.2,16.3,78.6,8.4,898.5,Clay Loam,SAFE
3,12.4124,75.7244,1208.1,40.1,150.76,85.2,19.8,94.9,19.1,972.3,Residual Soil,HIGH_RISK
6,10.1554,77.0264,1649.9,45.3,116.0,85.5,18.8,80.9,12.9,961.1,Colluvium,HIGH_RISK
8,12.4295,75.7551,1163.6,38.0,120.07,84.9,14.8,81.3,21.2,925.2,Residual Soil,HIGH_RISK
6,11.3725,76.7179,1931.4,40.8,15.6,38.7,20.0,72.0,6.2,964.3,Weathered Granite,SAFE
10,9.6919,76.9279,856.7,40.9,156.97,94.0,16.8,90.4,24.7,905.6,Clay Loam,HIGH_RISK
4,11.5282,76.1483,1072.4,34.7,44.5,66.9,26.1,88.9,10.9,980.4,Weathered Granite,MODERATE_RISK
5,31.097,77.1663,2310.3,47.6,16.23,41.4,19.4,64.9,8.3,950.1,Clay Loam,SAFE
2,17.9155,73.6748,1338.8,39.1,17.0,28.4,20.6,80.7,29.6,919.8,Laterite,SAFE
10,17.9557,73.5771,595.5,36.0,57.0,49.0,28.1,52.9,27.5,990.7,Colluvium,MODERATE_RISK
8,11.5298,76.159,1053.8,33.1,54.8,64.6,12.3,90.8,30.5,967.1,Weathered Granite,MODERATE_RISK
1,17.9674,73.5979,633.5,31.6,4.6,25.4,17.9,84.3,10.4,880.8,Colluvium,SAFE
10,17.9696,73.5723,646.7,36.6,49.28,68.5,17.1,90.3,32.4,936.4,Laterite,MODERATE_RISK
3,11.5427,76.1266,1000.3,42.0,11.0,33.7,16.9,74.0,27.4,956.7,Colluvium,SAFE
7,30.5691,79.5538,1862.4,40.7,5.56,37.9,14.9,63.9,26.4,912.0,Weathered Granite,SAFE
10,10.1755,77.0134,1792.4,55.4,135.58,82.1,23.2,74.4,27.2,973.9,Weathered Granite,HIGH_RISK
8,26.1728,91.708,430.9,25.9,11.28,31.6,20.3,96.2,10.8,934.1,Clay Loam,SAFE
8,17.934,73.6723,1350.7,29.7,54.7,71.9,15.1,86.7,7.9,978.9,Laterite,MODERATE_RISK
1,11.3469,76.7854,1809.1,35.3,54.8,67.3,18.5,50.2,7.6,947.2,Weathered Granite,MODERATE_RISK
4,10.144,77.0344,1680.2,41.8,114.4,74.2,21.8,96.8,33.6,878.1,Colluvium,HIGH_RISK
4,32.2413,77.1716,2011.6,45.9,10.45,42.2,19.8,78.4,18.4,937.2,Colluvium,SAFE
3,11.3346,76.8124,1875.7,34.3,156.7,78.3,18.3,91.4,9.2,973.1,Weathered Granite,HIGH_RISK
10,17.9268,73.6663,1307.3,37.7,51.1,68.6,20.5,95.6,13.8,949.8,Laterite,MODERATE_RISK
7,9.697,76.9117,780.1,34.7,49.4,62.2,12.0,83.4,22.4,976.8,Laterite,MODERATE_RISK
10,32.2438,77.1777,2081.7,44.5,185.74,93.1,19.0,93.3,11.9,967.8,Colluvium,HIGH_RISK
10,11.3702,76.7815,1872.2,41.5,14.08,30.0,25.6,61.1,18.1,923.0,Weathered Granite,SAFE
1,31.1061,77.1717,2315.8,34.3,37.2,66.4,12.9,80.5,26.0,934.2,Clay Loam,MODERATE_RISK
10,11.4298,76.0854,748.7,33.9,136.4,94.2,22.1,66.4,26.8,966.6,Laterite,HIGH_RISK
2,11.3658,76.7181,1901.0,36.5,15.5,18.1,29.4,67.8,22.2,903.8,Weathered Granite,SAFE
5,26.183,91.6861,464.3,7.9,14.96,44.6,18.1,69.9,27.6,945.2,Sandy Loam,SAFE
4,10.1558,77.0356,1794.7,16.7,12.1,25.7,14.1,56.5,12.5,916.1,Laterite,SAFE
2,11.5463,76.1247,953.6,42.4,8.69,38.9,25.3,49.7,30.8,936.9,Colluvium,SAFE
2,11.3737,76.7234,2001.2,30.4,55.6,68.4,18.8,82.4,7.2,936.0,Weathered Granite,MODERATE_RISK
8,30.5411,79.5576,1832.2,38.6,168.14,79.6,21.1,75.3,30.1,922.7,Weathered Granite,HIGH_RISK
6,11.42,76.1019,743.5,37.0,143.17,81.2,16.0,96.3,33.6,905.9,Laterite,HIGH_RISK
2,11.4306,76.1209,744.9,36.7,57.7,66.9,13.0,69.8,21.5,997.0,Laterite,MODERATE_RISK
10,10.1594,77.0274,1774.9,54.6,179.47,82.2,20.8,76.7,31.5,983.0,Weathered Granite,HIGH_RISK
9,17.9442,73.6449,1346.5,15.1,41.97,23.4,24.4,87.8,23.7,936.3,Colluvium,SAFE
5,17.9569,73.6003,639.5,44.8,172.1,79.9,16.4,56.0,32.9,949.4,Colluvium,HIGH_RISK
7,31.1177,77.159,2259.0,51.3,152.8,70.1,23.5,85.6,17.5,903.0,Laterite,HIGH_RISK
10,11.3956,76.1192,773.3,38.9,11.2,33.2,20.9,62.6,17.4,925.1,Laterite,SAFE
2,11.5583,76.1288,887.3,42.5,168.5,83.0,20.9,67.8,33.0,880.4,Colluvium,HIGH_RISK
8,17.9496,73.5825,594.8,14.9,10.51,23.2,17.8,55.5,10.8,893.0,Laterite,SAFE
4,11.555,76.1364,932.6,42.7,150.81,76.3,19.3,50.2,5.8,931.4,Colluvium,HIGH_RISK
3,11.5132,76.1626,1093.0,32.4,47.7,64.6,20.4,87.3,20.1,954.1,Weathered Granite,MODERATE_RISK
8,10.1757,77.0445,1765.8,46.4,13.7,36.1,19.3,70.2,19.4,953.2,Weathered Granite,SAFE
2,11.3872,76.7141,1883.2,36.8,39.6,57.8,17.7,57.6,19.4,966.6,Weathered Granite,MODERATE_RISK
3,11.3706,76.7126,1907.2,42.6,166.82,88.8,20.6,71.1,18.5,922.0,Weathered Granite,HIGH_RISK
7,11.5165,76.1355,1040.5,36.5,50.6,65.0,20.7,74.4,19.5,932.2,Weathered Granite,MODERATE_RISK
3,11.5014,76.1436,1065.9,34.8,49.7,67.8,24.9,94.4,20.1,915.8,Weathered Granite,MODERATE_RISK
5,11.3957,76.7153,1913.1,40.4,11.4,22.4,22.8,97.1,22.3,982.3,Weathered Granite,SAFE
1,11.5461,76.1286,895.1,36.2,43.07,51.7,19.2,81.2,30.4,893.2,Colluvium,MODERATE_RISK
10,12.4419,75.7512,1151.7,11.3,33.6,16.9,22.4,87.7,30.5,953.3,Colluvium,SAFE
9,17.9542,73.5913,557.4,49.4,152.7,85.5,34.0,92.6,8.4,1016.2,Colluvium,HIGH_RISK
7,26.8757,88.1857,1737.6,37.0,31.85,63.1,16.6,83.5,29.8,983.8,Laterite,MODERATE_RISK
7,26.908,88.1927,1690.9,40.4,173.8,94.4,20.1,47.7,32.7,987.7,Laterite,HIGH_RISK
8,26.1642,91.719,436.5,34.1,126.9,88.9,25.0,83.1,9.5,964.2,Clay Loam,HIGH_RISK
4,17.9431,73.6014,626.4,46.7,143.5,90.7,19.5,47.1,17.8,934.3,Colluvium,HIGH_RISK
9,11.4115,76.1081,760.0,37.5,16.7,26.5,21.3,88.5,18.1,917.7,Laterite,SAFE
6,32.2487,77.2073,2011.7,14.7,42.3,46.3,19.2,81.8,24.9,967.5,Laterite,SAFE
1,11.5222,76.139,1112.4,6.7,38.2,15.0,16.5,73.1,27.8,917.8,Laterite,SAFE
6,26.1611,91.6972,447.3,34.0,44.28,50.3,22.7,90.5,33.7,974.0,Clay Loam,MODERATE_RISK
10,11.5673,76.1456,983.5,37.4,4.79,40.6,11.3,78.1,19.5,986.5,Colluvium,SAFE
5,26.1755,91.6825,459.5,31.1,13.7,45.1,23.5,84.7,5.9,968.8,Clay Loam,SAFE
9,11.5174,76.1125,1023.1,40.2,3.4,41.5,20.9,73.3,27.5,930.6,Colluvium,SAFE
6,32.2394,77.2005,2028.0,17.0,31.6,19.3,18.3,51.6,17.8,925.8,Residual Soil,SAFE
7,31.1137,77.1771,2238.9,49.8,96.69,73.6,18.5,93.2,21.1,906.1,Colluvium,HIGH_RISK
7,11.3725,76.7047,1942.1,36.1,45.9,46.6,17.9,88.4,32.2,946.1,Weathered Granite,MODERATE_RISK
7,11.42,76.1186,801.5,34.7,56.4,59.2,17.4,62.9,6.0,945.4,Laterite,MODERATE_RISK
3,11.3649,76.8148,1809.2,35.3,48.6,56.3,20.9,81.9,17.9,967.5,Weathered Granite,MODERATE_RISK
1,31.0961,77.1762,2266.0,43.1,8.97,37.0,18.1,87.9,17.2,949.0,Clay Loam,SAFE
1,9.6786,76.9261,811.0,35.5,50.16,58.0,22.6,97.0,9.2,936.1,Laterite,MODERATE_RISK
3,32.232,77.204,2020.5,37.9,30.8,71.7,16.5,94.8,13.2,950.5,Colluvium,MODERATE_RISK
10,12.4316,75.7403,1232.1,5.2,35.3,17.2,26.5,59.3,15.6,967.6,Laterite,SAFE
9,10.1529,77.0357,1654.8,41.1,15.73,28.6,12.8,84.5,21.7,968.7,Colluvium,SAFE
3,11.3903,76.7031,1927.4,7.4,42.85,39.6,18.9,61.9,15.6,973.7,Colluvium,SAFE
4,32.2351,77.1884,2062.9,52.2,114.7,81.3,21.9,75.6,31.2,898.9,Colluvium,HIGH_RISK
5,9.6784,76.9258,805.8,16.5,42.24,57.5,21.0,64.6,16.3,970.5,Colluvium,SAFE
1,12.417,75.7421,1200.9,32.9,51.7,57.1,12.6,83.4,9.7,928.8,Laterite,MODERATE_RISK
6,31.1101,77.1578,2281.9,55.7,157.4,82.7,14.3,95.4,10.3,967.9,Clay Loam,HIGH_RISK
4,11.5364,76.141,994.4,37.4,44.99,67.9,21.8,97.4,34.0,985.9,Colluvium,MODERATE_RISK
3,26.8921,88.1662,1704.6,36.4,48.24,71.1,21.8,47.5,10.3,963.0,Laterite,MODERATE_RISK
4,11.3688,76.7964,1867.5,33.8,9.2,11.0,17.9,54.8,19.0,1013.6,Weathered Granite,SAFE
3,26.8717,88.1736,1726.1,35.2,48.7,67.7,22.9,94.0,17.6,967.9,Weathered Granite,MODERATE_RISK
6,26.1859,91.716,417.4,35.3,133.2,93.7,16.3,69.6,22.0,989.4,Clay Loam,HIGH_RISK
6,11.3999,76.7055,1918.6,44.4,134.03,88.1,26.4,45.5,6.6,971.2,Weathered Granite,HIGH_RISK
9,11.364,76.8047,1856.8,28.5,56.7,65.3,18.8,85.0,30.6,914.3,Weathered Granite,MODERATE_RISK
5,10.1626,77.0366,1641.1,12.1,19.58,31.2,19.8,57.4,22.6,964.7,Residual Soil,SAFE
5,11.5083,76.1482,987.5,30.9,56.1,52.1,15.9,96.5,25.2,928.4,Weathered Granite,MODERATE_RISK
4,26.885,88.1771,1701.2,32.3,55.2,67.2,20.2,92.6,11.6,961.9,Laterite,MODERATE_RISK
4,11.5499,76.1091,914.5,35.3,9.46,25.9,20.1,86.7,14.2,953.9,Colluvium,SAFE
1,32.23,77.1869,2052.3,45.3,132.1,74.6,22.4,93.7,10.4,859.8,Colluvium,HIGH_RISK
5,17.9278,73.6534,1343.8,37.5,168.3,82.8,17.5,68.2,24.5,941.9,Laterite,HIGH_RISK
9,11.567,76.148,999.0,43.5,177.32,71.6,15.3,69.9,10.7,979.0,Colluvium,HIGH_RISK
3,11.521,76.1167,927.2,38.0,41.7,71.0,22.7,81.5,30.2,936.3,Colluvium,MODERATE_RISK
10,11.5393,76.1397,1071.8,34.7,28.27,63.1,20.3,81.6,32.3,968.3,Weathered Granite,MODERATE_RISK
3,11.513,76.1418,999.1,32.8,50.05,61.1,12.3,80.7,29.9,924.0,Colluvium,MODERATE_RISK
1,32.2337,77.1887,2085.7,42.7,7.1,39.7,18.6,58.1,11.0,950.7,Colluvium,SAFE
7,9.7015,76.9049,815.5,41.9,159.12,87.3,29.2,61.9,10.3,917.3,Laterite,HIGH_RISK
7,11.3396,76.7768,1881.7,10.1,27.39,16.1,17.0,74.6,5.3,940.9,Sandy Loam,SAFE
2,10.1445,77.0388,1792.6,30.6,54.9,62.9,15.4,89.2,33.3,931.1,Weathered Granite,MODERATE_RISK
4,11.5109,76.142,1013.0,30.4,49.89,64.3,25.1,83.1,25.3,929.3,Clay Loam,MODERATE_RISK
2,11.5407,76.1383,922.8,15.7,45.6,53.1,20.7,66.5,11.9,960.7,Weathered Granite,SAFE
8,10.1663,77.0079,1799.4,55.2,121.1,82.8,20.2,57.4,25.4,955.6,Weathered Granite,HIGH_RISK
5,11.5345,76.1322,899.5,34.0,170.1,86.7,24.5,65.8,12.3,976.7,Colluvium,HIGH_RISK
2,26.9051,88.1902,1683.5,32.8,57.7,64.3,14.1,86.7,14.0,969.1,Weathered Granite,MODERATE_RISK
10,10.1661,77.0167,1631.9,46.6,174.4,81.7,20.2,55.4,23.4,904.8,Colluvium,HIGH_RISK
3,31.1233,77.1811,2273.1,54.2,122.6,86.3,17.4,64.6,22.7,942.9,Clay Loam,HIGH_RISK
6,11.573,76.1293,925.9,37.4,142.8,94.2,26.5,81.7,18.7,1024.1,Colluvium,HIGH_RISK
8,32.235,77.1929,2058.1,31.2,56.9,60.6,13.6,94.7,18.5,904.8,Colluvium,MODERATE_RISK
5,17.916,73.6701,1322.5,37.4,54.0,63.4,22.2,88.8,26.4,873.2,Weathered Granite,MODERATE_RISK
6,11.5262,76.119,982.1,32.7,48.7,65.8,12.3,94.3,5.1,984.9,Colluvium,MODERATE_RISK
10,11.5317,76.125,990.9,5.1,31.1,52.1,21.9,55.1,9.6,909.1,Clay Loam,SAFE
10,11.3423,76.81,1831.1,34.1,53.3,69.8,19.4,63.0,32.8,986.7,Weathered Granite,MODERATE_RISK
2,11.5154,76.1406,998.4,39.3,5.5,28.4,16.1,65.7,17.5,861.1,Colluvium,SAFE
1,10.1342,77.0069,1640.0,49.4,146.8,77.5,29.4,96.9,31.0,944.3,Colluvium,HIGH_RISK
7,11.3962,76.0907,806.4,36.8,13.3,28.6,17.7,57.7,24.7,942.3,Laterite,SAFE
9,17.9711,73.5646,626.9,45.5,15.6,29.3,16.3,63.8,18.9,912.5,Colluvium,SAFE
7,11.3397,76.7758,1890.1,35.4,1.5,18.3,16.4,97.7,34.8,906.5,Weathered Granite,SAFE
4,10.1752,77.0312,1827.4,47.0,7.37,32.5,27.0,51.3,17.0,912.0,Weathered Granite,SAFE
2,11.5367,76.1416,999.4,12.2,47.9,27.7,15.5,71.4,27.3,979.1,Laterite,SAFE
7,17.964,73.5948,613.1,5.4,47.0,18.5,22.3,72.7,19.4,955.1,Colluvium,SAFE
7,11.3601,76.7835,1861.9,37.9,55.2,63.3,16.1,77.2,25.3,1016.3,Colluvium,MODERATE_RISK
4,17.9564,73.579,625.4,29.5,52.6,52.0,7.6,83.7,23.9,912.9,Colluvium,MODERATE_RISK
6,11.4201,76.1058,819.5,27.3,55.5,70.7,22.4,87.3,16.8,889.2,Weathered Granite,MODERATE_RISK
5,11.513,76.124,983.1,38.1,127.4,93.6,23.9,58.9,16.0,899.6,Colluvium,HIGH_RISK
9,11.5373,76.1284,918.3,35.5,10.2,18.0,24.8,89.4,19.5,984.3,Colluvium,SAFE
6,11.3333,76.7943,1845.7,37.3,9.5,19.7,29.7,96.4,34.5,968.3,Weathered Granite,SAFE
7,17.9286,73.6487,1310.1,35.3,42.02,66.1,30.7,81.6,32.4,915.2,Laterite,MODERATE_RISK
9,31.0908,77.1905,2259.5,54.4,156.6,83.8,19.7,72.7,16.2,954.4,Clay Loam,HIGH_RISK
5,10.1571,77.0095,1638.1,45.1,7.87,32.6,24.2,47.3,28.8,995.7,Colluvium,SAFE
3,9.6771,76.912,775.5,41.1,7.04,25.5,17.0,78.3,25.3,971.0,Laterite,SAFE
4,26.8916,88.1792,1700.2,38.7,12.2,28.9,21.7,74.3,26.4,888.4,Laterite,SAFE
4,10.1448,77.0135,1654.4,51.1,145.1,87.6,18.2,77.2,5.1,1025.0,Colluvium,HIGH_RISK
9,11.526,76.1242,967.0,33.0,50.66,59.2,22.2,83.7,34.5,912.5,Laterite,MODERATE_RISK
5,11.3649,76.7903,1819.7,43.8,14.63,35.9,16.0,63.5,19.8,908.4,Weathered Granite,SAFE
5,11.3355,76.7822,1835.7,37.9,11.4,30.0,12.6,94.7,14.8,932.3,Weathered Granite,SAFE
5,11.374,76.7251,1887.3,41.1,168.47,70.2,22.9,86.1,23.2,971.8,Weathered Granite,HIGH_RISK
7,12.4373,75.7426,1155.5,37.9,50.71,52.0,11.7,58.0,26.9,989.4,Colluvium,MODERATE_RISK
8,10.1477,77.0163,1616.6,48.3,13.26,28.6,22.7,65.5,23.7,947.6,Colluvium,SAFE
5,10.1739,77.0065,1800.3,55.7,164.8,92.5,23.0,94.8,17.8,916.9,Weathered Granite,HIGH_RISK
1,11.5023,76.1284,1066.2,16.2,47.1,48.9,19.5,55.2,22.8,1026.5,Clay Loam,SAFE
3,10.1739,77.0329,1731.8,51.5,158.02,84.1,17.4,54.3,24.9,923.5,Weathered Granite,HIGH_RISK
8,26.8758,88.172,1687.8,37.2,87.23,92.3,25.1,85.6,32.8,861.3,Laterite,HIGH_RISK
8,26.8924,88.1722,1680.4,33.5,51.7,58.7,22.8,71.3,13.3,957.5,Laterite,MODERATE_RISK
6,11.52,76.1132,973.6,39.9,11.0,43.0,20.0,67.0,27.9,996.4,Colluvium,SAFE
8,30.5405,79.5758,1806.5,48.8,111.2,85.8,21.5,70.1,34.5,932.3,Weathered Granite,HIGH_RISK
3,32.2286,77.1762,2001.7,44.6,172.0,81.6,20.1,79.8,13.5,954.3,Clay Loam,HIGH_RISK
6,30.55,79.5833,1855.3,48.5,161.0,78.1,19.0,77.1,8.5,881.9,Weathered Granite,HIGH_RISK
4,11.4054,76.1088,779.1,38.1,179.5,90.1,20.1,85.4,9.6,952.1,Laterite,HIGH_RISK
4,31.0916,77.1819,2304.4,46.8,136.35,77.8,20.5,73.7,25.1,950.9,Clay Loam,HIGH_RISK
8,31.0893,77.1913,2327.8,37.4,49.45,64.8,21.0,83.8,26.5,961.0,Clay Loam,MODERATE_RISK
1,17.9317,73.6559,1414.4,9.7,20.35,51.1,17.8,94.2,8.8,1018.2,Colluvium,SAFE
10,30.5434,79.5852,1826.8,26.5,55.6,64.3,21.5,97.0,7.2,925.2,Weathered Granite,MODERATE_RISK
7,17.9738,73.5949,666.7,47.7,8.9,15.0,16.2,83.0,24.5,989.1,Colluvium,SAFE
4,30.5518,79.5637,1861.3,31.2,56.8,68.3,25.1,83.5,13.6,957.5,Weathered Granite,MODERATE_RISK
1,30.5585,79.5783,1933.3,47.4,181.56,81.9,17.7,91.6,28.3,885.7,Weathered Granite,HIGH_RISK
9,10.1809,77.0381,1795.8,35.2,50.82,60.6,18.9,95.3,16.8,890.3,Weathered Granite,MODERATE_RISK
7,11.523,76.1318,986.8,12.8,39.44,42.5,16.1,61.8,23.8,967.7,Residual Soil,SAFE
7,30.5593,79.5505,1876.1,45.4,171.99,86.7,24.1,80.5,9.0,923.1,Weathered Granite,HIGH_RISK
1,11.5379,76.1382,931.4,34.3,37.6,52.4,22.6,95.3,30.3,948.5,Laterite,MODERATE_RISK
9,17.9285,73.6684,1344.8,44.7,107.7,82.2,19.0,55.4,26.3,1007.1,Laterite,HIGH_RISK
2,17.9545,73.5825,603.5,50.4,164.12,73.7,16.6,88.4,6.0,956.1,Clay Loam,HIGH_RISK
4,26.9056,88.1824,1709.8,34.5,47.03,53.2,17.8,90.9,8.5,944.8,Laterite,MODERATE_RISK
6,11.5345,76.1349,902.0,36.0,3.69,34.4,23.2,49.9,15.1,933.0,Colluvium,SAFE
5,31.1125,77.1557,2214.0,44.3,150.9,73.0,23.0,71.7,7.8,953.5,Weathered Granite,HIGH_RISK
2,11.4199,76.1061,763.8,41.9,182.0,91.4,15.8,79.1,15.5,974.4,Colluvium,HIGH_RISK
6,17.9383,73.645,1353.8,38.0,12.2,47.0,16.5,59.0,19.1,935.7,Laterite,SAFE
8,11.3974,76.7265,1978.8,37.7,43.23,62.7,17.1,84.3,7.2,997.9,Weathered Granite,MODERATE_RISK
6,11.3578,76.8105,1816.6,37.5,145.69,87.3,20.1,75.6,25.4,915.7,Weathered Granite,HIGH_RISK
9,11.4217,76.1192,812.7,39.5,100.3,90.3,23.8,94.2,12.3,951.1,Colluvium,HIGH_RISK
3,26.8868,88.1817,1705.6,12.2,26.6,62.8,19.4,72.7,14.3,955.4,Colluvium,SAFE
9,32.2386,77.1836,2070.0,36.6,56.2,68.0,18.7,56.2,7.8,917.8,Colluvium,MODERATE_RISK
9,32.2369,77.2007,2047.9,34.9,57.2,53.1,14.1,89.8,20.4,873.8,Clay Loam,MODERATE_RISK
3,26.8702,88.1799,1686.2,32.4,4.7,24.7,16.1,97.0,10.8,908.8,Laterite,SAFE
9,30.5673,79.5657,1921.2,42.0,8.14,38.5,20.8,80.0,17.3,982.8,Weathered Granite,SAFE
10,10.1672,77.0068,1643.8,34.9,45.49,62.5,24.1,92.7,25.4,907.8,Laterite,MODERATE_RISK
2,11.371,76.7098,1883.6,34.9,50.99,63.0,23.0,91.4,6.5,953.3,Colluvium,MODERATE_RISK
7,11.5338,76.1457,1005.3,6.7,15.24,48.8,23.8,60.0,5.7,932.2,Weathered Granite,SAFE
8,11.4067,76.1152,773.4,35.5,11.33,15.6,23.9,59.1,11.5,926.6,Laterite,SAFE
6,11.3702,76.717,1919.7,31.6,42.2,59.5,26.3,93.2,27.2,964.0,Weathered Granite,MODERATE_RISK
3,17.9079,73.6684,1330.0,34.1,40.6,70.0,21.9,94.8,13.3,940.1,Weathered Granite,MODERATE_RISK
10,11.4289,76.1178,769.0,38.6,10.1,21.6,19.8,90.5,18.0,940.1,Laterite,SAFE
4,10.1672,77.0132,1808.9,29.6,52.2,48.7,13.2,89.1,6.0,898.2,Weathered Granite,MODERATE_RISK
3,11.3636,76.8144,1886.7,32.4,50.6,52.6,13.9,96.4,34.2,974.3,Weathered Granite,MODERATE_RISK
1,10.1503,77.0053,1795.8,37.9,55.6,70.5,26.3,75.5,14.1,936.8,Weathered Granite,MODERATE_RISK
8,10.1421,77.0155,1797.5,47.0,139.3,79.1,23.4,69.3,22.4,996.1,Weathered Granite,HIGH_RISK
6,31.1164,77.1855,2323.5,49.2,7.37,16.6,21.7,68.6,33.3,968.6,Clay Loam,SAFE
6,30.5431,79.5636,1880.0,33.2,45.7,71.9,22.5,92.9,23.5,984.6,Weathered Granite,MODERATE_RISK
6,11.3459,76.7966,1847.4,37.3,37.29,63.9,20.1,92.2,22.2,947.5,Weathered Granite,MODERATE_RISK
1,17.9354,73.5637,643.6,36.5,51.7,65.7,23.1,55.9,18.3,953.5,Colluvium,MODERATE_RISK
10,10.1475,76.9988,1677.2,46.9,165.7,92.8,22.4,70.9,15.2,948.8,Colluvium,HIGH_RISK
7,26.9074,88.1991,1662.4,7.9,47.1,55.0,26.1,52.0,10.0,984.8,Laterite,SAFE
7,11.3801,76.7075,1938.1,36.9,55.5,67.5,19.8,72.0,9.9,979.2,Weathered Granite,MODERATE_RISK
2,11.3985,76.7142,1924.1,37.8,173.36,85.4,18.0,45.6,32.6,956.1,Weathered Granite,HIGH_RISK
9,11.3708,76.8116,1855.5,38.7,6.2,38.8,11.6,90.9,14.7,980.7,Weathered Granite,SAFE
5,17.929,73.6421,1283.6,43.9,181.17,80.7,19.3,93.5,26.7,946.8,Laterite,HIGH_RISK
10,31.0892,77.1723,2294.9,48.3,14.79,39.1,25.7,50.3,16.9,957.3,Clay Loam,SAFE
2,30.5411,79.5634,1901.1,12.1,49.6,32.1,22.7,89.6,22.5,858.3,Clay Loam,SAFE
2,11.3973,76.0885,818.4,36.0,174.96,82.6,14.9,96.8,17.2,881.6,Laterite,HIGH_RISK
4,11.4264,76.1011,745.1,32.7,5.6,16.3,18.6,65.3,31.1,968.4,Laterite,SAFE
3,26.9085,88.1686,1724.4,35.0,41.1,49.6,22.3,96.4,33.8,980.9,Weathered Granite,MODERATE_RISK
10,11.5442,76.1134,947.0,41.1,15.5,40.9,17.5,53.2,23.7,977.5,Colluvium,SAFE
3,10.1354,77.0343,1706.9,41.1,176.99,92.5,19.4,68.4,15.3,958.0,Colluvium,HIGH_RISK
2,30.5659,79.5756,1906.1,17.6,46.1,52.1,21.1,76.0,11.4,960.7,Sandy Loam,SAFE
5,10.1556,77.003,1678.4,48.2,119.08,82.1,17.6,69.7,8.3,884.7,Colluvium,HIGH_RISK
7,11.5179,76.1404,972.4,39.0,131.12,78.8,26.9,63.7,29.8,877.1,Colluvium,HIGH_RISK
3,11.3342,76.8138,1870.8,12.3,49.1,59.3,22.1,95.6,32.1,861.8,Residual Soil,SAFE
6,30.5735,79.5566,1856.2,36.5,57.0,61.6,23.3,57.8,23.0,999.8,Weathered Granite,MODERATE_RISK
7,17.9357,73.6405,1359.1,37.3,51.15,62.9,12.2,85.3,28.7,970.8,Laterite,MODERATE_RISK
10,11.3332,76.7833,1852.7,37.5,50.6,53.7,23.9,68.4,34.9,910.1,Weathered Granite,MODERATE_RISK
8,17.9371,73.6772,1342.8,35.6,16.01,22.0,14.1,66.6,20.7,911.9,Laterite,SAFE
7,11.5179,76.1288,996.6,36.6,35.9,63.1,25.1,80.1,22.2,917.5,Weathered Granite,MODERATE_RISK
6,30.5573,79.5539,1846.8,37.6,54.9,65.2,16.0,88.6,25.7,899.0,Weathered Granite,MODERATE_RISK
6,10.1732,77.0123,1760.8,52.1,114.4,71.9,14.1,96.8,29.7,875.9,Weathered Granite,HIGH_RISK
5,10.1762,77.0249,1744.4,6.1,38.0,16.0,20.0,59.6,10.8,971.6,Colluvium,SAFE
6,32.2484,77.1752,2070.3,37.6,47.9,68.4,17.6,84.9,23.4,953.3,Colluvium,MODERATE_RISK
9,17.9418,73.5668,604.2,51.4,170.6,72.8,22.2,76.9,6.9,965.7,Weathered Granite,HIGH_RISK
3,30.5736,79.5725,1871.5,44.2,12.54,26.4,17.3,70.1,31.6,962.2,Weathered Granite,SAFE
4,11.3978,76.1006,805.3,5.2,46.9,16.7,20.6,89.5,20.0,961.8,Clay Loam,SAFE
3,11.5215,76.1481,1055.7,46.4,5.9,31.4,19.5,74.5,20.8,923.4,Weathered Granite,SAFE
1,26.1736,91.6988,407.7,31.9,14.96,29.7,21.4,73.1,27.4,886.3,Clay Loam,SAFE
9,11.4006,76.7047,1916.2,16.5,21.2,21.8,16.8,97.3,34.4,935.1,Clay Loam,SAFE
9,9.6952,76.9006,774.0,43.2,163.4,77.3,21.4,50.6,10.9,939.8,Clay Loam,HIGH_RISK
6,17.9615,73.5665,566.7,16.8,30.3,54.0,19.1,55.4,5.8,905.0,Clay Loam,SAFE
4,26.8817,88.1821,1657.0,36.4,11.1,43.1,20.0,61.7,28.7,940.8,Laterite,SAFE
9,17.9615,73.5837,603.3,36.6,44.1,60.0,17.8,92.4,27.9,929.6,Colluvium,MODERATE_RISK
7,17.9671,73.5683,668.6,45.7,10.18,31.7,26.5,53.7,8.7,947.8,Colluvium,SAFE
1,17.9104,73.6717,1381.9,44.2,125.2,81.5,19.5,53.8,21.2,973.4,Laterite,HIGH_RISK
3,11.5025,76.1341,1082.7,46.6,150.9,90.4,23.3,58.5,26.4,983.0,Weathered Granite,HIGH_RISK
8,9.674,76.9212,825.1,34.3,52.3,67.5,20.6,46.6,20.2,931.4,Laterite,MODERATE_RISK
3,11.5477,76.1489,976.8,41.5,143.8,82.9,23.3,93.0,30.8,956.0,Colluvium,HIGH_RISK
1,11.3886,76.7274,1897.7,37.9,49.8,47.8,15.7,68.8,19.7,1011.4,Weathered Granite,MODERATE_RISK
9,26.9031,88.1815,1740.0,37.3,49.39,67.5,15.4,77.0,30.2,946.7,Laterite,MODERATE_RISK
4,10.176,77.0421,1761.7,34.4,47.74,60.1,12.1,80.2,8.9,906.7,Weathered Granite,MODERATE_RISK
4,11.4221,76.1079,757.6,32.2,15.2,42.9,26.7,90.8,14.4,912.2,Laterite,SAFE
8,26.8899,88.1644,1691.5,36.4,47.8,49.2,19.6,82.1,27.5,913.2,Laterite,MODERATE_RISK
2,17.95,73.5815,609.5,52.2,100.8,87.7,22.7,67.5,20.0,962.6,Colluvium,HIGH_RISK
5,11.3448,76.8073,1828.4,35.9,35.9,46.2,21.8,88.3,21.3,920.0,Weathered Granite,MODERATE_RISK
1,10.1578,77.0214,1708.0,43.9,183.15,73.2,24.6,81.3,24.7,916.0,Colluvium,HIGH_RISK
8,11.5381,76.1394,971.3,39.4,8.0,47.0,22.9,84.4,27.8,904.2,Colluvium,SAFE
9,10.1396,77.0306,1609.2,45.8,8.1,11.2,17.2,62.6,17.3,1039.0,Colluvium,SAFE
2,11.414,76.1133,774.9,12.0,31.19,40.9,18.0,83.7,25.5,903.7,Weathered Granite,SAFE
10,26.8869,88.1761,1664.0,29.2,15.5,27.1,21.0,76.1,13.8,912.7,Laterite,SAFE
1,10.1553,77.0329,1801.2,55.8,176.0,73.2,16.5,61.1,13.0,983.9,Weathered Granite,HIGH_RISK
10,11.5155,76.16,1042.5,43.2,155.65,89.1,14.3,80.1,13.1,900.4,Colluvium,HIGH_RISK
1,31.1001,77.1877,2259.7,49.8,121.55,81.1,24.0,87.5,12.4,921.0,Clay Loam,HIGH_RISK
4,32.2517,77.1919,2059.3,32.2,53.1,57.1,16.9,80.4,29.5,898.2,Colluvium,MODERATE_RISK
3,11.5238,76.1463,1044.9,10.2,49.4,51.4,10.9,67.9,22.1,913.0,Laterite,SAFE
7,12.4053,75.7251,1136.1,37.8,9.9,11.6,27.0,55.7,25.0,972.4,Residual Soil,SAFE
10,11.5033,76.14,1069.7,44.0,16.0,37.0,22.1,67.7,10.8,903.1,Weathered Granite,SAFE
1,11.506,76.1304,1037.8,11.2,21.3,29.0,17.6,66.8,23.0,973.7,Colluvium,SAFE
7,11.3651,76.7787,1861.2,13.9,41.25,36.7,23.1,94.1,31.9,990.4,Colluvium,SAFE
1,30.5684,79.5523,1880.3,36.5,51.7,48.6,15.8,97.3,8.0,995.2,Weathered Granite,MODERATE_RISK
10,11.5485,76.1424,881.7,37.9,48.62,53.6,18.4,80.8,18.4,931.8,Weathered Granite,MODERATE_RISK
9,17.9154,73.6631,1306.3,37.8,147.6,87.3,24.9,58.1,21.6,960.5,Laterite,HIGH_RISK
1,26.1721,91.6824,371.7,27.6,14.52,33.4,20.1,53.0,34.1,951.3,Clay Loam,SAFE
4,11.5386,76.1329,906.4,33.6,57.5,66.1,20.9,71.8,7.8,907.5,Laterite,MODERATE_RISK
10,9.6842,76.9306,811.9,37.6,43.12,45.3,16.7,65.2,26.9,992.6,Laterite,MODERATE_RISK
9,30.5504,79.5542,1887.4,47.0,154.55,77.4,23.0,90.9,15.1,966.0,Weathered Granite,HIGH_RISK
10,32.228,77.1717,2042.6,37.2,52.4,70.7,23.3,91.3,28.4,840.1,Colluvium,MODERATE_RISK
4,11.5737,76.1473,986.6,42.9,174.4,84.7,11.6,63.1,23.7,935.3,Colluvium,HIGH_RISK
6,10.1573,77.0114,1635.6,34.7,44.6,68.6,18.5,86.7,21.6,954.0,Colluvium,MODERATE_RISK
4,32.2274,77.1711,2064.4,43.9,16.23,11.1,20.8,63.6,7.7,1058.3,Colluvium,SAFE
1,11.5642,76.1441,893.3,34.4,134.48,94.7,17.3,51.8,8.7,932.0,Weathered Granite,HIGH_RISK
10,30.5414,79.5564,1866.7,48.5,153.4,88.6,15.0,76.9,23.7,939.9,Weathered Granite,HIGH_RISK
1,11.5491,76.1221,941.0,34.4,12.5,42.8,16.9,86.9,11.5,953.2,Colluvium,SAFE
9,32.2467,77.1827,2045.8,51.6,91.3,87.9,20.4,58.8,19.6,920.7,Colluvium,HIGH_RISK
3,26.167,91.7193,394.2,31.6,12.9,29.4,18.6,63.5,11.9,971.1,Clay Loam,SAFE
3,11.54,76.1326,1054.5,11.5,40.54,42.6,18.7,75.3,35.0,909.6,Laterite,SAFE
4,10.1701,77.0328,1773.9,35.6,51.26,51.9,11.4,87.0,32.2,961.8,Weathered Granite,MODERATE_RISK
10,10.1496,77.0426,1744.3,9.3,28.5,50.5,20.5,72.8,21.3,950.2,Weathered Granite,SAFE
3,10.1524,77.0282,1610.5,39.2,6.88,24.6,23.2,68.5,24.5,952.2,Colluvium,SAFE
2,11.349,76.7754,1843.6,29.1,52.2,71.1,22.6,82.4,17.0,922.5,Weathered Granite,MODERATE_RISK
1,10.1594,77.0007,1652.0,36.6,51.26,55.8,24.3,96.5,9.7,894.7,Colluvium,MODERATE_RISK
3,30.5505,79.5783,1871.3,42.1,13.09,18.9,24.5,46.3,7.5,942.9,Weathered Granite,SAFE
4,17.9611,73.596,636.9,30.3,50.7,57.6,19.8,95.4,9.7,908.6,Weathered Granite,MODERATE_RISK
7,10.1614,77.013,1675.8,47.7,181.06,87.0,21.5,58.3,5.4,924.6,Colluvium,HIGH_RISK
4,11.3551,76.8024,1915.9,5.0,30.0,20.3,24.1,46.3,33.3,976.5,Clay Loam,SAFE
5,11.5394,76.1318,1020.6,45.3,15.02,12.1,16.2,50.3,19.5,1058.8,Weathered Granite,SAFE
6,11.3414,76.8076,1889.1,41.2,9.8,19.8,25.1,67.0,29.1,938.5,Weathered Granite,SAFE
5,11.5374,76.1471,1045.3,31.7,55.3,65.8,22.7,55.8,19.1,992.3,Weathered Granite,MODERATE_RISK
3,10.1526,77.0398,1698.7,37.8,48.4,66.6,17.0,88.1,18.2,927.5,Weathered Granite,MODERATE_RISK
10,11.555,76.1409,946.7,45.3,184.86,80.6,23.7,67.1,25.8,918.3,Colluvium,HIGH_RISK
6,26.8879,88.1736,1727.2,33.6,8.58,30.9,17.5,49.6,23.2,973.4,Laterite,SAFE
7,11.3986,76.1099,729.4,35.3,9.6,36.4,25.4,81.6,8.3,939.4,Laterite,SAFE
8,31.1138,77.1579,2286.4,8.6,44.3,45.6,19.4,83.0,14.3,883.6,Clay Loam,SAFE
4,11.4293,76.1136,836.6,37.7,148.8,72.2,17.2,95.1,34.6,947.7,Laterite,HIGH_RISK
6,9.6826,76.9146,841.4,37.9,179.58,91.6,24.5,80.0,19.0,971.3,Laterite,HIGH_RISK
4,10.1327,77.0327,1625.7,37.9,52.8,47.2,12.3,76.3,16.2,940.1,Laterite,MODERATE_RISK
2,11.5238,76.1436,1037.5,33.8,46.1,50.9,16.8,80.4,11.0,953.2,Colluvium,MODERATE_RISK
7,10.162,77.0208,1635.4,32.9,43.07,61.6,25.0,97.7,17.4,924.7,Colluvium,MODERATE_RISK
4,11.4086,76.1089,754.3,15.7,40.81,60.2,15.2,92.0,9.8,852.3,Laterite,SAFE
7,26.8967,88.189,1650.5,36.7,151.0,85.3,21.1,52.1,6.2,905.6,Laterite,HIGH_RISK
5,26.8802,88.1643,1709.4,35.8,157.63,95.1,19.4,89.9,25.1,897.5,Laterite,HIGH_RISK
9,30.5403,79.5683,1851.4,34.6,50.0,69.5,20.2,57.8,34.6,952.3,Colluvium,MODERATE_RISK
3,10.169,77.0344,1661.1,37.8,55.7,53.9,25.3,62.5,10.0,951.0,Colluvium,MODERATE_RISK
3,30.5421,79.5596,1864.1,34.6,56.8,70.2,19.6,88.6,32.2,944.4,Weathered Granite,MODERATE_RISK
2,11.4004,76.7195,1978.0,40.3,9.79,25.8,18.6,59.4,30.5,981.8,Weathered Granite,SAFE
7,11.3511,76.7792,1828.7,8.1,33.99,62.5,17.9,84.7,25.9,976.2,Weathered Granite,SAFE
3,32.2472,77.1981,2046.3,34.0,49.89,68.0,22.1,83.5,24.3,949.6,Clay Loam,MODERATE_RISK
8,30.5358,79.5483,1869.9,10.1,39.3,61.6,20.4,94.2,18.3,929.7,Clay Loam,SAFE
4,11.3698,76.7761,1840.7,15.2,43.4,24.0,21.3,77.3,21.6,951.1,Colluvium,SAFE
7,30.562,79.5488,1882.0,34.6,46.48,62.0,20.4,48.6,9.2,1001.6,Weathered Granite,MODERATE_RISK
1,31.087,77.1829,2277.6,49.9,145.15,81.8,17.2,68.0,5.4,955.6,Clay Loam,HIGH_RISK
8,17.9616,73.5833,555.1,49.5,122.7,80.0,24.4,73.7,33.2,966.4,Colluvium,HIGH_RISK
7,10.1322,77.0327,1662.9,50.0,184.91,86.0,19.3,92.4,28.1,919.3,Colluvium,HIGH_RISK
6,11.553,76.1264,892.1,37.4,38.34,55.9,13.4,86.6,24.2,960.6,Weathered Granite,MODERATE_RISK
3,11.3791,76.7019,1895.9,31.3,47.19,56.3,18.9,91.8,28.8,950.9,Weathered Granite,MODERATE_RISK
7,30.5399,79.5593,1863.9,37.7,50.9,70.5,29.3,87.0,17.0,940.0,Weathered Granite,MODERATE_RISK
8,11.5119,76.1443,1003.0,37.7,53.5,60.8,24.8,66.6,25.0,1014.7,Laterite,MODERATE_RISK
9,32.2617,77.1694,2083.5,42.9,165.83,95.1,27.8,59.3,22.9,924.7,Colluvium,HIGH_RISK
8,11.394,76.1031,805.2,32.1,47.9,68.4,24.0,84.1,22.0,913.1,Laterite,MODERATE_RISK
7,32.2562,77.17,2056.1,37.3,33.72,66.4,19.0,51.4,16.4,923.4,Colluvium,MODERATE_RISK
10,11.5204,76.1329,958.2,34.3,44.94,65.9,14.5,82.8,22.6,967.6,Colluvium,MODERATE_RISK
9,10.1719,77.039,1744.3,34.5,43.7,66.0,16.1,82.7,30.8,936.4,Weathered Granite,MODERATE_RISK
4,17.9731,73.5767,624.1,49.0,103.5,81.7,13.4,61.2,19.2,961.1,Colluvium,HIGH_RISK
7,17.9373,73.6645,1395.6,43.6,143.0,73.3,18.3,61.8,17.5,976.0,Laterite,HIGH_RISK
1,11.5125,76.1479,958.8,43.7,10.2,47.7,20.3,54.9,12.3,930.6,Colluvium,SAFE
10,10.1656,77.0315,1821.9,50.7,17.8,46.0,18.0,56.6,33.8,956.8,Weathered Granite,SAFE
4,11.5346,76.1201,955.7,13.6,41.8,56.4,24.7,57.8,24.8,1019.9,Residual Soil,SAFE
10,17.9408,73.6524,1361.5,35.2,170.44,95.8,19.8,63.8,14.6,1033.5,Laterite,HIGH_RISK
1,17.9356,73.5677,582.7,51.3,172.4,91.6,20.4,91.1,26.3,1008.9,Colluvium,HIGH_RISK
6,10.163,77.035,1770.0,13.4,36.74,60.0,24.8,70.7,24.1,921.0,Weathered Granite,SAFE
10,32.2464,77.1795,1970.3,36.1,49.1,55.3,20.9,91.6,13.4,968.9,Colluvium,MODERATE_RISK
8,11.5529,76.1305,862.0,44.6,172.5,83.5,22.6,74.9,10.7,965.3,Colluvium,HIGH_RISK
1,10.1603,77.0101,1643.2,44.9,145.48,89.6,20.7,67.1,14.4,941.2,Laterite,HIGH_RISK
4,11.387,76.7299,1919.4,46.7,155.5,96.0,14.8,49.4,23.3,912.3,Weathered Granite,HIGH_RISK
3,26.8994,88.1839,1755.7,36.1,11.0,39.4,23.2,71.5,20.7,771.4,Laterite,SAFE
10,11.3393,76.8071,1858.6,29.5,53.5,66.1,26.0,88.1,6.1,903.8,Weathered Granite,MODERATE_RISK
10,17.9547,73.5711,647.4,16.1,48.7,18.4,18.1,81.5,25.7,1041.0,Sandy Loam,SAFE
10,11.5649,76.1374,955.5,17.1,21.1,34.6,13.0,53.7,8.1,988.6,Residual Soil,SAFE
6,32.2453,77.1996,1989.0,37.3,44.7,51.1,16.4,80.7,29.8,963.6,Colluvium,MODERATE_RISK
3,11.5415,76.1317,956.7,6.9,31.41,58.6,19.5,77.2,33.9,933.6,Clay Loam,SAFE
9,30.574,79.5647,1874.2,38.0,169.68,89.4,20.6,75.2,29.9,963.5,Weathered Granite,HIGH_RISK
3,32.2425,77.2068,2094.7,11.6,25.25,59.5,17.3,86.7,21.4,883.4,Residual Soil,SAFE
1,11.5249,76.1596,1066.5,11.9,29.2,37.5,21.4,55.7,22.6,991.9,Weathered Granite,SAFE
6,11.3946,76.6949,1925.7,35.9,55.5,56.5,22.3,72.2,28.5,934.4,Weathered Granite,MODERATE_RISK
3,11.5573,76.1218,904.9,12.7,16.01,49.9,20.7,49.2,22.0,1005.6,Laterite,SAFE
10,26.8851,88.1771,1693.5,36.8,105.77,91.7,15.6,62.5,32.6,951.9,Laterite,HIGH_RISK
9,10.1421,77.0361,1633.3,36.9,53.4,48.7,23.8,79.6,13.8,908.8,Weathered Granite,MODERATE_RISK
10,17.9581,73.5972,632.0,51.1,112.2,95.3,20.2,80.8,26.0,930.0,Colluvium,HIGH_RISK
2,30.5495,79.5665,1887.2,35.7,48.4,66.3,21.1,89.3,10.1,867.5,Colluvium,MODERATE_RISK
5,9.6904,76.9024,791.7,10.3,25.41,34.1,18.6,74.8,28.0,931.7,Residual Soil,SAFE
5,30.5384,79.5627,1869.1,36.7,44.3,69.8,17.8,81.3,18.7,912.1,Colluvium,MODERATE_RISK
7,11.3551,76.7916,1911.5,17.6,42.02,18.7,27.6,59.8,32.6,986.6,Laterite,SAFE
1,30.5431,79.5603,1910.7,35.6,56.8,56.8,24.5,78.6,31.9,992.0,Weathered Granite,MODERATE_RISK
8,17.9313,73.6663,1398.8,41.2,169.7,94.2,20.2,45.7,7.9,990.6,Laterite,HIGH_RISK
10,32.2582,77.1972,2082.8,42.7,146.6,84.6,23.7,53.0,17.5,956.5,Colluvium,HIGH_RISK
7,11.3729,76.785,1828.8,35.7,45.1,69.1,28.7,97.4,26.2,990.1,Weathered Granite,MODERATE_RISK
2,17.9644,73.5991,616.7,32.9,46.86,57.8,25.0,97.8,10.6,891.3,Colluvium,MODERATE_RISK
7,11.5382,76.1499,1019.9,39.7,3.5,18.2,21.6,53.9,24.6,956.0,Colluvium,SAFE
4,26.1621,91.7196,401.7,37.0,55.5,67.5,19.4,94.3,23.9,959.3,Clay Loam,MODERATE_RISK
10,17.9206,73.6719,1394.4,42.2,145.92,93.9,16.1,46.0,9.1,906.3,Laterite,HIGH_RISK
7,11.4108,76.123,754.7,15.9,49.6,30.9,23.3,90.0,18.1,940.6,Sandy Loam,SAFE
2,11.4024,76.723,1926.0,37.2,52.2,66.0,19.4,82.4,34.0,978.6,Weathered Granite,MODERATE_RISK
9,9.6898,76.9143,793.7,37.7,52.8,53.2,21.9,83.9,21.7,912.9,Laterite,MODERATE_RISK
6,11.5497,76.118,910.9,34.8,46.9,67.7,19.0,83.1,12.1,890.3,Colluvium,MODERATE_RISK
1,9.6761,76.8982,845.6,36.6,57.8,61.8,22.4,80.2,26.2,920.2,Laterite,MODERATE_RISK
7,11.3968,76.1158,766.6,33.9,49.45,69.6,19.6,89.5,18.9,947.3,Laterite,MODERATE_RISK
2,17.9452,73.5836,614.4,48.9,180.68,91.6,21.1,85.9,19.7,936.6,Colluvium,HIGH_RISK
10,11.5288,76.143,989.9,39.8,156.37,80.2,22.6,55.6,21.3,911.3,Colluvium,HIGH_RISK
5,10.1604,77.0288,1726.6,55.2,88.9,88.7,11.7,45.5,26.7,1011.7,Weathered Granite,HIGH_RISK
8,17.9324,73.6473,1312.4,37.7,36.08,62.1,19.0,83.9,14.7,962.8,Weathered Granite,MODERATE_RISK
4,11.366,76.706,1940.1,37.5,39.77,49.0,25.2,65.0,31.1,988.5,Weathered Granite,MODERATE_RISK
10,30.5481,79.5523,1855.8,37.9,49.06,59.0,23.2,66.5,24.9,958.8,Weathered Granite,MODERATE_RISK
2,17.9353,73.5876,637.6,42.9,170.5,79.0,17.9,74.5,20.6,920.0,Colluvium,HIGH_RISK
6,17.9432,73.6415,1358.8,32.5,34.87,67.2,28.5,93.4,26.7,929.5,Laterite,MODERATE_RISK
7,17.9728,73.5852,633.1,47.1,163.96,84.0,12.7,77.2,19.2,901.4,Colluvium,HIGH_RISK
2,10.1694,77.0117,1654.9,31.1,55.2,48.3,13.0,95.5,9.9,918.4,Colluvium,MODERATE_RISK
9,9.6925,76.9089,814.3,32.4,41.4,64.2,24.1,80.3,19.2,894.2,Laterite,MODERATE_RISK
5,11.5364,76.1548,1049.7,35.6,47.9,65.1,14.8,92.8,33.0,970.2,Weathered Granite,MODERATE_RISK
3,32.2459,77.2073,2075.7,50.9,82.0,91.9,24.7,47.0,31.7,957.1,Colluvium,HIGH_RISK
5,10.1694,77.0295,1787.8,35.7,42.8,51.4,19.5,64.2,26.3,968.0,Weathered Granite,MODERATE_RISK
1,26.8931,88.196,1676.2,32.6,5.4,14.3,23.5,58.0,34.0,920.5,Laterite,SAFE
1,12.4174,75.7463,1137.8,5.6,12.5,57.1,22.0,96.3,15.6,905.3,Weathered Granite,SAFE
4,11.3763,76.6999,1908.2,37.3,133.7,73.4,21.2,93.1,20.2,942.9,Weathered Granite,HIGH_RISK
9,10.1413,77.0338,1617.1,5.3,38.0,21.3,34.0,49.0,31.9,963.4,Weathered Granite,SAFE
5,11.5422,76.1363,943.4,36.4,51.3,67.2,15.0,58.5,8.2,898.4,Colluvium,MODERATE_RISK
3,11.4092,76.095,812.6,33.2,53.9,54.6,21.3,84.7,15.2,948.3,Laterite,MODERATE_RISK
1,11.3335,76.7829,1847.8,35.3,49.9,67.3,22.5,73.5,31.6,968.4,Weathered Granite,MODERATE_RISK
6,11.4223,76.0856,791.9,35.6,12.0,42.7,17.7,91.9,13.4,935.8,Laterite,SAFE
2,17.9314,73.6506,1347.1,36.8,16.1,43.9,20.2,64.7,23.9,973.8,Laterite,SAFE
1,26.871,88.1765,1712.5,9.7,46.9,62.5,23.6,87.9,13.8,964.3,Clay Loam,SAFE
5,17.9436,73.562,593.1,15.0,33.66,47.2,22.0,82.0,7.3,969.1,Colluvium,SAFE
6,11.3948,76.1177,805.0,32.2,9.4,36.0,12.6,72.3,20.4,942.8,Laterite,SAFE
5,30.5389,79.5545,1841.2,33.0,52.4,65.0,13.3,58.9,20.6,946.7,Weathered Granite,MODERATE_RISK
9,10.1404,77.0315,1667.2,43.6,15.35,40.2,25.3,89.4,19.8,1010.2,Colluvium,SAFE
1,11.3956,76.6924,1836.8,40.8,15.24,45.1,15.5,77.1,22.1,974.7,Weathered Granite,SAFE
6,10.131,77.0119,1633.4,42.6,96.09,95.8,14.8,54.1,6.8,933.0,Colluvium,HIGH_RISK
6,12.4265,75.7374,1193.8,36.8,119.02,88.4,16.4,95.0,14.0,972.2,Residual Soil,HIGH_RISK
5,26.9035,88.1759,1690.6,35.6,57.3,54.7,14.7,59.6,29.0,973.6,Laterite,MODERATE_RISK
8,11.3541,76.7899,1861.3,35.3,16.06,34.4,19.6,83.1,25.6,963.4,Weathered Granite,SAFE
10,30.5739,79.5483,1874.6,35.8,36.41,46.5,15.4,87.1,27.1,957.5,Weathered Granite,MODERATE_RISK
1,30.5646,79.5592,1858.9,47.4,135.41,89.9,18.6,81.6,29.0,933.1,Weathered Granite,HIGH_RISK
2,11.4093,76.1027,784.2,37.6,50.9,48.3,12.6,85.9,31.2,932.1,Laterite,MODERATE_RISK
2,17.9136,73.665,1365.4,44.1,140.0,87.5,13.6,83.3,14.9,935.9,Clay Loam,HIGH_RISK
5,10.1692,77.0317,1767.8,34.2,47.9,62.3,16.7,91.0,27.9,926.7,Weathered Granite,MODERATE_RISK
4,9.6897,76.919,812.6,44.3,176.72,76.3,21.1,96.6,11.7,947.2,Laterite,HIGH_RISK
5,26.1666,91.7159,447.2,28.1,12.8,46.1,21.3,79.5,24.9,883.5,Clay Loam,SAFE
6,17.9165,73.6591,1372.3,41.9,172.53,82.3,22.7,77.8,15.9,1024.6,Laterite,HIGH_RISK
3,30.5646,79.5569,1890.4,35.5,38.9,64.2,18.4,88.1,12.7,919.0,Weathered Granite,MODERATE_RISK
8,11.5374,76.124,903.8,37.7,44.7,62.6,16.8,71.0,15.2,949.1,Colluvium,MODERATE_RISK
1,10.1414,77.0119,1633.3,31.2,51.8,68.7,18.9,88.7,10.7,937.7,Colluvium,MODERATE_RISK
6,17.9616,73.5862,633.5,37.6,53.2,71.7,18.7,54.0,31.6,955.9,Weathered Granite,MODERATE_RISK
2,17.9414,73.657,1316.3,38.6,11.06,10.3,21.7,87.7,34.0,948.4,Laterite,SAFE
5,17.9405,73.6502,1324.5,43.4,184.09,80.3,23.7,45.2,33.1,970.7,Laterite,HIGH_RISK
6,11.569,76.1082,904.2,35.9,177.8,95.1,19.6,65.3,8.7,936.5,Clay Loam,HIGH_RISK
10,17.9322,73.6393,1341.6,10.9,33.11,34.7,21.5,72.3,12.8,912.5,Laterite,SAFE
4,17.9504,73.5744,586.8,37.0,44.7,53.2,20.3,68.3,16.9,952.1,Colluvium,MODERATE_RISK
2,10.1679,77.0202,1819.6,53.1,151.7,82.7,18.9,76.4,16.6,902.7,Weathered Granite,HIGH_RISK
10,11.3542,76.7936,1848.4,34.2,171.71,94.8,18.2,86.9,16.4,966.3,Weathered Granite,HIGH_RISK
9,10.1698,77.0291,1825.2,53.1,162.19,82.8,19.4,84.7,10.8,965.6,Weathered Granite,HIGH_RISK
10,31.1063,77.1623,2261.2,47.9,176.8,87.5,23.9,88.8,29.9,945.2,Clay Loam,HIGH_RISK
4,9.6749,76.9101,840.6,38.4,120.9,83.0,23.4,86.3,10.2,960.1,Laterite,HIGH_RISK
6,11.342,76.8031,1818.4,45.3,155.59,77.4,16.6,90.7,5.6,945.3,Weathered Granite,HIGH_RISK
1,10.1521,77.0151,1804.1,33.1,40.2,57.6,21.3,82.6,14.1,944.7,Weathered Granite,MODERATE_RISK
5,10.1505,76.997,1641.9,42.3,15.84,14.6,13.7,62.1,6.0,955.3,Colluvium,SAFE
4,10.1654,77.0204,1633.6,17.8,39.2,35.3,24.4,65.8,33.1,889.6,Colluvium,SAFE
7,11.3931,76.1141,835.3,37.7,40.7,65.2,18.8,85.0,25.7,926.2,Laterite,MODERATE_RISK
2,12.4044,75.7371,1165.5,12.8,42.46,43.4,13.9,48.2,20.7,931.1,Weathered Granite,SAFE
4,30.545,79.5597,1845.4,47.8,91.6,87.2,17.3,46.5,18.2,980.0,Weathered Granite,HIGH_RISK
1,31.1018,77.1877,2295.1,45.5,180.9,89.2,24.8,65.6,26.3,935.9,Colluvium,HIGH_RISK
10,30.5682,79.5834,1828.0,4.4,48.4,20.2,20.1,76.7,10.9,1019.9,Sandy Loam,SAFE
8,10.1501,77.0379,1749.5,49.1,182.16,75.1,26.8,74.9,31.8,958.9,Weathered Granite,HIGH_RISK
4,17.9103,73.6407,1352.4,44.0,149.9,87.3,21.0,50.9,16.9,1025.9,Laterite,HIGH_RISK
2,17.9299,73.6492,1360.8,37.1,51.3,64.8,21.0,83.5,15.2,902.1,Laterite,MODERATE_RISK
5,11.5096,76.1609,1005.9,36.4,31.7,62.3,16.2,86.8,29.5,962.8,Weathered Granite,MODERATE_RISK
4,11.4076,76.1015,735.8,42.6,109.1,88.3,25.5,61.2,12.6,1003.3,Weathered Granite,HIGH_RISK
8,17.9457,73.5638,574.7,51.7,148.5,91.5,25.0,68.0,27.3,938.8,Colluvium,HIGH_RISK
1,11.5441,76.113,892.1,35.5,50.38,71.9,24.0,45.3,11.7,884.2,Colluvium,MODERATE_RISK
4,26.8706,88.1695,1696.4,39.1,14.0,45.3,19.5,45.5,30.8,867.8,Laterite,SAFE
4,10.1736,77.0183,1751.6,46.4,149.2,80.5,19.3,83.8,27.8,997.9,Weathered Granite,HIGH_RISK
10,11.3954,76.7133,1939.0,37.6,13.4,42.0,21.8,50.4,14.3,955.4,Weathered Granite,SAFE
3,32.2299,77.1874,2036.5,42.4,7.7,46.1,24.7,73.5,31.8,947.2,Colluvium,SAFE
1,11.5088,76.1398,1033.6,36.3,53.3,59.7,16.8,71.8,8.4,998.3,Weathered Granite,MODERATE_RISK
1,11.3705,76.7811,1787.6,39.9,181.5,83.8,18.9,89.1,32.0,971.2,Weathered Granite,HIGH_RISK
5,10.1576,77.0209,1653.5,41.2,160.54,78.9,24.2,94.2,14.7,938.1,Weathered Granite,HIGH_RISK
9,11.5441,76.1297,913.1,38.4,12.27,45.0,23.3,63.3,19.8,963.7,Colluvium,SAFE
10,9.6929,76.9068,800.1,16.4,35.8,31.6,20.6,73.5,12.9,987.0,Clay Loam,SAFE
7,31.0897,77.1816,2280.7,52.4,15.3,18.5,20.1,63.2,9.1,919.3,Clay Loam,SAFE
6,26.8937,88.1755,1721.3,34.0,54.5,69.1,13.6,50.9,23.7,999.9,Weathered Granite,MODERATE_RISK
1,10.1746,77.0386,1856.4,50.9,160.1,78.4,22.3,54.8,11.4,919.8,Weathered Granite,HIGH_RISK
7,30.5729,79.5748,1893.4,45.9,173.4,84.7,18.5,67.0,22.3,951.0,Weathered Granite,HIGH_RISK
7,31.1057,77.1575,2278.2,54.3,113.1,70.1,22.4,94.6,8.2,956.3,Clay Loam,HIGH_RISK
10,12.431,75.7183,1144.9,37.4,51.0,68.1,19.3,86.9,17.2,925.1,Colluvium,MODERATE_RISK
3,17.9454,73.5783,640.8,52.4,178.8,80.1,21.4,70.1,5.4,945.9,Colluvium,HIGH_RISK
5,17.9091,73.6436,1332.8,44.1,140.2,79.1,18.1,83.8,11.4,1011.2,Laterite,HIGH_RISK
6,11.5127,76.1369,1025.0,50.2,173.53,70.7,18.5,96.8,5.6,925.8,Weathered Granite,HIGH_RISK
4,11.5701,76.1192,934.7,35.5,44.2,56.9,20.5,93.9,20.2,874.7,Colluvium,MODERATE_RISK
6,9.6665,76.8981,891.2,36.9,54.4,67.4,26.0,91.5,24.9,926.0,Laterite,MODERATE_RISK
10,26.1509,91.7192,457.0,35.9,47.85,61.3,19.0,97.5,26.2,880.0,Clay Loam,MODERATE_RISK
8,11.5399,76.1509,1036.5,27.8,51.0,66.7,19.9,94.5,8.3,914.6,Weathered Granite,MODERATE_RISK
8,30.5532,79.5848,1889.4,44.4,118.7,87.3,21.6,87.0,8.3,877.5,Weathered Granite,HIGH_RISK
8,32.2466,77.172,2070.4,36.0,47.2,58.4,24.5,82.8,34.1,935.8,Laterite,MODERATE_RISK
1,17.9399,73.6444,1359.5,39.3,144.04,91.2,17.9,61.9,9.3,947.7,Colluvium,HIGH_RISK
2,11.566,76.1294,912.5,36.4,10.0,25.3,22.1,92.8,31.0,979.8,Colluvium,SAFE
2,11.3728,76.7285,1955.3,42.2,128.0,73.2,23.0,85.7,25.0,948.6,Weathered Granite,HIGH_RISK
3,12.4383,75.7566,1171.2,43.0,158.02,75.6,17.2,66.5,18.2,970.0,Colluvium,HIGH_RISK
4,9.6818,76.9175,784.2,7.4,33.99,50.4,25.2,90.5,17.1,953.2,Colluvium,SAFE
10,9.6635,76.9305,849.4,42.8,15.6,20.5,16.7,75.3,11.6,999.3,Laterite,SAFE
8,11.5303,76.1492,1036.6,47.6,7.2,30.6,18.4,84.4,28.8,998.5,Weathered Granite,SAFE
6,32.2613,77.1767,2032.8,44.9,136.0,87.0,29.8,71.2,18.1,914.6,Colluvium,HIGH_RISK
10,32.2557,77.1829,1963.0,43.3,12.6,23.4,24.6,64.3,28.8,941.2,Colluvium,SAFE
1,11.5242,76.1456,1039.5,52.3,88.5,80.2,23.3,91.1,5.9,947.5,Weathered Granite,HIGH_RISK
8,11.3758,76.7195,1929.9,43.4,162.8,76.7,16.7,80.4,22.2,957.2,Laterite,HIGH_RISK
2,9.6789,76.9271,860.6,45.0,133.21,88.3,21.4,84.2,18.9,900.0,Laterite,HIGH_RISK
3,11.3361,76.7972,1848.2,36.1,135.7,85.5,12.5,84.9,17.8,1002.9,Laterite,HIGH_RISK
8,11.5493,76.1247,974.7,33.4,46.53,53.2,18.6,97.0,20.7,942.7,Weathered Granite,MODERATE_RISK
5,30.5608,79.56,1897.8,37.4,47.08,71.1,24.8,91.0,22.2,880.4,Clay Loam,MODERATE_RISK
5,11.534,76.1518,942.0,38.8,4.7,40.7,14.9,52.1,25.2,919.7,Colluvium,SAFE
6,11.5208,76.1167,962.2,48.3,156.26,93.8,21.3,54.4,31.3,989.1,Colluvium,HIGH_RISK
9,11.3937,76.0999,770.9,37.2,54.2,58.6,17.5,75.0,14.6,942.1,Laterite,MODERATE_RISK
4,11.3774,76.715,1877.1,36.3,47.7,57.1,19.5,86.7,26.7,904.7,Weathered Granite,MODERATE_RISK
10,11.405,76.1164,818.4,8.1,20.4,40.1,23.3,88.2,27.7,992.7,Residual Soil,SAFE
5,17.9339,73.659,1342.3,33.4,57.7,67.6,23.6,91.7,30.9,920.8,Clay Loam,MODERATE_RISK
7,11.3994,76.1188,797.3,37.7,45.4,55.5,19.2,94.4,11.8,949.4,Laterite,MODERATE_RISK
8,31.1129,77.1775,2347.2,53.5,155.0,74.1,18.6,80.8,23.6,925.5,Clay Loam,HIGH_RISK
6,10.168,77.0429,1741.5,37.9,45.49,54.2,19.6,80.8,19.4,929.8,Weathered Granite,MODERATE_RISK
4,17.9303,73.6473,1343.2,37.6,46.42,45.9,15.4,80.2,17.0,946.8,Laterite,MODERATE_RISK
8,10.1629,77.0304,1735.5,35.6,36.58,65.9,15.9,86.8,19.2,999.0,Weathered Granite,MODERATE_RISK
10,31.1177,77.1573,2267.0,46.6,9.8,24.8,14.1,49.5,34.9,962.9,Clay Loam,SAFE
3,11.5485,76.1329,953.9,41.1,151.03,79.9,20.6,88.1,26.8,911.1,Colluvium,HIGH_RISK
3,11.4046,76.7008,1939.8,44.5,128.9,87.7,18.9,59.3,13.7,972.7,Weathered Granite,HIGH_RISK
9,10.1759,77.0233,1771.8,46.5,102.36,87.7,16.3,85.5,21.1,976.3,Weathered Granite,HIGH_RISK
7,26.1706,91.6991,467.5,34.6,36.19,66.7,18.5,86.2,13.1,951.7,Laterite,MODERATE_RISK
10,30.5524,79.584,1868.7,37.9,55.1,71.2,22.9,55.5,5.2,940.5,Weathered Granite,MODERATE_RISK
4,11.5042,76.1577,1020.3,33.8,57.2,46.7,19.8,83.5,25.3,879.0,Weathered Granite,MODERATE_RISK
8,10.1537,77.0358,1800.8,50.5,132.88,85.0,14.6,84.0,32.2,975.8,Weathered Granite,HIGH_RISK
8,10.1536,77.0196,1789.7,49.1,148.67,92.2,17.4,94.0,13.3,862.3,Weathered Granite,HIGH_RISK
4,17.9669,73.5751,566.3,37.5,49.9,60.7,23.2,57.6,22.3,923.9,Colluvium,MODERATE_RISK
4,11.4049,76.7201,1879.1,37.3,33.8,54.5,18.0,92.1,28.9,979.8,Weathered Granite,MODERATE_RISK
10,11.538,76.1517,1038.0,16.4,27.5,56.2,19.8,83.6,33.9,866.7,Weathered Granite,SAFE
4,11.4182,76.0885,777.0,42.6,172.0,86.9,22.1,87.3,25.1,904.5,Colluvium,HIGH_RISK
4,11.5195,76.1259,964.2,39.7,149.77,87.8,29.8,50.0,30.9,964.2,Laterite,HIGH_RISK
3,26.1737,91.7124,482.7,33.7,55.9,55.8,19.2,89.2,34.3,962.1,Clay Loam,MODERATE_RISK
5,11.5458,76.1476,952.1,34.9,48.02,65.3,15.8,87.0,15.8,898.7,Laterite,MODERATE_RISK
4,30.5477,79.559,1932.5,37.6,43.6,66.7,22.0,61.6,11.5,998.1,Weathered Granite,MODERATE_RISK
5,11.5655,76.1381,922.5,41.2,13.8,30.8,25.6,52.4,25.1,1006.1,Colluvium,SAFE
2,11.5087,76.1387,1044.7,35.6,50.11,62.7,19.4,69.4,11.0,898.9,Weathered Granite,MODERATE_RISK
5,31.1012,77.1694,2270.2,44.1,140.47,88.4,23.4,75.3,25.7,931.7,Clay Loam,HIGH_RISK
7,11.3361,76.7798,1835.8,36.3,32.29,59.6,12.6,96.1,14.9,966.1,Weathered Granite,MODERATE_RISK
1,30.5398,79.5693,1897.5,46.0,12.2,44.5,26.4,50.5,30.6,897.9,Weathered Granite,SAFE
4,9.6875,76.9242,786.1,10.4,36.91,28.4,23.5,81.5,28.8,942.2,Weathered Granite,SAFE
8,11.3917,76.7266,1927.2,38.0,14.74,34.2,24.2,64.4,24.6,908.0,Weathered Granite,SAFE
5,26.1526,91.698,431.3,35.9,14.85,41.7,19.9,47.8,27.9,920.0,Clay Loam,SAFE
5,31.0875,77.1827,2246.9,47.0,115.1,88.9,17.1,66.3,12.3,920.0,Clay Loam,HIGH_RISK
5,31.1053,77.1921,2246.0,55.0,148.34,94.7,14.5,86.1,7.2,926.1,Clay Loam,HIGH_RISK
7,17.9668,73.5915,642.1,37.3,51.65,69.7,20.0,46.4,28.1,991.9,Weathered Granite,MODERATE_RISK
4,11.4013,76.709,1904.2,34.5,50.0,64.8,20.2,97.1,7.1,929.4,Weathered Granite,MODERATE_RISK
8,9.7007,76.9019,821.2,37.7,10.5,12.9,25.8,84.8,14.3,996.4,Laterite,SAFE
4,9.6821,76.9131,843.6,40.3,16.3,35.2,16.4,52.0,25.4,931.8,Laterite,SAFE
8,17.9373,73.6526,1377.2,41.1,134.48,80.2,10.5,57.6,23.7,958.5,Laterite,HIGH_RISK
6,9.7033,76.9159,768.7,35.6,46.5,50.6,21.8,85.1,14.7,951.2,Laterite,MODERATE_RISK
7,17.9273,73.6607,1383.1,34.3,167.92,93.8,16.7,65.5,24.4,918.3,Laterite,HIGH_RISK
3,17.9377,73.6484,1404.7,34.7,57.8,50.5,21.4,85.7,32.7,916.6,Laterite,MODERATE_RISK
8,17.9482,73.5744,601.9,43.0,17.8,42.7,18.6,63.7,9.3,971.4,Colluvium,SAFE
8,11.3904,76.7319,1918.9,38.0,51.4,65.7,26.6,67.7,21.8,986.3,Weathered Granite,MODERATE_RISK
2,11.337,76.8033,1793.1,36.2,48.18,70.8,27.0,50.8,24.9,982.7,Weathered Granite,MODERATE_RISK
8,10.1796,77.0076,1818.5,56.0,156.5,94.3,19.8,70.4,18.2,916.4,Weathered Granite,HIGH_RISK
10,11.5113,76.1309,994.8,5.8,38.28,33.2,26.3,73.5,25.4,903.3,Weathered Granite,SAFE
3,10.1773,77.0358,1736.6,5.6,31.9,49.6,20.4,67.1,15.8,924.9,Sandy Loam,SAFE
8,26.1599,91.7142,428.7,31.6,14.36,18.5,20.0,55.3,11.5,921.9,Clay Loam,SAFE
5,26.1812,91.7154,468.9,31.5,11.9,43.5,16.8,60.2,29.1,960.1,Clay Loam,SAFE
1,12.412,75.7567,1193.0,32.9,127.77,95.2,12.1,59.1,15.9,874.8,Colluvium,HIGH_RISK
2,32.2468,77.1912,2045.4,30.8,54.4,49.8,16.7,94.6,21.2,976.9,Colluvium,MODERATE_RISK
8,26.9017,88.1859,1699.9,36.9,15.9,40.6,27.1,46.0,25.7,958.0,Laterite,SAFE
8,26.1552,91.7079,441.7,34.2,9.35,31.6,25.4,78.9,16.3,1034.4,Clay Loam,SAFE
6,11.5343,76.1416,918.9,38.0,57.4,47.1,21.1,89.9,17.6,989.3,Colluvium,MODERATE_RISK
9,17.9143,73.6749,1400.4,37.0,14.19,29.5,19.1,53.9,31.6,947.5,Laterite,SAFE
2,30.5431,79.569,1899.4,42.6,11.38,27.2,23.0,68.9,28.3,961.2,Weathered Granite,SAFE
5,17.9303,73.6498,1336.9,38.0,54.5,70.4,23.4,96.8,17.3,931.2,Laterite,MODERATE_RISK
6,11.5393,76.1475,1093.2,37.7,48.3,56.4,24.4,80.9,16.8,882.9,Colluvium,MODERATE_RISK
3,26.8884,88.1961,1683.4,31.4,39.71,71.2,14.6,84.6,27.1,963.2,Laterite,MODERATE_RISK
8,11.3806,76.7262,1964.6,29.1,56.4,62.3,25.1,84.9,11.7,984.1,Weathered Granite,MODERATE_RISK
10,31.1104,77.1715,2264.5,51.2,175.2,81.6,6.0,51.8,16.9,954.6,Clay Loam,HIGH_RISK
1,26.8765,88.1793,1696.1,31.7,14.36,36.0,22.3,51.6,20.8,943.4,Laterite,SAFE
2,11.5638,76.138,958.6,32.1,12.5,30.6,23.4,49.7,26.8,934.5,Colluvium,SAFE
3,11.5629,76.1205,863.9,31.3,46.91,54.7,22.1,50.7,22.7,958.6,Colluvium,MODERATE_RISK
6,11.4189,76.1178,803.8,41.2,179.3,71.8,21.2,64.0,25.6,972.8,Laterite,HIGH_RISK
4,11.3584,76.7791,1867.4,37.7,44.0,64.2,24.2,73.2,6.2,969.2,Weathered Granite,MODERATE_RISK
8,9.678,76.8983,818.8,40.2,15.5,43.4,22.9,46.4,17.2,936.9,Laterite,SAFE
6,11.3959,76.6988,1918.8,5.5,33.4,29.8,13.7,67.9,28.5,902.8,Clay Loam,SAFE
1,17.947,73.5735,599.0,10.4,24.5,18.0,16.1,68.0,21.4,837.8,Sandy Loam,SAFE
10,17.9625,73.5825,625.5,33.8,56.4,66.4,21.8,88.3,10.3,934.5,Colluvium,MODERATE_RISK
5,17.9301,73.6665,1350.2,33.7,50.7,48.8,20.5,86.0,11.9,935.2,Laterite,MODERATE_RISK
10,11.574,76.1358,999.6,45.5,90.81,87.3,22.0,90.8,24.3,922.8,Colluvium,HIGH_RISK
3,11.3351,76.7957,1896.8,44.9,142.9,71.3,17.0,57.0,30.4,983.6,Weathered Granite,HIGH_RISK
4,10.1475,77.0183,1628.1,47.5,153.7,94.6,16.2,82.9,16.4,933.1,Weathered Granite,HIGH_RISK
5,9.6903,76.9307,835.4,37.5,158.73,94.0,18.0,67.5,32.2,981.3,Laterite,HIGH_RISK
3,32.2581,77.1908,2031.5,45.7,142.2,81.1,13.8,92.6,27.2,971.1,Colluvium,HIGH_RISK
6,10.1327,76.9972,1612.5,51.5,139.92,89.1,21.1,65.9,24.5,899.3,Colluvium,HIGH_RISK
7,10.1693,77.0117,1658.1,46.2,12.93,42.6,19.0,61.8,22.9,891.3,Colluvium,SAFE
5,10.1818,77.0054,1731.4,45.1,8.5,32.9,22.1,63.1,31.2,1001.3,Weathered Granite,SAFE
6,26.1853,91.6983,437.7,15.5,33.88,33.0,18.4,66.8,26.0,967.5,Residual Soil,SAFE
4,11.3491,76.7791,1866.8,11.0,31.5,29.2,17.5,82.9,22.8,957.6,Residual Soil,SAFE
4,11.5271,76.1356,964.6,37.4,42.52,63.0,17.2,84.0,20.5,913.4,Colluvium,MODERATE_RISK
4,10.131,77.0278,1627.9,17.3,39.4,39.6,21.1,95.0,21.5,910.1,Colluvium,SAFE
9,17.9717,73.5653,582.0,43.1,128.04,77.4,15.5,49.1,6.8,956.8,Colluvium,HIGH_RISK
10,10.1641,77.0129,1626.9,11.8,37.18,32.2,20.3,90.7,22.7,917.8,Clay Loam,SAFE
2,11.3955,76.7052,1944.7,40.8,15.13,28.3,10.3,52.2,15.7,952.6,Weathered Granite,SAFE
7,10.142,77.0054,1685.6,43.9,134.15,84.5,14.9,82.7,21.2,947.0,Colluvium,HIGH_RISK
10,11.3432,76.8028,1854.5,34.3,178.37,83.0,22.5,84.0,6.6,902.2,Weathered Granite,HIGH_RISK
1,17.9621,73.5805,596.8,37.7,29.37,54.7,11.6,97.6,30.5,914.5,Weathered Granite,MODERATE_RISK
6,11.381,76.6983,1903.8,28.3,48.4,69.7,20.3,86.8,18.2,961.2,Weathered Granite,MODERATE_RISK
2,30.5698,79.5733,1858.1,37.9,43.45,70.5,25.1,56.8,25.4,1012.3,Weathered Granite,MODERATE_RISK
5,11.3977,76.7127,1887.2,47.8,127.8,95.8,19.9,82.1,32.7,1063.9,Colluvium,HIGH_RISK
9,11.3585,76.8149,1866.3,29.5,51.37,70.5,21.5,92.1,5.1,926.1,Laterite,MODERATE_RISK
1,11.5492,76.1239,929.7,35.8,47.19,59.7,18.3,83.5,6.9,971.4,Colluvium,MODERATE_RISK
9,10.1503,76.9968,1624.5,31.5,57.6,67.6,16.5,92.6,13.0,919.4,Colluvium,MODERATE_RISK
7,11.3877,76.6972,1848.9,40.9,14.0,46.6,17.2,47.0,16.4,919.7,Weathered Granite,SAFE
9,30.5711,79.5772,1840.4,15.9,38.78,24.1,15.4,79.8,18.5,928.1,Weathered Granite,SAFE
7,11.5498,76.1474,910.8,35.5,42.3,61.4,22.0,81.4,7.3,955.6,Colluvium,MODERATE_RISK
10,11.5287,76.1237,930.9,34.3,55.7,52.3,24.1,96.2,15.1,929.9,Weathered Granite,MODERATE_RISK
3,17.9185,73.6679,1377.0,32.9,11.4,32.1,21.0,47.9,22.0,941.1,Laterite,SAFE
6,30.5576,79.5825,1884.2,43.3,13.8,24.0,19.9,56.8,20.5,970.5,Weathered Granite,SAFE
6,11.5466,76.1263,920.4,37.8,55.3,50.8,8.1,91.2,8.0,891.2,Laterite,MODERATE_RISK
1,26.8805,88.1806,1720.1,38.7,9.96,46.5,17.0,70.8,17.8,949.2,Laterite,SAFE
3,11.3851,76.7049,1922.9,39.0,177.6,80.3,23.8,60.0,5.8,934.0,Weathered Granite,HIGH_RISK
3,10.1692,77.0279,1644.9,45.8,13.5,27.9,20.7,47.0,9.3,967.5,Colluvium,SAFE
1,10.1427,77.0096,1665.1,49.0,140.31,86.3,22.0,47.3,27.0,943.2,Weathered Granite,HIGH_RISK
6,9.6764,76.9165,845.7,46.9,113.7,77.0,20.1,92.1,16.9,970.0,Laterite,HIGH_RISK
8,10.1484,77.0225,1769.2,46.3,120.73,74.0,20.6,48.7,27.2,941.7,Weathered Granite,HIGH_RISK
1,10.161,77.0259,1771.4,44.3,116.11,79.4,27.9,64.8,31.5,1008.4,Weathered Granite,HIGH_RISK
2,11.3988,76.095,816.2,37.7,14.4,22.0,21.9,93.5,13.6,985.2,Laterite,SAFE
3,11.4066,76.0941,833.6,39.0,163.4,87.6,16.1,45.3,31.3,944.1,Laterite,HIGH_RISK
10,10.1497,76.9994,1645.1,41.7,10.9,33.9,16.2,66.8,22.9,1027.6,Colluvium,SAFE
5,11.514,76.1603,1036.8,36.8,44.3,70.5,21.1,92.6,15.0,944.5,Weathered Granite,MODERATE_RISK
3,11.5219,76.1339,1006.1,34.9,31.19,65.6,25.9,49.8,11.9,965.1,Weathered Granite,MODERATE_RISK
9,17.9062,73.6446,1352.4,42.4,166.2,94.5,18.7,67.0,32.2,941.8,Laterite,HIGH_RISK
9,30.5698,79.5726,1839.4,42.0,17.9,27.4,19.3,77.2,30.4,990.8,Weathered Granite,SAFE
10,30.5373,79.5867,1896.3,37.8,32.89,69.1,18.1,68.2,17.4,1005.3,Weathered Granite,MODERATE_RISK
9,17.9702,73.5948,611.0,11.6,34.16,49.4,21.1,59.0,34.4,903.2,Laterite,SAFE
5,10.1719,77.0103,1767.1,51.1,177.7,80.6,16.4,68.5,31.8,929.2,Weathered Granite,HIGH_RISK
2,31.0998,77.1661,2325.3,51.4,4.84,47.6,17.9,61.7,13.5,958.0,Clay Loam,SAFE
8,11.5741,76.1155,909.2,35.6,4.7,14.0,27.4,64.4,21.1,996.4,Colluvium,SAFE
2,26.8997,88.2019,1722.7,8.3,34.65,31.0,17.7,57.1,25.4,956.5,Clay Loam,SAFE
3,30.5656,79.5544,1872.6,39.7,8.36,44.1,23.4,87.8,15.9,959.8,Weathered Granite,SAFE
4,30.5393,79.5619,1882.9,42.7,115.39,80.0,20.6,91.6,21.0,910.5,Weathered Granite,HIGH_RISK
5,12.4202,75.7236,1152.8,32.5,50.5,71.6,22.5,84.5,5.7,891.8,Laterite,MODERATE_RISK
3,11.5344,76.1276,1080.9,35.3,31.3,66.6,20.8,98.0,30.3,969.8,Weathered Granite,MODERATE_RISK
6,17.973,73.5903,596.5,34.1,54.2,70.3,15.1,97.7,7.3,948.7,Colluvium,MODERATE_RISK
10,10.1478,77.0073,1799.9,35.2,41.9,71.0,16.5,95.6,29.5,869.8,Weathered Granite,MODERATE_RISK
7,31.1163,77.1757,2316.3,34.1,48.35,50.5,19.8,84.4,21.2,981.6,Weathered Granite,MODERATE_RISK
2,11.4233,76.1029,792.5,30.1,17.7,17.3,23.0,46.2,13.8,980.8,Laterite,SAFE
3,11.5301,76.1379,974.7,46.8,169.6,81.4,17.5,50.8,28.7,968.3,Colluvium,HIGH_RISK
10,10.1526,77.0203,1747.2,36.2,35.1,71.5,18.3,84.6,15.3,921.7,Weathered Granite,MODERATE_RISK
2,12.4345,75.7403,1129.0,12.8,27.01,42.4,14.4,91.6,6.2,943.5,Clay Loam,SAFE
1,10.1479,77.0271,1691.4,47.3,178.5,76.0,16.9,90.0,11.2,981.2,Colluvium,HIGH_RISK
8,30.5728,79.5684,1861.5,37.0,53.7,66.4,23.3,79.8,6.5,925.4,Weathered Granite,MODERATE_RISK
5,32.2397,77.1809,2105.5,36.3,56.1,56.8,19.5,47.5,13.8,954.5,Colluvium,MODERATE_RISK
10,17.9388,73.5835,629.5,13.7,42.46,43.8,24.7,68.3,13.5,903.6,Weathered Granite,SAFE
10,10.1486,77.0248,1605.6,41.1,9.62,27.8,18.1,52.6,24.2,1018.7,Colluvium,SAFE
9,10.1576,77.0276,1639.9,43.5,13.9,14.2,20.9,76.7,13.4,957.5,Colluvium,SAFE
2,26.1832,91.6977,432.9,31.3,12.49,20.9,14.2,58.3,5.0,935.3,Clay Loam,SAFE
5,26.8793,88.1633,1685.6,40.1,172.9,70.5,23.6,74.8,10.9,882.2,Laterite,HIGH_RISK
7,11.357,76.7968,1878.4,44.6,138.8,85.5,21.0,49.0,20.6,919.1,Weathered Granite,HIGH_RISK
5,12.4084,75.7284,1180.7,7.2,40.1,36.2,22.6,50.4,32.6,1012.6,Clay Loam,SAFE
10,11.54,76.1347,1058.4,47.8,11.72,41.4,21.9,97.1,7.8,929.8,Weathered Granite,SAFE
8,30.5595,79.585,1884.3,34.1,57.4,64.1,20.0,75.1,5.7,927.7,Weathered Granite,MODERATE_RISK
2,11.354,76.8131,1845.2,45.3,168.36,88.9,22.2,77.6,26.4,995.1,Weathered Granite,HIGH_RISK
10,26.1791,91.6924,481.6,35.8,49.66,68.6,20.4,81.7,26.3,994.9,Colluvium,MODERATE_RISK
6,12.4256,75.7195,1135.8,33.1,16.5,40.9,13.9,69.9,13.0,1004.7,Residual Soil,SAFE
10,17.9322,73.6671,1354.9,17.3,41.58,30.3,19.6,64.7,6.2,877.5,Colluvium,SAFE
8,11.5589,76.1126,891.9,17.0,16.0,56.1,17.1,82.7,33.1,865.1,Colluvium,SAFE
9,11.5168,76.1333,1008.8,42.2,114.13,94.7,26.1,85.0,23.0,904.5,Colluvium,HIGH_RISK
6,32.2439,77.206,2033.3,35.6,48.6,54.0,15.8,54.2,13.8,928.0,Colluvium,MODERATE_RISK
1,17.9696,73.5896,649.5,50.8,89.43,87.5,9.7,85.2,26.2,991.5,Colluvium,HIGH_RISK
8,30.5371,79.5476,1858.3,43.4,135.2,73.3,16.4,61.5,32.6,890.7,Laterite,HIGH_RISK
5,30.5373,79.5596,1850.0,43.5,3.8,30.3,24.5,80.3,18.1,957.5,Weathered Granite,SAFE
6,10.1577,77.0121,1740.3,52.0,95.7,81.7,19.6,46.8,10.7,983.8,Weathered Granite,HIGH_RISK
9,11.54,76.1219,902.8,35.1,50.0,62.7,17.5,61.8,7.1,965.2,Colluvium,MODERATE_RISK
10,11.5538,76.1333,918.6,33.8,35.31,63.6,16.1,81.9,30.3,939.8,Colluvium,MODERATE_RISK
3,10.1552,77.0305,1798.7,15.0,38.2,58.5,19.3,88.7,6.1,904.1,Clay Loam,SAFE
2,17.9314,73.6775,1322.5,33.8,154.8,91.3,14.6,79.8,34.9,982.2,Laterite,HIGH_RISK
7,10.1598,77.0288,1763.5,37.1,51.6,48.5,22.6,73.8,10.2,915.6,Weathered Granite,MODERATE_RISK
6,30.5481,79.5635,1857.0,35.1,38.55,63.2,23.9,97.5,5.7,898.3,Weathered Granite,MODERATE_RISK
1,32.2373,77.2011,2042.3,37.6,37.9,57.2,22.5,80.7,30.2,924.6,Colluvium,MODERATE_RISK
4,11.3878,76.7214,1901.7,36.3,53.1,70.0,21.3,63.0,21.2,1005.0,Colluvium,MODERATE_RISK
10,11.5289,76.1263,1004.4,36.4,51.98,63.6,21.5,53.7,33.0,995.9,Colluvium,MODERATE_RISK
10,10.1527,77.0099,1641.2,35.5,38.7,67.8,18.6,92.3,7.5,908.6,Colluvium,MODERATE_RISK
5,30.5614,79.5474,1886.4,4.9,22.06,42.4,14.5,80.5,18.7,923.7,Sandy Loam,SAFE
5,17.9632,73.5746,588.3,44.3,16.45,31.4,15.5,50.2,6.6,1001.6,Colluvium,SAFE
6,32.2454,77.2013,2064.6,15.3,35.04,34.1,19.2,97.8,21.5,1034.1,Laterite,SAFE
2,17.9061,73.6489,1392.0,41.5,151.8,89.0,18.4,67.9,32.5,976.7,Laterite,HIGH_RISK
5,10.1666,77.0316,1815.1,36.1,50.6,51.4,10.0,81.9,6.8,940.9,Weathered Granite,MODERATE_RISK
10,12.4157,75.7538,1148.3,6.2,40.5,25.7,30.2,49.9,16.3,889.6,Clay Loam,SAFE
3,11.3658,76.8052,1888.5,39.2,168.0,76.7,23.8,58.0,8.6,919.4,Weathered Granite,HIGH_RISK
4,26.175,91.7096,458.8,30.9,49.5,68.9,19.3,95.5,28.8,944.9,Clay Loam,MODERATE_RISK
5,11.5154,76.1187,956.7,38.8,14.8,31.0,21.8,62.1,31.4,953.6,Colluvium,SAFE
6,26.1796,91.6861,478.4,10.1,23.8,32.1,23.9,74.4,8.3,910.0,Weathered Granite,SAFE
4,26.157,91.6881,467.2,38.6,158.2,93.3,19.8,58.5,31.0,975.2,Weathered Granite,HIGH_RISK
4,9.6752,76.9078,830.0,40.2,169.07,88.2,26.8,64.6,31.6,914.7,Laterite,HIGH_RISK
6,17.9487,73.5915,564.6,33.1,45.6,50.4,21.1,92.9,18.7,927.4,Colluvium,MODERATE_RISK
10,30.5581,79.563,1888.8,48.0,147.4,77.7,13.6,90.4,13.3,931.6,Weathered Granite,HIGH_RISK
2,31.1045,77.1767,2278.0,12.6,32.7,35.6,23.7,81.6,10.4,987.0,Colluvium,SAFE
1,26.8876,88.1643,1668.5,41.7,136.68,89.2,13.3,58.5,10.6,906.9,Laterite,HIGH_RISK
9,30.5635,79.5843,1853.8,36.9,53.9,64.6,24.8,82.0,32.2,977.2,Weathered Granite,MODERATE_RISK
7,9.6662,76.9191,821.6,33.6,50.6,67.5,19.4,88.9,19.5,890.8,Colluvium,MODERATE_RISK
10,26.1657,91.7117,405.6,14.4,38.8,41.0,22.2,73.3,22.9,943.0,Colluvium,SAFE
3,10.1686,77.0263,1817.7,55.6,169.6,85.5,24.3,66.6,27.5,1065.1,Colluvium,HIGH_RISK
6,26.8876,88.1805,1757.9,37.2,148.9,90.1,24.7,68.3,26.9,879.2,Laterite,HIGH_RISK
2,30.5643,79.5805,1892.3,35.3,57.1,53.7,19.4,51.6,17.0,1055.2,Weathered Granite,MODERATE_RISK
1,12.4313,75.7492,1161.3,35.6,41.3,70.6,27.1,83.6,15.8,881.5,Clay Loam,MODERATE_RISK
9,26.1813,91.7173,420.4,36.2,54.9,61.4,18.2,94.1,30.0,959.1,Weathered Granite,MODERATE_RISK
8,10.1615,77.0135,1743.9,49.3,141.4,86.7,16.5,55.7,33.2,1035.7,Weathered Granite,HIGH_RISK
2,9.6724,76.9181,805.6,45.0,176.8,88.6,23.0,67.9,18.2,985.9,Weathered Granite,HIGH_RISK
7,11.3431,76.8104,1825.2,39.1,9.2,31.1,20.5,93.9,17.0,963.6,Weathered Granite,SAFE
10,17.9101,73.6719,1378.6,36.4,13.6,47.2,22.7,60.9,26.1,972.0,Laterite,SAFE
4,30.5604,79.5831,1921.4,39.5,175.1,83.2,20.2,76.0,6.1,1006.6,Weathered Granite,HIGH_RISK
10,26.8953,88.1846,1651.6,16.0,24.5,52.5,15.3,92.3,22.3,952.3,Colluvium,SAFE
1,30.5572,79.5471,1902.3,49.1,101.48,70.1,18.1,55.1,19.8,1005.6,Weathered Granite,HIGH_RISK
1,11.3712,76.7766,1887.8,37.8,30.6,53.8,20.1,85.4,25.7,934.3,Weathered Granite,MODERATE_RISK
4,11.505,76.1332,1017.4,34.9,52.2,51.5,12.6,53.7,19.0,982.3,Weathered Granite,MODERATE_RISK
7,10.1797,77.0356,1774.5,37.8,39.3,68.3,16.1,85.4,12.6,1038.1,Weathered Granite,MODERATE_RISK
3,11.3853,76.7059,1945.6,11.1,25.2,29.7,21.1,78.8,22.0,944.3,Residual Soil,SAFE
6,11.4261,76.0993,807.8,35.8,30.6,70.2,18.2,96.2,11.8,948.3,Laterite,MODERATE_RISK
7,11.5374,76.1533,1057.0,35.9,43.12,56.9,18.5,64.6,14.1,902.9,Weathered Granite,MODERATE_RISK
3,11.5052,76.1387,1048.6,42.9,175.4,74.6,25.1,54.6,16.9,890.1,Weathered Granite,HIGH_RISK
3,11.5039,76.1626,1006.9,32.0,44.5,71.9,15.1,80.4,20.4,916.3,Weathered Granite,MODERATE_RISK
2,11.5263,76.1269,992.4,33.2,49.8,68.4,18.2,93.8,31.1,954.9,Weathered Granite,MODERATE_RISK
3,17.9326,73.6419,1330.2,36.0,45.27,62.6,15.5,83.3,11.7,978.6,Laterite,MODERATE_RISK
4,11.3713,76.7983,1915.4,44.2,129.09,81.9,23.9,77.8,34.3,893.8,Weathered Granite,HIGH_RISK
6,11.3911,76.7045,1915.7,16.2,26.07,37.3,24.2,45.5,22.7,938.2,Clay Loam,SAFE
6,30.5447,79.5687,1856.4,38.7,13.53,16.9,16.0,82.9,7.5,976.1,Weathered Granite,SAFE
8,9.6715,76.9123,788.5,31.0,56.0,62.5,17.5,82.8,22.5,884.4,Laterite,MODERATE_RISK
1,30.5709,79.5496,1851.8,36.7,35.7,47.5,18.8,89.8,19.0,932.2,Weathered Granite,MODERATE_RISK
1,11.5442,76.1361,999.2,40.4,14.52,41.9,18.7,89.6,19.2,954.5,Colluvium,SAFE
7,11.342,76.8074,1894.6,35.9,35.64,71.2,18.0,71.4,19.7,986.3,Weathered Granite,MODERATE_RISK
4,11.3405,76.7818,1817.9,33.4,47.7,56.5,22.9,89.5,13.4,939.8,Weathered Granite,MODERATE_RISK
4,11.5385,76.1479,918.9,40.3,171.38,83.5,24.7,94.8,21.6,879.6,Colluvium,HIGH_RISK
6,10.15,77.021,1616.6,36.9,53.1,63.5,20.7,58.0,25.5,1049.8,Colluvium,MODERATE_RISK
9,11.5673,76.1189,917.4,30.8,51.5,69.0,20.3,85.9,33.4,939.0,Colluvium,MODERATE_RISK
9,26.8734,88.1638,1676.4,34.6,51.65,68.5,10.3,51.7,28.4,973.3,Laterite,MODERATE_RISK
8,11.4168,76.1042,702.7,42.8,164.5,92.5,22.1,78.5,9.5,938.6,Laterite,HIGH_RISK
3,32.2349,77.178,1995.9,47.1,171.6,88.8,23.9,84.5,16.3,915.7,Colluvium,HIGH_RISK
4,11.3401,76.8065,1831.6,39.8,10.9,18.3,15.9,48.3,26.0,913.3,Weathered Granite,SAFE
5,11.537,76.1189,946.3,37.4,47.9,68.6,26.2,81.5,34.8,925.7,Colluvium,MODERATE_RISK
1,17.9124,73.6649,1318.4,40.1,8.36,24.4,13.3,51.1,31.5,878.2,Laterite,SAFE
4,32.2402,77.1746,2022.6,8.8,39.5,30.9,15.6,79.8,28.6,939.4,Laterite,SAFE
9,30.5617,79.5641,1819.8,40.4,94.9,84.0,16.5,60.4,8.7,952.0,Colluvium,HIGH_RISK
7,9.6758,76.9023,846.9,10.9,34.32,41.7,17.8,90.9,19.4,924.8,Sandy Loam,SAFE
3,17.9548,73.5719,567.6,41.3,148.2,75.6,19.4,54.4,15.1,934.3,Colluvium,HIGH_RISK
8,11.5069,76.138,1044.4,14.5,34.71,26.1,25.1,85.8,11.7,935.1,Weathered Granite,SAFE
6,9.6807,76.902,796.1,35.2,54.4,55.4,12.8,94.6,16.4,918.5,Laterite,MODERATE_RISK
5,30.5612,79.5807,1826.0,32.4,44.7,45.4,23.2,88.7,26.0,944.4,Weathered Granite,MODERATE_RISK
5,17.9675,73.5675,587.6,43.5,121.1,86.4,21.6,50.5,6.6,936.6,Colluvium,HIGH_RISK
6,30.5458,79.5735,1806.4,36.2,56.9,63.8,19.8,59.3,19.8,934.3,Weathered Granite,MODERATE_RISK
2,11.3897,76.7286,1938.1,38.2,13.0,43.3,25.8,58.7,25.4,928.5,Weathered Granite,SAFE
4,32.2267,77.2035,1985.9,35.3,43.12,57.0,26.3,61.6,10.6,921.7,Colluvium,MODERATE_RISK
2,10.157,77.0145,1783.1,53.3,103.13,79.6,23.0,72.7,13.7,916.9,Weathered Granite,HIGH_RISK
6,9.682,76.8999,876.0,37.5,51.54,68.7,12.9,73.6,27.2,966.7,Laterite,MODERATE_RISK
5,11.5095,76.1516,1030.6,48.0,175.34,73.8,25.0,48.7,11.8,928.4,Weathered Granite,HIGH_RISK
9,17.9316,73.6463,1372.2,44.4,140.0,71.8,24.3,77.1,19.4,899.7,Laterite,HIGH_RISK
7,31.0865,77.1692,2285.2,52.7,183.53,73.4,26.7,54.7,5.3,947.3,Colluvium,HIGH_RISK
1,31.0959,77.183,2292.4,48.6,15.07,37.6,22.2,79.5,24.3,935.2,Clay Loam,SAFE
3,30.5701,79.5599,1859.8,35.3,51.7,63.4,17.7,70.8,17.8,908.9,Weathered Granite,MODERATE_RISK
10,11.353,76.7846,1872.1,44.9,175.62,92.3,14.1,51.7,29.2,976.3,Weathered Granite,HIGH_RISK
7,26.8915,88.1761,1714.7,34.8,14.4,44.7,17.3,45.1,22.4,935.8,Laterite,SAFE
2,26.1681,91.7192,414.8,27.4,11.94,19.9,20.2,52.9,23.3,970.8,Clay Loam,SAFE
6,26.1685,91.6832,493.3,27.2,6.7,31.1,17.3,74.1,12.1,931.1,Clay Loam,SAFE
10,10.1409,77.0082,1623.8,46.8,106.15,90.1,20.0,70.6,24.7,1020.2,Colluvium,HIGH_RISK
8,9.6796,76.9217,743.1,34.3,55.3,57.4,21.9,93.3,31.8,950.5,Colluvium,MODERATE_RISK
8,9.666,76.9151,818.5,45.2,17.6,35.4,19.5,76.1,14.3,987.8,Laterite,SAFE
6,10.1612,77.0322,1768.4,47.1,162.7,78.6,22.6,49.9,30.1,973.0,Colluvium,HIGH_RISK
9,10.1813,77.0286,1752.7,45.3,164.3,74.4,18.3,69.8,17.3,958.4,Weathered Granite,HIGH_RISK
6,11.3991,76.6966,1870.1,38.3,185.3,76.7,17.4,84.6,11.9,928.3,Weathered Granite,HIGH_RISK
7,11.548,76.1447,970.0,32.3,43.51,55.4,13.0,95.3,19.2,940.6,Colluvium,MODERATE_RISK
2,30.5622,79.5821,1858.7,38.0,39.44,60.4,16.8,82.1,16.7,899.3,Weathered Granite,MODERATE_RISK
6,30.5752,79.5854,1856.5,39.8,15.7,31.1,20.3,85.3,12.8,1044.5,Weathered Granite,SAFE
1,17.9561,73.5767,668.5,42.2,140.9,79.6,23.9,85.1,27.2,1068.4,Colluvium,HIGH_RISK
4,17.9397,73.5923,581.7,49.5,153.67,70.7,19.5,85.7,7.1,1017.1,Laterite,HIGH_RISK
3,11.4239,76.1001,742.6,36.5,35.9,62.5,23.4,88.3,23.8,907.2,Laterite,MODERATE_RISK
10,9.6989,76.9045,849.7,43.5,16.23,34.4,19.5,77.7,24.3,924.7,Laterite,SAFE
7,26.1801,91.6875,475.6,15.6,41.14,43.5,19.4,54.6,12.8,910.9,Weathered Granite,SAFE
4,10.1565,76.9988,1609.5,49.5,113.3,81.4,22.4,74.8,29.5,972.8,Laterite,HIGH_RISK
6,17.9341,73.644,1353.0,28.8,11.94,22.3,25.5,60.7,30.9,948.3,Laterite,SAFE
8,12.4168,75.7529,1134.2,35.7,9.5,44.4,16.8,73.8,7.4,874.2,Residual Soil,SAFE
2,11.3668,76.7232,1939.2,38.1,12.16,11.3,17.1,78.1,15.2,913.0,Weathered Granite,SAFE
5,30.5668,79.5694,1891.7,33.9,45.93,66.4,19.9,86.6,9.9,944.1,Weathered Granite,MODERATE_RISK
6,10.1721,77.0186,1753.4,35.7,47.58,51.5,18.3,91.8,19.7,930.4,Weathered Granite,MODERATE_RISK
7,11.423,76.1055,785.3,34.2,44.22,62.0,23.9,89.9,23.4,949.6,Laterite,MODERATE_RISK
6,30.5501,79.5565,1907.7,36.2,45.3,69.1,16.6,45.5,28.1,1039.4,Weathered Granite,MODERATE_RISK
9,11.3947,76.0969,749.6,33.8,122.6,79.3,26.5,81.1,20.9,974.4,Colluvium,HIGH_RISK
2,11.5254,76.1397,987.7,40.0,134.97,71.8,30.7,88.6,6.8,872.5,Colluvium,HIGH_RISK
7,31.1216,77.183,2323.4,45.2,7.0,29.0,18.5,83.1,13.0,965.1,Clay Loam,SAFE
5,11.4025,76.0959,790.6,39.9,16.01,15.0,19.9,59.3,17.2,954.2,Laterite,SAFE
7,26.1543,91.706,530.1,29.3,14.4,42.1,21.5,80.9,34.9,897.0,Clay Loam,SAFE
3,10.1576,77.0156,1786.6,50.1,171.9,93.6,12.1,88.6,19.3,960.2,Clay Loam,HIGH_RISK
5,11.4258,76.1123,743.4,42.8,120.07,84.6,21.2,53.5,29.8,966.0,Laterite,HIGH_RISK
1,11.3575,76.7788,1867.8,11.5,44.7,21.7,14.9,93.5,30.6,920.0,Laterite,SAFE
5,10.154,77.0247,1801.0,35.8,56.7,55.4,17.4,83.9,5.0,926.5,Weathered Granite,MODERATE_RISK
5,11.5402,76.1539,1093.6,49.9,111.27,85.7,26.0,97.0,10.7,974.3,Weathered Granite,HIGH_RISK
10,11.386,76.7163,1936.1,31.7,51.65,67.9,20.0,88.5,29.6,946.8,Weathered Granite,MODERATE_RISK
10,11.3492,76.7848,1871.8,44.7,142.4,87.6,21.6,81.6,28.5,996.0,Weathered Granite,HIGH_RISK
2,11.3734,76.7004,1889.0,9.9,28.4,62.2,24.6,54.1,28.8,979.5,Residual Soil,SAFE
9,26.1774,91.7162,507.3,17.4,41.3,44.6,22.2,90.9,13.9,945.6,Sandy Loam,SAFE
4,11.5128,76.1278,1093.3,14.1,43.45,26.3,27.1,54.5,14.2,896.5,Sandy Loam,SAFE
3,11.5201,76.1405,1048.2,37.6,54.4,62.7,21.3,51.2,31.9,913.6,Weathered Granite,MODERATE_RISK
5,31.1067,77.1701,2296.6,52.9,148.1,95.9,15.4,75.0,10.7,954.6,Clay Loam,HIGH_RISK
1,11.3712,76.7229,1888.2,40.1,155.7,87.9,24.6,93.9,17.0,944.0,Clay Loam,HIGH_RISK
10,11.5367,76.1285,1044.5,49.4,162.5,89.8,10.6,47.4,10.2,992.1,Weathered Granite,HIGH_RISK
9,17.947,73.5922,660.8,47.4,79.48,92.0,21.6,58.0,28.3,1053.6,Weathered Granite,HIGH_RISK
4,11.5421,76.1142,909.6,40.9,155.43,84.7,12.4,59.8,10.2,954.7,Colluvium,HIGH_RISK
10,11.5118,76.1507,1019.7,34.7,51.8,67.8,19.2,76.2,25.6,959.3,Colluvium,MODERATE_RISK
8,11.3712,76.7958,1832.7,16.4,26.9,21.1,22.7,77.0,21.6,934.4,Residual Soil,SAFE
2,10.1501,77.0408,1806.7,35.8,44.0,71.7,17.1,82.6,34.4,932.9,Weathered Granite,MODERATE_RISK
7,30.5484,79.5767,1845.1,17.4,35.48,30.5,23.9,62.1,13.6,964.8,Clay Loam,SAFE
3,11.5348,76.1436,935.2,43.8,6.71,30.0,25.1,66.1,12.9,937.8,Colluvium,SAFE
2,17.9518,73.5958,650.7,42.4,12.49,12.4,17.1,49.1,24.1,895.6,Colluvium,SAFE
6,11.5109,76.1287,1044.4,4.1,38.1,16.5,17.2,64.7,5.8,971.8,Clay Loam,SAFE
7,17.9353,73.6485,1370.5,33.5,56.7,60.7,22.3,47.8,6.5,930.1,Laterite,MODERATE_RISK
9,30.5688,79.583,1870.5,43.9,5.3,36.5,16.1,94.4,9.4,909.0,Weathered Granite,SAFE
9,11.3713,76.7176,1912.7,41.0,5.2,34.2,24.0,54.0,27.7,990.9,Weathered Granite,SAFE
9,11.5501,76.1135,938.4,33.3,43.0,67.3,17.9,84.8,10.4,917.6,Colluvium,MODERATE_RISK
6,9.6929,76.9162,807.1,42.3,18.0,13.3,20.8,66.0,22.1,934.8,Laterite,SAFE
10,11.3571,76.8026,1858.9,38.4,161.21,79.6,15.9,52.4,31.4,974.9,Weathered Granite,HIGH_RISK
5,10.1573,77.0097,1757.2,33.2,43.34,71.7,15.3,82.5,21.0,913.2,Weathered Granite,MODERATE_RISK
10,11.5257,76.1317,1027.2,49.2,163.79,73.9,17.6,79.2,17.6,874.7,Weathered Granite,HIGH_RISK
7,30.5612,79.5469,1907.7,36.9,50.05,54.2,20.6,94.5,7.3,960.3,Laterite,MODERATE_RISK
5,31.1206,77.1735,2276.0,50.0,156.59,73.0,17.3,67.0,14.5,999.9,Clay Loam,HIGH_RISK
10,10.1578,77.0236,1830.1,52.5,142.8,79.6,21.8,97.5,8.3,955.4,Weathered Granite,HIGH_RISK
1,11.379,76.7052,1903.4,37.7,43.3,68.4,22.6,91.7,9.3,906.7,Weathered Granite,MODERATE_RISK
3,26.8759,88.2031,1673.0,37.9,54.7,55.8,20.2,67.8,5.3,1011.2,Weathered Granite,MODERATE_RISK
3,17.9451,73.6479,1374.7,7.2,38.5,58.6,18.2,73.1,8.7,918.5,Weathered Granite,SAFE
9,31.0882,77.1915,2214.3,53.3,140.58,78.0,24.0,62.4,24.5,1005.6,Clay Loam,HIGH_RISK
2,11.3968,76.1106,773.5,7.6,43.5,41.6,23.9,73.1,22.7,921.7,Colluvium,SAFE
4,10.1755,77.0309,1723.9,36.2,50.49,58.3,25.7,75.6,32.5,967.7,Colluvium,MODERATE_RISK
6,30.5604,79.5723,1839.7,42.5,9.62,40.8,21.9,56.1,25.1,947.6,Weathered Granite,SAFE
6,30.5586,79.5571,1910.6,46.3,12.65,38.4,25.5,67.6,5.7,917.9,Weathered Granite,SAFE
5,11.542,76.134,948.9,11.0,21.39,34.7,22.0,91.4,26.1,935.6,Clay Loam,SAFE
1,11.4293,76.0908,719.5,40.9,173.75,78.0,30.3,66.1,19.4,979.7,Laterite,HIGH_RISK
1,11.5244,76.1464,1076.7,37.0,36.8,48.4,21.8,84.3,28.3,902.6,Weathered Granite,MODERATE_RISK
2,10.1519,77.0063,1698.4,45.0,127.66,87.0,21.4,83.9,28.0,952.2,Colluvium,HIGH_RISK
10,10.1501,77.0131,1786.4,48.5,126.39,94.6,19.8,77.8,5.9,927.4,Clay Loam,HIGH_RISK
3,11.3725,76.7917,1801.0,42.9,175.62,86.9,19.6,83.4,34.0,957.5,Weathered Granite,HIGH_RISK
8,26.8718,88.2032,1641.9,31.5,16.8,30.0,22.7,65.7,11.7,949.1,Laterite,SAFE
8,11.3619,76.8138,1815.5,37.7,50.6,65.1,14.9,86.8,16.5,1013.1,Colluvium,MODERATE_RISK
8,9.6728,76.916,871.1,40.7,10.12,13.2,17.0,50.6,30.1,944.9,Laterite,SAFE
7,11.3957,76.7025,1940.3,36.4,50.82,58.6,23.0,94.5,26.5,955.9,Weathered Granite,MODERATE_RISK
7,26.1724,91.7168,511.0,31.9,7.3,22.4,27.2,69.2,11.6,952.6,Clay Loam,SAFE
5,30.5545,79.5486,1895.6,37.9,16.45,21.2,16.7,74.6,28.3,892.3,Weathered Granite,SAFE
10,11.3442,76.803,1854.2,36.7,149.9,86.8,15.0,62.2,27.8,944.6,Weathered Granite,HIGH_RISK
1,17.9534,73.594,637.5,42.4,118.97,72.7,21.6,49.2,29.9,930.3,Colluvium,HIGH_RISK
8,17.9289,73.6494,1336.8,12.8,30.09,17.0,16.5,58.1,18.4,964.2,Colluvium,SAFE
6,10.1564,77.0191,1753.2,13.3,41.53,42.9,20.5,61.1,11.9,974.8,Weathered Granite,SAFE
8,31.0964,77.1702,2197.1,10.8,11.4,59.9,22.0,90.7,28.9,954.8,Clay Loam,SAFE
3,12.4154,75.7308,1126.3,15.7,30.2,29.9,18.6,56.1,18.7,926.6,Laterite,SAFE
1,11.5234,76.1349,962.7,4.8,26.95,51.1,16.9,91.9,32.2,928.9,Sandy Loam,SAFE
5,10.1667,77.0235,1838.6,55.6,132.06,76.4,24.2,57.3,20.3,982.4,Weathered Granite,HIGH_RISK
3,10.1622,77.0323,1752.7,37.2,55.5,45.6,15.7,86.3,12.8,956.8,Sandy Loam,MODERATE_RISK
2,11.4284,76.1006,754.6,12.8,45.2,37.9,15.7,96.9,17.2,978.6,Clay Loam,SAFE
6,11.5212,76.1447,1076.9,35.4,54.4,59.2,21.0,97.1,20.7,982.2,Colluvium,MODERATE_RISK
3,26.1675,91.7144,470.9,28.1,14.7,17.0,20.4,68.9,27.6,956.4,Clay Loam,SAFE
7,10.1611,77.0229,1852.7,44.5,166.76,93.9,20.1,58.9,24.6,971.9,Weathered Granite,HIGH_RISK
7,30.5751,79.5562,1848.6,34.0,49.2,68.7,20.7,85.6,29.1,935.8,Weathered Granite,MODERATE_RISK
8,9.6748,76.928,819.7,38.2,8.0,38.7,21.6,93.6,25.4,911.1,Laterite,SAFE
2,10.1336,77.0089,1577.0,16.7,44.0,26.3,13.6,95.0,16.9,936.9,Colluvium,SAFE
5,32.2551,77.1793,2022.2,44.7,186.34,82.9,15.2,58.0,25.5,912.6,Colluvium,HIGH_RISK
6,30.5624,79.5674,1891.3,43.3,11.5,28.9,25.3,75.3,18.5,965.2,Weathered Granite,SAFE
7,11.3438,76.7857,1901.2,33.0,34.6,52.1,20.9,93.4,25.6,925.2,Weathered Granite,MODERATE_RISK
2,11.5375,76.129,1039.7,47.0,168.63,72.2,20.4,49.8,21.3,973.8,Weathered Granite,HIGH_RISK
5,9.6998,76.9268,821.3,37.5,49.12,59.5,13.6,97.5,16.9,952.3,Laterite,MODERATE_RISK
2,26.1566,91.7041,502.1,27.6,17.1,28.7,20.9,49.7,19.7,908.8,Clay Loam,SAFE
9,10.1692,77.0059,1646.0,37.2,51.2,69.3,25.7,51.8,34.4,972.2,Colluvium,MODERATE_RISK
9,10.1397,77.0056,1691.3,4.2,46.1,15.5,25.4,54.7,26.1,911.2,Residual Soil,SAFE
6,11.3651,76.7208,1908.4,7.8,35.3,38.5,18.6,74.9,11.8,995.6,Residual Soil,SAFE
9,11.5407,76.1465,1045.9,43.4,148.3,81.2,20.2,92.1,7.1,960.2,Weathered Granite,HIGH_RISK
7,11.5142,76.1213,985.4,37.3,50.9,57.4,21.7,54.1,30.8,908.9,Colluvium,MODERATE_RISK
8,10.1638,77.0352,1644.6,4.3,33.5,40.2,20.9,79.5,27.1,1069.8,Laterite,SAFE
2,17.9388,73.5824,624.7,37.7,9.5,41.1,17.0,46.7,8.2,1037.9,Colluvium,SAFE
1,17.9729,73.5948,650.7,5.7,29.15,61.7,22.2,70.7,10.6,917.8,Colluvium,SAFE
6,31.1109,77.1567,2265.4,54.1,171.0,75.7,23.0,75.5,6.5,979.2,Clay Loam,HIGH_RISK
9,10.1614,77.0331,1594.1,36.2,52.14,69.6,22.2,65.7,7.6,917.8,Colluvium,MODERATE_RISK
7,9.7032,76.9172,794.3,9.0,17.7,25.0,14.3,96.7,5.1,967.8,Clay Loam,SAFE
7,10.1461,77.0255,1671.5,36.2,54.5,65.1,20.3,89.0,6.2,905.9,Colluvium,MODERATE_RISK
1,11.5372,76.1266,939.6,39.4,154.1,81.4,25.6,84.8,20.2,916.6,Colluvium,HIGH_RISK
2,32.2464,77.189,2077.4,50.6,93.45,81.5,10.4,46.1,11.1,865.3,Colluvium,HIGH_RISK
2,17.9601,73.5746,646.1,36.6,33.2,61.1,18.1,61.3,34.8,979.2,Colluvium,MODERATE_RISK
8,11.3999,76.1042,785.0,13.5,11.4,52.4,23.9,81.1,15.2,887.6,Weathered Granite,SAFE
7,11.5632,76.1101,896.6,36.8,45.32,70.1,16.8,86.9,22.3,870.5,Colluvium,MODERATE_RISK
7,9.688,76.9145,787.0,33.3,42.6,67.4,13.4,94.4,30.5,966.9,Colluvium,MODERATE_RISK
4,11.5228,76.1598,1029.0,35.9,57.0,51.2,23.8,88.8,20.1,970.0,Laterite,MODERATE_RISK
5,30.5628,79.5824,1899.3,9.3,22.2,55.4,17.6,50.5,14.1,913.4,Weathered Granite,SAFE
4,17.9576,73.5708,577.3,52.1,151.2,94.8,19.2,65.4,16.1,991.7,Colluvium,HIGH_RISK
4,11.3702,76.7171,1907.0,47.7,115.6,78.5,21.9,83.7,31.7,946.5,Weathered Granite,HIGH_RISK
8,10.1542,77.0288,1749.2,37.9,53.8,48.2,16.2,49.8,33.7,973.8,Weathered Granite,MODERATE_RISK
10,11.5487,76.1342,931.1,34.4,43.7,63.5,20.7,90.6,12.4,857.8,Colluvium,MODERATE_RISK
6,10.1745,77.0368,1796.4,50.6,135.3,76.7,20.9,52.2,16.6,966.8,Weathered Granite,HIGH_RISK
8,11.3979,76.7165,1937.0,36.1,55.7,66.6,16.7,51.6,14.4,1015.8,Laterite,MODERATE_RISK
6,17.9167,73.6475,1349.1,39.8,173.03,91.0,27.5,87.9,5.7,959.2,Laterite,HIGH_RISK
4,11.5517,76.1261,945.2,35.8,53.0,45.4,12.8,94.9,10.4,917.9,Weathered Granite,MODERATE_RISK
8,31.0996,77.1595,2269.6,4.4,31.02,35.7,17.3,92.0,27.0,931.3,Clay Loam,SAFE
8,32.2324,77.1882,2070.4,12.6,44.5,54.0,17.2,67.3,21.2,961.6,Colluvium,SAFE
2,10.1364,77.0216,1640.6,36.3,55.5,69.9,23.4,75.5,28.5,935.1,Colluvium,MODERATE_RISK
10,10.1611,77.0186,1814.9,36.5,48.73,71.4,20.3,97.0,24.0,944.8,Weathered Granite,MODERATE_RISK
9,11.5225,76.1477,952.3,42.7,145.2,88.8,25.6,68.7,32.1,962.6,Colluvium,HIGH_RISK
7,17.9488,73.5919,631.8,45.2,5.45,22.7,22.3,79.3,28.0,943.1,Colluvium,SAFE
6,17.9441,73.6589,1442.4,34.8,14.1,29.5,23.6,93.7,24.5,954.3,Laterite,SAFE
2,12.4191,75.748,1171.7,42.9,172.37,72.9,19.3,52.2,17.7,918.3,Laterite,HIGH_RISK
3,10.1463,77.0433,1747.3,44.1,131.5,92.1,22.8,45.0,26.4,948.5,Clay Loam,HIGH_RISK
8,11.43,76.0998,813.1,41.0,168.91,81.2,16.7,95.1,22.8,985.7,Laterite,HIGH_RISK
8,10.1594,77.0088,1667.8,48.0,92.4,86.7,22.3,67.2,33.9,947.0,Colluvium,HIGH_RISK
3,11.5108,76.1262,1094.5,45.6,15.5,43.2,14.5,47.1,12.8,917.2,Weathered Granite,SAFE
5,11.5173,76.1307,957.5,45.9,113.5,84.5,19.9,68.9,31.9,905.3,Colluvium,HIGH_RISK
4,26.1765,91.6883,483.6,31.9,10.3,39.8,22.6,88.6,19.2,973.6,Clay Loam,SAFE
2,32.2413,77.2024,2038.5,48.7,123.2,77.5,19.0,57.9,26.1,1011.3,Laterite,HIGH_RISK
9,17.9382,73.6427,1369.3,11.5,25.36,58.5,18.9,45.2,6.2,902.7,Weathered Granite,SAFE
1,17.9318,73.6393,1311.3,35.0,55.7,49.3,22.6,81.7,28.5,939.7,Colluvium,MODERATE_RISK
5,11.3813,76.705,1965.7,34.9,40.43,70.2,25.1,96.7,28.1,933.8,Weathered Granite,MODERATE_RISK
7,30.5448,79.5695,1839.6,36.3,48.24,71.3,20.1,96.1,22.1,957.2,Clay Loam,MODERATE_RISK
6,9.6725,76.9285,805.3,34.7,46.1,49.5,18.4,88.8,8.9,902.7,Weathered Granite,MODERATE_RISK
8,31.0977,77.1554,2262.5,49.9,156.48,85.7,14.1,48.6,18.7,899.1,Clay Loam,HIGH_RISK
2,12.4257,75.742,1156.4,36.8,14.58,35.6,20.3,66.0,33.1,955.4,Residual Soil,SAFE
8,11.4071,76.1216,785.2,37.0,57.5,68.9,22.7,69.4,29.3,916.8,Weathered Granite,MODERATE_RISK
3,17.962,73.5998,632.1,51.0,173.53,71.8,20.2,82.3,22.6,968.4,Colluvium,HIGH_RISK
9,10.1529,77.0075,1643.4,12.7,39.99,57.1,19.7,74.4,29.0,956.3,Laterite,SAFE
1,31.0957,77.159,2255.7,51.9,160.49,75.6,24.3,55.0,16.4,935.3,Clay Loam,HIGH_RISK
2,17.9296,73.6718,1312.0,40.5,133.8,86.3,18.5,92.7,26.5,928.1,Laterite,HIGH_RISK
5,10.1612,77.0111,1603.7,40.4,153.0,79.5,24.5,91.2,23.0,947.5,Colluvium,HIGH_RISK
5,12.4118,75.7499,1149.9,40.2,156.7,82.1,22.4,84.4,8.3,964.8,Residual Soil,HIGH_RISK
3,32.2566,77.2086,2052.0,41.1,173.7,85.0,17.4,62.0,12.9,971.5,Laterite,HIGH_RISK
4,12.4356,75.7553,1157.2,36.7,16.2,32.9,20.1,50.8,18.8,956.5,Residual Soil,SAFE
7,11.3414,76.8069,1794.9,36.9,153.7,86.6,19.5,95.8,30.6,999.3,Weathered Granite,HIGH_RISK
4,17.944,73.5786,704.8,48.4,131.23,94.5,17.2,49.3,21.7,1028.4,Colluvium,HIGH_RISK
7,26.1729,91.6803,479.2,36.3,26.51,53.0,15.3,97.2,19.0,906.9,Laterite,MODERATE_RISK
2,30.5447,79.5481,1891.6,36.9,55.1,66.3,18.0,80.0,5.8,975.4,Weathered Granite,MODERATE_RISK
1,10.1679,77.0002,1675.8,51.3,126.01,93.7,24.9,68.7,22.5,937.8,Colluvium,HIGH_RISK
3,11.4012,76.0931,799.5,41.6,132.44,82.4,23.6,64.7,25.4,935.2,Laterite,HIGH_RISK
7,11.5232,76.1524,1083.1,33.9,51.6,69.7,32.0,74.2,22.0,952.5,Weathered Granite,MODERATE_RISK
6,30.5381,79.5547,1863.2,5.3,15.3,31.5,14.1,90.5,9.2,988.1,Clay Loam,SAFE
10,11.3428,76.7936,1892.8,35.1,176.2,77.1,27.1,92.9,10.8,926.5,Weathered Granite,HIGH_RISK
9,10.1518,76.9985,1657.8,35.3,28.6,67.6,23.7,92.7,13.0,897.6,Colluvium,MODERATE_RISK
2,10.1544,76.9983,1670.5,12.9,39.1,23.2,25.1,96.1,22.6,913.4,Colluvium,SAFE
10,11.4022,76.7095,1947.3,34.6,57.6,47.3,11.8,84.3,31.8,962.3,Laterite,MODERATE_RISK
7,11.5412,76.1198,966.8,46.9,132.06,75.6,21.7,48.5,10.1,857.3,Colluvium,HIGH_RISK
10,26.888,88.1777,1685.6,41.3,134.0,83.1,13.4,65.6,12.1,938.0,Laterite,HIGH_RISK
1,32.2402,77.208,2056.8,49.4,85.91,87.9,22.6,82.9,13.2,874.6,Colluvium,HIGH_RISK
10,11.3991,76.7008,1901.7,36.5,13.7,24.2,20.3,56.2,16.8,944.1,Weathered Granite,SAFE
1,11.3673,76.6978,1938.0,42.8,134.9,92.1,21.3,92.7,23.9,978.8,Weathered Granite,HIGH_RISK
4,12.4083,75.7262,1137.1,8.6,39.2,50.8,22.0,70.7,30.6,863.8,Sandy Loam,SAFE
6,32.2532,77.1996,2013.3,11.1,27.78,51.6,25.7,65.5,32.0,925.0,Weathered Granite,SAFE
7,11.5516,76.1445,954.2,46.4,6.9,32.7,18.3,62.4,20.5,983.0,Colluvium,SAFE
10,30.5545,79.5633,1885.7,37.3,47.2,60.8,22.9,84.7,10.0,958.2,Weathered Granite,MODERATE_RISK
6,11.5261,76.1611,1032.0,47.3,108.1,88.3,17.0,86.4,20.6,920.2,Weathered Granite,HIGH_RISK
6,10.1545,77.0115,1812.1,54.0,175.89,84.6,22.4,94.1,15.6,933.5,Weathered Granite,HIGH_RISK
4,11.3765,76.7091,1909.2,29.6,50.4,71.9,24.0,81.3,23.0,918.4,Weathered Granite,MODERATE_RISK
8,10.1686,77.0361,1648.4,34.1,47.7,48.6,18.5,95.8,20.0,899.3,Colluvium,MODERATE_RISK
2,30.5558,79.58,1866.2,32.3,46.8,71.7,12.0,94.2,7.2,965.9,Weathered Granite,MODERATE_RISK
8,11.3921,76.694,1913.4,31.5,46.7,58.8,22.6,97.7,23.7,958.7,Weathered Granite,MODERATE_RISK
3,10.1642,77.0037,1684.4,9.0,40.0,23.1,21.5,86.5,5.1,954.9,Residual Soil,SAFE
10,11.4106,76.0945,798.4,37.7,182.27,90.0,23.0,71.4,23.8,941.7,Laterite,HIGH_RISK
9,17.9346,73.59,681.0,8.0,48.8,37.3,22.7,88.1,18.0,1038.0,Laterite,SAFE
3,11.3952,76.7168,1872.6,17.4,31.5,30.1,21.1,58.2,7.8,941.6,Laterite,SAFE
6,10.156,77.0063,1737.5,55.7,144.4,89.5,24.3,52.7,30.9,950.8,Weathered Granite,HIGH_RISK
9,17.9359,73.6496,1376.3,34.1,5.5,38.5,17.2,69.0,27.2,958.4,Laterite,SAFE
1,31.124,77.1858,2277.3,41.5,11.44,35.3,12.8,47.0,24.7,900.2,Clay Loam,SAFE
1,10.1706,77.0176,1806.3,36.0,43.6,56.7,21.4,91.0,17.9,935.5,Weathered Granite,MODERATE_RISK
8,11.5363,76.1366,895.1,37.5,50.22,55.3,22.1,84.1,18.0,926.4,Colluvium,MODERATE_RISK
10,10.1535,77.0306,1760.3,35.2,52.4,63.7,23.4,97.7,24.1,941.6,Weathered Granite,MODERATE_RISK
6,32.2267,77.1791,2101.3,36.9,48.1,46.5,11.9,64.0,24.7,916.4,Colluvium,MODERATE_RISK
1,11.4313,76.0904,777.7,37.8,45.8,68.9,22.5,57.0,5.4,998.4,Laterite,MODERATE_RISK
3,32.2424,77.1995,2066.0,42.0,129.0,94.0,22.7,86.5,34.5,992.6,Colluvium,HIGH_RISK
2,17.9688,73.5778,598.0,44.0,15.8,34.7,20.3,63.0,18.4,931.1,Colluvium,SAFE
7,11.5181,76.1387,1021.5,34.5,44.77,62.7,21.1,90.5,32.1,927.7,Weathered Granite,MODERATE_RISK
10,11.4058,76.0985,784.1,34.2,7.37,39.5,18.9,96.4,21.6,958.6,Laterite,SAFE
3,31.0924,77.1635,2242.4,53.2,175.73,81.5,16.9,63.3,13.6,910.9,Clay Loam,HIGH_RISK
4,11.3637,76.7966,1913.6,37.5,152.13,84.7,13.5,57.4,29.3,943.5,Weathered Granite,HIGH_RISK
1,11.3622,76.7884,1836.6,37.9,186.01,92.8,18.3,51.6,16.2,1033.7,Weathered Granite,HIGH_RISK
7,26.8961,88.1876,1732.9,5.7,37.07,58.3,20.8,88.5,8.7,939.0,Residual Soil,SAFE
5,9.6654,76.8992,838.0,37.6,143.7,74.4,23.1,83.5,19.6,876.0,Laterite,HIGH_RISK
8,17.9712,73.5968,573.0,46.6,131.0,95.1,18.7,87.3,14.0,888.6,Colluvium,HIGH_RISK
8,10.1366,77.0021,1681.0,43.1,12.6,39.4,27.2,77.0,30.6,935.5,Colluvium,SAFE
5,11.4026,76.106,736.8,34.3,54.5,52.5,23.7,88.0,9.9,945.4,Laterite,MODERATE_RISK
4,32.244,77.2015,2082.4,43.6,146.58,90.0,23.3,66.3,13.8,965.9,Colluvium,HIGH_RISK
9,26.8996,88.1867,1717.9,14.0,40.43,63.9,21.7,61.9,32.4,954.4,Sandy Loam,SAFE
6,30.5422,79.5567,1867.1,34.6,31.0,63.4,23.6,93.1,22.0,973.8,Weathered Granite,MODERATE_RISK
2,32.2416,77.179,2078.7,37.1,48.8,61.3,19.6,66.3,34.8,973.1,Colluvium,MODERATE_RISK
1,11.368,76.7024,1912.5,46.0,112.0,82.6,23.2,97.6,25.9,979.9,Weathered Granite,HIGH_RISK
9,26.1593,91.7042,452.9,26.7,16.23,22.8,13.9,75.7,10.5,962.2,Clay Loam,SAFE
7,32.2385,77.1753,2101.5,42.1,160.38,86.7,24.5,46.1,33.1,971.8,Laterite,HIGH_RISK
8,11.4196,76.1076,744.1,14.3,42.8,37.5,18.3,87.0,17.5,948.6,Colluvium,SAFE
6,31.0946,77.1607,2285.5,49.8,136.0,78.5,21.3,83.0,19.4,958.4,Clay Loam,HIGH_RISK
3,11.5588,76.1119,916.0,41.2,13.48,18.4,20.7,79.8,13.5,986.5,Colluvium,SAFE
5,32.2563,77.1803,2078.5,35.2,50.38,60.8,14.9,93.6,19.8,975.6,Colluvium,MODERATE_RISK
2,9.677,76.9319,851.0,36.7,44.5,63.5,23.3,96.9,9.7,920.6,Weathered Granite,MODERATE_RISK
4,12.4415,75.7492,1168.3,38.2,139.15,73.2,20.5,86.1,31.3,828.1,Colluvium,HIGH_RISK
9,9.6752,76.9074,834.6,37.8,51.8,58.7,31.5,60.9,21.6,858.8,Laterite,MODERATE_RISK
7,10.1655,77.0252,1792.0,36.1,36.3,65.2,18.1,93.7,5.8,938.4,Weathered Granite,MODERATE_RISK
7,10.1527,77.0179,1788.5,33.8,47.2,68.0,18.9,96.8,21.2,955.7,Laterite,MODERATE_RISK
5,11.5181,76.1611,1083.0,36.2,49.0,48.8,21.6,83.3,23.3,905.7,Colluvium,MODERATE_RISK
3,10.1681,77.0392,1793.2,5.1,39.16,16.9,19.8,88.7,18.2,878.6,Clay Loam,SAFE
5,10.152,77.0085,1628.3,50.1,171.16,85.1,20.1,50.0,10.5,1009.1,Laterite,HIGH_RISK
2,26.8732,88.1959,1721.3,40.4,178.3,95.8,24.0,55.0,33.2,984.0,Laterite,HIGH_RISK
8,10.1446,77.0036,1647.1,34.2,47.25,52.1,22.7,86.9,18.2,945.1,Colluvium,MODERATE_RISK
5,32.2463,77.1778,1997.9,49.6,158.24,89.3,22.5,76.3,18.8,1017.7,Colluvium,HIGH_RISK
7,11.4319,76.1023,801.2,25.3,54.7,70.1,13.5,94.9,12.1,902.9,Colluvium,MODERATE_RISK
7,11.3501,76.7911,1870.7,10.6,33.06,45.0,21.8,80.3,19.1,959.2,Colluvium,SAFE
2,9.6767,76.9364,838.1,38.6,6.16,24.0,28.8,53.2,10.0,949.0,Laterite,SAFE
8,10.1308,77.0156,1657.7,7.3,16.1,34.7,22.1,88.5,17.5,965.3,Laterite,SAFE
7,31.1133,77.1635,2217.1,36.1,51.1,66.3,24.9,86.2,15.8,903.9,Clay Loam,MODERATE_RISK
5,9.6999,76.919,885.5,48.1,121.3,81.1,20.0,68.8,33.3,887.0,Laterite,HIGH_RISK
1,30.5726,79.5685,1936.1,47.2,139.59,85.0,8.0,60.2,13.1,939.5,Weathered Granite,HIGH_RISK
10,11.5472,76.1248,890.8,38.3,15.68,45.1,24.3,85.0,7.2,907.9,Colluvium,SAFE
10,26.1665,91.6882,478.4,34.4,179.14,89.2,19.6,70.8,15.1,866.3,Clay Loam,HIGH_RISK
3,30.5613,79.5688,1890.9,43.4,159.6,94.4,19.7,66.8,15.3,1023.3,Weathered Granite,HIGH_RISK
7,12.4367,75.7182,1167.9,35.2,12.7,34.9,21.9,62.7,23.7,936.8,Residual Soil,SAFE
10,11.5157,76.1195,998.3,40.7,143.66,88.1,21.0,61.1,9.6,952.7,Colluvium,HIGH_RISK
3,10.1451,77.0042,1645.5,46.1,127.22,81.1,19.9,59.0,29.9,947.7,Colluvium,HIGH_RISK
2,30.5723,79.5625,1883.9,35.6,50.6,71.0,26.4,78.7,27.9,882.4,Weathered Granite,MODERATE_RISK
2,17.941,73.6584,1312.3,14.2,25.3,35.5,14.9,91.3,13.5,994.0,Residual Soil,SAFE
4,9.6751,76.935,846.3,36.0,56.3,50.7,18.1,82.7,14.1,914.9,Laterite,MODERATE_RISK
8,11.5601,76.1382,863.5,37.7,42.8,48.8,19.6,95.5,16.7,898.4,Laterite,MODERATE_RISK
5,9.6762,76.9032,804.0,35.3,51.81,47.2,19.4,82.8,8.9,962.6,Weathered Granite,MODERATE_RISK
7,17.9403,73.6627,1358.0,36.8,112.81,94.1,18.6,81.9,24.0,984.7,Laterite,HIGH_RISK
7,11.336,76.796,1876.2,41.0,162.42,79.8,17.3,61.5,14.3,1035.0,Weathered Granite,HIGH_RISK
8,30.5609,79.5642,1916.8,32.3,44.66,52.8,19.5,80.9,22.9,962.5,Weathered Granite,MODERATE_RISK
1,31.0886,77.1868,2275.1,49.2,9.35,35.8,19.0,67.7,31.9,1014.7,Clay Loam,SAFE
10,10.1737,77.009,1797.4,45.5,83.4,93.2,22.3,78.2,29.2,921.3,Weathered Granite,HIGH_RISK
8,17.9348,73.584,654.3,50.0,129.09,73.1,28.2,79.1,28.6,913.9,Colluvium,HIGH_RISK
7,11.3663,76.7978,1806.9,35.9,51.2,47.4,22.2,88.5,17.1,967.3,Colluvium,MODERATE_RISK
10,12.4385,75.748,1189.6,34.2,50.77,71.2,26.1,45.6,20.2,931.4,Colluvium,MODERATE_RISK
4,26.8717,88.1855,1694.1,39.6,113.36,85.4,17.8,82.3,11.7,1010.3,Laterite,HIGH_RISK
5,10.147,77.038,1769.8,47.5,186.84,85.0,20.6,77.9,15.6,915.1,Weathered Granite,HIGH_RISK
9,11.5383,76.1346,1014.6,32.0,54.0,71.2,25.8,85.2,13.4,914.0,Weathered Granite,MODERATE_RISK
4,11.3571,76.7758,1854.9,37.7,52.1,65.2,19.0,50.8,26.6,920.4,Weathered Granite,MODERATE_RISK
2,10.1645,77.0088,1747.1,44.7,120.5,70.2,18.1,55.6,13.6,940.4,Weathered Granite,HIGH_RISK
10,26.1756,91.7101,412.5,37.0,57.0,68.4,22.8,81.0,15.5,971.2,Clay Loam,MODERATE_RISK
3,12.435,75.7464,1187.7,41.3,173.31,88.1,19.1,76.3,34.7,904.6,Residual Soil,HIGH_RISK
7,10.1627,77.0358,1785.9,56.0,97.2,93.5,14.7,51.5,11.2,954.8,Weathered Granite,HIGH_RISK
10,26.8878,88.17,1630.1,38.5,11.0,27.7,18.6,92.2,28.1,908.5,Laterite,SAFE
6,30.5726,79.56,1861.9,48.1,137.8,74.9,13.0,93.6,33.1,975.2,Weathered Granite,HIGH_RISK
5,26.1837,91.7132,423.3,33.5,7.4,23.7,19.4,77.8,9.3,940.7,Clay Loam,SAFE
9,32.257,77.1726,2055.1,46.6,15.07,47.7,19.3,62.1,15.3,973.1,Colluvium,SAFE
3,26.1825,91.7137,457.4,36.2,10.29,37.9,19.6,69.1,29.2,983.4,Clay Loam,SAFE
6,11.547,76.1416,946.6,33.7,52.0,51.6,13.7,82.0,7.6,890.5,Colluvium,MODERATE_RISK
1,26.1833,91.6998,495.9,33.3,15.13,47.4,21.0,76.0,28.2,938.5,Clay Loam,SAFE
5,31.0959,77.1809,2228.6,50.8,148.2,93.8,8.5,65.9,23.3,943.5,Clay Loam,HIGH_RISK
10,11.339,76.8029,1838.6,27.7,49.34,70.8,18.4,95.6,6.4,925.2,Weathered Granite,MODERATE_RISK
3,17.9364,73.5843,664.9,31.0,46.5,68.8,23.9,50.4,20.9,953.8,Weathered Granite,MODERATE_RISK
1,10.1423,77.0254,1773.3,16.3,33.44,19.5,24.1,68.6,14.1,914.5,Colluvium,SAFE
7,10.1653,77.0358,1648.1,38.4,11.44,22.0,28.7,94.7,32.1,1020.8,Colluvium,SAFE
10,32.2492,77.1879,2050.7,44.1,131.0,72.6,19.6,89.3,28.7,931.3,Colluvium,HIGH_RISK
10,17.9125,73.6682,1391.7,38.0,35.3,53.8,19.4,91.1,7.9,940.0,Weathered Granite,MODERATE_RISK
3,11.3378,76.791,1831.3,36.7,15.9,45.3,17.2,51.3,24.5,922.2,Weathered Granite,SAFE
7,11.5204,76.133,962.6,46.9,139.26,94.1,28.1,70.5,7.4,941.4,Colluvium,HIGH_RISK
9,17.9667,73.5815,653.6,34.5,57.0,65.2,17.3,97.7,23.7,970.5,Colluvium,MODERATE_RISK
9,26.8854,88.1994,1644.8,36.6,41.36,69.2,16.9,81.1,5.5,912.1,Colluvium,MODERATE_RISK
7,9.6951,76.9033,791.1,35.7,54.2,46.3,19.2,97.8,29.4,923.8,Laterite,MODERATE_RISK
4,10.1688,77.0295,1676.4,16.9,19.9,25.1,18.8,61.3,26.2,946.3,Weathered Granite,SAFE
9,10.1349,76.9991,1651.2,16.4,34.9,62.7,21.2,97.9,33.6,1002.9,Residual Soil,SAFE
9,30.536,79.5649,1843.9,43.8,103.2,88.1,19.4,69.0,16.5,977.1,Weathered Granite,HIGH_RISK
6,31.086,77.1844,2213.4,45.9,8.8,38.0,20.6,87.7,18.4,978.5,Clay Loam,SAFE
4,9.6652,76.9303,836.7,41.4,8.42,22.6,20.6,76.8,10.5,1033.7,Laterite,SAFE
1,10.1593,77.0384,1817.0,55.8,173.8,89.4,20.4,66.9,22.6,961.1,Weathered Granite,HIGH_RISK
5,11.5173,76.1309,920.0,39.9,121.3,83.8,18.7,93.7,27.6,963.2,Laterite,HIGH_RISK
8,10.1439,77.0072,1794.9,44.8,95.53,88.3,20.5,47.3,6.9,1043.5,Weathered Granite,HIGH_RISK
7,10.1652,77.0239,1686.1,42.9,167.75,77.3,19.8,79.5,6.4,897.3,Colluvium,HIGH_RISK
4,11.5013,76.1528,1047.7,52.6,139.6,81.7,22.2,73.5,13.6,945.8,Weathered Granite,HIGH_RISK
5,11.5186,76.151,1086.6,33.1,47.52,68.4,15.6,78.8,11.2,871.5,Weathered Granite,MODERATE_RISK
10,31.1235,77.1749,2260.2,37.6,49.3,57.2,19.7,85.6,11.0,941.0,Clay Loam,MODERATE_RISK
7,11.5517,76.1316,1024.9,36.8,57.8,54.6,16.2,72.6,21.4,943.6,Colluvium,MODERATE_RISK
10,30.5457,79.5628,1866.2,33.3,53.0,58.2,14.0,94.5,30.9,934.8,Weathered Granite,MODERATE_RISK
1,11.5433,76.1403,991.8,49.0,13.64,13.4,16.9,49.6,33.1,896.8,Colluvium,SAFE
8,17.9295,73.6407,1348.6,39.2,16.4,46.5,26.6,83.2,29.3,881.3,Laterite,SAFE
1,10.1404,77.025,1682.4,45.1,14.9,34.5,17.9,62.9,17.6,930.3,Colluvium,SAFE
7,32.227,77.178,2061.8,7.5,49.7,54.9,17.8,52.4,7.4,946.8,Colluvium,SAFE
6,9.6726,76.9339,800.6,38.9,179.19,85.4,17.5,58.7,22.5,915.1,Laterite,HIGH_RISK
4,30.5704,79.5561,1836.6,46.2,163.2,86.8,23.8,61.2,32.1,1010.1,Weathered Granite,HIGH_RISK
8,11.5011,76.1474,1043.7,4.7,19.0,24.7,22.7,59.9,7.6,897.0,Residual Soil,SAFE
8,9.692,76.9363,804.2,15.3,29.6,47.8,18.1,71.8,11.9,954.1,Laterite,SAFE
9,31.0874,77.1686,2262.5,8.0,9.9,25.4,15.9,60.7,22.1,941.8,Weathered Granite,SAFE
4,17.9567,73.5939,593.3,44.0,17.5,45.1,20.2,75.9,23.4,986.4,Colluvium,SAFE
3,11.5193,76.1451,1057.5,37.0,50.8,55.6,20.0,64.5,15.4,990.7,Weathered Granite,MODERATE_RISK
9,12.4294,75.7567,1179.1,41.9,132.06,87.4,17.8,94.2,14.7,972.4,Residual Soil,HIGH_RISK
2,10.1597,77.0177,1633.5,37.1,51.26,49.4,23.1,82.7,11.9,945.4,Colluvium,MODERATE_RISK
4,11.5279,76.1561,1071.1,45.9,149.4,87.2,17.0,47.8,19.4,891.8,Weathered Granite,HIGH_RISK
6,12.4107,75.7281,1198.0,16.9,49.0,33.2,20.5,67.4,21.9,977.2,Residual Soil,SAFE
10,10.1501,77.0187,1783.2,37.1,54.9,70.7,18.4,56.9,22.8,891.9,Clay Loam,MODERATE_RISK
5,11.5439,76.1156,883.9,34.5,10.3,39.6,16.8,58.7,7.3,928.4,Colluvium,SAFE
5,11.5405,76.1301,886.8,35.3,55.0,60.2,19.6,45.7,30.7,931.1,Colluvium,MODERATE_RISK
2,11.3767,76.7016,1940.1,37.7,17.9,40.1,16.9,95.5,13.8,962.4,Weathered Granite,SAFE
1,17.9296,73.6593,1359.5,45.0,167.5,80.6,22.5,61.3,10.7,924.3,Laterite,HIGH_RISK
9,9.7024,76.8987,790.5,31.7,44.3,69.8,21.6,87.6,7.3,925.5,Laterite,MODERATE_RISK
3,9.6643,76.9325,828.4,46.1,111.2,80.2,14.5,50.4,13.9,975.5,Laterite,HIGH_RISK
5,9.67,76.9131,816.5,45.3,144.8,80.2,13.1,45.9,31.7,951.7,Laterite,HIGH_RISK
6,30.5546,79.5763,1797.1,46.3,149.11,76.6,20.7,68.1,7.8,965.8,Laterite,HIGH_RISK
2,32.2463,77.2058,2060.9,50.8,150.21,72.2,20.7,66.1,9.3,905.2,Colluvium,HIGH_RISK
8,11.395,76.7136,1935.5,14.0,20.3,17.0,15.4,67.4,12.6,1037.5,Colluvium,SAFE
8,30.5569,79.5653,1857.3,37.2,56.6,52.3,24.6,81.0,16.6,944.6,Clay Loam,MODERATE_RISK
8,11.3671,76.8054,1871.5,35.3,41.3,51.9,27.7,90.4,27.8,955.5,Weathered Granite,MODERATE_RISK
1,11.553,76.1285,878.4,32.7,45.21,67.8,18.8,90.7,14.2,939.5,Colluvium,MODERATE_RISK
5,32.247,77.1993,2075.8,34.5,54.2,66.3,20.2,90.4,16.0,940.7,Colluvium,MODERATE_RISK
1,11.5396,76.1627,1030.5,35.7,55.2,56.5,22.2,88.9,5.2,982.5,Weathered Granite,MODERATE_RISK
6,32.2493,77.1802,2054.2,34.0,44.6,48.9,19.3,93.8,23.1,880.2,Colluvium,MODERATE_RISK
2,11.3965,76.1078,755.5,33.1,15.3,30.1,19.3,51.0,32.1,1024.4,Laterite,SAFE
8,26.1572,91.6937,442.1,30.2,147.5,92.9,21.4,62.7,23.9,973.0,Colluvium,HIGH_RISK
10,31.1072,77.17,2274.6,15.1,43.89,30.8,24.0,88.6,30.2,972.2,Laterite,SAFE
9,17.9355,73.6598,1353.2,33.6,10.51,14.4,22.2,73.2,18.5,986.7,Laterite,SAFE
4,17.9472,73.5878,633.0,45.5,148.2,93.8,18.8,70.8,18.5,894.6,Colluvium,HIGH_RISK
3,32.2611,77.2026,2092.4,41.9,169.6,75.0,12.0,65.5,25.8,1004.2,Colluvium,HIGH_RISK
2,11.5401,76.147,998.7,42.2,9.41,22.4,26.6,54.1,21.4,990.2,Colluvium,SAFE
3,17.945,73.5839,610.0,36.0,56.0,69.1,21.4,60.2,9.2,941.7,Colluvium,MODERATE_RISK
4,11.5349,76.1559,1036.6,48.1,176.5,72.3,15.5,89.1,25.2,972.9,Weathered Granite,HIGH_RISK
6,11.5517,76.1349,907.8,35.9,45.1,69.3,25.2,66.8,27.6,943.3,Colluvium,MODERATE_RISK
6,11.5407,76.1181,876.5,36.7,36.3,60.8,22.0,83.6,15.0,921.4,Colluvium,MODERATE_RISK
5,11.356,76.7853,1841.0,36.8,53.2,61.6,16.2,84.0,18.5,973.2,Weathered Granite,MODERATE_RISK
9,11.404,76.1086,768.3,33.9,14.4,33.7,19.1,55.9,32.4,970.4,Laterite,SAFE
2,10.1658,77.0061,1625.4,47.8,181.12,78.6,17.8,90.8,20.4,944.7,Laterite,HIGH_RISK
7,12.4263,75.7474,1177.1,40.6,148.6,70.5,18.9,82.7,7.7,933.8,Weathered Granite,HIGH_RISK
4,17.9186,73.6608,1382.4,36.9,48.7,57.7,17.9,86.6,9.6,961.9,Laterite,MODERATE_RISK
1,10.149,77.0301,1810.3,47.8,166.4,74.3,18.7,71.8,22.5,912.3,Clay Loam,HIGH_RISK
7,10.133,77.0029,1688.4,47.3,151.2,78.8,22.9,59.6,24.8,899.2,Clay Loam,HIGH_RISK
7,26.1609,91.6817,438.4,31.1,6.3,44.5,16.1,90.9,15.6,908.3,Clay Loam,SAFE
8,12.4296,75.7397,1154.9,41.4,174.1,94.4,16.7,91.8,31.2,875.5,Residual Soil,HIGH_RISK
8,32.252,77.1747,2035.6,47.8,155.3,88.2,20.5,51.9,6.7,943.5,Colluvium,HIGH_RISK
9,11.5167,76.1447,954.7,43.8,121.72,86.0,22.7,82.5,8.8,944.9,Colluvium,HIGH_RISK
8,17.9217,73.6619,1316.9,33.2,13.8,12.2,12.9,60.8,31.2,945.3,Laterite,SAFE
5,32.2296,77.1984,2085.3,32.3,56.8,58.4,16.2,85.2,22.9,935.7,Weathered Granite,MODERATE_RISK
3,17.9525,73.5696,585.1,48.5,171.7,72.7,21.3,78.6,17.9,968.0,Colluvium,HIGH_RISK
8,11.3886,76.7054,1901.2,35.2,46.91,56.1,24.1,95.1,23.4,877.5,Weathered Granite,MODERATE_RISK
7,9.678,76.903,902.1,44.5,186.28,87.3,20.7,47.3,12.5,904.5,Laterite,HIGH_RISK
6,11.5364,76.125,994.8,41.8,16.8,31.3,23.6,63.6,21.6,961.3,Colluvium,SAFE
6,17.9278,73.6691,1390.0,39.1,5.5,16.4,21.1,51.8,18.1,1013.8,Laterite,SAFE
8,11.3506,76.7962,1879.4,37.1,48.9,54.3,28.5,93.9,32.7,894.4,Laterite,MODERATE_RISK
10,11.5417,76.1204,932.9,5.6,44.9,60.9,28.4,81.6,18.4,966.0,Weathered Granite,SAFE
6,11.4197,76.096,751.3,37.9,47.41,67.5,20.9,77.3,22.2,956.6,Laterite,MODERATE_RISK
4,10.1632,77.0347,1639.5,34.7,49.3,62.2,12.7,80.1,20.2,878.4,Colluvium,MODERATE_RISK
1,11.4319,76.1069,807.6,38.7,179.47,87.0,17.1,67.5,16.5,1059.7,Laterite,HIGH_RISK
4,31.0857,77.159,2303.3,47.1,11.8,25.0,13.1,85.5,8.2,931.1,Clay Loam,SAFE
9,10.1672,77.043,1826.5,34.1,49.5,62.5,12.5,68.8,22.6,976.9,Weathered Granite,MODERATE_RISK
6,11.3916,76.7288,1874.0,34.7,53.0,62.6,22.9,97.7,9.7,958.3,Weathered Granite,MODERATE_RISK
10,17.9238,73.6665,1323.6,41.8,179.58,95.9,28.0,79.4,27.1,949.8,Laterite,HIGH_RISK
7,10.1671,77.0053,1765.4,8.8,19.4,43.2,21.6,92.4,9.7,918.8,Sandy Loam,SAFE
8,11.389,76.7048,1928.5,35.0,51.9,53.0,21.8,97.1,16.3,913.2,Colluvium,MODERATE_RISK
9,31.1099,77.1915,2298.3,10.8,47.1,62.8,17.2,60.6,26.2,913.5,Weathered Granite,SAFE
6,32.2548,77.1839,2048.8,33.4,49.0,61.9,26.0,83.4,9.4,946.1,Colluvium,MODERATE_RISK
9,11.3929,76.7191,2015.5,14.6,9.62,63.0,21.7,60.4,9.6,943.7,Laterite,SAFE
4,12.4192,75.72,1170.2,7.1,16.28,32.5,22.3,65.1,29.9,941.9,Weathered Granite,SAFE
8,10.1574,77.0412,1759.0,37.6,56.3,66.1,20.1,52.2,12.7,1003.0,Weathered Granite,MODERATE_RISK
3,30.5397,79.5864,1854.8,35.1,51.0,50.0,22.5,80.9,28.1,972.2,Weathered Granite,MODERATE_RISK
1,9.6935,76.9352,902.7,45.7,120.78,89.5,18.2,74.4,15.5,941.2,Laterite,HIGH_RISK
8,11.5043,76.1499,1050.7,34.8,56.3,65.2,19.0,73.3,15.7,988.4,Weathered Granite,MODERATE_RISK
4,11.5145,76.1515,1077.1,13.6,21.7,24.8,25.7,68.4,12.6,902.3,Laterite,SAFE
9,31.1202,77.1744,2285.3,54.9,81.07,92.6,14.4,77.3,9.0,968.3,Clay Loam,HIGH_RISK
2,11.5412,76.12,962.5,41.3,96.4,90.1,21.1,50.1,23.3,929.6,Weathered Granite,HIGH_RISK
4,11.3728,76.7807,1882.1,34.7,50.4,55.9,24.8,85.0,31.4,1013.6,Weathered Granite,MODERATE_RISK
8,12.4405,75.7264,1261.4,37.4,50.9,67.2,24.7,65.9,8.5,962.7,Weathered Granite,MODERATE_RISK
6,30.5605,79.5653,1806.0,42.1,179.7,93.6,24.2,86.3,11.6,997.5,Weathered Granite,HIGH_RISK
4,17.9629,73.5766,641.5,32.9,40.7,68.8,15.4,85.3,12.5,951.7,Laterite,MODERATE_RISK
1,11.3627,76.7825,1854.8,40.3,142.0,83.2,14.0,85.8,28.3,1022.7,Weathered Granite,HIGH_RISK
7,11.3666,76.8045,1876.9,32.1,15.07,22.2,16.0,68.3,24.0,985.8,Weathered Granite,SAFE
4,10.169,77.0367,1608.4,50.3,152.4,70.7,14.2,90.6,28.0,913.8,Colluvium,HIGH_RISK
6,11.5571,76.1234,918.7,33.9,54.0,61.1,23.4,60.6,18.7,887.2,Colluvium,MODERATE_RISK
2,11.5678,76.1119,899.3,34.0,17.0,46.6,22.9,72.5,14.9,915.5,Colluvium,SAFE
3,17.9448,73.6687,1352.2,34.0,53.1,71.0,16.6,97.1,11.4,981.1,Laterite,MODERATE_RISK
2,30.5754,79.5605,1859.1,33.7,50.16,66.8,26.2,90.8,16.6,932.2,Laterite,MODERATE_RISK
9,31.1227,77.181,2262.6,36.5,43.4,63.8,18.9,89.5,32.3,955.6,Clay Loam,MODERATE_RISK
6,10.1798,77.0182,1764.6,37.9,48.95,61.9,27.2,93.0,25.8,947.2,Colluvium,MODERATE_RISK
10,11.5395,76.1356,1035.9,34.9,43.8,67.2,27.4,84.7,11.0,973.6,Colluvium,MODERATE_RISK
3,11.4045,76.1006,787.5,34.3,166.2,94.5,21.9,68.1,23.3,956.4,Laterite,HIGH_RISK
6,26.1585,91.7068,438.9,25.2,51.3,68.2,29.5,89.2,13.3,897.0,Colluvium,MODERATE_RISK
10,11.5616,76.141,922.1,42.4,152.6,94.8,25.4,68.0,16.6,905.4,Colluvium,HIGH_RISK
7,31.0927,77.1606,2262.7,37.6,40.9,71.3,19.3,89.1,27.3,952.4,Laterite,MODERATE_RISK
6,17.9724,73.5636,677.5,45.6,180.34,86.1,16.6,90.3,6.7,982.8,Colluvium,HIGH_RISK
7,11.3697,76.7158,1880.8,42.1,160.6,82.3,23.4,90.0,26.9,975.1,Weathered Granite,HIGH_RISK
9,11.5347,76.1433,1034.8,49.7,178.0,77.6,28.5,81.4,15.8,1005.0,Colluvium,HIGH_RISK
2,11.5144,76.1341,1035.7,44.3,15.18,23.8,29.7,65.7,15.4,946.0,Weathered Granite,SAFE
7,26.1669,91.6829,459.6,30.0,16.5,47.3,21.5,53.6,5.7,962.1,Clay Loam,SAFE
3,11.3997,76.0996,803.7,37.5,47.91,48.7,19.2,91.1,8.9,938.6,Laterite,MODERATE_RISK
10,10.1534,77.0056,1809.0,10.8,19.41,24.5,22.2,84.9,9.3,969.6,Colluvium,SAFE
1,17.9406,73.662,1365.3,36.0,44.8,47.7,22.0,88.8,14.1,924.7,Colluvium,MODERATE_RISK
7,26.8822,88.1868,1717.5,36.7,47.96,45.5,18.7,95.9,6.7,911.1,Colluvium,MODERATE_RISK
8,9.6648,76.9279,790.1,43.5,137.2,76.7,20.3,57.4,23.3,924.1,Clay Loam,HIGH_RISK
8,17.9429,73.5802,618.8,52.2,83.1,73.5,18.6,77.8,18.6,934.8,Weathered Granite,HIGH_RISK
1,11.4158,76.1006,781.5,35.0,148.28,94.4,23.0,91.0,9.1,902.2,Laterite,HIGH_RISK
10,11.5426,76.1426,1008.5,16.2,39.0,27.1,14.9,60.1,22.3,954.3,Sandy Loam,SAFE
3,32.2293,77.2023,2063.0,46.8,140.3,89.5,13.8,94.4,31.6,946.5,Colluvium,HIGH_RISK
6,11.5154,76.1309,978.4,54.0,182.93,94.7,14.8,90.2,28.7,967.1,Weathered Granite,HIGH_RISK
1,26.903,88.1943,1715.0,11.0,42.62,50.1,16.2,52.2,13.7,1015.2,Clay Loam,SAFE
9,9.6982,76.8995,819.6,46.8,98.6,89.9,12.5,65.4,22.7,943.2,Laterite,HIGH_RISK
3,10.1524,77.032,1790.8,54.9,171.8,92.3,16.8,71.8,6.4,944.0,Weathered Granite,HIGH_RISK
2,26.1605,91.7047,465.6,32.4,15.9,12.1,20.0,95.3,34.5,972.6,Clay Loam,SAFE
10,11.3788,76.6947,1928.5,33.3,54.5,59.1,18.0,90.9,17.5,965.8,Weathered Granite,MODERATE_RISK
10,11.54,76.1429,1028.6,45.0,167.2,82.3,18.7,95.8,23.3,981.6,Weathered Granite,HIGH_RISK
9,17.9705,73.5806,576.3,49.9,8.1,20.3,21.4,62.2,27.4,953.3,Colluvium,SAFE
1,11.3384,76.8118,1828.5,37.3,140.91,78.0,17.1,54.2,24.3,960.1,Weathered Granite,HIGH_RISK
3,17.9439,73.5964,627.7,14.7,21.6,17.1,19.0,45.7,20.4,943.4,Sandy Loam,SAFE
3,11.3622,76.8024,1880.6,9.6,40.5,49.5,14.6,95.2,14.6,982.3,Laterite,SAFE
4,11.5735,76.1468,903.5,36.3,48.62,46.9,24.1,92.2,27.2,962.3,Colluvium,MODERATE_RISK
1,11.3592,76.8038,1839.7,35.0,29.65,53.8,24.5,80.3,24.2,895.6,Weathered Granite,MODERATE_RISK
3,17.9676,73.5789,603.1,35.9,45.93,68.3,16.1,89.2,8.9,972.0,Colluvium,MODERATE_RISK
6,32.2461,77.1733,2067.2,28.8,52.09,68.0,10.7,97.6,25.5,927.7,Colluvium,MODERATE_RISK
7,9.6667,76.931,786.8,7.6,20.1,34.3,15.2,48.9,31.6,967.7,Weathered Granite,SAFE
4,11.4073,76.1074,780.7,35.3,16.2,24.9,20.4,96.3,29.0,996.8,Laterite,SAFE
2,17.9418,73.5998,641.3,48.5,97.46,79.9,17.9,69.4,26.3,933.6,Colluvium,HIGH_RISK
1,11.5313,76.1173,1010.6,34.9,44.66,71.4,15.1,95.8,22.1,949.3,Laterite,MODERATE_RISK
7,11.5186,76.1467,1037.7,52.6,174.08,74.5,21.3,95.0,10.2,945.3,Weathered Granite,HIGH_RISK
7,11.542,76.1449,1040.2,10.6,36.5,17.0,19.0,77.6,17.2,931.0,Laterite,SAFE
3,11.3724,76.701,1896.8,36.9,163.7,94.5,13.4,92.6,13.3,1028.0,Weathered Granite,HIGH_RISK
3,11.5111,76.1431,1068.7,36.3,41.5,57.6,20.5,93.7,25.5,881.2,Weathered Granite,MODERATE_RISK
1,11.5478,76.139,967.7,44.9,95.15,94.4,18.6,48.5,19.4,956.4,Weathered Granite,HIGH_RISK
3,10.1364,77.0078,1644.6,47.6,174.5,86.5,22.0,79.8,29.3,1023.6,Colluvium,HIGH_RISK
2,10.1599,77.0111,1811.1,35.5,48.4,52.0,21.5,90.9,21.7,923.4,Weathered Granite,MODERATE_RISK
10,11.4172,76.1212,804.6,33.4,122.1,90.7,19.6,57.1,12.5,919.4,Laterite,HIGH_RISK
1,11.4028,76.7182,1917.8,36.7,38.7,71.5,19.8,72.1,31.0,918.5,Weathered Granite,MODERATE_RISK
3,11.3816,76.7315,1868.9,38.5,163.08,71.9,21.4,64.4,13.7,986.3,Weathered Granite,HIGH_RISK
8,11.5051,76.1337,1031.7,46.9,105.77,80.7,21.3,53.0,24.2,937.9,Weathered Granite,HIGH_RISK
10,17.9234,73.6633,1316.4,37.2,49.1,46.2,17.2,81.7,27.8,939.3,Laterite,MODERATE_RISK
3,11.4044,76.7108,1908.0,42.8,94.9,93.3,21.4,90.5,19.5,934.0,Weathered Granite,HIGH_RISK
8,17.9738,73.5678,640.2,43.4,165.11,74.0,30.8,50.9,16.2,937.5,Colluvium,HIGH_RISK
4,11.3386,76.7828,1852.9,42.0,159.61,72.3,16.9,93.9,19.0,955.0,Weathered Granite,HIGH_RISK
9,10.1741,77.0238,1763.2,47.3,125.9,78.4,22.6,97.9,33.6,934.7,Weathered Granite,HIGH_RISK
9,17.9637,73.5885,635.8,44.1,3.85,41.1,24.0,80.2,21.9,892.7,Colluvium,SAFE
8,11.5172,76.1282,949.3,48.5,152.02,93.5,25.9,48.5,5.3,993.5,Colluvium,HIGH_RISK
5,31.108,77.1854,2261.6,7.0,40.8,64.3,23.1,72.2,7.7,944.0,Clay Loam,SAFE
9,12.4189,75.7263,1118.4,10.0,25.19,19.8,24.8,53.8,26.0,929.6,Colluvium,SAFE
3,11.5167,76.1381,991.1,39.6,10.2,23.2,26.1,73.2,29.9,923.5,Colluvium,SAFE
4,11.369,76.7831,1855.4,37.1,15.5,40.8,21.7,77.8,17.7,947.2,Weathered Granite,SAFE
1,11.3733,76.7098,1941.7,38.8,115.67,89.7,23.6,69.1,29.4,963.4,Clay Loam,HIGH_RISK
2,10.1502,77.01,1742.0,53.9,116.2,94.6,16.9,66.9,26.4,917.6,Weathered Granite,HIGH_RISK
2,11.42,76.1094,803.1,37.2,160.8,88.5,23.1,79.5,18.8,999.7,Laterite,HIGH_RISK
10,10.1559,76.9986,1671.2,48.2,169.73,85.0,17.6,47.6,13.4,904.5,Colluvium,HIGH_RISK
3,11.3982,76.0927,772.4,5.1,28.71,63.8,20.2,86.1,27.0,907.0,Residual Soil,SAFE
5,30.5662,79.5477,1869.1,35.2,25.8,58.8,16.4,89.9,7.4,915.6,Weathered Granite,MODERATE_RISK
7,10.1756,77.0175,1778.1,48.8,88.88,85.5,17.4,94.9,29.0,886.5,Clay Loam,HIGH_RISK
4,31.1164,77.1685,2261.0,11.6,20.96,41.3,16.8,77.4,28.3,905.5,Laterite,SAFE
4,11.5452,76.1328,979.3,7.1,38.3,50.8,25.0,83.2,24.8,965.0,Weathered Granite,SAFE
1,32.2265,77.1849,2037.7,35.5,57.4,58.8,18.7,86.0,7.0,972.1,Colluvium,MODERATE_RISK
5,31.1168,77.1752,2297.6,56.7,5.5,25.7,19.6,56.6,10.6,874.4,Clay Loam,SAFE
3,32.2626,77.1931,2077.5,50.3,167.9,77.5,23.3,80.8,8.5,891.6,Clay Loam,HIGH_RISK
1,26.9057,88.1777,1712.9,35.3,15.95,20.8,22.9,59.2,15.3,928.8,Laterite,SAFE
9,10.1484,77.0072,1744.7,36.5,47.85,66.2,10.5,86.9,32.8,972.9,Weathered Granite,MODERATE_RISK
8,11.3941,76.7056,1928.1,47.3,170.83,87.5,24.2,76.4,19.5,979.1,Weathered Granite,HIGH_RISK
9,9.6639,76.9289,864.4,36.3,53.3,54.3,14.6,89.5,6.4,966.6,Laterite,MODERATE_RISK
1,26.887,88.1708,1690.0,35.9,57.3,68.4,18.1,94.3,18.2,933.8,Laterite,MODERATE_RISK
2,9.6914,76.9194,790.5,47.1,98.01,72.9,20.3,93.1,8.5,896.4,Laterite,HIGH_RISK
9,11.3774,76.7163,1910.3,37.0,12.0,31.5,18.9,57.8,19.4,985.1,Weathered Granite,SAFE
5,10.1479,77.0042,1667.0,42.7,5.39,22.0,18.8,85.0,30.2,899.6,Colluvium,SAFE
8,11.5574,76.1407,953.5,43.1,132.9,87.7,19.8,74.9,25.6,935.7,Weathered Granite,HIGH_RISK
7,30.5665,79.5735,1858.3,16.4,49.3,36.4,16.5,70.6,8.2,939.7,Laterite,SAFE
2,30.5735,79.5841,1892.9,39.6,13.5,15.5,16.8,53.1,25.8,952.8,Weathered Granite,SAFE
1,31.1205,77.1607,2250.7,32.7,48.3,50.5,17.4,83.9,33.2,909.6,Colluvium,MODERATE_RISK
2,11.3913,76.7116,1909.3,6.1,37.1,61.2,23.6,84.2,33.9,945.6,Weathered Granite,SAFE
8,11.513,76.1428,1065.1,36.3,47.74,70.9,29.1,48.8,24.4,851.9,Weathered Granite,MODERATE_RISK
2,31.0986,77.1915,2241.1,51.8,112.5,93.5,15.2,51.1,8.0,920.7,Clay Loam,HIGH_RISK
10,26.1717,91.6849,421.3,38.7,134.6,94.7,24.2,64.9,8.0,964.0,Clay Loam,HIGH_RISK
8,17.9403,73.6742,1384.4,29.7,12.82,22.5,14.9,59.8,27.9,962.9,Laterite,SAFE
7,10.1453,77.0251,1637.9,46.0,178.69,83.7,25.4,71.8,29.7,910.4,Clay Loam,HIGH_RISK
7,9.6721,76.9334,832.4,47.2,104.56,95.5,20.1,52.9,19.4,935.5,Laterite,HIGH_RISK
8,12.4091,75.7566,1156.2,33.0,156.37,88.3,18.0,89.4,24.2,993.7,Laterite,HIGH_RISK
7,11.3719,76.7032,1923.2,4.7,33.72,58.8,20.6,81.4,14.8,932.5,Weathered Granite,SAFE
2,32.2446,77.2025,2055.5,37.3,56.8,69.5,19.3,83.8,29.1,926.9,Colluvium,MODERATE_RISK
9,11.3954,76.7019,1956.5,41.6,12.87,25.9,21.0,70.4,5.5,992.0,Weathered Granite,SAFE
3,11.3679,76.8069,1888.7,36.4,54.1,68.2,21.2,88.2,16.3,924.8,Clay Loam,MODERATE_RISK
5,11.5174,76.1548,1084.4,50.3,163.52,83.1,23.1,47.7,31.9,983.1,Weathered Granite,HIGH_RISK
10,11.3849,76.7199,1903.3,42.0,186.4,91.6,23.9,86.9,5.1,938.3,Weathered Granite,HIGH_RISK
2,11.4023,76.1201,758.2,42.3,6.88,10.9,28.3,76.0,16.4,863.8,Laterite,SAFE
8,11.5289,76.1372,1046.6,46.7,182.33,94.9,29.1,92.4,11.9,975.8,Weathered Granite,HIGH_RISK
1,11.3817,76.6995,1915.3,34.0,46.9,62.1,16.7,89.1,10.8,943.8,Weathered Granite,MODERATE_RISK
3,11.3347,76.7773,1815.5,31.2,56.2,61.3,26.2,97.4,30.6,932.2,Weathered Granite,MODERATE_RISK
6,12.4074,75.7484,1148.7,29.5,11.8,15.4,19.1,95.7,14.9,994.5,Residual Soil,SAFE
6,11.5318,76.1585,1035.0,51.7,95.8,85.9,15.3,77.5,31.5,979.1,Weathered Granite,HIGH_RISK
9,11.5215,76.1523,1054.1,48.3,120.7,89.9,19.6,50.2,32.7,888.8,Weathered Granite,HIGH_RISK
3,26.1722,91.7011,403.1,29.6,14.8,42.9,19.1,61.1,13.7,909.7,Clay Loam,SAFE
6,31.096,77.179,2292.4,53.8,108.0,90.8,24.2,79.9,14.1,1079.7,Clay Loam,HIGH_RISK
7,31.0977,77.1785,2302.1,36.4,51.9,69.8,19.8,57.5,7.6,898.7,Weathered Granite,MODERATE_RISK
5,11.3416,76.8083,1881.3,39.0,98.3,86.0,31.0,85.6,31.1,960.0,Weathered Granite,HIGH_RISK
3,10.1756,77.015,1786.5,35.7,34.49,66.3,22.7,88.1,18.8,981.4,Weathered Granite,MODERATE_RISK
10,31.094,77.1791,2274.5,37.1,53.2,71.0,15.9,78.7,14.0,985.7,Clay Loam,MODERATE_RISK
3,9.6813,76.9144,790.8,45.8,114.5,85.4,12.3,96.0,13.9,868.5,Colluvium,HIGH_RISK
5,17.9135,73.6539,1334.4,36.5,56.2,54.1,20.4,50.3,32.3,941.5,Laterite,MODERATE_RISK
10,32.2232,77.171,2058.0,35.4,51.3,71.8,21.5,58.3,6.4,881.8,Colluvium,MODERATE_RISK
1,11.5549,76.1359,921.9,35.6,51.15,60.6,17.9,84.0,16.7,976.3,Colluvium,MODERATE_RISK
1,26.8994,88.1873,1665.3,34.9,49.45,69.3,21.5,95.3,8.0,977.3,Laterite,MODERATE_RISK
6,11.5324,76.1264,1013.4,34.2,49.0,68.7,20.0,66.7,19.2,935.0,Colluvium,MODERATE_RISK
10,9.6781,76.9049,815.6,7.0,30.09,58.5,13.8,56.5,12.5,962.7,Sandy Loam,SAFE
8,12.4242,75.746,1143.9,10.0,37.62,50.7,20.4,62.9,15.5,943.5,Clay Loam,SAFE
2,11.4145,76.1042,734.4,37.4,36.52,65.7,19.8,89.6,24.1,944.1,Laterite,MODERATE_RISK
7,11.5357,76.1542,1068.4,6.5,27.66,38.6,20.1,49.8,33.7,922.6,Sandy Loam,SAFE
8,26.1736,91.7009,468.8,17.4,16.4,57.7,22.3,51.7,17.0,973.8,Clay Loam,SAFE
4,30.5639,79.5836,1889.6,35.2,49.83,64.1,15.6,79.0,6.9,943.7,Weathered Granite,MODERATE_RISK
7,26.1692,91.6977,437.8,37.2,44.66,62.2,18.9,97.3,28.7,971.0,Clay Loam,MODERATE_RISK
1,32.25,77.2025,2016.2,47.4,14.4,39.8,29.8,78.7,13.9,967.3,Colluvium,SAFE
8,26.1576,91.6932,409.1,5.0,33.22,34.4,20.4,81.5,20.7,923.7,Residual Soil,SAFE
3,32.2247,77.202,1995.7,43.9,15.0,25.7,19.1,75.3,5.2,914.4,Colluvium,SAFE
2,32.2587,77.1793,2081.2,47.7,7.26,16.3,18.5,77.7,27.5,977.8,Colluvium,SAFE
6,26.8901,88.1988,1710.6,14.1,8.09,61.2,20.7,90.8,10.9,966.3,Laterite,SAFE
7,26.15,91.6865,434.8,36.2,112.09,89.0,21.5,46.6,12.8,911.7,Clay Loam,HIGH_RISK
7,26.9056,88.1992,1697.3,28.2,13.26,13.9,14.0,87.3,11.4,955.8,Laterite,SAFE
6,11.5643,76.1132,865.7,41.1,110.1,81.2,25.1,86.6,29.1,878.8,Colluvium,HIGH_RISK
10,31.0857,77.1687,2331.3,48.1,175.1,88.6,21.4,62.6,10.7,1013.9,Clay Loam,HIGH_RISK
5,9.6685,76.9267,818.3,41.6,126.45,79.1,14.7,70.0,16.4,912.5,Laterite,HIGH_RISK
1,11.3939,76.7027,1911.0,47.1,83.4,89.4,21.9,60.5,32.4,920.8,Weathered Granite,HIGH_RISK
1,17.9095,73.6665,1351.2,37.8,15.2,19.3,16.9,70.9,28.7,898.0,Laterite,SAFE
6,26.8703,88.1953,1640.9,38.6,124.2,81.9,17.0,81.6,31.7,966.1,Colluvium,HIGH_RISK
7,31.0871,77.1657,2241.3,49.1,10.0,33.7,18.8,45.5,27.7,933.2,Clay Loam,SAFE
7,11.5237,76.1608,1039.0,42.4,160.99,78.5,17.8,85.6,28.3,944.2,Weathered Granite,HIGH_RISK
6,9.6877,76.9046,756.8,5.0,19.8,22.4,20.1,54.7,23.2,1000.8,Weathered Granite,SAFE
5,32.2491,77.1875,2070.4,46.8,15.0,14.3,17.9,78.9,7.4,951.3,Colluvium,SAFE
10,11.5063,76.163,1031.7,48.5,4.3,14.2,19.7,75.9,11.0,918.1,Weathered Granite,SAFE
8,11.5439,76.1399,926.5,35.4,17.7,35.6,18.8,93.2,16.5,908.4,Colluvium,SAFE
2,31.0998,77.1551,2251.7,53.4,166.4,78.8,17.2,63.3,22.9,1013.5,Clay Loam,HIGH_RISK
5,11.5307,76.1352,937.4,37.2,44.9,57.4,16.0,92.2,27.6,939.2,Laterite,MODERATE_RISK
1,30.5466,79.5543,1873.4,34.0,51.3,67.6,26.2,83.4,10.4,941.9,Weathered Granite,MODERATE_RISK
10,11.409,76.1168,766.1,37.2,49.45,60.7,18.1,93.7,29.8,928.3,Weathered Granite,MODERATE_RISK
8,17.9103,73.6729,1307.4,36.9,52.4,49.9,29.0,85.0,8.5,963.0,Laterite,MODERATE_RISK
10,10.1483,77.0108,1819.7,48.0,5.4,37.1,19.6,51.3,14.5,966.9,Weathered Granite,SAFE
7,26.1759,91.6876,423.7,13.2,7.5,46.7,16.7,52.9,12.3,887.6,Sandy Loam,SAFE
3,30.5671,79.5502,1870.5,47.0,147.3,95.8,18.9,92.6,10.4,989.5,Colluvium,HIGH_RISK
9,17.9395,73.587,594.9,45.3,4.62,13.4,16.1,55.9,12.3,979.2,Colluvium,SAFE
4,10.1529,77.0239,1834.9,45.0,154.9,92.2,24.9,72.1,33.5,977.7,Clay Loam,HIGH_RISK
4,26.159,91.7003,469.1,33.6,57.4,55.2,14.1,88.7,12.2,920.1,Clay Loam,MODERATE_RISK
4,30.5709,79.5694,1898.3,42.8,12.2,43.9,18.7,68.6,33.1,913.7,Weathered Granite,SAFE
7,9.6731,76.9254,840.8,12.8,42.35,50.7,24.4,77.6,31.8,940.7,Weathered Granite,SAFE
5,11.3619,76.7891,1844.6,14.8,46.7,52.6,21.4,59.8,15.2,900.1,Residual Soil,SAFE
8,11.4311,76.1229,760.4,40.0,171.8,80.6,16.3,76.0,33.9,936.8,Clay Loam,HIGH_RISK
6,11.4155,76.106,734.5,34.7,15.4,46.8,23.2,55.2,19.1,989.1,Laterite,SAFE
6,10.1805,77.0165,1756.9,52.6,11.44,15.1,21.5,67.3,30.2,875.1,Weathered Granite,SAFE
9,32.2628,77.1901,2030.6,50.7,104.61,92.8,15.7,73.4,17.3,893.2,Colluvium,HIGH_RISK
1,30.572,79.5862,1908.5,34.6,50.71,61.7,15.3,80.9,12.3,931.4,Weathered Granite,MODERATE_RISK
2,17.9504,73.5923,650.4,29.9,56.6,59.2,21.1,82.9,14.7,898.9,Colluvium,MODERATE_RISK
8,12.4233,75.7555,1214.9,4.6,15.6,40.0,24.9,53.7,33.4,932.4,Clay Loam,SAFE
6,11.4037,76.7128,1931.1,35.8,44.1,64.2,18.6,82.0,30.1,984.6,Weathered Granite,MODERATE_RISK
9,9.6635,76.9232,819.9,44.0,14.5,18.0,26.5,49.4,12.1,888.6,Laterite,SAFE
2,17.9404,73.569,650.3,41.8,182.38,74.1,11.4,65.3,32.9,883.8,Colluvium,HIGH_RISK
10,11.5279,76.1186,974.5,37.5,7.59,15.7,15.1,51.7,13.8,942.1,Colluvium,SAFE
6,11.5425,76.1408,899.2,44.5,140.2,92.9,19.1,60.8,18.9,939.9,Colluvium,HIGH_RISK
2,11.5232,76.1398,992.1,37.6,55.5,55.7,23.3,88.2,14.0,887.5,Colluvium,MODERATE_RISK
5,31.105,77.1795,2327.2,16.0,12.2,32.3,24.8,57.2,16.2,954.5,Weathered Granite,SAFE
10,11.4162,76.116,779.2,41.2,156.26,83.5,22.5,68.9,21.6,947.0,Laterite,HIGH_RISK
7,11.5356,76.1454,932.9,37.3,38.1,68.4,24.0,76.2,22.4,926.5,Colluvium,MODERATE_RISK
7,30.5622,79.5661,1842.0,40.5,4.3,29.8,26.1,84.8,25.5,943.0,Weathered Granite,SAFE
8,11.5725,76.1179,942.8,5.3,43.4,37.9,18.8,96.2,18.3,961.6,Weathered Granite,SAFE
9,11.3664,76.8144,1842.6,16.9,43.4,21.3,13.6,73.5,33.3,965.6,Residual Soil,SAFE
5,10.1742,77.0265,1795.3,44.5,122.1,71.7,23.6,93.8,33.2,964.5,Weathered Granite,HIGH_RISK
9,11.516,76.1553,1054.4,15.7,36.4,58.3,16.8,46.0,8.1,953.0,Weathered Granite,SAFE
9,32.2421,77.1965,2076.5,30.0,56.5,68.8,20.6,86.6,19.9,888.1,Colluvium,MODERATE_RISK
7,17.9269,73.6752,1344.6,14.7,27.2,48.5,18.9,66.8,7.2,951.4,Weathered Granite,SAFE
7,11.5282,76.1596,1095.8,37.4,46.15,45.5,19.3,69.4,21.9,936.7,Weathered Granite,MODERATE_RISK
4,11.3698,76.7133,1864.9,27.8,57.5,68.4,20.6,59.1,17.6,940.9,Weathered Granite,MODERATE_RISK
9,10.1304,77.0036,1642.6,45.8,131.8,79.5,15.6,95.9,13.0,1000.4,Colluvium,HIGH_RISK
4,11.3947,76.698,1946.7,43.8,162.8,75.7,15.2,92.1,28.5,984.1,Weathered Granite,HIGH_RISK
3,17.9126,73.6573,1385.6,35.9,56.4,59.5,15.3,81.3,18.5,901.4,Laterite,MODERATE_RISK
10,31.1105,77.1882,2267.6,55.6,150.3,91.8,13.0,58.3,34.0,935.4,Clay Loam,HIGH_RISK
3,11.3688,76.8028,1877.5,39.5,9.35,38.7,21.4,46.2,30.4,931.4,Weathered Granite,SAFE
4,11.5368,76.1268,1017.9,46.3,148.44,86.3,21.7,89.0,12.3,941.2,Colluvium,HIGH_RISK
2,11.3451,76.7949,1840.8,42.8,177.6,91.3,19.0,75.2,7.8,890.2,Weathered Granite,HIGH_RISK
4,26.1477,91.7005,461.3,31.0,17.7,25.0,14.4,78.6,15.9,921.1,Clay Loam,SAFE
3,11.5696,76.1279,902.0,43.0,120.4,88.0,20.2,60.2,22.1,925.0,Colluvium,HIGH_RISK
1,11.3349,76.8121,1884.2,42.4,108.57,89.3,18.9,70.0,8.3,923.2,Weathered Granite,HIGH_RISK
2,10.1703,77.0063,1834.4,13.7,41.85,56.1,21.4,91.2,26.4,926.8,Laterite,SAFE
6,11.4189,76.1208,753.1,37.1,50.3,66.8,27.4,64.6,19.0,905.7,Laterite,MODERATE_RISK
6,11.5247,76.1552,1032.0,29.7,50.11,61.6,12.8,93.1,14.0,965.4,Weathered Granite,MODERATE_RISK
10,9.6895,76.9061,770.7,39.5,169.84,80.9,20.0,92.5,24.3,968.0,Laterite,HIGH_RISK
6,11.5319,76.1269,1061.7,53.6,105.16,89.8,16.6,58.8,7.3,999.8,Laterite,HIGH_RISK
2,11.5368,76.1135,996.0,36.5,51.59,62.5,16.6,90.5,11.7,976.2,Colluvium,MODERATE_RISK
1,10.1692,77.0229,1752.3,55.8,116.3,77.1,23.9,65.7,19.2,901.2,Weathered Granite,HIGH_RISK
9,10.1665,77.0235,1754.3,45.2,100.65,93.9,26.2,63.2,22.0,956.8,Weathered Granite,HIGH_RISK
6,11.5402,76.1401,934.3,41.0,180.84,92.7,23.8,64.0,9.4,924.4,Colluvium,HIGH_RISK
6,30.5499,79.5586,1822.7,37.7,51.54,71.0,26.0,59.3,15.8,909.0,Weathered Granite,MODERATE_RISK
7,31.0985,77.1589,2288.7,37.6,51.9,51.1,16.9,87.7,33.4,862.5,Weathered Granite,MODERATE_RISK
7,12.4226,75.7301,1135.6,34.4,7.04,38.2,23.3,80.3,28.7,967.6,Residual Soil,SAFE
1,32.2465,77.1855,2005.9,35.9,39.55,66.2,21.5,89.5,16.9,924.3,Colluvium,MODERATE_RISK
2,11.5343,76.1518,1023.5,44.5,141.0,92.3,16.0,46.1,30.2,938.5,Weathered Granite,HIGH_RISK
3,12.4127,75.7186,1177.7,37.6,13.7,20.4,23.9,76.8,25.0,876.4,Residual Soil,SAFE
8,11.5423,76.1294,962.0,44.6,152.13,79.4,17.8,74.1,17.8,1021.2,Colluvium,HIGH_RISK
4,31.1137,77.1642,2256.9,36.6,44.8,61.7,16.0,86.4,9.3,897.6,Clay Loam,MODERATE_RISK
6,10.1573,77.0036,1681.9,46.7,10.01,19.9,16.4,53.7,15.3,969.2,Colluvium,SAFE
10,11.553,76.1174,916.2,37.7,36.8,47.2,15.4,93.0,5.6,914.9,Colluvium,MODERATE_RISK
6,10.1678,77.0343,1713.2,48.5,176.4,77.2,17.1,64.1,30.7,1004.3,Colluvium,HIGH_RISK
3,11.5662,76.1135,882.6,39.5,154.39,80.5,27.7,82.5,11.4,988.7,Colluvium,HIGH_RISK
6,17.9236,73.6405,1359.6,41.1,16.6,16.7,15.7,67.0,14.5,917.3,Laterite,SAFE
3,11.3612,76.8091,1833.4,38.9,10.7,27.7,20.3,92.7,17.9,926.3,Weathered Granite,SAFE
7,11.5542,76.109,882.2,35.4,157.8,79.0,11.6,58.1,23.5,927.1,Colluvium,HIGH_RISK
5,10.1803,77.0228,1721.4,45.2,4.8,40.7,20.8,70.5,27.3,870.8,Weathered Granite,SAFE
1,11.3444,76.7778,1857.9,39.9,130.4,77.6,22.6,72.2,25.9,937.3,Weathered Granite,HIGH_RISK
4,11.415,76.1237,791.2,35.6,9.19,34.8,17.9,75.5,30.4,920.2,Laterite,SAFE
6,10.1699,77.0309,1768.1,29.9,53.0,71.6,15.9,94.4,30.8,927.2,Weathered Granite,MODERATE_RISK
1,17.9143,73.6423,1376.1,13.8,32.8,58.3,16.4,75.0,17.7,935.2,Residual Soil,SAFE
10,32.2426,77.1803,2135.4,45.2,142.01,94.4,16.3,72.2,10.4,941.5,Colluvium,HIGH_RISK
2,32.2342,77.187,2031.2,12.4,46.0,19.5,27.1,57.4,20.1,953.5,Residual Soil,SAFE
10,30.5736,79.5673,1902.9,40.1,173.9,76.8,19.2,66.7,14.9,953.1,Weathered Granite,HIGH_RISK
3,30.5549,79.5838,1835.5,34.9,52.9,59.1,20.9,81.2,11.8,968.8,Colluvium,MODERATE_RISK
9,26.9018,88.1742,1672.6,36.4,37.84,65.1,20.2,97.4,34.9,953.7,Laterite,MODERATE_RISK
5,10.152,77.0,1629.7,33.6,39.44,68.4,19.0,94.8,8.9,966.9,Colluvium,MODERATE_RISK
10,11.5377,76.1273,1041.3,37.9,46.75,53.4,12.8,95.3,26.8,954.7,Weathered Granite,MODERATE_RISK
3,30.5445,79.5776,1829.6,43.0,178.7,81.6,25.1,83.3,29.9,943.4,Weathered Granite,HIGH_RISK
1,11.4276,76.1186,746.7,40.7,169.46,76.9,23.8,75.4,33.8,950.7,Laterite,HIGH_RISK
9,11.5283,76.1607,1003.4,8.7,25.52,26.2,15.8,76.5,7.0,922.9,Colluvium,SAFE
5,12.4224,75.7529,1226.9,9.0,41.9,27.7,18.2,87.4,31.1,940.4,Residual Soil,SAFE
3,11.5229,76.1417,989.3,39.9,144.0,80.0,21.9,76.7,17.1,921.4,Colluvium,HIGH_RISK
5,9.6701,76.9314,831.8,41.6,164.01,77.8,19.4,90.4,31.8,1031.2,Laterite,HIGH_RISK
8,9.687,76.911,823.8,44.5,10.73,28.4,20.8,58.8,33.3,966.1,Laterite,SAFE
8,26.8752,88.1739,1653.5,37.8,44.6,59.1,17.0,92.5,5.4,922.9,Laterite,MODERATE_RISK
3,26.9008,88.1722,1730.3,40.4,167.6,82.0,19.3,67.6,33.4,949.1,Laterite,HIGH_RISK
7,11.3564,76.7803,1895.2,7.4,45.4,25.7,12.7,95.8,17.9,867.1,Sandy Loam,SAFE
10,11.3386,76.8058,1815.0,36.0,4.46,29.1,23.0,96.4,30.9,918.2,Weathered Granite,SAFE
1,26.1793,91.6823,430.0,6.9,29.37,54.6,18.9,49.5,24.8,988.3,Colluvium,SAFE
8,11.5071,76.1636,1028.2,42.6,122.16,75.5,21.4,84.7,32.3,930.6,Colluvium,HIGH_RISK
10,30.563,79.5494,1867.2,11.6,38.78,24.2,24.6,53.5,9.7,982.9,Sandy Loam,SAFE
6,11.55,76.1415,922.4,36.4,46.9,64.9,17.2,96.0,33.4,949.2,Colluvium,MODERATE_RISK
5,9.6734,76.9139,780.5,39.5,91.2,91.9,21.1,90.8,6.3,938.5,Weathered Granite,HIGH_RISK
4,26.1496,91.7171,416.4,38.3,179.58,88.9,22.2,70.8,9.6,911.0,Clay Loam,HIGH_RISK
5,9.6863,76.921,776.6,37.5,47.1,50.7,16.4,75.0,13.7,967.0,Laterite,MODERATE_RISK
7,17.9356,73.5726,606.5,35.6,48.45,63.9,25.6,85.7,18.2,965.8,Colluvium,MODERATE_RISK
8,11.3406,76.786,1865.6,32.4,50.2,68.0,21.5,92.3,8.5,937.4,Weathered Granite,MODERATE_RISK
5,10.1338,77.0045,1680.8,42.1,7.87,23.5,20.9,78.6,10.6,996.1,Colluvium,SAFE
2,32.26,77.1893,2061.1,52.1,151.1,71.6,19.1,56.8,32.8,969.3,Colluvium,HIGH_RISK
6,17.945,73.5753,607.4,45.5,17.2,23.2,21.3,62.4,10.1,1007.8,Colluvium,SAFE
7,11.5211,76.1571,1036.1,15.5,17.6,25.5,8.5,90.0,26.2,882.0,Sandy Loam,SAFE
10,10.1656,77.0382,1798.9,49.0,118.86,85.7,20.7,90.4,24.0,964.5,Weathered Granite,HIGH_RISK
10,11.3676,76.7098,1878.1,26.7,56.6,61.5,20.3,92.6,28.3,961.6,Weathered Granite,MODERATE_RISK
5,10.1492,77.0311,1561.0,48.5,4.8,41.8,20.8,68.6,28.2,989.4,Colluvium,SAFE
2,11.3946,76.7166,1878.1,37.6,48.5,59.4,14.0,83.4,6.9,921.5,Colluvium,MODERATE_RISK
4,11.3916,76.7304,1898.8,38.1,178.97,75.7,23.0,83.2,12.5,942.3,Weathered Granite,HIGH_RISK
3,17.9143,73.6719,1342.1,34.6,138.0,85.2,21.1,59.3,5.8,979.8,Laterite,HIGH_RISK
4,9.6662,76.9346,806.7,37.8,41.8,69.3,17.2,96.8,19.3,941.0,Laterite,MODERATE_RISK
2,11.4264,76.1155,786.1,31.4,47.25,65.7,19.7,92.0,12.3,922.0,Laterite,MODERATE_RISK
1,17.917,73.6566,1324.2,16.1,24.3,31.6,25.3,93.7,8.0,927.7,Weathered Granite,SAFE
4,11.561,76.1138,889.5,37.9,13.86,25.9,15.2,54.4,13.6,911.0,Colluvium,SAFE
2,10.1759,77.0375,1835.1,50.4,78.05,90.4,16.5,64.1,19.7,921.1,Weathered Granite,HIGH_RISK
5,26.8813,88.1642,1642.6,37.4,44.7,58.0,23.6,53.1,16.4,930.8,Laterite,MODERATE_RISK
9,11.5605,76.111,963.7,35.1,182.33,92.7,14.6,84.7,34.7,948.1,Colluvium,HIGH_RISK
5,26.8736,88.1928,1730.8,32.9,38.66,57.5,23.9,96.4,10.5,956.4,Colluvium,MODERATE_RISK
5,11.3531,76.7763,1809.3,33.6,52.2,64.8,23.7,75.4,32.8,939.1,Weathered Granite,MODERATE_RISK
5,17.9442,73.5791,616.9,13.3,19.2,32.7,23.7,55.4,9.8,1013.6,Laterite,SAFE
5,26.869,88.1711,1686.4,35.3,142.8,92.7,22.9,51.8,12.5,848.1,Clay Loam,HIGH_RISK
9,11.389,76.6946,1941.8,32.1,57.9,51.1,23.5,95.9,5.2,867.7,Weathered Granite,MODERATE_RISK
5,12.4114,75.752,1147.1,43.1,145.1,90.9,14.5,82.7,27.5,901.6,Residual Soil,HIGH_RISK
8,11.3966,76.694,1886.1,36.2,51.4,50.3,26.4,93.7,27.4,972.5,Weathered Granite,MODERATE_RISK
3,26.8872,88.1683,1674.0,14.6,41.8,41.0,25.9,78.5,17.8,953.3,Laterite,SAFE
3,11.3366,76.7938,1848.6,40.7,143.33,80.3,28.0,74.0,24.4,936.7,Laterite,HIGH_RISK
1,17.9428,73.662,1349.3,35.7,153.7,80.3,17.0,74.1,13.7,970.4,Laterite,HIGH_RISK
5,17.9398,73.563,627.9,49.6,101.2,76.3,21.0,75.5,30.2,925.7,Colluvium,HIGH_RISK
8,17.9409,73.5665,611.0,44.0,13.97,23.6,19.4,53.3,22.4,990.6,Colluvium,SAFE
7,26.1649,91.6963,459.1,7.5,42.7,20.7,17.7,92.3,34.9,949.9,Colluvium,SAFE
8,11.3934,76.121,770.2,42.2,159.2,91.2,16.8,51.0,10.8,909.3,Laterite,HIGH_RISK
10,17.9659,73.5964,666.1,50.5,122.1,80.8,22.6,62.3,28.6,928.8,Colluvium,HIGH_RISK
5,11.5597,76.1474,933.6,36.7,55.5,61.0,14.2,93.9,16.9,893.4,Colluvium,MODERATE_RISK
4,11.5347,76.1227,888.6,37.8,17.7,47.8,23.1,52.7,31.6,913.2,Colluvium,SAFE
9,11.5335,76.1155,1009.8,33.1,57.0,57.5,23.9,95.3,21.6,971.0,Colluvium,MODERATE_RISK
1,11.3613,76.7784,1803.6,34.9,53.0,62.2,19.9,74.3,34.2,928.8,Weathered Granite,MODERATE_RISK
2,11.538,76.1374,964.8,34.0,43.8,54.2,24.7,97.0,25.5,951.3,Colluvium,MODERATE_RISK
9,11.5252,76.1151,977.0,42.0,162.47,95.9,16.7,86.9,13.9,985.7,Weathered Granite,HIGH_RISK
9,11.4187,76.0987,814.8,38.7,180.18,89.5,22.0,91.4,16.0,1020.1,Clay Loam,HIGH_RISK
7,26.1719,91.7193,454.9,6.7,46.1,25.8,25.9,90.5,21.8,991.8,Colluvium,SAFE
3,32.2281,77.1978,2056.1,52.4,113.1,74.9,23.4,52.2,19.1,965.5,Colluvium,HIGH_RISK
3,17.9668,73.5977,584.4,37.8,45.6,61.4,22.1,85.6,30.4,938.4,Weathered Granite,MODERATE_RISK
6,11.4096,76.1063,805.0,41.7,167.6,86.2,24.2,61.2,20.4,956.5,Weathered Granite,HIGH_RISK
10,10.1443,76.9998,1665.2,42.9,169.34,75.2,15.7,59.2,6.4,913.2,Colluvium,HIGH_RISK
4,11.5391,76.1513,979.7,11.0,26.13,44.1,13.6,82.6,23.8,877.7,Residual Soil,SAFE
2,11.5485,76.1304,999.3,49.5,148.0,78.4,24.8,47.3,22.9,969.2,Laterite,HIGH_RISK
4,17.9341,73.5904,618.4,41.1,10.62,13.9,18.2,63.2,30.3,1020.2,Colluvium,SAFE
7,26.8856,88.1855,1684.4,40.2,125.9,90.0,20.0,74.7,28.4,907.8,Laterite,HIGH_RISK
10,11.5188,76.1348,928.6,41.5,12.93,45.9,21.1,66.4,14.6,1003.8,Colluvium,SAFE
2,11.5449,76.1304,948.5,43.8,170.28,87.8,14.1,86.3,17.4,977.6,Colluvium,HIGH_RISK
10,30.5445,79.5555,1836.6,41.2,16.01,38.8,12.1,97.2,7.3,931.6,Weathered Granite,SAFE
2,30.5535,79.5668,1917.2,30.9,48.6,68.6,24.9,86.0,8.5,934.4,Colluvium,MODERATE_RISK
6,11.5693,76.1461,933.7,35.3,49.72,60.6,23.9,93.2,19.5,968.4,Colluvium,MODERATE_RISK
1,11.55,76.1346,956.6,32.3,10.34,22.2,17.5,76.1,34.4,921.3,Colluvium,SAFE
1,10.1659,77.02,1735.8,47.0,172.1,88.6,23.3,88.3,15.2,882.1,Laterite,HIGH_RISK
3,17.906,73.6427,1329.4,38.6,184.53,94.4,20.8,60.9,10.9,983.3,Laterite,HIGH_RISK
10,11.4221,76.1036,719.5,41.2,177.38,88.8,19.7,66.3,30.6,978.1,Laterite,HIGH_RISK
9,10.1554,77.0442,1793.6,55.0,184.53,92.0,28.1,74.8,17.9,898.7,Weathered Granite,HIGH_RISK
7,11.5511,76.1156,916.4,30.3,57.1,65.9,18.1,90.3,14.2,921.2,Colluvium,MODERATE_RISK
7,10.1582,77.0373,1747.1,25.2,52.4,62.9,20.7,81.1,31.3,974.7,Weathered Granite,MODERATE_RISK
5,9.7028,76.9341,837.5,38.2,157.4,92.1,16.5,54.6,34.9,1025.8,Laterite,HIGH_RISK
4,30.5438,79.5607,1871.6,36.4,46.8,58.2,20.4,57.2,32.4,958.3,Laterite,MODERATE_RISK
7,26.9027,88.1697,1683.2,29.2,12.16,24.8,15.7,59.8,20.9,980.7,Laterite,SAFE
10,11.421,76.1039,804.4,36.1,14.52,24.7,24.3,93.4,12.9,946.7,Laterite,SAFE
10,26.8879,88.1797,1678.5,31.6,185.13,85.0,23.3,94.7,22.6,923.5,Laterite,HIGH_RISK
3,31.1179,77.1805,2250.8,47.8,130.2,72.7,20.8,46.3,21.8,964.3,Clay Loam,HIGH_RISK
5,11.5305,76.1461,1040.2,47.3,172.98,94.6,15.3,50.0,6.8,925.6,Colluvium,HIGH_RISK
8,11.5529,76.1089,891.1,36.1,46.86,69.8,26.6,87.0,14.0,998.0,Colluvium,MODERATE_RISK
9,32.2236,77.1941,2099.3,36.8,52.1,68.2,22.0,74.9,19.4,954.2,Colluvium,MODERATE_RISK
8,31.0903,77.1758,2226.6,4.3,47.9,17.4,19.9,95.0,30.6,939.2,Clay Loam,SAFE
3,30.5748,79.5866,1933.7,43.3,165.33,89.8,15.6,90.6,30.2,1033.2,Weathered Granite,HIGH_RISK
6,17.9521,73.5831,639.4,49.3,11.5,40.2,21.9,62.5,18.3,966.4,Colluvium,SAFE
9,11.5179,76.1163,1044.4,40.1,11.2,27.7,19.5,58.9,17.2,912.2,Colluvium,SAFE
2,11.5131,76.1257,1059.9,34.6,46.2,61.5,30.2,79.2,18.3,959.4,Weathered Granite,MODERATE_RISK
7,11.5337,76.1568,1040.0,13.7,38.78,61.2,20.7,87.2,32.6,944.4,Clay Loam,SAFE
7,26.8807,88.1656,1697.0,33.5,13.75,16.9,17.5,94.4,13.6,913.8,Laterite,SAFE
7,30.5685,79.5697,1945.2,29.0,49.4,66.3,21.0,94.0,27.4,982.6,Weathered Granite,MODERATE_RISK
6,17.9117,73.6456,1378.8,34.4,153.9,91.5,23.5,81.4,11.7,896.9,Laterite,HIGH_RISK
5,17.9088,73.6644,1365.1,36.5,37.2,68.2,17.8,48.2,11.0,950.6,Weathered Granite,MODERATE_RISK
2,11.3536,76.7872,1760.8,34.3,48.68,65.3,14.9,90.8,29.0,965.9,Weathered Granite,MODERATE_RISK
4,11.5703,76.1252,907.3,42.9,12.4,14.9,24.8,90.1,24.1,965.4,Colluvium,SAFE
2,11.3361,76.7788,1849.8,36.6,48.79,71.3,24.0,56.0,29.5,921.5,Weathered Granite,MODERATE_RISK
2,26.8957,88.1821,1672.6,7.1,45.1,28.9,18.9,58.0,8.0,936.8,Sandy Loam,SAFE
3,11.3881,76.7123,1876.7,35.1,51.37,71.7,14.9,58.4,29.0,945.0,Weathered Granite,MODERATE_RISK
4,12.4414,75.7532,1156.7,10.1,42.85,54.9,14.9,46.9,24.5,903.3,Colluvium,SAFE
2,10.1537,76.9988,1708.6,39.5,14.5,47.3,18.0,80.9,16.2,1028.5,Colluvium,SAFE
10,12.4069,75.7545,1173.0,14.6,21.45,37.5,15.5,66.8,15.4,959.9,Weathered Granite,SAFE
7,11.558,76.1285,952.0,30.4,56.9,59.8,19.2,81.0,10.5,888.2,Colluvium,MODERATE_RISK
6,17.9219,73.6422,1306.5,36.3,45.1,57.3,25.4,83.8,29.1,932.8,Laterite,MODERATE_RISK
3,30.5385,79.5664,1882.6,41.2,9.9,10.7,26.4,72.4,26.5,943.4,Weathered Granite,SAFE
1,11.3372,76.8063,1819.8,34.7,54.7,69.6,21.8,89.2,26.0,920.1,Laterite,MODERATE_RISK
2,11.5326,76.1581,1036.9,25.3,57.0,65.6,29.6,95.3,15.6,950.9,Weathered Granite,MODERATE_RISK
9,11.3661,76.7945,1844.0,44.6,156.97,72.8,15.8,89.4,14.1,978.0,Laterite,HIGH_RISK
10,9.7005,76.9065,824.3,44.9,96.2,95.4,17.3,95.2,14.3,945.8,Laterite,HIGH_RISK
8,9.6835,76.9216,781.0,36.2,51.0,69.0,9.2,54.7,16.8,810.8,Laterite,MODERATE_RISK
1,30.564,79.5575,1855.9,37.9,12.93,22.6,14.7,45.7,15.8,967.9,Weathered Granite,SAFE
2,30.5642,79.5687,1879.1,47.6,136.8,77.8,18.2,65.3,25.4,884.1,Weathered Granite,HIGH_RISK
10,11.5315,76.1468,1017.4,47.3,173.1,81.3,19.8,47.2,6.7,972.0,Weathered Granite,HIGH_RISK
8,10.1528,77.0055,1691.8,33.5,50.8,70.1,19.7,45.8,22.9,972.7,Colluvium,MODERATE_RISK
9,9.6974,76.9258,770.4,35.9,50.5,60.5,22.8,97.7,26.5,964.4,Laterite,MODERATE_RISK
10,17.9726,73.6006,599.3,37.4,41.1,62.8,21.0,78.8,23.9,954.5,Colluvium,MODERATE_RISK
3,10.1716,77.0154,1798.9,44.7,104.0,77.1,21.1,55.3,14.9,945.7,Weathered Granite,HIGH_RISK
2,11.3514,76.8081,1801.0,37.9,53.8,48.6,15.6,70.4,13.1,887.3,Weathered Granite,MODERATE_RISK
6,17.9422,73.6593,1366.0,7.8,36.52,39.2,24.8,84.9,31.0,937.7,Sandy Loam,SAFE
6,11.5705,76.1174,909.0,30.4,55.4,66.7,17.0,96.8,27.7,983.3,Colluvium,MODERATE_RISK
4,32.2563,77.1842,2032.7,10.1,30.64,39.9,27.2,97.2,5.2,887.6,Clay Loam,SAFE
3,11.565,76.1228,901.8,8.6,22.2,26.6,26.3,59.8,23.3,933.3,Colluvium,SAFE
2,10.1662,77.0091,1637.6,33.7,48.8,66.8,20.8,93.0,34.7,936.6,Colluvium,MODERATE_RISK
8,11.3482,76.8022,1849.9,36.9,17.2,42.3,16.9,86.0,10.1,882.6,Weathered Granite,SAFE
2,11.5171,76.1242,957.5,41.6,5.94,43.8,23.9,73.8,8.6,936.7,Colluvium,SAFE
5,11.3437,76.7903,1874.2,37.5,9.9,45.8,22.7,79.1,15.0,953.3,Weathered Granite,SAFE
6,10.1365,77.0287,1646.7,37.5,49.6,61.9,18.2,80.3,9.3,902.0,Colluvium,MODERATE_RISK
6,11.3519,76.7792,1852.4,37.0,54.5,70.8,20.9,92.8,17.8,948.8,Weathered Granite,MODERATE_RISK
7,30.5381,79.5541,1899.7,42.6,12.38,12.0,15.7,66.5,18.9,854.8,Weathered Granite,SAFE
10,17.9535,73.5811,608.9,37.5,42.41,71.2,12.1,61.5,7.0,961.2,Colluvium,MODERATE_RISK
5,11.3893,76.7206,1936.5,31.9,50.49,70.0,14.3,93.7,16.2,960.4,Weathered Granite,MODERATE_RISK
3,11.3678,76.7796,1878.8,34.7,129.9,80.4,20.3,84.2,26.4,968.7,Weathered Granite,HIGH_RISK
4,11.5553,76.1198,964.5,37.0,48.1,48.6,20.3,94.5,15.5,946.7,Weathered Granite,MODERATE_RISK
6,12.4218,75.7199,1177.4,38.0,5.28,24.9,22.6,62.9,8.4,955.0,Residual Soil,SAFE
7,9.677,76.9194,753.1,43.4,13.2,18.8,13.3,68.9,13.7,923.2,Laterite,SAFE
1,11.3866,76.7137,1893.6,36.2,44.44,57.5,14.3,91.7,24.8,1015.4,Weathered Granite,MODERATE_RISK
6,11.527,76.1331,1025.7,33.9,45.3,56.8,22.0,96.2,29.5,964.9,Colluvium,MODERATE_RISK
3,11.3653,76.6957,1936.8,38.2,121.1,93.7,21.0,75.6,27.2,860.2,Colluvium,HIGH_RISK
9,26.8981,88.1897,1695.9,35.3,44.8,65.5,24.4,85.5,14.0,961.3,Laterite,MODERATE_RISK
4,11.3945,76.6935,1929.3,32.7,45.9,65.1,9.6,80.1,34.5,947.6,Weathered Granite,MODERATE_RISK
10,11.5363,76.1417,1069.8,36.4,42.9,64.8,23.9,95.3,17.4,981.1,Weathered Granite,MODERATE_RISK
6,10.1431,77.0006,1558.3,41.2,127.7,87.0,19.5,58.9,23.5,983.0,Colluvium,HIGH_RISK
6,26.1784,91.7138,511.8,33.7,7.54,45.6,12.7,88.5,16.3,910.5,Clay Loam,SAFE
5,12.4406,75.7498,1153.7,10.5,49.5,45.5,14.5,59.2,34.5,941.2,Colluvium,SAFE
5,10.1389,77.0125,1644.0,9.0,23.0,34.5,13.6,68.7,25.4,948.9,Clay Loam,SAFE
1,26.8849,88.1942,1720.8,36.7,51.3,71.8,18.8,89.9,20.5,907.0,Laterite,MODERATE_RISK
1,32.2415,77.2047,2047.5,36.9,48.6,63.4,19.4,96.5,25.2,919.8,Clay Loam,MODERATE_RISK
6,10.1651,77.0382,1788.7,49.8,129.75,91.3,19.5,91.4,16.0,930.0,Clay Loam,HIGH_RISK
5,10.1683,77.0055,1659.0,37.8,43.89,59.3,22.7,87.8,20.2,976.8,Colluvium,MODERATE_RISK
2,11.5363,76.1348,941.1,49.6,157.74,71.0,18.2,64.2,14.0,932.3,Colluvium,HIGH_RISK
3,32.2275,77.196,2008.9,50.2,147.9,79.4,21.3,73.1,21.5,924.7,Colluvium,HIGH_RISK
5,26.1694,91.7073,436.9,30.1,11.38,23.3,19.1,85.9,18.1,913.3,Clay Loam,SAFE
8,11.523,76.1436,973.5,16.6,9.2,38.3,18.0,90.6,11.0,915.7,Colluvium,SAFE
10,11.3541,76.8129,1835.8,42.3,140.42,85.0,18.7,55.2,13.3,996.3,Weathered Granite,HIGH_RISK
10,26.8889,88.2024,1700.0,10.3,47.9,32.7,16.0,81.2,12.4,947.1,Colluvium,SAFE
5,10.1346,77.0215,1660.8,30.7,55.1,68.5,17.0,94.4,23.8,958.9,Colluvium,MODERATE_RISK
5,26.1598,91.7057,451.1,37.5,41.1,63.8,24.5,89.8,20.8,948.4,Clay Loam,MODERATE_RISK
3,11.5131,76.1356,928.7,34.0,54.3,51.0,18.0,93.7,29.7,940.8,Colluvium,MODERATE_RISK
1,26.1547,91.6859,431.4,37.6,40.04,55.5,19.1,85.7,33.2,884.0,Clay Loam,MODERATE_RISK
3,11.3723,76.8011,1815.2,44.8,180.34,83.5,18.7,54.2,24.5,992.3,Weathered Granite,HIGH_RISK
2,11.3655,76.7193,1951.4,37.1,53.4,66.3,25.7,72.6,28.3,953.7,Weathered Granite,MODERATE_RISK
3,11.5394,76.1512,1028.6,37.0,52.0,60.4,17.4,84.4,13.7,955.4,Laterite,MODERATE_RISK
1,17.966,73.5865,630.5,37.4,50.05,63.6,25.0,84.2,13.8,972.6,Colluvium,MODERATE_RISK
3,11.5419,76.1101,932.9,40.7,17.8,28.2,24.9,56.1,33.7,1023.0,Colluvium,SAFE
3,26.1522,91.7072,389.1,38.5,177.43,80.8,19.5,79.8,8.3,998.1,Clay Loam,HIGH_RISK
4,11.5127,76.152,1001.2,42.0,102.9,88.4,23.2,69.0,17.1,949.7,Weathered Granite,HIGH_RISK
3,12.416,75.7423,1172.5,30.3,17.5,16.0,19.0,78.4,26.5,1010.3,Residual Soil,SAFE
7,11.5496,76.1323,1012.2,34.8,50.82,70.6,17.7,56.2,31.1,882.3,Colluvium,MODERATE_RISK
3,17.9571,73.5764,625.6,34.7,38.6,68.7,21.2,87.8,9.4,977.3,Colluvium,MODERATE_RISK
6,32.2348,77.1905,2046.4,46.9,17.2,41.2,25.7,79.2,20.0,911.6,Colluvium,SAFE
3,32.2627,77.184,2038.8,49.4,143.1,74.9,21.7,88.9,16.5,872.8,Colluvium,HIGH_RISK
7,30.5527,79.562,1921.1,34.1,44.9,45.9,19.3,91.6,11.7,970.4,Weathered Granite,MODERATE_RISK
6,11.5057,76.1279,1082.0,35.8,44.4,59.2,22.3,79.2,31.1,942.2,Weathered Granite,MODERATE_RISK
2,32.239,77.1819,2045.6,41.3,2.75,47.5,16.5,62.9,8.7,976.0,Colluvium,SAFE
4,26.8711,88.1765,1621.6,35.6,51.9,70.7,21.9,91.0,31.3,957.6,Laterite,MODERATE_RISK
3,11.5507,76.1202,979.4,35.7,44.66,51.0,18.7,92.2,14.8,906.7,Colluvium,MODERATE_RISK
4,26.8854,88.1838,1710.8,27.6,41.41,69.9,22.2,93.0,28.9,948.5,Laterite,MODERATE_RISK
8,32.2252,77.1935,2048.8,5.6,38.89,26.3,18.6,83.8,9.1,995.7,Residual Soil,SAFE
3,11.5203,76.1646,1031.8,50.2,87.3,93.0,28.8,67.9,16.8,875.7,Weathered Granite,HIGH_RISK
2,11.5421,76.1389,948.7,37.2,50.05,68.5,16.2,59.1,24.2,923.5,Colluvium,MODERATE_RISK
10,17.9419,73.6394,1344.0,33.6,55.1,66.9,17.2,47.2,35.0,926.8,Colluvium,MODERATE_RISK
2,26.1492,91.6859,464.1,34.7,49.6,58.8,20.9,87.5,10.6,977.5,Clay Loam,MODERATE_RISK
9,26.8833,88.1766,1691.7,34.3,42.6,54.6,20.1,89.4,27.9,934.3,Colluvium,MODERATE_RISK
6,11.54,76.1602,1026.3,49.7,142.62,72.4,17.5,77.0,6.0,1033.6,Colluvium,HIGH_RISK
4,10.1536,77.0392,1774.1,35.0,44.9,60.2,22.8,95.1,28.9,878.7,Weathered Granite,MODERATE_RISK
2,11.3362,76.7966,1848.1,7.9,18.32,26.4,22.2,80.1,33.4,960.5,Weathered Granite,SAFE
3,9.6958,76.9312,828.4,40.1,9.29,29.4,19.4,56.8,6.0,845.4,Laterite,SAFE
5,26.1572,91.6854,447.3,33.2,56.6,62.3,16.5,97.5,28.2,947.7,Clay Loam,MODERATE_RISK
5,11.5216,76.1325,961.7,45.2,179.8,83.6,15.9,96.7,23.6,893.1,Colluvium,HIGH_RISK
1,17.9626,73.5697,607.2,7.4,31.5,45.2,18.0,46.7,29.6,978.8,Clay Loam,SAFE
6,12.4165,75.7215,1170.2,39.1,7.4,21.3,20.3,82.5,21.1,924.3,Residual Soil,SAFE
4,11.4046,76.1054,735.4,36.6,57.5,59.9,21.7,92.0,17.9,1007.5,Laterite,MODERATE_RISK
10,11.5294,76.1472,1073.8,45.7,12.5,34.4,17.5,66.5,19.6,946.9,Weathered Granite,SAFE
5,11.5021,76.143,1058.5,9.7,27.01,48.1,26.3,79.5,20.5,914.1,Residual Soil,SAFE
2,11.3844,76.7014,1911.5,38.4,142.2,84.5,25.9,89.1,13.5,964.2,Weathered Granite,HIGH_RISK
8,26.887,88.2017,1665.3,40.1,10.8,31.3,20.7,68.5,11.9,966.6,Laterite,SAFE
9,31.0889,77.1932,2258.9,51.2,143.06,72.9,18.2,97.0,8.5,981.6,Clay Loam,HIGH_RISK
9,10.152,77.0256,1752.9,37.5,38.01,60.1,18.3,83.3,8.4,948.0,Laterite,MODERATE_RISK
4,32.2245,77.1878,2031.1,26.8,51.0,68.9,15.9,83.6,8.4,948.4,Colluvium,MODERATE_RISK
4,10.1717,77.0282,1764.8,50.3,128.7,71.8,25.0,60.3,7.9,950.1,Colluvium,HIGH_RISK
6,11.3649,76.7948,1912.4,30.3,7.6,21.2,19.5,54.1,29.3,923.1,Weathered Granite,SAFE
4,11.3441,76.811,1815.9,37.8,32.0,45.9,20.5,80.6,32.0,904.5,Weathered Granite,MODERATE_RISK
1,30.5486,79.5667,1893.0,39.2,16.2,39.6,21.9,63.1,22.2,925.0,Weathered Granite,SAFE
7,11.3334,76.7771,1876.6,39.4,152.84,92.3,23.5,86.1,11.9,1013.1,Weathered Granite,HIGH_RISK
10,17.9091,73.676,1389.5,32.3,49.5,59.6,27.7,84.1,20.8,949.1,Laterite,MODERATE_RISK
8,31.1159,77.1747,2285.5,36.2,43.3,51.8,22.9,95.1,18.7,935.4,Clay Loam,MODERATE_RISK
2,10.1317,77.0097,1642.8,40.8,136.4,72.8,20.1,68.7,13.6,983.9,Laterite,HIGH_RISK
10,10.1562,77.0298,1670.3,6.4,27.0,56.9,23.6,64.0,8.7,967.8,Clay Loam,SAFE
4,11.3951,76.6947,1936.9,45.5,150.8,95.9,28.6,87.4,24.4,953.3,Laterite,HIGH_RISK
6,10.1595,77.037,1766.3,46.3,153.1,80.4,24.1,49.9,8.5,941.8,Weathered Granite,HIGH_RISK
3,11.5309,76.1628,1030.5,29.0,55.6,69.2,22.6,90.1,14.6,929.1,Weathered Granite,MODERATE_RISK
5,11.5306,76.1478,1024.3,42.5,116.3,80.1,16.2,94.9,17.9,1027.6,Weathered Granite,HIGH_RISK
4,10.1587,77.0281,1766.7,44.5,154.1,81.9,27.6,94.6,8.1,967.0,Clay Loam,HIGH_RISK
10,9.6949,76.9104,862.0,47.7,163.96,71.2,23.4,85.3,10.0,896.4,Weathered Granite,HIGH_RISK
6,11.55,76.1263,994.3,42.6,10.6,18.6,25.9,47.9,7.5,933.2,Colluvium,SAFE
10,32.2608,77.193,2067.7,36.7,44.5,62.9,20.8,87.8,11.9,955.4,Colluvium,MODERATE_RISK
6,11.4175,76.1198,767.0,37.1,13.5,32.9,17.0,97.9,20.2,895.9,Laterite,SAFE
6,11.3933,76.7283,1930.0,45.4,11.2,22.2,16.0,76.3,10.1,1010.8,Weathered Granite,SAFE
10,10.1455,77.0094,1655.2,37.5,54.9,70.7,18.1,69.8,10.8,936.0,Colluvium,MODERATE_RISK
8,11.502,76.1467,1054.8,12.1,22.88,22.2,25.7,82.5,31.4,942.4,Laterite,SAFE
3,10.1778,77.0446,1796.4,36.5,52.2,69.9,20.8,81.9,12.4,976.9,Weathered Granite,MODERATE_RISK
9,26.8752,88.1772,1766.1,30.1,120.12,77.0,24.0,90.9,30.2,934.6,Laterite,HIGH_RISK
7,17.9665,73.5847,566.2,37.5,50.55,66.6,21.8,95.5,21.1,1007.0,Colluvium,MODERATE_RISK
3,17.9343,73.5734,550.7,52.8,85.3,78.9,15.0,64.0,33.3,949.6,Colluvium,HIGH_RISK
2,26.8762,88.1952,1695.5,38.1,151.19,92.2,21.0,78.2,18.5,930.7,Laterite,HIGH_RISK
2,26.1576,91.6989,483.8,37.3,55.8,65.0,21.0,87.0,9.3,945.6,Clay Loam,MODERATE_RISK
6,11.52,76.135,960.8,35.5,54.5,68.0,22.0,70.5,11.5,904.0,Colluvium,MODERATE_RISK
9,17.9534,73.5862,632.3,46.2,109.12,79.3,18.6,56.5,5.7,931.8,Colluvium,HIGH_RISK
7,17.9475,73.5802,616.9,32.5,50.0,58.4,22.1,87.5,31.9,972.4,Colluvium,MODERATE_RISK
10,10.1747,77.0073,1785.3,51.4,117.7,81.0,19.7,46.4,24.3,943.4,Weathered Granite,HIGH_RISK
3,11.3714,76.7288,1860.4,37.7,35.9,56.3,23.2,57.5,19.6,1050.0,Weathered Granite,MODERATE_RISK
2,10.1624,77.0369,1769.1,35.0,43.29,62.3,28.2,81.3,14.9,936.4,Weathered Granite,MODERATE_RISK
3,11.5296,76.1368,1103.3,48.0,131.84,93.5,12.0,64.7,11.2,970.9,Weathered Granite,HIGH_RISK
5,11.3714,76.7877,1806.1,38.1,6.93,21.6,14.5,50.9,23.8,993.2,Weathered Granite,SAFE
7,10.145,77.0069,1636.2,41.1,127.1,91.7,26.4,63.9,9.9,969.8,Colluvium,HIGH_RISK
9,11.5363,76.1593,1018.2,44.5,163.1,75.7,26.0,69.7,13.4,917.3,Clay Loam,HIGH_RISK
4,11.3365,76.8027,1837.7,39.3,128.6,87.4,25.0,96.3,21.6,905.6,Weathered Granite,HIGH_RISK
7,32.2532,77.1815,2075.7,34.8,45.2,47.8,17.7,97.8,32.3,895.5,Colluvium,MODERATE_RISK
5,17.925,73.6463,1300.3,39.3,11.1,10.7,25.2,96.4,19.1,914.9,Laterite,SAFE
1,26.9047,88.1897,1723.0,34.9,17.7,35.5,23.0,60.5,21.9,938.0,Laterite,SAFE
9,11.4022,76.1132,794.6,34.0,16.45,25.4,25.9,50.2,22.2,944.7,Laterite,SAFE
5,17.9354,73.6697,1347.0,8.6,28.05,60.9,14.0,86.1,27.8,953.6,Sandy Loam,SAFE
10,31.0853,77.1896,2301.5,51.0,159.72,82.1,16.3,89.1,29.2,969.1,Clay Loam,HIGH_RISK
10,17.9338,73.6476,1377.4,34.6,15.1,35.6,19.9,54.0,26.9,919.4,Laterite,SAFE
6,31.0988,77.1905,2294.5,50.5,151.03,72.2,16.7,93.3,31.9,931.6,Clay Loam,HIGH_RISK
6,11.5126,76.1236,986.9,47.5,140.42,86.3,25.4,48.7,7.2,935.4,Colluvium,HIGH_RISK
8,11.5237,76.1257,973.7,46.9,173.36,83.9,28.5,82.2,20.4,909.5,Weathered Granite,HIGH_RISK
5,31.0975,77.1677,2280.5,46.4,161.43,86.0,18.4,49.1,21.7,906.4,Clay Loam,HIGH_RISK
2,11.5152,76.143,1034.6,37.0,57.2,50.8,17.8,58.3,14.0,1032.9,Weathered Granite,MODERATE_RISK
8,17.9622,73.5953,574.4,37.5,53.3,64.3,27.4,81.1,5.6,944.2,Colluvium,MODERATE_RISK
1,9.7013,76.9337,813.0,41.5,162.58,85.0,21.2,80.4,16.7,963.1,Laterite,HIGH_RISK
7,11.3917,76.6943,1945.2,40.3,10.89,11.7,15.0,93.3,28.4,891.5,Weathered Granite,SAFE
10,9.699,76.9282,835.3,44.1,117.5,82.1,23.4,50.9,14.9,991.9,Laterite,HIGH_RISK
3,9.6732,76.9046,820.8,34.0,56.1,60.4,19.6,74.4,24.9,910.2,Weathered Granite,MODERATE_RISK
9,12.4142,75.733,1160.9,34.2,3.8,25.9,18.9,89.7,12.5,895.3,Residual Soil,SAFE
4,11.3513,76.8126,1824.6,29.8,47.6,70.6,25.8,83.6,21.7,975.9,Weathered Granite,MODERATE_RISK
5,32.2625,77.1944,2008.2,32.1,48.3,58.4,20.9,87.9,7.3,926.3,Colluvium,MODERATE_RISK
5,30.5754,79.5508,1900.0,41.3,179.47,80.2,24.5,75.8,22.3,916.3,Weathered Granite,HIGH_RISK
10,11.5308,76.16,1052.2,47.3,163.8,82.9,25.2,70.9,25.6,974.5,Laterite,HIGH_RISK
10,11.3401,76.8147,1809.0,38.1,11.0,47.1,19.4,53.8,24.7,972.7,Weathered Granite,SAFE
8,11.5098,76.1622,1085.6,44.0,162.31,82.7,15.4,68.0,24.0,948.9,Weathered Granite,HIGH_RISK
3,26.906,88.1985,1745.0,35.4,113.58,83.9,22.2,85.6,14.7,926.5,Laterite,HIGH_RISK
3,10.133,77.0108,1627.5,45.9,139.48,93.9,15.9,79.4,11.2,936.9,Clay Loam,HIGH_RISK
3,17.953,73.5825,629.1,45.0,156.31,85.0,16.1,59.7,24.2,851.3,Colluvium,HIGH_RISK
2,32.2624,77.2076,2088.0,34.7,57.8,68.6,19.6,66.0,13.1,962.1,Colluvium,MODERATE_RISK
8,26.8799,88.1838,1680.9,30.3,2.3,32.9,19.5,56.8,7.9,948.4,Laterite,SAFE
1,11.3981,76.0903,784.2,31.6,51.9,70.2,20.7,93.0,25.5,893.5,Weathered Granite,MODERATE_RISK
5,9.6783,76.8983,823.8,12.3,27.0,40.7,24.2,70.1,23.7,964.2,Sandy Loam,SAFE
7,10.1482,76.9999,1647.1,37.7,51.8,67.7,22.3,90.8,15.1,954.1,Colluvium,MODERATE_RISK
9,11.3356,76.804,1876.6,13.7,46.1,21.7,18.9,58.4,18.6,985.0,Laterite,SAFE
3,11.3896,76.7092,1926.0,38.4,9.19,35.8,18.8,48.6,25.2,977.1,Weathered Granite,SAFE
5,32.2353,77.1771,2109.6,44.6,133.82,89.8,22.4,71.0,21.6,999.4,Colluvium,HIGH_RISK
9,11.5431,76.1355,979.7,35.3,54.9,64.6,20.4,75.2,5.5,975.9,Colluvium,MODERATE_RISK
10,10.1652,77.0048,1679.5,34.1,49.0,65.6,22.8,91.2,26.7,1005.5,Weathered Granite,MODERATE_RISK
2,11.5371,76.1437,892.5,33.8,48.5,63.5,12.8,94.9,5.6,956.2,Colluvium,MODERATE_RISK
1,10.1608,77.0274,1785.3,44.6,6.6,26.4,15.5,61.9,16.8,962.6,Weathered Granite,SAFE
10,31.0851,77.1865,2331.7,35.7,50.9,69.2,12.0,86.0,31.2,924.7,Clay Loam,MODERATE_RISK
3,30.5381,79.5817,1923.4,36.6,5.2,32.8,14.9,63.3,11.9,891.7,Weathered Granite,SAFE
9,17.9621,73.5847,564.0,41.6,14.85,23.0,20.3,60.8,11.7,911.9,Colluvium,SAFE
5,17.921,73.6463,1383.8,34.1,162.31,94.2,14.9,69.9,19.2,978.6,Laterite,HIGH_RISK
6,31.1167,77.1883,2229.6,30.5,50.7,57.5,25.2,89.0,29.8,959.6,Weathered Granite,MODERATE_RISK
3,11.3682,76.7845,1878.2,31.9,52.8,67.0,19.2,50.0,11.5,914.0,Weathered Granite,MODERATE_RISK
1,11.5378,76.1143,950.0,35.5,120.18,93.6,13.3,95.1,18.0,930.6,Colluvium,HIGH_RISK
3,11.5712,76.1403,903.1,41.4,110.33,81.2,19.6,78.8,6.2,892.2,Colluvium,HIGH_RISK
2,32.232,77.1878,2068.0,43.2,5.3,13.4,20.0,80.0,29.5,995.5,Colluvium,SAFE
1,32.2572,77.1904,2077.7,9.8,28.93,25.8,17.3,81.8,33.9,926.3,Clay Loam,SAFE
8,9.6865,76.9006,800.3,37.0,50.8,45.6,28.8,90.6,19.7,923.2,Laterite,MODERATE_RISK
9,32.2247,77.2006,2050.5,37.1,45.7,63.6,19.5,83.2,18.0,958.4,Weathered Granite,MODERATE_RISK
1,11.3386,76.8005,1854.8,34.6,44.6,64.0,20.5,86.3,12.1,973.5,Colluvium,MODERATE_RISK
7,11.5435,76.1421,932.2,42.1,17.1,25.5,16.3,95.5,23.8,1000.3,Colluvium,SAFE
8,10.1312,77.0228,1678.5,49.0,5.4,25.6,18.6,70.1,34.0,960.8,Colluvium,SAFE
5,11.5401,76.1294,923.9,37.7,16.8,15.2,18.0,69.0,24.2,970.5,Colluvium,SAFE
10,17.947,73.5904,647.0,50.5,122.16,71.0,19.5,88.5,31.1,972.9,Colluvium,HIGH_RISK
2,11.4007,76.7097,1928.9,36.2,52.14,53.3,24.7,83.7,5.2,972.1,Weathered Granite,MODERATE_RISK
7,17.939,73.5905,574.0,7.8,42.79,25.1,19.5,95.0,11.7,947.4,Clay Loam,SAFE
9,11.5046,76.1465,990.8,49.0,168.1,94.1,19.8,67.1,29.3,841.0,Weathered Granite,HIGH_RISK
8,11.5121,76.1549,1055.9,34.3,45.6,71.9,22.6,86.7,6.8,990.0,Weathered Granite,MODERATE_RISK
3,30.5671,79.578,1874.1,46.2,186.94,90.2,28.3,74.0,11.0,982.8,Weathered Granite,HIGH_RISK
9,30.5385,79.5559,1900.4,48.4,172.48,94.6,15.5,88.4,14.5,915.4,Weathered Granite,HIGH_RISK
9,32.2274,77.1832,2035.7,39.8,6.99,33.6,16.2,88.4,9.8,982.8,Colluvium,SAFE
7,10.1651,77.017,1564.7,28.7,56.5,70.8,25.3,90.8,32.9,971.2,Colluvium,MODERATE_RISK
1,11.4184,76.0885,802.7,34.4,30.41,66.7,27.3,93.2,29.4,966.5,Laterite,MODERATE_RISK
4,32.2496,77.2008,2097.1,48.0,157.0,77.2,22.5,66.3,35.0,900.1,Colluvium,HIGH_RISK
4,11.5415,76.1459,899.8,37.9,44.0,64.8,19.1,64.7,17.7,973.0,Colluvium,MODERATE_RISK
2,11.5072,76.1357,1004.4,40.0,13.0,14.4,17.0,57.1,29.2,987.3,Weathered Granite,SAFE
5,11.4268,76.1177,791.5,14.0,41.14,59.2,22.6,55.3,16.0,865.6,Clay Loam,SAFE
4,32.2369,77.1805,2024.9,10.3,19.3,64.2,25.1,64.7,18.6,931.5,Clay Loam,SAFE
10,11.5143,76.1202,900.9,42.2,16.7,26.8,16.4,79.0,33.3,945.1,Colluvium,SAFE
10,17.9447,73.5889,667.6,40.6,10.2,19.6,24.7,95.3,22.1,1002.7,Colluvium,SAFE
3,11.5248,76.1218,968.6,49.5,81.4,80.7,16.7,96.3,22.4,961.8,Laterite,HIGH_RISK
6,11.3601,76.8,1879.0,15.2,38.06,42.6,17.8,71.6,7.1,967.0,Residual Soil,SAFE
2,17.9261,73.6452,1391.1,36.5,45.2,70.7,22.3,69.4,28.7,939.4,Colluvium,MODERATE_RISK
4,10.1744,77.0072,1787.0,37.5,39.6,55.9,23.4,89.6,24.5,991.1,Weathered Granite,MODERATE_RISK
4,32.2502,77.1804,2049.3,48.7,186.62,75.8,19.6,70.0,28.7,978.6,Colluvium,HIGH_RISK
6,11.555,76.1317,867.3,43.9,144.0,89.8,13.6,72.4,6.0,939.4,Colluvium,HIGH_RISK
4,11.5245,76.1366,965.7,36.7,42.0,67.5,18.8,89.8,16.6,981.1,Colluvium,MODERATE_RISK
6,11.5637,76.1373,886.3,41.5,145.3,81.2,19.4,91.6,10.0,878.5,Colluvium,HIGH_RISK
7,30.57,79.5668,1869.8,48.4,146.4,77.4,25.4,68.9,11.1,959.9,Weathered Granite,HIGH_RISK
10,26.8749,88.1773,1668.4,8.5,35.86,17.5,21.2,79.3,30.9,932.7,Weathered Granite,SAFE
5,11.3697,76.71,1897.1,37.9,51.9,70.3,23.0,64.0,34.3,934.3,Weathered Granite,MODERATE_RISK
9,11.396,76.7124,1964.8,46.7,159.28,86.6,15.8,69.7,21.6,897.8,Weathered Granite,HIGH_RISK
1,17.9554,73.5993,591.9,40.7,10.7,42.4,31.3,94.1,7.1,959.8,Colluvium,SAFE
7,26.1521,91.6958,432.7,4.7,45.5,29.6,21.2,47.4,11.3,960.8,Residual Soil,SAFE
8,10.1465,77.0336,1802.5,34.8,50.11,53.8,19.5,64.2,8.5,975.6,Weathered Granite,MODERATE_RISK
1,17.9322,73.6659,1361.3,37.6,16.9,35.1,22.4,69.8,8.1,963.7,Laterite,SAFE
1,17.9413,73.6772,1312.7,37.6,51.98,70.8,17.6,52.6,19.0,1010.0,Laterite,MODERATE_RISK
3,11.3685,76.7141,1919.0,43.3,157.9,81.4,23.1,49.3,23.6,895.3,Clay Loam,HIGH_RISK
4,10.1464,77.0431,1823.9,48.8,149.44,83.1,15.6,67.3,14.8,865.1,Weathered Granite,HIGH_RISK
4,11.3851,76.7005,1914.4,28.3,57.8,69.4,6.8,92.1,9.8,937.3,Weathered Granite,MODERATE_RISK
1,26.8982,88.1965,1622.6,33.4,167.03,85.8,22.4,90.3,28.4,963.0,Laterite,HIGH_RISK
7,17.9087,73.6558,1380.8,37.5,41.1,70.1,27.3,73.3,5.4,986.1,Laterite,MODERATE_RISK
5,11.5199,76.1497,936.0,36.7,46.0,50.0,24.9,87.6,20.5,923.8,Colluvium,MODERATE_RISK
2,17.9086,73.6608,1344.8,39.2,182.0,89.6,18.2,89.7,29.7,956.1,Laterite,HIGH_RISK
1,11.3978,76.725,1923.8,29.4,51.6,55.5,21.9,95.9,31.4,929.4,Weathered Granite,MODERATE_RISK
10,17.9503,73.5912,698.3,52.6,146.79,91.3,16.2,78.2,8.7,950.5,Colluvium,HIGH_RISK
6,11.3815,76.7048,1870.2,10.9,17.5,41.3,12.2,74.4,26.4,918.9,Clay Loam,SAFE
5,11.5421,76.1231,1032.2,41.3,147.0,93.6,22.5,55.9,22.9,979.3,Weathered Granite,HIGH_RISK
4,32.2322,77.1731,2050.6,37.8,49.1,70.1,19.6,96.7,8.6,947.7,Colluvium,MODERATE_RISK
5,11.5595,76.1234,925.1,16.5,32.8,60.7,20.5,96.4,26.6,882.1,Weathered Granite,SAFE
3,10.1713,77.0308,1782.8,35.2,49.34,70.6,21.7,93.7,28.7,925.4,Colluvium,MODERATE_RISK
3,11.4,76.0878,777.1,41.6,177.5,82.2,24.3,82.3,10.0,980.5,Laterite,HIGH_RISK
9,26.1854,91.7079,461.1,35.0,8.6,42.8,16.9,74.1,17.5,948.6,Clay Loam,SAFE
6,31.1208,77.1815,2286.0,41.0,3.0,43.4,26.6,75.4,19.1,989.9,Clay Loam,SAFE
8,9.6738,76.9069,802.9,39.0,7.32,20.8,19.9,83.9,24.7,888.8,Laterite,SAFE
1,9.7031,76.9174,791.7,37.3,49.5,53.2,19.0,87.9,26.5,969.4,Laterite,MODERATE_RISK
6,11.515,76.1346,970.4,41.4,13.4,16.6,9.6,72.3,27.3,1031.3,Colluvium,SAFE
10,26.1587,91.6946,459.2,38.0,49.66,61.9,17.6,81.8,19.9,946.5,Laterite,MODERATE_RISK
1,12.4122,75.7574,1238.5,41.6,120.0,84.3,30.3,57.6,15.3,887.4,Residual Soil,HIGH_RISK
9,11.5423,76.143,940.6,32.0,46.2,45.6,19.5,89.4,20.1,887.3,Colluvium,MODERATE_RISK
3,12.4131,75.725,1132.2,37.3,90.53,85.8,15.0,92.3,23.8,928.6,Colluvium,HIGH_RISK
9,9.6824,76.9211,787.0,11.7,16.83,40.2,21.8,65.1,8.9,1025.0,Laterite,SAFE
2,17.9361,73.675,1348.6,32.0,50.5,51.5,26.2,82.7,13.4,928.8,Laterite,MODERATE_RISK
6,32.2602,77.1997,2046.5,33.9,42.0,61.6,26.4,90.7,27.0,901.6,Colluvium,MODERATE_RISK
10,10.1637,77.0327,1630.4,46.5,183.59,92.7,24.4,51.3,32.8,935.1,Colluvium,HIGH_RISK
6,11.3675,76.8007,1867.8,36.6,40.7,63.6,22.3,80.2,34.9,884.3,Weathered Granite,MODERATE_RISK
3,10.1431,77.0353,1652.8,35.3,35.5,65.3,26.9,93.8,5.3,923.7,Colluvium,MODERATE_RISK
1,10.1497,77.0187,1771.0,54.0,161.32,75.5,22.3,71.8,9.9,955.4,Colluvium,HIGH_RISK
1,17.9144,73.6423,1354.8,36.1,51.2,59.0,18.6,87.1,25.7,935.5,Laterite,MODERATE_RISK
6,11.3445,76.7835,1820.0,34.6,150.8,89.5,20.1,93.0,18.3,932.3,Weathered Granite,HIGH_RISK
1,32.2252,77.2039,2047.6,49.7,150.9,78.4,20.6,76.6,28.1,939.6,Colluvium,HIGH_RISK
2,11.5408,76.1356,914.9,34.0,164.4,95.4,21.8,53.3,16.4,920.8,Colluvium,HIGH_RISK
4,26.9034,88.1805,1703.0,31.6,12.3,42.8,17.6,95.8,5.4,918.9,Laterite,SAFE
7,30.5422,79.5692,1884.3,37.9,51.9,49.4,19.4,80.4,32.5,978.1,Weathered Granite,MODERATE_RISK
1,10.1368,77.0292,1653.2,50.3,129.25,89.1,24.9,94.4,30.3,839.3,Colluvium,HIGH_RISK
10,11.3644,76.7868,1819.5,37.4,14.41,45.5,18.1,73.8,31.1,959.8,Weathered Granite,SAFE
2,26.8906,88.1643,1671.7,31.3,143.8,92.4,24.5,94.0,16.9,924.0,Laterite,HIGH_RISK
8,11.5522,76.1152,922.5,42.2,9.5,36.8,17.1,45.5,32.5,913.0,Colluvium,SAFE
1,32.2446,77.1741,2063.0,43.0,164.0,87.1,15.8,53.0,14.2,908.5,Colluvium,HIGH_RISK
6,11.5202,76.1563,1036.5,51.8,109.89,88.4,16.9,84.4,29.9,923.1,Weathered Granite,HIGH_RISK
5,11.5449,76.1319,1040.1,44.5,130.0,70.3,10.7,81.4,19.1,988.1,Colluvium,HIGH_RISK
1,17.9404,73.5886,652.4,32.0,49.55,69.2,15.6,71.8,20.3,945.3,Colluvium,MODERATE_RISK
8,11.4135,76.1115,784.3,10.2,25.91,23.3,16.0,60.2,33.2,981.1,Clay Loam,SAFE
1,26.8711,88.1673,1717.0,34.3,56.7,65.0,17.8,83.9,11.5,929.5,Laterite,MODERATE_RISK
7,11.3941,76.7013,1946.2,37.1,47.9,58.3,19.9,93.0,25.1,814.8,Laterite,MODERATE_RISK
4,11.5671,76.1351,935.1,14.4,12.5,52.3,23.1,92.5,9.5,920.7,Clay Loam,SAFE
2,11.3676,76.7112,1958.9,36.2,51.7,54.6,20.3,53.6,18.0,955.3,Weathered Granite,MODERATE_RISK
9,30.5418,79.5541,1847.0,30.0,52.7,68.8,17.2,84.5,22.3,982.9,Weathered Granite,MODERATE_RISK
5,9.6715,76.9116,841.1,40.3,131.2,85.7,21.5,92.3,24.5,925.6,Laterite,HIGH_RISK
7,11.5374,76.1319,1007.2,49.9,117.4,81.2,21.5,61.1,26.1,910.9,Colluvium,HIGH_RISK
8,11.4067,76.0989,795.1,37.4,44.33,64.0,27.5,64.3,21.2,962.5,Laterite,MODERATE_RISK
1,30.5477,79.5597,1870.1,8.3,33.39,51.6,23.5,54.6,16.1,973.2,Colluvium,SAFE
4,31.1162,77.177,2301.9,10.8,14.6,61.0,26.1,85.3,20.4,964.4,Colluvium,SAFE
4,26.8749,88.1828,1660.4,37.1,48.1,49.0,17.2,88.3,19.5,928.4,Laterite,MODERATE_RISK
1,9.6643,76.9241,849.6,40.8,4.79,43.9,19.2,80.0,19.0,966.8,Laterite,SAFE
5,30.5744,79.5689,1857.7,40.5,176.4,81.7,23.5,91.8,33.2,915.3,Colluvium,HIGH_RISK
4,26.8761,88.1815,1680.6,34.1,42.62,67.8,21.8,83.1,31.6,907.7,Laterite,MODERATE_RISK
4,11.3634,76.79,1893.7,34.6,57.2,63.3,19.7,72.7,20.8,899.8,Weathered Granite,MODERATE_RISK
5,11.4242,76.1151,780.1,30.2,9.8,41.9,17.4,54.4,23.5,935.8,Laterite,SAFE
5,11.5476,76.1276,932.0,38.8,4.1,19.9,24.2,46.2,19.3,920.3,Colluvium,SAFE
8,11.3931,76.0916,819.4,38.0,52.2,46.8,15.4,84.3,7.4,902.3,Laterite,MODERATE_RISK
6,10.1515,77.0083,1630.2,43.2,17.3,25.7,18.5,59.7,17.9,983.8,Colluvium,SAFE
1,31.1156,77.1922,2213.0,48.3,13.7,39.6,16.2,60.9,33.4,978.7,Clay Loam,SAFE
3,30.5365,79.5745,1871.6,38.6,143.1,77.5,22.6,80.5,11.8,926.4,Colluvium,HIGH_RISK
10,26.8855,88.17,1700.7,39.0,123.0,82.5,21.7,97.4,22.5,916.3,Laterite,HIGH_RISK
7,31.115,77.1567,2280.6,47.1,14.91,28.2,19.3,69.0,28.5,981.6,Clay Loam,SAFE
6,12.4137,75.7245,1175.5,37.5,51.81,59.5,16.5,81.5,27.1,971.1,Weathered Granite,MODERATE_RISK
6,12.4368,75.7296,1154.6,40.2,155.71,86.3,20.0,72.5,27.1,1030.4,Residual Soil,HIGH_RISK
6,11.5227,76.1388,989.1,12.5,47.5,32.7,21.3,81.7,8.6,886.8,Laterite,SAFE
2,10.17,77.0426,1780.6,54.7,123.4,76.8,27.5,46.4,18.9,987.1,Weathered Granite,HIGH_RISK
6,10.1573,77.0398,1791.5,36.1,55.9,56.6,25.8,82.9,24.3,947.2,Weathered Granite,MODERATE_RISK
9,11.3657,76.8059,1842.6,7.2,19.8,56.8,19.7,45.5,14.8,920.7,Sandy Loam,SAFE
2,30.5515,79.5678,1879.5,27.8,36.47,68.2,16.6,85.6,7.6,972.4,Weathered Granite,MODERATE_RISK
2,32.2235,77.1925,2025.9,33.9,39.5,71.4,20.9,83.3,32.4,957.5,Colluvium,MODERATE_RISK
9,11.3399,76.8118,1852.9,31.0,53.8,71.0,24.7,92.4,7.0,931.2,Weathered Granite,MODERATE_RISK
7,11.3636,76.8066,1864.9,36.2,125.23,89.9,24.1,62.7,10.5,1039.3,Weathered Granite,HIGH_RISK
7,26.8901,88.2019,1665.1,33.7,162.03,92.7,23.9,63.7,18.3,966.4,Laterite,HIGH_RISK
5,32.2602,77.205,2113.2,37.5,53.0,71.5,17.5,70.7,8.1,967.2,Weathered Granite,MODERATE_RISK
4,17.9115,73.6509,1328.6,15.0,44.0,26.9,23.2,66.1,31.4,1043.4,Residual Soil,SAFE
5,11.525,76.1171,953.5,35.2,39.71,58.1,12.0,84.9,11.9,914.9,Weathered Granite,MODERATE_RISK
6,30.575,79.5831,1895.3,5.7,37.7,55.7,21.7,77.3,34.9,984.6,Laterite,SAFE
1,32.2495,77.1962,2048.7,37.5,37.4,62.7,21.4,90.2,18.3,909.4,Colluvium,MODERATE_RISK
5,32.2404,77.1933,2075.0,31.3,52.6,70.1,19.8,95.0,15.1,897.3,Colluvium,MODERATE_RISK
3,11.5387,76.1323,1042.4,14.1,17.38,46.0,22.2,83.4,27.1,905.2,Residual Soil,SAFE
8,10.1639,77.0131,1663.3,13.1,40.54,27.0,27.3,54.3,26.0,883.3,Clay Loam,SAFE
6,11.3881,76.701,1931.1,33.4,57.9,60.1,24.6,64.0,24.9,967.7,Weathered Granite,MODERATE_RISK
3,11.5387,76.1338,965.4,38.3,172.9,91.6,17.6,73.6,32.5,970.4,Laterite,HIGH_RISK
2,31.088,77.1701,2296.6,53.4,124.3,85.5,15.4,70.2,30.5,944.7,Clay Loam,HIGH_RISK
10,10.139,77.0102,1683.9,38.0,48.7,65.8,16.0,58.4,11.6,936.0,Weathered Granite,MODERATE_RISK
6,17.9264,73.6672,1400.8,37.3,48.73,66.1,18.5,73.8,18.6,1017.6,Weathered Granite,MODERATE_RISK
4,11.3683,76.7216,1909.6,30.4,56.4,54.5,19.1,88.3,24.6,921.3,Clay Loam,MODERATE_RISK
7,12.4264,75.745,1175.3,37.4,36.85,67.9,11.3,66.7,28.8,976.6,Colluvium,MODERATE_RISK
8,26.1799,91.7054,453.2,6.4,43.4,64.2,21.1,64.7,10.4,973.1,Weathered Granite,SAFE
1,31.1118,77.1897,2232.5,48.6,15.84,38.0,23.7,49.2,15.8,986.1,Clay Loam,SAFE
10,30.5503,79.5758,1896.3,35.9,57.4,58.5,17.2,91.8,13.9,942.7,Weathered Granite,MODERATE_RISK
5,17.9336,73.6609,1350.8,39.1,179.3,85.5,10.3,65.3,25.4,930.0,Laterite,HIGH_RISK
2,12.4413,75.7575,1156.1,6.6,22.7,60.5,18.4,63.7,18.9,973.3,Sandy Loam,SAFE
2,32.2324,77.1956,2060.5,12.8,28.9,37.9,21.2,74.9,20.5,917.3,Clay Loam,SAFE
1,17.9247,73.6779,1351.4,16.8,29.04,64.1,19.7,97.7,9.5,906.7,Weathered Granite,SAFE
6,10.165,77.0411,1806.0,37.1,41.64,51.5,17.8,92.4,14.8,907.6,Weathered Granite,MODERATE_RISK
7,26.1637,91.7031,427.1,36.6,168.6,92.0,13.8,60.1,5.2,926.0,Clay Loam,HIGH_RISK
1,30.5711,79.5748,1917.2,34.0,46.0,66.6,17.4,86.3,15.3,962.0,Weathered Granite,MODERATE_RISK
8,17.9728,73.6007,655.3,45.9,11.8,29.3,19.0,64.5,30.6,979.7,Colluvium,SAFE
10,11.5536,76.1413,1026.3,16.6,42.24,19.9,19.2,45.9,30.9,985.9,Sandy Loam,SAFE
10,11.5618,76.1114,896.5,36.2,45.2,68.5,16.7,93.4,9.2,927.7,Colluvium,MODERATE_RISK
2,9.6758,76.9105,837.5,40.9,11.3,37.7,22.6,58.4,6.7,930.7,Laterite,SAFE
5,9.6891,76.9032,822.3,45.8,176.7,79.0,24.1,50.7,5.4,968.2,Clay Loam,HIGH_RISK
2,11.5311,76.142,1045.5,50.8,169.57,79.4,20.9,47.9,16.2,969.6,Weathered Granite,HIGH_RISK
10,9.6727,76.9057,815.7,46.0,170.01,85.2,23.1,61.0,11.4,798.3,Laterite,HIGH_RISK
7,17.9185,73.6699,1381.0,38.8,180.18,75.7,22.2,47.0,25.8,883.5,Colluvium,HIGH_RISK
8,17.9475,73.5624,586.9,34.2,45.76,62.6,14.4,93.1,28.0,961.4,Colluvium,MODERATE_RISK
5,11.4191,76.0993,798.2,32.6,47.6,61.1,21.6,91.0,30.1,920.0,Colluvium,MODERATE_RISK
4,10.1575,77.0142,1667.1,46.8,102.3,75.6,19.1,90.9,26.0,948.9,Colluvium,HIGH_RISK
6,11.3672,76.7985,1850.0,36.4,5.2,27.9,17.3,64.9,23.8,923.3,Weathered Granite,SAFE
10,10.175,77.019,1780.7,47.0,162.53,81.7,19.8,74.2,25.9,895.5,Weathered Granite,HIGH_RISK
6,17.9114,73.6634,1343.3,36.2,13.81,34.4,20.3,95.9,11.6,922.5,Laterite,SAFE
4,32.2567,77.1867,2056.9,6.3,30.2,51.9,21.7,77.4,33.5,970.8,Laterite,SAFE
9,9.6832,76.8982,815.2,43.7,106.43,88.4,20.3,69.2,22.3,964.2,Laterite,HIGH_RISK
1,9.6652,76.9183,836.8,36.0,13.26,35.7,22.3,51.4,30.3,936.4,Laterite,SAFE
4,11.3975,76.6977,1944.1,46.4,87.07,86.6,20.2,97.3,17.9,1034.8,Weathered Granite,HIGH_RISK
6,11.5083,76.1408,1026.0,45.1,10.84,12.9,20.8,53.3,23.1,1022.4,Weathered Granite,SAFE
1,11.4109,76.0976,747.1,38.7,126.67,79.8,18.0,95.8,17.6,1022.3,Laterite,HIGH_RISK
2,11.5275,76.1374,1046.6,34.6,34.71,47.5,26.7,80.5,5.7,926.3,Weathered Granite,MODERATE_RISK
6,10.1503,77.023,1634.2,34.6,50.88,69.7,24.3,60.3,34.5,983.7,Colluvium,MODERATE_RISK
4,9.6804,76.9333,846.4,41.8,5.6,36.0,19.8,88.3,34.5,954.0,Laterite,SAFE
7,10.1689,77.0322,1654.1,35.5,44.6,59.7,25.9,75.9,24.9,919.5,Colluvium,MODERATE_RISK
5,26.9005,88.1669,1707.2,38.0,170.28,91.5,15.2,50.1,10.3,954.6,Laterite,HIGH_RISK
10,17.939,73.5729,653.0,41.9,134.0,82.8,17.9,50.1,13.6,954.2,Colluvium,HIGH_RISK
4,10.1793,77.0108,1761.6,51.1,5.72,18.0,24.9,51.4,14.8,1019.6,Weathered Granite,SAFE
4,11.5145,76.1436,954.9,36.3,54.4,49.6,12.4,84.8,20.7,928.9,Colluvium,MODERATE_RISK
4,10.1692,77.0033,1668.4,36.1,56.3,70.7,32.3,90.2,13.0,936.4,Laterite,MODERATE_RISK
3,11.5246,76.1278,1044.8,41.7,15.9,40.2,22.9,54.5,20.4,962.3,Colluvium,SAFE
9,12.4182,75.742,1194.4,38.6,176.4,94.1,17.8,85.5,28.1,968.0,Residual Soil,HIGH_RISK
1,26.8977,88.188,1674.5,31.9,4.4,38.5,16.0,81.4,22.9,977.4,Laterite,SAFE
5,26.8777,88.1916,1735.7,33.1,13.59,37.4,27.7,70.0,26.1,961.1,Laterite,SAFE
9,17.9412,73.6704,1378.4,39.5,141.08,78.2,14.2,87.3,16.1,970.1,Laterite,HIGH_RISK
9,17.9163,73.6537,1356.7,32.3,7.87,34.9,20.5,78.3,22.5,1026.5,Laterite,SAFE
4,10.1383,77.0157,1640.2,44.1,14.6,17.4,9.3,81.8,13.1,895.5,Colluvium,SAFE
4,11.5122,76.136,1028.5,33.9,39.66,62.9,17.9,89.9,13.5,980.2,Weathered Granite,MODERATE_RISK
6,30.5356,79.5788,1855.2,47.0,143.77,90.2,14.4,86.9,27.8,1017.2,Weathered Granite,HIGH_RISK
10,10.1758,77.0223,1802.0,49.1,15.0,41.3,19.1,58.3,30.3,1044.0,Weathered Granite,SAFE
4,17.9406,73.5979,646.1,43.8,157.3,87.3,18.2,64.8,33.3,1055.0,Colluvium,HIGH_RISK
9,11.514,76.1426,1033.4,13.8,33.83,38.7,13.5,81.0,8.3,962.5,Residual Soil,SAFE
4,11.3964,76.1111,808.6,37.4,7.65,21.6,20.8,82.1,31.7,943.1,Laterite,SAFE
9,11.3651,76.7796,1855.1,32.0,43.12,61.2,20.8,88.4,8.2,939.2,Weathered Granite,MODERATE_RISK
9,11.5216,76.1498,1055.9,42.6,16.8,37.1,20.6,58.7,24.1,971.8,Weathered Granite,SAFE
3,31.1111,77.1933,2268.0,44.1,7.54,33.1,25.2,84.4,8.2,885.5,Clay Loam,SAFE
4,9.6797,76.9276,754.1,38.7,9.7,33.0,20.1,75.0,26.5,944.6,Laterite,SAFE
10,10.1761,77.029,1726.8,47.1,160.88,84.2,14.9,77.0,29.4,922.8,Weathered Granite,HIGH_RISK
10,11.3959,76.1056,827.5,38.7,153.51,78.9,17.0,67.0,12.1,888.3,Laterite,HIGH_RISK
5,11.4004,76.0879,742.5,41.5,134.86,92.1,22.1,53.7,10.0,936.9,Laterite,HIGH_RISK
3,31.1034,77.1789,2250.3,46.5,15.1,24.8,18.3,61.9,18.3,1015.4,Clay Loam,SAFE
2,26.8921,88.1795,1695.0,25.3,15.6,26.9,21.4,62.0,31.3,969.7,Laterite,SAFE
5,26.1719,91.6835,436.4,31.6,165.8,93.3,22.6,80.0,7.6,949.1,Clay Loam,HIGH_RISK
4,26.1623,91.7053,407.4,6.7,26.13,60.4,15.2,67.8,20.1,926.4,Residual Soil,SAFE
8,11.5372,76.1259,966.8,39.0,170.39,91.5,12.2,90.8,12.9,1048.2,Colluvium,HIGH_RISK
5,10.1417,77.018,1617.3,44.9,109.34,71.6,21.3,74.1,35.0,1001.4,Colluvium,HIGH_RISK
7,11.5686,76.1287,900.0,37.8,56.0,70.8,16.3,78.8,16.0,944.0,Laterite,MODERATE_RISK
10,32.2594,77.205,2057.8,11.9,32.29,59.0,18.9,76.1,25.3,989.6,Colluvium,SAFE
3,31.1138,77.1798,2300.6,48.1,17.6,41.9,18.2,61.6,7.8,901.1,Clay Loam,SAFE
4,11.4184,76.1068,719.4,37.8,146.2,77.1,18.1,66.8,20.4,915.2,Laterite,HIGH_RISK
9,11.5387,76.151,1001.4,43.8,174.96,92.7,20.2,46.5,27.7,969.0,Colluvium,HIGH_RISK
9,32.2565,77.192,2064.1,42.6,179.1,86.8,20.5,45.2,18.9,937.8,Colluvium,HIGH_RISK
6,11.3437,76.7799,1857.2,36.5,48.0,48.2,21.1,67.1,34.8,881.4,Weathered Granite,MODERATE_RISK
6,11.5435,76.1272,965.7,38.3,14.5,21.1,24.9,92.1,19.3,971.0,Colluvium,SAFE
2,11.5639,76.1106,961.0,43.4,122.0,74.4,20.1,95.1,30.1,856.1,Colluvium,HIGH_RISK
8,10.1396,77.0267,1651.6,32.0,48.8,48.1,18.6,94.6,18.8,913.6,Laterite,MODERATE_RISK
5,10.1668,77.0157,1724.8,36.5,51.98,68.2,24.6,66.0,32.4,904.0,Colluvium,MODERATE_RISK
6,12.4332,75.7222,1193.2,33.8,8.58,44.1,18.6,71.9,30.6,949.6,Residual Soil,SAFE
1,17.9348,73.5633,641.2,34.5,43.2,62.0,18.8,86.3,19.6,935.0,Colluvium,MODERATE_RISK
6,26.8926,88.1643,1677.0,6.9,42.41,29.0,20.7,73.6,14.8,935.1,Laterite,SAFE
1,9.6962,76.9303,809.2,42.7,179.1,78.9,19.5,66.9,7.6,1005.9,Colluvium,HIGH_RISK
1,11.4143,76.1177,760.2,43.6,13.6,46.7,15.3,86.0,22.1,944.1,Laterite,SAFE
2,10.166,76.9973,1669.8,37.7,41.4,69.2,18.5,46.8,9.8,992.1,Weathered Granite,MODERATE_RISK
9,30.5521,79.5632,1857.4,31.8,50.0,71.4,22.2,84.9,23.0,1017.7,Weathered Granite,MODERATE_RISK
6,9.6839,76.9321,862.0,37.9,148.9,70.1,19.9,88.4,25.2,977.2,Laterite,HIGH_RISK
1,30.556,79.5537,1941.2,40.1,159.9,76.0,16.6,95.1,5.6,904.4,Weathered Granite,HIGH_RISK
6,9.6897,76.9056,794.2,16.1,29.1,56.1,19.8,46.2,32.7,973.7,Sandy Loam,SAFE
8,11.5071,76.1644,1086.7,4.5,20.6,37.8,17.6,92.1,25.8,1031.6,Clay Loam,SAFE
7,11.3649,76.8028,1881.7,35.4,15.73,12.8,18.5,50.4,33.1,934.1,Weathered Granite,SAFE
2,11.5658,76.1177,977.5,40.3,149.7,95.8,20.2,90.2,20.9,918.4,Colluvium,HIGH_RISK
10,11.3638,76.8083,1870.5,32.6,49.39,45.4,20.5,89.3,15.5,958.3,Weathered Granite,MODERATE_RISK
7,31.1088,77.1892,2308.7,49.5,12.4,36.5,23.7,73.7,29.5,933.9,Clay Loam,SAFE
7,10.1644,77.0292,1634.8,32.6,44.11,52.2,19.5,88.4,11.8,941.8,Colluvium,MODERATE_RISK
4,30.5585,79.5702,1858.7,42.8,7.32,28.1,20.6,74.6,21.5,966.9,Weathered Granite,SAFE
1,10.1618,77.0042,1705.2,5.5,34.32,32.8,20.6,60.1,30.1,934.4,Weathered Granite,SAFE
4,11.3878,76.7088,1930.3,35.4,46.9,54.5,19.6,91.8,33.7,984.1,Weathered Granite,MODERATE_RISK
10,11.4223,76.1065,774.9,34.2,42.3,69.8,18.0,91.7,29.8,860.6,Laterite,MODERATE_RISK
2,11.5286,76.1624,1046.2,46.0,79.97,89.0,21.9,81.1,32.2,867.9,Weathered Granite,HIGH_RISK
10,11.5261,76.1511,920.5,35.8,40.37,53.6,17.8,80.2,15.8,931.8,Colluvium,MODERATE_RISK
2,30.5506,79.5638,1868.1,43.3,7.15,21.5,16.5,91.1,33.1,918.1,Weathered Granite,SAFE
1,11.3689,76.7077,1882.6,44.2,124.63,90.3,19.7,48.2,34.8,984.4,Weathered Granite,HIGH_RISK
3,11.5497,76.1264,939.2,37.7,51.6,48.7,18.1,80.6,29.7,905.6,Colluvium,MODERATE_RISK
7,10.1523,77.042,1774.1,54.3,98.51,94.1,21.1,66.5,27.7,903.8,Weathered Granite,HIGH_RISK
1,11.5468,76.125,907.8,38.6,150.37,91.6,19.4,84.9,9.4,928.9,Colluvium,HIGH_RISK
5,11.555,76.1402,950.3,45.0,115.5,93.7,22.6,62.3,24.9,982.9,Colluvium,HIGH_RISK
4,30.5491,79.5484,1906.0,37.4,52.3,60.9,15.6,74.5,5.7,1008.2,Weathered Granite,MODERATE_RISK
3,26.8924,88.2019,1654.7,12.0,42.2,41.0,22.9,60.7,10.0,948.3,Laterite,SAFE
1,10.1616,77.0021,1668.6,34.9,58.0,70.2,14.2,96.1,31.3,952.2,Colluvium,MODERATE_RISK
1,11.529,76.1463,961.6,43.4,4.73,23.7,17.7,87.5,6.6,953.2,Colluvium,SAFE
5,17.9558,73.5915,588.6,7.3,41.53,55.6,18.3,45.5,21.5,912.0,Colluvium,SAFE
10,32.237,77.2061,2082.0,41.8,16.06,20.3,19.0,58.5,28.1,979.5,Colluvium,SAFE
4,11.5468,76.126,974.9,46.6,136.7,70.6,22.4,94.4,14.0,910.3,Colluvium,HIGH_RISK
2,9.6877,76.9149,820.4,46.6,151.9,71.6,16.7,52.8,10.0,957.8,Weathered Granite,HIGH_RISK
10,9.6742,76.9364,809.4,33.1,46.97,71.1,20.1,82.7,6.8,899.6,Laterite,MODERATE_RISK
2,26.8971,88.1838,1662.9,34.8,14.8,31.3,21.3,84.0,10.7,954.8,Laterite,SAFE
9,11.5454,76.1172,899.8,40.4,135.9,94.7,14.7,70.8,10.3,964.5,Colluvium,HIGH_RISK
5,11.4141,76.1004,791.1,41.9,162.25,88.7,26.0,66.0,14.1,950.9,Laterite,HIGH_RISK
7,10.1527,77.0072,1733.2,34.9,52.8,70.0,22.6,96.9,24.5,944.6,Clay Loam,MODERATE_RISK
8,26.8838,88.1755,1735.2,36.2,57.8,66.4,22.5,94.2,14.4,926.3,Colluvium,MODERATE_RISK
3,32.2372,77.2042,2055.7,41.7,148.56,92.3,24.2,53.7,12.4,952.5,Clay Loam,HIGH_RISK
5,17.9164,73.6524,1375.2,39.6,147.29,85.6,26.8,60.4,25.3,1000.9,Laterite,HIGH_RISK
1,26.1683,91.6807,474.8,17.4,13.1,29.2,23.1,66.2,34.1,934.2,Clay Loam,SAFE
5,30.5618,79.5513,1873.0,45.3,125.68,80.6,23.9,81.6,11.4,962.5,Weathered Granite,HIGH_RISK
10,9.6759,76.9107,800.3,33.0,38.6,65.8,28.5,92.4,10.4,965.7,Weathered Granite,MODERATE_RISK
2,17.9549,73.5716,626.6,42.9,17.3,18.1,25.8,95.7,9.6,1058.6,Colluvium,SAFE
7,11.5195,76.1398,945.9,48.4,10.73,18.3,21.8,68.8,25.4,910.8,Colluvium,SAFE
10,11.405,76.7128,1893.0,43.4,12.1,28.9,20.7,75.4,22.9,982.4,Weathered Granite,SAFE
2,26.8974,88.1832,1629.1,31.8,50.0,59.5,17.2,86.6,21.1,919.7,Laterite,MODERATE_RISK
9,11.3947,76.7107,1967.2,36.4,50.05,45.2,19.3,66.3,9.8,995.3,Weathered Granite,MODERATE_RISK
9,9.6764,76.9079,854.7,4.7,47.3,53.2,11.3,92.8,8.7,935.2,Weathered Granite,SAFE
5,10.1484,77.0315,1641.0,40.2,158.51,88.0,17.5,59.7,32.9,980.6,Weathered Granite,HIGH_RISK
6,11.397,76.7215,1944.7,16.3,9.62,64.7,17.2,62.4,21.2,992.8,Colluvium,SAFE
2,26.1558,91.682,477.1,29.6,14.91,29.2,24.5,76.8,20.1,1062.9,Clay Loam,SAFE
6,11.5384,76.1427,891.2,40.7,132.99,87.2,17.6,52.8,17.1,968.0,Colluvium,HIGH_RISK
5,30.5496,79.5507,1853.6,48.8,144.43,92.1,21.7,79.6,9.0,938.5,Weathered Granite,HIGH_RISK
4,11.3717,76.693,1938.0,44.8,113.25,90.0,23.7,78.5,16.7,991.6,Weathered Granite,HIGH_RISK
3,11.4034,76.7008,1934.1,44.0,113.03,85.3,25.2,50.9,17.9,915.0,Weathered Granite,HIGH_RISK
4,26.1529,91.7066,454.7,34.4,6.88,28.0,16.5,92.1,18.3,972.4,Clay Loam,SAFE
10,10.158,77.0421,1792.2,46.0,174.68,71.1,23.7,91.0,23.4,919.8,Weathered Granite,HIGH_RISK
10,9.6797,76.9218,848.2,47.1,145.6,73.3,18.1,50.6,6.9,924.5,Laterite,HIGH_RISK
6,9.701,76.9252,792.3,7.1,42.4,57.0,15.0,65.4,22.6,953.2,Sandy Loam,SAFE
5,26.1557,91.7033,411.2,30.4,8.09,46.0,20.2,79.2,25.0,1003.9,Clay Loam,SAFE
6,11.4057,76.1032,806.6,33.2,129.0,95.1,16.2,51.7,32.2,936.5,Laterite,HIGH_RISK
8,17.9112,73.6655,1342.8,36.9,159.44,89.8,21.9,93.3,21.8,959.3,Laterite,HIGH_RISK
1,11.3519,76.7774,1885.3,42.5,174.84,70.9,14.3,80.8,7.9,916.2,Weathered Granite,HIGH_RISK
9,32.2521,77.2042,2026.2,42.1,141.2,94.4,18.4,71.2,8.1,966.6,Laterite,HIGH_RISK
5,11.5393,76.1213,986.9,36.1,51.59,57.2,14.4,49.7,21.8,903.9,Colluvium,MODERATE_RISK
3,11.5077,76.164,990.8,46.1,183.15,80.0,15.1,57.6,22.7,909.4,Weathered Granite,HIGH_RISK
4,10.17,77.0447,1846.6,45.9,171.27,74.9,22.5,84.3,11.3,855.1,Weathered Granite,HIGH_RISK
8,11.3512,76.8022,1804.1,36.2,51.3,71.9,11.9,83.5,15.9,900.3,Sandy Loam,MODERATE_RISK
9,10.1691,77.0239,1781.0,14.4,37.95,40.5,18.8,60.6,31.2,978.3,Weathered Granite,SAFE
5,11.3649,76.7846,1833.6,35.7,43.0,67.0,27.5,75.0,34.1,970.1,Weathered Granite,MODERATE_RISK
5,31.1012,77.1841,2242.7,49.0,15.02,35.0,19.6,72.6,28.1,899.5,Clay Loam,SAFE
10,11.5462,76.1392,926.0,36.6,159.89,71.4,19.3,98.0,8.7,948.1,Colluvium,HIGH_RISK
9,30.5561,79.5482,1879.6,34.4,53.3,58.3,20.6,87.9,31.3,979.7,Weathered Granite,MODERATE_RISK
7,10.1422,77.006,1761.4,7.4,37.9,32.7,22.5,77.2,24.6,981.9,Clay Loam,SAFE
4,32.2409,77.2008,2046.5,36.5,45.76,63.1,14.7,80.8,10.6,887.1,Colluvium,MODERATE_RISK
7,17.9481,73.5935,677.7,45.6,160.82,95.6,17.7,80.3,11.2,877.5,Colluvium,HIGH_RISK
7,31.0927,77.1828,2274.8,52.7,132.77,80.0,17.3,69.6,16.3,950.6,Clay Loam,HIGH_RISK
7,11.4283,76.0883,716.0,35.0,13.42,21.8,18.2,72.0,28.7,927.3,Laterite,SAFE
5,17.9673,73.5974,572.6,47.1,95.0,78.9,13.9,56.4,24.3,967.9,Colluvium,HIGH_RISK
10,11.4039,76.7249,1965.6,30.7,47.91,68.9,15.0,80.1,34.6,917.8,Weathered Granite,MODERATE_RISK
2,11.4221,76.0981,726.7,33.4,10.62,23.8,25.5,83.0,9.9,930.8,Laterite,SAFE
5,10.1606,77.0331,1603.2,49.9,167.37,72.5,14.7,88.8,33.1,984.1,Clay Loam,HIGH_RISK
1,11.5659,76.1119,915.9,32.2,39.8,65.7,26.7,86.7,30.4,902.0,Weathered Granite,MODERATE_RISK
5,26.1725,91.7136,456.3,32.8,9.35,16.2,24.8,49.9,11.7,907.4,Clay Loam,SAFE
8,11.4005,76.0902,777.4,42.3,10.29,23.6,23.5,85.5,7.7,949.7,Laterite,SAFE
6,11.5158,76.1282,1087.1,50.1,138.5,71.5,15.8,62.3,22.4,899.3,Weathered Granite,HIGH_RISK
7,17.9376,73.6681,1344.4,37.7,6.9,39.8,19.1,69.2,10.5,963.3,Laterite,SAFE
2,11.5381,76.1263,1065.1,37.0,40.81,67.4,24.6,93.0,31.2,951.3,Weathered Granite,MODERATE_RISK
8,31.1087,77.1776,2274.1,46.7,134.8,79.2,16.2,52.6,34.2,970.9,Colluvium,HIGH_RISK
1,11.5364,76.114,892.3,39.1,164.1,84.6,15.3,56.9,27.9,952.3,Colluvium,HIGH_RISK
5,11.5306,76.1602,1014.0,50.3,108.02,70.4,22.6,93.1,15.1,914.2,Weathered Granite,HIGH_RISK
10,30.5633,79.5834,1864.7,31.2,52.2,56.4,18.1,88.6,25.6,942.9,Weathered Granite,MODERATE_RISK
3,10.1309,77.0002,1593.1,50.2,161.48,92.6,20.5,64.6,31.8,953.0,Colluvium,HIGH_RISK
4,10.1681,77.0056,1722.6,7.7,49.3,21.9,20.0,56.7,16.7,982.3,Colluvium,SAFE
8,11.3888,76.6952,1895.2,44.8,169.5,93.6,24.4,81.2,15.6,979.8,Weathered Granite,HIGH_RISK
1,26.1795,91.7173,427.0,13.2,31.52,51.2,26.2,56.3,13.1,1009.2,Clay Loam,SAFE
5,17.9325,73.6746,1347.9,35.4,51.3,71.0,23.0,64.3,34.3,951.3,Laterite,MODERATE_RISK
7,30.5549,79.5734,1890.6,43.3,111.54,88.6,14.8,93.4,9.7,916.1,Weathered Granite,HIGH_RISK
10,11.363,76.7886,1852.9,36.8,120.8,79.1,26.1,94.8,17.1,962.3,Clay Loam,HIGH_RISK
9,10.1677,77.0155,1758.7,17.5,16.7,64.1,20.4,75.8,16.7,938.2,Clay Loam,SAFE
1,11.3689,76.6992,1935.2,40.3,7.1,37.7,22.5,74.0,19.3,991.6,Weathered Granite,SAFE
5,30.5501,79.5841,1903.9,35.3,50.33,67.2,10.6,85.2,28.4,981.6,Weathered Granite,MODERATE_RISK
5,11.5485,76.1436,972.7,34.5,44.88,71.5,25.8,86.9,23.8,971.4,Colluvium,MODERATE_RISK
3,32.2354,77.17,2042.2,42.0,152.8,84.0,14.3,67.7,10.5,900.6,Colluvium,HIGH_RISK
6,12.4289,75.7483,1190.7,8.6,29.32,24.9,23.1,70.0,22.3,1001.5,Clay Loam,SAFE
7,17.9624,73.5858,653.6,17.8,9.3,49.2,17.9,94.7,31.1,936.7,Weathered Granite,SAFE
3,11.3832,76.7187,1909.9,11.8,20.7,52.4,21.4,46.0,28.4,1012.2,Clay Loam,SAFE
1,11.424,76.0954,736.8,40.9,4.8,39.3,28.4,46.2,6.2,965.3,Laterite,SAFE
3,26.8835,88.2017,1695.9,35.5,127.5,81.5,16.7,48.6,25.7,965.0,Laterite,HIGH_RISK
10,17.9093,73.6766,1348.5,43.5,149.1,80.9,8.7,88.7,17.5,1010.8,Weathered Granite,HIGH_RISK
7,26.8786,88.1644,1664.3,39.9,179.19,81.7,22.0,46.0,16.8,922.9,Weathered Granite,HIGH_RISK
2,11.5469,76.141,1007.0,47.9,98.9,71.9,18.8,89.9,32.8,856.7,Colluvium,HIGH_RISK
1,11.5694,76.1168,900.9,36.4,157.1,95.3,14.0,71.0,20.3,949.8,Colluvium,HIGH_RISK
1,11.431,76.0888,753.6,37.9,53.1,55.1,28.1,72.3,31.4,856.3,Laterite,MODERATE_RISK
6,11.3728,76.7908,1855.4,38.4,105.05,94.7,23.9,97.7,13.6,984.8,Weathered Granite,HIGH_RISK
9,26.8842,88.1652,1679.9,36.2,47.3,57.5,19.1,85.4,6.9,894.2,Weathered Granite,MODERATE_RISK
7,11.5477,76.1192,937.0,34.6,51.7,70.0,19.6,94.1,6.8,902.7,Colluvium,MODERATE_RISK
10,11.5517,76.145,924.3,41.5,141.1,94.9,31.6,87.4,6.5,924.0,Colluvium,HIGH_RISK
6,11.5436,76.1425,937.3,38.4,145.48,75.8,18.1,82.3,16.1,925.8,Colluvium,HIGH_RISK
2,26.8725,88.1741,1692.0,37.3,46.7,70.9,22.0,87.8,26.4,924.7,Laterite,MODERATE_RISK
8,9.6917,76.9155,867.9,42.5,10.7,15.2,23.6,94.1,29.7,834.9,Laterite,SAFE
1,17.907,73.6733,1403.4,37.4,50.9,67.6,15.0,92.6,13.1,970.2,Laterite,MODERATE_RISK
10,11.4058,76.1071,837.8,40.6,175.4,78.2,21.5,52.2,7.8,907.7,Laterite,HIGH_RISK
9,11.5292,76.125,966.7,44.7,15.46,19.5,23.4,62.5,25.1,937.9,Colluvium,SAFE
8,30.5706,79.5692,1881.0,28.5,48.0,71.2,15.4,97.3,33.4,935.0,Weathered Granite,MODERATE_RISK
3,10.1745,77.0151,1807.1,54.2,169.6,86.2,14.3,77.2,22.0,968.9,Weathered Granite,HIGH_RISK
3,10.1809,77.0435,1766.9,33.7,57.6,70.4,13.0,80.6,7.5,942.1,Weathered Granite,MODERATE_RISK
8,11.3602,76.8087,1857.2,8.2,26.8,41.9,18.5,77.8,28.9,896.6,Colluvium,SAFE
2,11.5574,76.1399,876.4,40.8,154.33,89.4,17.8,59.0,30.6,931.3,Colluvium,HIGH_RISK
9,17.9601,73.5682,614.6,46.1,9.9,29.9,20.2,52.2,31.8,966.4,Colluvium,SAFE
6,11.3763,76.7039,1938.9,35.4,45.5,58.4,18.4,86.4,22.3,980.5,Weathered Granite,MODERATE_RISK
9,11.5137,76.1502,1017.1,49.2,98.7,86.8,25.6,45.9,22.8,911.5,Colluvium,HIGH_RISK
8,11.5672,76.1425,920.5,37.7,16.45,17.9,21.3,76.0,18.6,952.9,Colluvium,SAFE
6,26.9064,88.189,1726.9,37.0,176.0,85.5,22.6,77.5,26.2,917.0,Laterite,HIGH_RISK
6,32.235,77.1894,1988.2,43.4,158.5,95.9,15.0,82.5,16.6,877.2,Colluvium,HIGH_RISK
5,32.2251,77.1959,2070.3,42.4,125.4,79.8,19.6,67.3,19.9,959.9,Colluvium,HIGH_RISK
6,17.9372,73.5747,660.1,42.7,175.62,90.8,18.1,58.8,33.6,995.8,Colluvium,HIGH_RISK
4,32.2558,77.2065,2025.6,32.6,40.15,56.8,16.0,88.8,7.1,930.1,Colluvium,MODERATE_RISK
6,26.869,88.1837,1709.5,5.8,36.3,49.7,18.9,50.5,5.0,902.3,Sandy Loam,SAFE
6,9.6759,76.9273,822.8,41.7,168.6,85.1,20.1,92.7,32.9,978.5,Laterite,HIGH_RISK
2,11.5365,76.1286,888.9,46.0,145.6,85.7,15.9,61.7,26.1,985.2,Weathered Granite,HIGH_RISK
8,11.3453,76.7998,1809.2,37.5,41.91,71.8,16.8,87.2,28.6,987.0,Weathered Granite,MODERATE_RISK
10,11.3785,76.7072,1924.8,47.9,127.9,91.4,18.8,91.7,23.0,968.4,Weathered Granite,HIGH_RISK
6,30.5529,79.5567,1851.3,34.1,49.23,69.2,22.3,90.8,8.6,933.2,Weathered Granite,MODERATE_RISK
4,10.1415,77.0108,1642.3,28.9,53.5,71.8,18.4,96.2,12.9,965.0,Colluvium,MODERATE_RISK
9,31.1126,77.1609,2258.9,53.4,165.5,87.8,19.1,45.6,13.0,922.2,Clay Loam,HIGH_RISK
10,17.9414,73.5701,632.5,46.1,113.3,86.4,23.3,90.5,5.2,944.5,Colluvium,HIGH_RISK
3,30.5482,79.5483,1876.0,4.1,34.4,62.7,13.5,50.7,32.7,938.8,Laterite,SAFE
2,11.3945,76.7108,1932.6,46.0,97.85,74.8,16.6,55.7,23.9,1065.4,Weathered Granite,HIGH_RISK
1,11.3561,76.8131,1877.7,8.4,39.66,37.6,19.3,62.0,18.6,979.7,Residual Soil,SAFE
3,30.5692,79.5654,1866.7,37.6,31.41,57.7,19.9,95.0,8.4,925.1,Weathered Granite,MODERATE_RISK
4,17.9078,73.6742,1361.3,37.6,124.4,77.6,24.0,95.1,26.8,949.8,Laterite,HIGH_RISK
9,32.2306,77.1819,2121.8,37.2,45.0,69.7,18.0,85.8,15.8,987.9,Colluvium,MODERATE_RISK
1,17.9713,73.5967,603.2,10.5,24.4,64.4,19.5,56.1,28.7,951.4,Clay Loam,SAFE
2,11.3697,76.7842,1908.1,35.8,38.9,63.4,17.3,88.3,32.1,949.9,Weathered Granite,MODERATE_RISK
4,11.3564,76.7997,1914.3,35.5,50.38,71.5,21.1,45.1,18.7,909.5,Colluvium,MODERATE_RISK
8,17.9165,73.6505,1345.7,35.0,50.88,71.0,18.3,67.5,11.5,999.2,Weathered Granite,MODERATE_RISK
8,10.1566,77.0336,1780.9,50.4,143.4,81.5,21.4,49.9,16.3,964.0,Weathered Granite,HIGH_RISK
3,9.6815,76.8999,792.5,39.8,4.2,37.7,21.3,72.2,7.5,972.4,Laterite,SAFE
6,17.9693,73.576,644.5,46.8,172.04,87.3,17.7,68.1,14.2,954.0,Clay Loam,HIGH_RISK
7,12.4352,75.7183,1161.4,11.0,23.8,34.3,21.3,74.3,17.5,916.8,Clay Loam,SAFE
2,11.5379,76.1352,970.0,46.0,115.61,70.2,17.2,45.6,29.0,909.0,Colluvium,HIGH_RISK
2,32.2257,77.1817,2016.8,34.9,50.44,55.9,16.8,88.8,12.9,912.4,Colluvium,MODERATE_RISK
5,32.2381,77.1857,2061.4,45.2,122.5,78.0,13.5,48.2,15.4,925.2,Colluvium,HIGH_RISK
5,11.5688,76.1101,903.8,37.2,8.5,34.5,18.7,50.7,16.7,961.2,Colluvium,SAFE
5,11.4133,76.1053,758.5,33.5,122.71,86.5,24.1,78.7,20.0,905.6,Colluvium,HIGH_RISK
4,11.539,76.1274,1081.3,45.6,9.1,35.2,22.2,70.4,23.0,937.5,Weathered Granite,SAFE
9,10.1459,77.0108,1785.6,35.5,39.82,69.0,20.3,90.4,11.1,959.1,Colluvium,MODERATE_RISK
2,10.1613,77.0166,1690.4,4.6,42.0,51.2,24.0,86.2,11.6,974.5,Sandy Loam,SAFE
4,30.5456,79.5556,1857.0,34.5,47.3,50.1,20.0,82.4,27.1,957.0,Weathered Granite,MODERATE_RISK
7,11.3962,76.6939,1937.8,38.1,16.0,11.1,23.3,85.4,5.3,891.9,Weathered Granite,SAFE
2,11.5469,76.1254,998.2,42.4,157.19,74.9,9.6,61.6,25.6,980.8,Colluvium,HIGH_RISK
9,11.5456,76.121,970.2,39.5,168.3,86.0,21.3,56.6,19.9,876.5,Colluvium,HIGH_RISK
5,10.1531,77.0221,1636.6,43.4,13.09,17.7,25.1,93.5,21.0,969.4,Colluvium,SAFE
10,30.5711,79.5713,1892.1,42.0,172.6,93.1,26.7,71.0,33.6,932.0,Weathered Granite,HIGH_RISK
7,11.4189,76.1171,776.3,37.9,46.2,66.8,24.9,93.9,25.8,921.2,Laterite,MODERATE_RISK
2,17.9308,73.66,1326.4,44.4,143.1,94.8,22.6,49.7,11.3,980.6,Laterite,HIGH_RISK
7,11.3921,76.0929,812.1,42.6,132.9,91.7,16.3,81.8,12.6,906.5,Weathered Granite,HIGH_RISK
10,11.5324,76.1357,1103.0,52.4,136.6,84.0,14.5,85.8,32.1,934.6,Colluvium,HIGH_RISK
9,10.1464,77.0161,1760.0,45.9,12.7,11.4,24.9,88.0,14.6,940.8,Weathered Granite,SAFE
2,30.5641,79.5723,1908.7,37.7,39.8,57.8,23.5,92.1,8.8,938.0,Weathered Granite,MODERATE_RISK
10,32.2629,77.1785,2068.8,37.2,22.77,46.2,15.0,87.6,7.7,892.2,Colluvium,MODERATE_RISK
9,17.9521,73.5869,622.2,35.0,52.0,56.5,21.1,74.4,28.6,915.0,Colluvium,MODERATE_RISK
4,17.9656,73.6003,580.9,35.4,48.9,63.9,20.0,96.9,15.1,976.4,Colluvium,MODERATE_RISK
1,31.103,77.165,2299.2,47.1,4.73,44.8,16.5,45.4,21.2,923.3,Clay Loam,SAFE
2,30.5595,79.5611,1829.5,34.5,51.3,67.3,15.6,87.5,18.1,891.1,Weathered Granite,MODERATE_RISK
5,26.8741,88.1819,1654.5,32.5,54.6,66.8,19.1,75.6,29.7,890.1,Weathered Granite,MODERATE_RISK
8,17.9148,73.6619,1363.6,41.7,148.3,79.0,15.3,52.3,13.8,1027.0,Colluvium,HIGH_RISK
8,11.3742,76.7083,1928.8,46.3,116.8,87.2,25.7,87.6,13.3,957.5,Weathered Granite,HIGH_RISK
6,30.5514,79.5864,1926.5,28.3,55.9,56.3,27.5,85.6,31.8,910.4,Weathered Granite,MODERATE_RISK
10,31.1121,77.1818,2250.3,13.2,43.6,54.5,19.0,67.4,27.5,895.5,Laterite,SAFE
10,11.5234,76.1411,1054.8,48.2,147.73,75.1,24.0,53.5,12.9,922.2,Weathered Granite,HIGH_RISK
2,11.5516,76.1471,974.9,39.8,185.13,84.9,18.3,54.3,6.3,889.0,Colluvium,HIGH_RISK
5,11.3944,76.7185,1913.2,39.0,15.79,15.8,20.8,90.5,22.8,991.3,Weathered Granite,SAFE
6,11.5397,76.137,891.3,37.3,55.9,71.4,24.2,84.5,32.0,959.7,Colluvium,MODERATE_RISK
7,11.3575,76.7817,1881.7,33.6,4.2,19.4,29.8,60.8,6.1,981.3,Weathered Granite,SAFE
9,10.177,77.0289,1756.4,47.3,134.1,72.7,15.8,90.7,34.3,911.5,Weathered Granite,HIGH_RISK
5,30.5619,79.5675,1878.0,49.7,166.38,81.0,25.2,47.2,32.5,945.7,Weathered Granite,HIGH_RISK
7,11.4113,76.0965,789.3,41.2,141.57,95.2,27.2,60.6,18.7,967.6,Laterite,HIGH_RISK
5,11.3512,76.7796,1844.0,33.9,51.0,71.9,18.3,46.0,14.8,870.3,Colluvium,MODERATE_RISK
4,10.1539,77.0121,1713.3,45.4,87.2,78.7,23.4,74.7,28.1,958.5,Weathered Granite,HIGH_RISK
8,9.6873,76.917,804.1,11.7,19.8,36.8,27.3,72.8,17.0,975.9,Colluvium,SAFE
1,26.9053,88.191,1765.0,36.7,57.5,69.2,20.3,95.6,26.8,991.5,Laterite,MODERATE_RISK
10,11.3853,76.7031,1914.5,38.0,58.0,69.8,14.6,85.1,26.3,921.5,Weathered Granite,MODERATE_RISK
1,11.3696,76.8029,1832.3,39.0,141.19,95.8,10.9,67.7,14.4,993.6,Weathered Granite,HIGH_RISK
6,9.6785,76.9043,760.2,31.2,53.3,69.1,19.1,97.7,6.6,905.7,Colluvium,MODERATE_RISK
1,32.2325,77.1769,2042.0,49.1,9.46,38.8,17.2,73.7,9.8,931.7,Colluvium,SAFE
6,11.4251,76.112,750.7,40.8,122.0,73.3,16.9,68.2,32.2,950.5,Laterite,HIGH_RISK
1,11.3427,76.7907,1857.7,9.4,43.8,33.9,17.5,88.6,24.9,883.1,Sandy Loam,SAFE
1,30.5652,79.5515,1897.1,47.3,185.3,83.2,22.2,65.2,27.3,972.7,Weathered Granite,HIGH_RISK
5,17.9576,73.5771,622.0,33.5,57.5,62.6,17.9,49.8,11.5,939.1,Colluvium,MODERATE_RISK
10,11.3699,76.6922,1862.9,41.1,167.6,80.3,21.1,64.7,5.8,925.6,Weathered Granite,HIGH_RISK
4,10.1689,77.0434,1770.3,9.6,16.1,22.4,20.7,92.1,11.0,965.9,Residual Soil,SAFE
3,31.1058,77.1927,2353.6,18.0,38.1,53.0,14.1,61.9,29.9,983.0,Residual Soil,SAFE
9,30.5528,79.5807,1863.8,29.5,55.8,46.0,23.2,83.5,33.7,945.9,Weathered Granite,MODERATE_RISK
8,11.3591,76.799,1827.3,36.4,43.89,65.8,14.8,80.7,10.4,961.7,Colluvium,MODERATE_RISK
2,31.1195,77.1678,2251.2,52.5,179.41,76.5,16.5,92.5,19.2,935.2,Laterite,HIGH_RISK
10,31.0917,77.1892,2291.5,35.6,52.9,54.1,12.4,93.9,16.0,961.5,Sandy Loam,MODERATE_RISK
3,17.9108,73.6762,1368.3,40.6,17.2,38.4,22.5,50.6,29.2,1009.2,Laterite,SAFE
7,12.4311,75.722,1149.2,32.3,14.8,39.7,16.7,76.1,10.0,1035.8,Residual Soil,SAFE
4,26.8823,88.1714,1698.4,31.6,54.2,49.7,22.0,86.3,22.0,887.0,Clay Loam,MODERATE_RISK
9,11.549,76.1155,991.9,45.4,7.5,35.0,24.1,67.3,29.0,958.8,Colluvium,SAFE
8,9.6687,76.9242,867.1,38.4,13.2,14.6,23.3,77.9,21.9,941.5,Laterite,SAFE
9,17.9488,73.5995,620.3,45.2,158.8,85.6,16.4,58.3,18.0,1009.1,Laterite,HIGH_RISK
5,30.5642,79.5703,1837.2,39.5,155.1,88.4,20.5,63.6,34.5,943.3,Weathered Granite,HIGH_RISK
7,32.2515,77.1762,2050.6,46.5,81.2,87.4,23.0,70.0,9.4,901.4,Colluvium,HIGH_RISK
5,12.432,75.734,1091.0,4.4,21.4,40.4,15.7,84.9,23.0,935.3,Sandy Loam,SAFE
3,31.1064,77.1914,2284.7,49.4,165.9,74.2,18.5,90.0,32.1,936.2,Clay Loam,HIGH_RISK
4,11.5478,76.1323,984.3,48.2,134.7,83.6,22.7,58.9,23.9,941.5,Colluvium,HIGH_RISK
10,11.3659,76.8033,1861.4,8.7,45.6,62.3,16.7,92.1,17.8,894.7,Clay Loam,SAFE
7,31.1228,77.1739,2278.3,46.0,16.01,35.9,20.9,71.1,14.1,936.1,Clay Loam,SAFE
3,30.5673,79.5481,1831.4,30.5,49.23,52.6,18.0,97.2,25.3,886.1,Weathered Granite,MODERATE_RISK
7,10.145,77.0321,1617.5,17.3,33.5,51.1,22.5,62.0,28.6,961.0,Sandy Loam,SAFE
5,26.9041,88.1803,1687.3,37.0,55.4,65.9,20.8,63.8,6.3,943.5,Laterite,MODERATE_RISK
1,17.9066,73.669,1326.4,35.6,37.29,69.1,20.3,97.7,30.8,962.6,Laterite,MODERATE_RISK
2,12.4322,75.7573,1179.7,37.9,150.6,91.7,18.8,96.4,6.2,930.3,Residual Soil,HIGH_RISK
5,31.1155,77.1928,2306.0,5.5,26.62,32.1,18.1,90.3,7.5,947.3,Colluvium,SAFE
10,11.5258,76.1646,1059.0,33.7,44.11,59.5,16.9,96.0,32.0,973.7,Weathered Granite,MODERATE_RISK
10,30.5457,79.5839,1870.1,35.5,55.0,70.6,17.1,69.7,30.3,923.2,Laterite,MODERATE_RISK
1,32.2441,77.1901,2023.0,15.6,30.69,42.4,18.8,65.4,15.4,992.9,Sandy Loam,SAFE
2,11.4026,76.0874,742.2,36.4,54.8,68.9,20.0,86.9,15.4,1046.5,Laterite,MODERATE_RISK
8,11.5365,76.1494,980.8,36.2,40.26,70.5,15.6,88.5,20.4,926.0,Colluvium,MODERATE_RISK
7,11.3963,76.7185,1943.8,46.2,175.5,92.9,21.8,57.0,30.6,988.2,Weathered Granite,HIGH_RISK
7,17.955,73.5835,675.8,38.0,30.9,67.9,18.1,57.0,33.3,957.2,Laterite,MODERATE_RISK
6,31.11,77.1548,2289.6,52.5,141.35,74.3,18.6,56.9,5.2,940.1,Clay Loam,HIGH_RISK
7,17.9279,73.6583,1388.2,39.3,10.3,18.9,26.8,50.8,27.5,970.8,Laterite,SAFE
4,9.67,76.91,825.2,37.6,183.15,81.0,18.2,97.9,5.1,945.4,Laterite,HIGH_RISK
4,11.5465,76.135,915.2,32.3,56.1,54.1,19.1,95.5,8.6,955.8,Colluvium,MODERATE_RISK
1,10.1505,77.0155,1642.1,29.4,52.3,69.3,23.2,83.0,15.4,923.6,Colluvium,MODERATE_RISK
9,11.5125,76.1316,1066.5,31.4,57.7,70.4,20.5,84.0,25.6,862.5,Weathered Granite,MODERATE_RISK
7,11.5313,76.1359,1059.7,37.8,48.84,56.7,17.3,79.7,13.4,914.3,Weathered Granite,MODERATE_RISK
8,11.3691,76.731,1972.3,7.0,31.5,42.4,19.5,81.1,6.3,1090.1,Weathered Granite,SAFE
6,11.5175,76.1451,1051.5,30.6,46.0,71.2,20.1,95.3,33.2,967.5,Weathered Granite,MODERATE_RISK
10,31.1065,77.156,2283.4,52.0,157.4,82.2,19.6,60.4,15.7,966.0,Clay Loam,HIGH_RISK
8,17.9385,73.5915,609.2,51.3,151.2,78.7,19.3,82.5,29.9,970.5,Colluvium,HIGH_RISK
8,11.3664,76.731,1936.6,42.5,153.45,85.2,19.0,82.1,30.6,1009.4,Weathered Granite,HIGH_RISK
8,10.1441,77.0007,1709.1,49.0,105.66,95.0,20.3,70.4,24.8,907.6,Colluvium,HIGH_RISK
6,26.8743,88.174,1668.4,40.7,124.7,92.2,19.0,51.6,34.7,913.0,Weathered Granite,HIGH_RISK
7,11.5364,76.1272,902.4,38.0,5.1,12.2,22.1,85.9,10.5,973.7,Colluvium,SAFE
7,11.5069,76.1546,1069.7,50.6,155.7,93.7,30.3,81.7,8.2,915.9,Weathered Granite,HIGH_RISK
3,31.1028,77.1754,2247.4,52.7,170.4,70.9,19.1,69.6,13.3,970.2,Clay Loam,HIGH_RISK
1,11.5372,76.1431,1097.3,14.7,45.9,24.5,18.8,76.2,15.9,910.8,Residual Soil,SAFE
6,17.9429,73.6529,1382.7,37.7,10.7,39.1,21.5,93.5,33.5,1000.5,Laterite,SAFE
8,32.2465,77.2022,2095.8,17.5,38.5,37.0,12.4,49.2,29.9,941.6,Weathered Granite,SAFE
6,11.3687,76.7872,1859.9,36.7,11.06,23.2,25.7,67.1,10.0,960.3,Weathered Granite,SAFE
2,11.5305,76.1307,1013.3,46.5,145.48,87.5,18.6,75.1,16.7,925.5,Weathered Granite,HIGH_RISK
7,11.3556,76.8005,1876.3,37.4,175.4,84.6,24.1,91.1,25.7,934.7,Weathered Granite,HIGH_RISK
10,11.3679,76.7843,1891.6,30.4,43.4,61.1,19.4,87.5,32.4,954.9,Weathered Granite,MODERATE_RISK
3,26.1702,91.6889,449.2,30.3,11.11,10.7,24.8,88.6,17.2,950.7,Clay Loam,SAFE
3,30.5448,79.5808,1852.4,37.7,36.35,58.9,19.6,74.3,32.5,1024.0,Weathered Granite,MODERATE_RISK
6,30.5665,79.5848,1862.5,36.4,49.6,55.1,18.1,46.5,21.4,948.3,Weathered Granite,MODERATE_RISK
9,11.4244,76.1017,798.6,37.0,146.47,87.3,22.8,53.7,21.8,947.8,Laterite,HIGH_RISK
9,17.9346,73.5985,623.5,43.9,3.4,21.9,19.4,55.9,27.2,929.0,Colluvium,SAFE
5,11.5183,76.1144,978.4,47.8,158.57,71.7,20.5,88.6,9.1,946.4,Colluvium,HIGH_RISK
9,11.3798,76.7147,1904.5,35.8,44.4,58.6,19.9,62.7,25.6,869.5,Weathered Granite,MODERATE_RISK
2,30.5435,79.5539,1846.9,35.2,13.1,27.3,20.7,50.9,31.0,881.6,Weathered Granite,SAFE
9,26.8953,88.1944,1711.4,12.4,41.8,41.6,20.6,94.4,8.2,920.4,Laterite,SAFE
2,17.9077,73.6635,1352.9,35.2,150.9,86.1,17.2,79.1,16.4,978.9,Laterite,HIGH_RISK
3,17.9205,73.6734,1317.7,40.3,172.3,82.6,19.7,84.7,26.7,958.2,Laterite,HIGH_RISK
5,26.8706,88.2006,1678.7,31.1,169.2,95.5,20.3,63.8,8.7,892.3,Laterite,HIGH_RISK
5,11.4313,76.099,802.1,34.9,13.1,24.1,17.5,68.0,32.5,1015.4,Laterite,SAFE
7,11.5237,76.1382,974.6,48.6,156.37,71.1,15.3,65.4,13.5,977.1,Colluvium,HIGH_RISK
4,31.1106,77.1576,2266.9,33.5,57.7,64.0,22.1,80.6,22.8,953.5,Clay Loam,MODERATE_RISK
1,11.3853,76.6974,1888.3,35.5,40.6,57.1,19.6,88.6,17.3,915.6,Weathered Granite,MODERATE_RISK
6,10.1787,77.0392,1778.2,36.8,54.4,66.6,18.7,85.4,13.7,998.1,Weathered Granite,MODERATE_RISK
8,32.2546,77.1965,2057.1,41.8,17.1,27.5,20.4,54.7,25.5,918.2,Colluvium,SAFE
3,17.9381,73.6635,1394.5,30.9,49.7,58.3,20.5,80.8,12.6,965.3,Laterite,MODERATE_RISK
1,32.2283,77.1975,2075.3,44.1,15.95,10.7,22.0,97.0,23.6,1031.7,Colluvium,SAFE
4,10.1693,76.9995,1686.4,37.8,46.86,62.9,24.4,86.0,30.7,897.4,Weathered Granite,MODERATE_RISK
2,11.3577,76.7952,1864.3,39.9,14.0,37.5,23.8,60.9,5.4,954.4,Weathered Granite,SAFE
10,11.3376,76.802,1883.6,34.1,57.6,54.0,14.7,65.3,14.0,904.8,Weathered Granite,MODERATE_RISK
5,11.4119,76.0852,774.0,17.6,22.9,37.3,24.1,76.1,26.3,971.1,Residual Soil,SAFE
4,10.1619,77.0118,1621.7,45.9,106.3,93.4,12.8,74.9,27.7,907.5,Colluvium,HIGH_RISK
7,11.3937,76.7258,1911.8,36.0,40.98,60.3,11.2,83.6,8.0,975.0,Colluvium,MODERATE_RISK
9,11.5741,76.1424,933.3,43.6,12.82,15.2,24.4,79.9,26.9,950.5,Colluvium,SAFE
2,11.5063,76.1478,1066.5,37.7,44.3,60.0,12.2,91.6,25.4,964.2,Weathered Granite,MODERATE_RISK
4,9.6841,76.931,820.0,40.9,126.6,72.7,21.9,57.3,10.9,959.2,Laterite,HIGH_RISK
6,11.5172,76.1263,1054.7,7.1,18.6,54.4,25.1,53.0,10.5,862.1,Colluvium,SAFE
1,11.5295,76.1468,1104.6,47.8,76.8,94.1,15.0,56.3,10.2,963.1,Weathered Granite,HIGH_RISK
1,17.9114,73.6535,1348.7,36.0,49.3,60.8,18.7,93.5,9.2,934.4,Laterite,MODERATE_RISK
1,17.9358,73.5642,584.2,49.1,126.4,71.4,20.2,70.0,16.4,1018.7,Colluvium,HIGH_RISK
5,11.5342,76.1468,1035.3,7.6,17.1,24.7,21.2,98.0,9.5,902.7,Residual Soil,SAFE
2,10.149,77.0166,1678.4,37.0,49.23,55.1,21.6,89.5,31.7,977.6,Colluvium,MODERATE_RISK
2,11.5385,76.1552,1026.3,37.9,45.1,45.3,18.9,92.9,19.6,974.0,Weathered Granite,MODERATE_RISK
6,11.5178,76.1343,999.8,37.0,56.7,69.1,19.5,47.2,7.0,955.2,Weathered Granite,MODERATE_RISK
5,17.9702,73.601,631.2,23.8,55.0,67.8,22.1,80.4,11.5,917.2,Colluvium,MODERATE_RISK
4,11.5479,76.1281,887.7,42.8,173.03,72.3,12.7,75.5,34.7,968.4,Laterite,HIGH_RISK
9,10.1628,77.0405,1782.8,55.1,179.8,74.6,22.6,56.0,16.4,963.9,Colluvium,HIGH_RISK
5,11.3674,76.8004,1867.3,37.9,128.37,84.0,24.8,97.9,33.5,975.9,Weathered Granite,HIGH_RISK
10,26.8971,88.2017,1692.3,36.1,16.28,46.1,24.5,52.0,25.5,970.7,Laterite,SAFE
10,30.5646,79.5854,1832.4,37.6,44.88,56.3,25.0,50.7,9.9,981.3,Weathered Granite,MODERATE_RISK
3,31.0982,77.1629,2336.5,16.3,42.5,54.9,16.3,91.7,33.8,973.8,Sandy Loam,SAFE
9,11.395,76.1171,741.9,40.7,157.6,90.2,19.2,55.3,17.3,988.8,Laterite,HIGH_RISK
2,9.6647,76.9308,779.3,42.0,122.0,82.2,22.8,64.8,14.2,915.4,Laterite,HIGH_RISK
9,32.231,77.2022,1995.0,50.9,80.1,87.2,19.4,58.2,17.5,927.8,Colluvium,HIGH_RISK
9,11.3677,76.708,1895.7,41.9,10.6,17.4,18.1,72.7,25.2,930.7,Weathered Granite,SAFE
1,10.1634,77.0182,1680.9,42.7,150.32,71.9,11.3,51.9,26.3,914.4,Colluvium,HIGH_RISK
2,32.2522,77.1725,2078.0,46.3,158.07,81.4,16.1,63.0,24.2,925.2,Colluvium,HIGH_RISK
9,11.5145,76.1578,1036.0,49.9,150.3,90.7,28.7,69.9,24.7,949.9,Weathered Granite,HIGH_RISK
8,11.5145,76.1201,1021.2,15.9,37.57,54.9,22.3,82.0,6.4,896.9,Residual Soil,SAFE
8,11.4312,76.1063,812.3,7.1,41.91,28.1,15.7,60.8,15.1,1002.9,Colluvium,SAFE
10,10.1378,77.0186,1681.1,13.9,7.9,33.0,19.5,50.3,12.7,935.2,Sandy Loam,SAFE
2,31.0956,77.162,2277.7,4.2,23.0,62.8,25.3,95.3,26.1,895.0,Laterite,SAFE
2,12.4222,75.7436,1161.8,10.7,33.11,30.0,24.9,79.0,33.6,939.7,Laterite,SAFE
8,26.8968,88.1942,1656.4,34.3,45.32,70.3,20.8,95.8,22.0,951.6,Laterite,MODERATE_RISK
7,30.5703,79.585,1916.9,28.5,56.9,56.0,21.6,97.9,18.3,910.1,Weathered Granite,MODERATE_RISK
7,31.1144,77.1642,2330.0,55.6,93.06,86.8,20.7,95.7,19.6,988.0,Colluvium,HIGH_RISK
2,11.3667,76.809,1784.7,39.7,12.0,32.5,16.0,77.3,15.7,939.6,Weathered Granite,SAFE
5,26.8887,88.1801,1657.1,16.8,36.8,20.9,18.1,52.2,10.9,927.9,Weathered Granite,SAFE
9,11.5141,76.1137,911.0,45.1,139.98,75.1,24.6,51.9,26.6,945.5,Colluvium,HIGH_RISK
9,11.3646,76.7864,1884.7,40.0,177.9,82.7,19.9,87.6,5.4,972.4,Weathered Granite,HIGH_RISK
9,26.1863,91.6844,412.1,27.9,16.4,32.0,20.2,91.0,15.6,895.2,Clay Loam,SAFE
4,11.3924,76.7025,1929.4,37.3,44.11,66.5,20.7,83.3,27.9,938.9,Weathered Granite,MODERATE_RISK
4,11.5353,76.1468,882.9,13.0,26.3,45.4,19.5,85.2,31.6,931.0,Colluvium,SAFE
5,17.9271,73.6457,1345.0,35.5,50.22,65.4,28.6,94.2,29.6,944.2,Colluvium,MODERATE_RISK
7,11.3341,76.8063,1823.6,35.7,11.99,11.8,18.8,51.5,13.9,957.1,Weathered Granite,SAFE
8,11.3952,76.7014,1945.5,41.1,2.1,21.8,19.7,70.6,10.1,937.2,Weathered Granite,SAFE
3,26.8999,88.1933,1671.8,10.3,16.23,50.8,24.7,59.9,17.0,910.9,Laterite,SAFE
4,32.2629,77.2076,2067.3,16.4,32.6,23.4,24.3,52.4,22.9,982.6,Sandy Loam,SAFE
8,11.5505,76.1432,970.9,36.1,45.49,67.9,23.3,97.7,14.2,942.8,Weathered Granite,MODERATE_RISK
9,11.5436,76.1215,942.2,31.1,50.33,63.6,21.7,92.1,26.4,941.5,Colluvium,MODERATE_RISK
3,11.3874,76.7123,1962.5,42.2,116.49,90.0,21.7,45.5,25.1,1004.0,Weathered Granite,HIGH_RISK
5,32.2458,77.1981,2020.7,44.4,117.43,70.8,22.1,91.6,11.3,927.8,Colluvium,HIGH_RISK
7,11.523,76.1255,1003.2,33.1,51.26,49.4,24.0,81.3,12.2,942.4,Colluvium,MODERATE_RISK
6,32.2425,77.19,2041.3,26.1,57.1,61.8,21.3,97.7,15.7,903.8,Colluvium,MODERATE_RISK
7,10.1452,77.0336,1741.0,16.7,36.1,34.3,22.0,52.5,30.0,921.5,Residual Soil,SAFE
9,32.2474,77.1834,2065.3,41.7,176.4,86.9,21.0,66.7,9.1,947.6,Colluvium,HIGH_RISK
5,17.9168,73.665,1387.4,35.0,52.14,69.3,21.4,81.4,28.4,981.7,Laterite,MODERATE_RISK
10,11.3808,76.7312,1889.1,38.8,14.91,22.5,20.3,79.1,8.1,1014.8,Weathered Granite,SAFE
4,10.157,77.0075,1811.5,10.0,22.83,47.9,19.3,69.4,15.5,982.3,Sandy Loam,SAFE
1,11.5396,76.1289,962.4,42.3,14.0,15.9,22.5,62.2,20.6,971.8,Colluvium,SAFE
4,9.684,76.9036,857.2,42.9,143.3,77.6,20.4,76.8,14.1,889.2,Laterite,HIGH_RISK
2,10.1301,77.0173,1632.0,7.1,37.1,42.3,22.1,84.8,5.3,995.0,Colluvium,SAFE
3,31.0858,77.1657,2249.3,17.3,46.2,31.8,23.0,58.6,32.9,962.6,Clay Loam,SAFE
2,26.8706,88.1783,1646.0,9.1,18.64,56.4,15.1,79.7,13.7,920.3,Clay Loam,SAFE
5,11.3409,76.8138,1845.7,35.1,14.08,16.6,19.4,53.9,22.6,942.7,Weathered Granite,SAFE
4,30.542,79.58,1883.8,47.7,168.4,81.0,16.9,67.7,34.0,955.5,Weathered Granite,HIGH_RISK
10,12.407,75.7506,1197.5,35.4,12.8,39.8,19.5,53.1,14.8,968.0,Residual Soil,SAFE
4,11.3953,76.709,1877.0,41.4,11.8,13.0,20.2,85.8,24.1,842.9,Weathered Granite,SAFE
5,10.1783,77.0233,1794.3,6.3,27.89,38.4,19.4,66.1,15.1,969.1,Sandy Loam,SAFE
8,11.5183,76.1259,966.9,42.7,11.2,24.2,22.1,96.4,30.0,929.0,Colluvium,SAFE
8,11.4136,76.0892,802.6,37.5,57.2,68.5,22.4,54.7,21.9,953.6,Laterite,MODERATE_RISK
9,32.2232,77.1789,2064.9,44.0,183.7,91.0,20.9,97.4,25.0,1014.5,Colluvium,HIGH_RISK
7,11.3922,76.1167,796.8,15.2,47.8,21.4,15.6,69.6,18.5,998.0,Residual Soil,SAFE
1,11.548,76.1273,971.6,36.6,33.1,64.4,25.0,83.4,21.4,952.5,Weathered Granite,MODERATE_RISK
4,11.5123,76.1582,1068.5,37.4,56.6,47.2,21.7,64.1,17.1,927.2,Weathered Granite,MODERATE_RISK
1,26.1569,91.6853,398.0,37.1,57.4,64.3,30.8,62.9,30.9,982.5,Laterite,MODERATE_RISK
7,30.5692,79.5598,1857.8,42.3,9.7,35.5,19.9,58.9,31.8,952.1,Weathered Granite,SAFE
4,26.9062,88.1759,1641.0,35.1,14.2,10.7,23.7,84.3,32.5,972.4,Laterite,SAFE
2,17.9424,73.5775,668.8,14.2,42.1,39.0,24.4,75.6,34.6,967.6,Weathered Granite,SAFE
9,17.964,73.5726,634.5,49.9,100.9,76.2,14.7,81.0,9.6,987.4,Colluvium,HIGH_RISK
7,12.4369,75.7389,1142.8,41.5,5.7,44.9,27.2,76.9,34.1,934.0,Residual Soil,SAFE
8,11.5349,76.1288,1005.6,43.1,17.3,21.3,18.7,49.3,10.9,969.1,Colluvium,SAFE
10,11.4171,76.0895,745.8,41.4,18.0,18.8,24.2,89.2,20.7,938.8,Laterite,SAFE
8,30.5532,79.5735,1893.6,49.6,114.57,86.8,23.2,70.4,30.5,963.7,Weathered Granite,HIGH_RISK
2,26.1718,91.6828,456.8,24.9,15.9,46.4,15.8,66.0,29.0,990.7,Clay Loam,SAFE
10,11.3934,76.7239,1926.2,40.9,148.83,78.9,18.8,90.4,34.6,925.4,Weathered Granite,HIGH_RISK
4,12.4321,75.7242,1208.9,43.9,175.8,88.2,13.5,49.9,15.3,990.3,Laterite,HIGH_RISK
8,26.892,88.184,1736.9,33.5,15.2,41.4,18.6,54.6,6.7,998.6,Laterite,SAFE
2,10.1511,77.006,1617.1,47.7,15.6,41.4,16.9,63.1,8.8,972.0,Colluvium,SAFE
1,11.5403,76.1279,894.3,17.3,45.9,53.9,21.2,73.9,33.7,990.1,Laterite,SAFE
2,11.3978,76.7217,1956.9,36.9,50.9,45.4,26.2,92.1,17.1,989.6,Colluvium,MODERATE_RISK
2,32.2345,77.1967,2053.3,49.3,142.62,88.5,20.1,83.2,18.4,986.7,Colluvium,HIGH_RISK
10,11.5432,76.1132,929.3,29.7,57.0,54.0,22.8,89.5,6.2,937.8,Colluvium,MODERATE_RISK
7,10.1449,77.0003,1691.0,48.7,13.7,46.1,19.0,50.2,13.3,917.3,Colluvium,SAFE
4,26.1506,91.6982,470.5,37.7,140.14,76.8,23.5,86.9,20.0,954.4,Clay Loam,HIGH_RISK
6,11.5162,76.1202,1029.3,36.9,54.6,60.8,19.0,61.4,9.0,979.5,Colluvium,MODERATE_RISK
3,11.5175,76.1352,1102.0,50.7,132.55,71.0,21.3,68.4,8.4,946.4,Weathered Granite,HIGH_RISK
5,11.5048,76.1351,1085.5,33.4,47.7,58.7,28.2,80.7,18.9,950.0,Weathered Granite,MODERATE_RISK
10,32.2539,77.2011,2107.2,34.0,50.4,68.4,20.5,55.7,27.2,929.1,Colluvium,MODERATE_RISK
7,26.8992,88.191,1714.4,36.3,38.94,66.2,17.5,96.3,20.2,950.4,Laterite,MODERATE_RISK
5,9.6851,76.9356,785.0,38.4,14.9,45.4,16.4,72.1,16.6,930.7,Laterite,SAFE
8,11.5416,76.1227,877.2,32.2,48.8,69.5,20.4,80.5,30.8,942.3,Colluvium,MODERATE_RISK
5,26.1518,91.6873,485.3,33.9,6.99,31.5,21.1,68.4,14.9,983.3,Clay Loam,SAFE
9,11.372,76.7856,1815.9,35.0,44.55,60.9,18.4,62.0,13.3,860.2,Weathered Granite,MODERATE_RISK
10,11.552,76.1222,952.9,13.7,34.5,15.4,19.9,86.1,7.5,947.1,Colluvium,SAFE
3,11.3878,76.719,1912.9,8.7,40.1,30.6,21.7,48.0,12.1,927.4,Residual Soil,SAFE
10,11.3586,76.7848,1852.0,42.7,151.91,94.4,21.6,89.1,29.9,1016.9,Weathered Granite,HIGH_RISK
4,11.5412,76.1231,1026.6,45.9,173.47,75.3,20.8,50.3,13.7,1031.6,Colluvium,HIGH_RISK
7,10.1624,77.0178,1806.0,46.0,115.4,83.2,21.6,75.5,8.9,942.3,Weathered Granite,HIGH_RISK
2,10.1314,77.0267,1603.1,46.5,116.98,83.4,20.5,69.4,28.2,981.6,Colluvium,HIGH_RISK
5,17.9593,73.5883,567.1,8.6,31.96,18.6,15.1,45.4,15.3,946.1,Laterite,SAFE
9,32.2475,77.1707,2098.4,47.3,148.12,78.7,19.3,73.5,32.7,998.6,Colluvium,HIGH_RISK
10,11.3711,76.726,1887.8,8.7,45.2,23.2,18.6,57.5,17.7,989.7,Clay Loam,SAFE
4,11.5477,76.1373,904.1,38.0,170.6,81.7,23.6,83.6,20.3,975.7,Colluvium,HIGH_RISK
2,30.5638,79.5816,1905.3,44.8,7.0,26.5,15.9,68.0,14.1,973.5,Weathered Granite,SAFE
9,11.4056,76.1111,761.1,41.9,14.47,12.4,17.5,61.4,10.2,944.4,Laterite,SAFE
10,12.4078,75.7505,1174.5,35.2,8.5,17.6,20.4,90.3,25.5,965.7,Residual Soil,SAFE
8,11.5366,76.146,943.3,36.9,31.96,47.1,22.7,80.7,9.1,947.7,Colluvium,MODERATE_RISK
6,10.1435,77.0122,1856.0,36.7,50.27,67.4,18.1,93.4,16.0,954.6,Weathered Granite,MODERATE_RISK
7,11.3722,76.7974,1868.0,41.8,114.6,89.2,14.4,78.3,23.8,926.6,Weathered Granite,HIGH_RISK
2,31.0881,77.1884,2338.2,33.8,42.85,61.4,25.3,91.3,15.0,980.9,Weathered Granite,MODERATE_RISK
4,12.4196,75.7501,1194.8,38.6,11.4,10.3,15.2,61.4,18.2,922.5,Residual Soil,SAFE
8,11.5214,76.1524,1081.1,30.4,54.0,70.1,20.9,56.2,34.6,1030.8,Weathered Granite,MODERATE_RISK
1,12.4255,75.7287,1128.7,37.6,17.3,45.1,16.1,65.5,32.5,977.9,Residual Soil,SAFE
3,32.2368,77.1844,2029.5,38.3,8.6,42.8,25.8,73.3,23.2,877.0,Colluvium,SAFE
2,30.5453,79.5644,1886.1,34.9,50.49,55.6,29.4,84.6,25.0,983.7,Weathered Granite,MODERATE_RISK
5,10.1722,77.0394,1804.7,33.3,58.0,67.3,25.4,47.8,9.2,963.1,Weathered Granite,MODERATE_RISK
7,26.1617,91.6873,506.8,31.6,5.0,36.7,21.3,86.0,6.3,909.7,Clay Loam,SAFE
7,31.1011,77.1738,2332.0,37.2,45.6,45.4,23.4,86.4,10.0,984.8,Clay Loam,MODERATE_RISK
5,30.5702,79.5473,1882.2,35.4,51.59,68.5,25.1,70.5,25.0,939.2,Weathered Granite,MODERATE_RISK
1,11.3888,76.7251,1918.6,37.3,55.6,65.4,16.1,80.6,29.1,903.9,Weathered Granite,MODERATE_RISK
10,11.3858,76.7099,1932.3,43.3,171.4,92.5,18.9,60.3,11.3,917.0,Weathered Granite,HIGH_RISK
4,26.18,91.6896,442.1,29.1,5.9,14.9,22.3,48.7,5.3,941.3,Clay Loam,SAFE
2,17.9645,73.5712,622.9,8.9,48.7,57.1,21.5,45.3,17.5,1003.2,Laterite,SAFE
5,30.5482,79.5523,1888.7,37.0,13.81,36.2,21.1,79.8,30.4,950.0,Weathered Granite,SAFE
9,32.2485,77.1714,2041.6,46.0,153.5,77.0,26.7,79.1,9.5,953.1,Colluvium,HIGH_RISK
10,26.8792,88.1925,1682.6,34.0,37.0,62.7,24.1,87.0,13.0,943.5,Colluvium,MODERATE_RISK
3,30.5533,79.5697,1901.8,38.5,15.46,26.6,19.9,80.9,17.6,906.2,Weathered Granite,SAFE
10,11.3709,76.6953,1944.4,45.5,153.4,80.9,19.9,52.7,16.3,957.0,Weathered Granite,HIGH_RISK
6,17.957,73.601,722.3,7.5,23.6,40.2,23.6,72.5,14.8,993.6,Colluvium,SAFE
7,11.5046,76.1557,1033.9,46.8,114.6,89.4,21.7,65.8,32.5,993.6,Weathered Granite,HIGH_RISK
3,30.5491,79.5688,1852.7,49.0,92.8,70.5,20.6,65.0,28.6,939.8,Weathered Granite,HIGH_RISK
6,11.3506,76.8057,1882.9,34.3,55.1,71.4,17.3,94.1,8.4,921.6,Laterite,MODERATE_RISK
1,11.3589,76.7821,1897.8,43.6,176.28,94.3,18.3,74.2,21.7,991.8,Colluvium,HIGH_RISK
10,10.1629,77.0038,1659.1,40.7,13.2,22.8,27.7,66.0,32.2,971.4,Colluvium,SAFE
4,11.3537,76.8005,1836.4,34.0,163.08,89.3,12.7,84.4,15.3,944.3,Laterite,HIGH_RISK
7,10.1362,77.0033,1653.2,50.8,149.16,95.7,18.9,67.3,8.8,959.3,Laterite,HIGH_RISK
6,26.1591,91.7006,411.6,30.1,162.64,91.6,16.2,79.0,22.2,979.9,Clay Loam,HIGH_RISK
5,12.4184,75.7386,1171.3,35.6,10.3,45.2,11.1,87.6,6.5,946.7,Residual Soil,SAFE
6,31.0932,77.1651,2319.1,48.2,3.08,39.5,16.4,48.9,19.6,1046.7,Clay Loam,SAFE
1,32.2438,77.2057,2055.6,8.4,43.7,36.2,25.1,72.1,33.3,1009.5,Laterite,SAFE
4,11.5624,76.1287,897.8,31.2,56.1,71.0,20.9,46.7,33.4,882.7,Colluvium,MODERATE_RISK
9,31.1205,77.1613,2302.9,12.1,30.9,47.0,23.7,45.5,11.6,842.4,Residual Soil,SAFE
8,11.5206,76.1133,965.7,39.1,147.8,80.6,19.3,68.7,5.6,1000.9,Colluvium,HIGH_RISK
10,11.564,76.1166,887.8,33.5,41.4,70.1,10.2,96.9,7.8,972.6,Colluvium,MODERATE_RISK
6,10.1382,77.0144,1623.2,34.4,52.9,62.8,18.3,95.9,9.6,947.4,Colluvium,MODERATE_RISK
4,11.4303,76.1209,780.4,37.6,48.13,70.9,24.2,86.1,24.1,960.5,Laterite,MODERATE_RISK
1,32.2234,77.208,2126.5,43.8,186.18,91.6,16.8,46.2,12.8,953.9,Colluvium,HIGH_RISK
3,10.1799,77.0089,1843.6,36.8,26.79,65.3,12.7,87.8,34.9,915.9,Weathered Granite,MODERATE_RISK
3,17.9232,73.6486,1312.1,38.0,140.7,75.1,19.1,81.2,15.4,948.2,Laterite,HIGH_RISK
10,11.5652,76.1116,917.6,44.2,134.25,74.9,19.0,56.1,30.7,993.4,Colluvium,HIGH_RISK
9,11.5204,76.1304,1017.6,16.1,38.06,21.2,25.7,86.7,26.4,954.6,Sandy Loam,SAFE
8,26.8841,88.2009,1691.8,36.6,49.06,68.4,14.5,82.5,30.1,1011.2,Laterite,MODERATE_RISK
8,11.406,76.1222,770.8,36.1,3.14,29.9,25.4,71.1,13.0,987.2,Laterite,SAFE
1,9.6953,76.9125,795.2,35.5,52.1,67.5,16.0,74.0,17.3,985.6,Laterite,MODERATE_RISK
7,10.1801,77.031,1763.7,52.9,136.12,85.0,19.7,52.7,29.9,910.9,Laterite,HIGH_RISK
7,30.5671,79.5535,1912.5,48.5,89.1,91.7,23.6,88.6,17.9,959.8,Weathered Granite,HIGH_RISK
5,11.3419,76.7927,1799.3,44.6,135.8,75.6,24.7,97.1,9.4,977.1,Laterite,HIGH_RISK
3,31.1245,77.1833,2237.7,55.9,85.86,90.8,15.8,46.0,8.4,973.7,Clay Loam,HIGH_RISK
7,10.1603,77.0332,1681.8,34.0,47.52,62.8,20.8,85.1,23.6,981.5,Colluvium,MODERATE_RISK
2,11.4144,76.0867,777.2,35.6,4.46,40.3,24.5,70.7,14.8,927.0,Laterite,SAFE
2,9.6708,76.9181,830.7,35.6,49.2,54.2,14.9,95.1,18.2,950.7,Laterite,MODERATE_RISK
2,10.1331,77.0178,1659.3,36.2,50.6,56.8,19.0,54.2,33.4,1007.4,Colluvium,MODERATE_RISK
5,17.9681,73.5796,620.8,41.7,128.0,90.2,23.7,73.1,8.9,950.9,Colluvium,HIGH_RISK
8,11.5491,76.1479,897.1,34.1,57.6,61.3,21.7,80.5,10.9,865.7,Colluvium,MODERATE_RISK
6,11.5169,76.1412,986.5,37.0,44.05,71.8,22.4,58.6,35.0,960.1,Colluvium,MODERATE_RISK
5,9.6747,76.8985,822.8,34.5,52.9,50.2,18.9,84.5,20.4,896.6,Laterite,MODERATE_RISK
7,11.5371,76.1267,978.5,40.6,162.47,90.3,18.4,54.4,13.5,980.8,Colluvium,HIGH_RISK
9,26.1534,91.7079,413.8,37.4,52.9,63.4,24.8,76.1,22.1,955.3,Weathered Granite,MODERATE_RISK
9,26.1843,91.7172,386.9,12.1,42.3,56.7,16.1,81.2,10.8,988.7,Sandy Loam,SAFE
6,10.1596,77.0158,1800.1,43.7,6.99,18.4,24.7,47.4,5.1,962.5,Weathered Granite,SAFE
3,9.6852,76.918,817.1,35.1,45.6,65.2,18.0,90.7,32.3,984.7,Laterite,MODERATE_RISK
7,9.6775,76.9357,878.6,30.5,55.3,66.3,19.3,82.7,25.4,931.4,Laterite,MODERATE_RISK
1,30.5684,79.566,1812.6,41.2,158.3,73.1,18.3,56.1,20.0,969.9,Weathered Granite,HIGH_RISK
9,32.2394,77.1822,2102.7,41.5,159.9,70.7,12.8,69.6,8.1,1015.4,Colluvium,HIGH_RISK
1,31.1116,77.1534,2236.9,36.1,45.8,63.8,27.9,57.5,32.6,1009.2,Colluvium,MODERATE_RISK
2,11.3874,76.7176,1918.6,33.6,47.7,64.8,13.9,76.7,34.9,961.1,Weathered Granite,MODERATE_RISK
9,12.4072,75.7439,1172.1,36.4,11.9,29.1,18.5,94.8,22.3,1013.4,Residual Soil,SAFE
1,9.6652,76.9232,807.4,42.9,13.1,33.3,11.6,90.1,34.1,908.4,Laterite,SAFE
2,26.894,88.1922,1703.1,36.0,3.2,16.6,15.5,85.9,31.5,907.9,Laterite,SAFE
10,12.4207,75.7403,1164.5,13.0,31.52,35.4,16.9,71.8,22.9,925.0,Laterite,SAFE
6,30.5424,79.5827,1851.3,46.7,155.4,75.4,25.3,71.7,18.4,933.4,Weathered Granite,HIGH_RISK
8,11.3998,76.0917,756.8,17.4,39.38,51.9,15.3,80.0,28.8,1046.1,Weathered Granite,SAFE
2,11.5425,76.1452,919.3,28.0,51.32,67.5,20.8,87.7,33.5,914.1,Weathered Granite,MODERATE_RISK
7,32.2247,77.1778,2065.5,37.3,49.5,64.6,22.6,62.9,6.5,939.9,Laterite,MODERATE_RISK
10,10.1441,77.0124,1646.0,37.6,54.9,57.9,18.3,87.6,20.8,919.7,Colluvium,MODERATE_RISK
4,10.1491,77.0021,1649.0,37.9,56.1,59.2,21.1,86.0,18.0,939.3,Weathered Granite,MODERATE_RISK
9,26.9007,88.1665,1681.4,5.4,41.9,46.2,21.3,62.1,21.7,1028.0,Weathered Granite,SAFE
10,10.152,77.0359,1600.3,40.9,11.94,36.4,19.6,75.4,20.6,934.7,Colluvium,SAFE
5,32.2497,77.1893,2079.9,4.9,25.3,43.2,18.0,83.6,16.8,891.0,Sandy Loam,SAFE
10,30.5685,79.5791,1864.3,41.6,15.46,34.1,21.4,50.5,17.0,976.8,Weathered Granite,SAFE
8,26.8925,88.193,1682.7,35.1,13.3,25.6,12.8,55.7,20.1,924.7,Laterite,SAFE
2,17.9315,73.6524,1404.4,32.5,51.8,47.4,19.1,82.2,10.6,952.4,Laterite,MODERATE_RISK
3,26.9007,88.1832,1730.1,31.5,16.12,39.9,23.4,73.9,27.8,935.5,Laterite,SAFE
1,17.9433,73.6465,1348.4,40.2,154.94,90.2,19.7,94.7,17.5,967.8,Laterite,HIGH_RISK
8,30.5406,79.5694,1846.9,38.8,168.4,80.6,18.0,80.6,31.7,952.6,Clay Loam,HIGH_RISK
10,30.5678,79.5838,1867.2,29.0,53.7,46.5,12.5,96.1,24.4,909.8,Weathered Granite,MODERATE_RISK
6,11.4022,76.1087,738.0,34.7,46.2,66.6,21.8,96.9,17.4,953.8,Laterite,MODERATE_RISK
1,17.9381,73.6503,1360.0,36.7,42.3,55.5,18.3,83.2,5.6,938.3,Laterite,MODERATE_RISK
2,11.551,76.1446,910.1,36.0,52.14,60.2,15.3,88.3,27.4,917.4,Colluvium,MODERATE_RISK
8,26.8839,88.1754,1680.7,10.9,39.6,20.5,21.8,72.6,5.5,892.7,Weathered Granite,SAFE
9,30.5372,79.5642,1901.3,31.8,25.4,67.4,19.3,94.8,34.8,920.3,Weathered Granite,MODERATE_RISK
9,32.2391,77.2006,2077.9,36.6,47.74,68.1,24.9,89.5,30.3,876.3,Colluvium,MODERATE_RISK
6,11.3424,76.8077,1916.8,41.0,158.8,70.1,24.4,67.7,29.6,979.6,Weathered Granite,HIGH_RISK
5,11.3958,76.7032,1938.1,46.1,152.84,92.0,18.4,85.8,20.9,967.5,Weathered Granite,HIGH_RISK
2,10.1603,77.026,1662.6,40.9,15.24,44.4,16.3,56.2,25.6,975.6,Colluvium,SAFE
3,11.5456,76.1165,1010.6,33.9,45.87,65.0,22.7,95.3,27.8,892.0,Colluvium,MODERATE_RISK
2,11.4022,76.0863,792.9,12.4,40.5,30.8,18.8,49.8,10.1,926.4,Sandy Loam,SAFE
7,11.5191,76.1201,982.0,37.8,46.2,70.1,24.8,78.7,17.2,973.3,Colluvium,MODERATE_RISK
4,11.5288,76.1283,1015.1,49.9,116.38,71.5,26.0,70.0,11.8,1036.9,Weathered Granite,HIGH_RISK
7,17.9242,73.6682,1355.2,34.2,45.38,67.9,28.1,87.4,14.9,946.3,Laterite,MODERATE_RISK
4,26.166,91.6827,459.1,31.7,4.3,16.4,21.9,62.4,22.9,988.8,Clay Loam,SAFE
4,11.567,76.1173,926.9,40.7,8.1,22.9,23.2,53.5,5.1,950.0,Colluvium,SAFE
3,32.2448,77.1995,2041.4,52.9,133.32,90.0,23.3,79.9,19.1,866.1,Weathered Granite,HIGH_RISK
6,12.4281,75.7567,1191.9,35.8,16.4,24.8,12.6,75.8,26.7,955.9,Residual Soil,SAFE
10,17.9292,73.6597,1356.0,37.4,9.79,42.3,16.5,50.4,32.1,948.4,Laterite,SAFE
10,17.9423,73.6463,1313.1,32.5,2.2,44.8,11.3,76.7,7.2,954.1,Laterite,SAFE
7,11.5397,76.1404,1000.6,31.9,56.2,62.7,15.6,81.1,13.1,980.6,Colluvium,MODERATE_RISK
7,11.548,76.1275,967.0,39.6,13.4,20.8,16.6,63.3,30.4,957.4,Colluvium,SAFE
1,10.1468,77.0343,1605.8,39.7,10.07,39.7,20.0,73.6,26.7,973.5,Colluvium,SAFE
9,30.5596,79.5765,1838.9,43.9,183.48,90.8,25.9,83.9,16.1,998.6,Weathered Granite,HIGH_RISK
3,10.1598,77.0068,1693.5,42.3,159.01,86.7,18.4,55.8,34.3,967.0,Laterite,HIGH_RISK
3,11.5207,76.1202,962.8,43.6,17.9,46.7,15.4,88.2,15.8,986.0,Colluvium,SAFE
3,10.1704,77.0277,1780.5,36.7,42.57,66.9,16.4,87.2,14.2,909.9,Weathered Granite,MODERATE_RISK
8,10.1761,77.0328,1796.3,34.7,51.2,68.9,13.8,95.4,34.8,892.9,Weathered Granite,MODERATE_RISK
3,31.1195,77.1779,2282.7,48.3,16.1,11.5,19.5,46.6,5.1,931.7,Clay Loam,SAFE
3,11.4132,76.103,766.2,34.8,12.7,11.4,14.2,56.0,33.3,968.1,Laterite,SAFE
2,11.3669,76.7104,1821.9,37.3,40.8,64.2,16.2,57.9,27.4,914.1,Weathered Granite,MODERATE_RISK
1,32.2562,77.1774,2017.4,47.7,118.4,86.0,17.0,82.1,15.2,901.5,Colluvium,HIGH_RISK
10,10.153,77.0113,1669.6,36.5,39.1,66.3,21.8,63.6,29.3,963.6,Colluvium,MODERATE_RISK
4,26.8775,88.1935,1706.0,32.4,14.03,29.6,19.7,86.4,13.5,869.4,Laterite,SAFE
4,30.5691,79.5617,1873.6,36.3,49.7,65.9,23.0,77.7,12.6,929.1,Weathered Granite,MODERATE_RISK
6,11.5291,76.1367,1064.2,47.0,14.7,31.7,15.3,70.6,25.1,896.6,Weathered Granite,SAFE
10,11.5182,76.1361,1016.6,42.4,176.9,86.8,21.2,50.4,32.3,975.0,Weathered Granite,HIGH_RISK
8,11.396,76.1048,740.6,39.4,14.79,45.4,18.2,50.6,22.6,950.5,Laterite,SAFE
8,31.1003,77.1556,2259.3,46.9,106.53,72.0,16.9,85.4,16.6,935.6,Clay Loam,HIGH_RISK
8,30.5401,79.5792,1907.3,45.3,141.1,93.7,25.1,70.1,18.8,921.9,Clay Loam,HIGH_RISK
4,11.5656,76.1302,910.0,31.3,51.87,63.6,20.8,52.1,29.3,885.1,Colluvium,MODERATE_RISK
10,9.6817,76.9015,787.1,36.1,49.34,56.4,15.7,56.1,5.4,984.6,Laterite,MODERATE_RISK
2,11.3527,76.8104,1857.6,10.9,40.7,49.4,22.6,58.8,10.7,898.5,Colluvium,SAFE
8,17.9112,73.6776,1353.9,34.7,15.24,42.4,17.9,60.4,29.4,923.0,Laterite,SAFE
2,17.9704,73.5638,641.2,6.5,41.41,38.5,19.1,54.5,22.3,996.1,Sandy Loam,SAFE
7,11.3993,76.711,1871.1,36.2,33.99,68.8,18.6,71.3,33.6,876.4,Weathered Granite,MODERATE_RISK
1,17.9672,73.5638,600.3,27.1,54.1,70.6,29.5,81.0,12.1,960.2,Colluvium,MODERATE_RISK
8,10.1749,77.0336,1754.1,35.2,27.9,55.1,19.1,90.9,24.2,965.8,Weathered Granite,MODERATE_RISK
1,32.2384,77.1743,2032.9,16.0,12.6,28.7,19.4,96.5,13.1,891.1,Weathered Granite,SAFE
5,10.1769,77.0305,1803.0,9.2,39.4,59.8,20.0,73.4,9.3,1000.9,Laterite,SAFE
4,10.1768,77.0134,1740.9,16.4,38.23,44.3,15.7,58.9,12.3,967.1,Sandy Loam,SAFE
5,26.8848,88.1803,1689.0,40.3,179.5,94.0,20.3,63.9,21.0,952.0,Laterite,HIGH_RISK
9,11.4142,76.1115,768.5,37.5,15.1,47.0,26.8,63.9,12.2,894.5,Laterite,SAFE
9,32.2576,77.1775,2044.1,45.4,16.6,31.2,17.9,72.4,29.1,889.4,Colluvium,SAFE
3,11.5029,76.1564,985.0,17.9,20.2,54.1,16.8,68.7,17.6,953.1,Sandy Loam,SAFE
4,31.0945,77.1574,2262.7,7.4,30.75,56.6,19.8,86.4,6.2,949.0,Colluvium,SAFE
8,30.5427,79.5528,1900.9,36.1,47.25,65.6,13.3,96.6,11.6,854.8,Colluvium,MODERATE_RISK
1,32.2586,77.1823,2077.5,37.6,55.7,50.1,14.4,95.6,20.3,962.6,Colluvium,MODERATE_RISK
4,9.6792,76.9187,800.3,38.6,160.2,82.8,18.8,68.4,16.6,1005.9,Laterite,HIGH_RISK
2,9.6988,76.9248,829.8,45.9,166.49,85.5,20.0,65.5,14.6,998.7,Laterite,HIGH_RISK
1,11.5665,76.1345,908.2,41.2,11.5,26.4,12.4,67.7,34.0,1006.4,Colluvium,SAFE
4,10.1726,77.0068,1796.4,45.1,133.6,70.7,16.5,53.3,10.2,948.9,Weathered Granite,HIGH_RISK
5,31.1185,77.1849,2287.5,53.0,17.6,23.5,20.5,50.0,11.3,939.7,Clay Loam,SAFE
2,17.919,73.6701,1323.1,6.1,37.2,29.7,24.7,71.0,7.3,928.3,Clay Loam,SAFE
9,11.5586,76.1421,924.3,39.3,14.03,22.9,13.1,68.9,5.3,1028.1,Colluvium,SAFE
7,26.8766,88.1798,1720.5,30.0,6.44,16.2,19.6,91.5,23.2,978.1,Laterite,SAFE
2,26.9064,88.186,1699.5,32.7,136.24,95.8,16.4,89.1,25.0,909.9,Laterite,HIGH_RISK
7,32.2537,77.1694,2070.0,44.6,155.38,75.1,20.4,63.0,11.1,948.8,Colluvium,HIGH_RISK
6,17.9628,73.5776,598.9,37.7,50.0,53.0,18.0,83.1,28.0,938.2,Colluvium,MODERATE_RISK
5,11.5441,76.1492,973.4,12.6,27.0,29.0,16.0,72.1,9.0,891.5,Colluvium,SAFE
4,26.8728,88.1813,1740.9,31.1,40.37,68.8,18.7,96.7,5.1,958.2,Laterite,MODERATE_RISK
10,30.5636,79.5552,1885.4,47.6,156.1,91.9,20.3,85.4,32.5,979.3,Weathered Granite,HIGH_RISK
7,11.507,76.1558,1107.9,42.4,163.08,70.1,22.2,58.3,20.6,959.7,Weathered Granite,HIGH_RISK
2,11.5482,76.1128,959.8,34.7,47.3,46.2,29.2,88.9,31.3,976.4,Colluvium,MODERATE_RISK
5,26.8821,88.1969,1726.3,6.4,27.89,40.0,23.2,97.8,12.8,987.6,Weathered Granite,SAFE
7,11.5284,76.1279,1041.6,52.4,179.9,93.8,17.3,95.5,17.0,990.4,Weathered Granite,HIGH_RISK
1,9.6903,76.9096,782.5,32.8,57.8,71.1,18.4,86.6,17.4,911.2,Laterite,MODERATE_RISK
7,9.6736,76.935,815.2,43.9,161.32,87.3,23.0,94.0,7.1,910.2,Laterite,HIGH_RISK
5,32.2464,77.187,2092.9,34.1,47.36,65.2,15.5,92.2,13.6,970.5,Clay Loam,MODERATE_RISK
3,26.1588,91.7104,463.7,29.9,6.88,28.9,19.4,96.0,23.6,897.7,Clay Loam,SAFE
9,11.387,76.7208,1944.4,39.1,162.31,73.1,27.2,94.0,30.1,945.8,Weathered Granite,HIGH_RISK
10,11.5712,76.117,887.7,31.1,57.7,48.2,16.7,91.8,15.7,918.0,Weathered Granite,MODERATE_RISK
4,32.2357,77.2034,2077.2,49.1,141.13,76.6,23.2,47.4,21.8,927.9,Colluvium,HIGH_RISK
2,26.8979,88.1711,1714.3,11.8,27.06,26.9,21.3,54.3,18.6,948.6,Weathered Granite,SAFE
3,9.696,76.9154,837.2,40.3,4.4,43.5,24.0,92.9,8.4,949.5,Laterite,SAFE
9,26.1643,91.7164,429.3,37.7,52.5,68.7,24.8,90.8,12.5,929.4,Clay Loam,MODERATE_RISK
10,10.1667,77.0001,1664.0,49.6,176.7,70.4,9.5,74.6,14.1,908.5,Colluvium,HIGH_RISK
2,12.4272,75.7513,1189.2,32.3,9.3,42.4,22.6,71.9,23.7,967.4,Residual Soil,SAFE
1,11.5467,76.1396,951.9,36.4,169.9,92.8,13.4,90.8,5.7,953.0,Colluvium,HIGH_RISK
2,31.1012,77.1722,2278.5,34.1,57.9,64.0,19.1,84.0,5.1,995.7,Weathered Granite,MODERATE_RISK
2,11.3738,76.6993,1883.3,38.6,1.5,34.0,18.7,80.0,8.6,964.5,Weathered Granite,SAFE
10,30.5564,79.5481,1832.3,39.1,183.81,74.8,19.0,70.2,11.1,874.4,Colluvium,HIGH_RISK
1,11.5319,76.1638,1072.6,41.6,12.65,24.1,18.2,57.2,28.0,970.3,Weathered Granite,SAFE
2,11.51,76.1258,1063.6,34.6,54.8,69.6,19.9,82.1,5.2,942.1,Weathered Granite,MODERATE_RISK
3,17.9693,73.6,564.6,37.9,49.4,68.1,23.3,52.4,14.2,925.3,Weathered Granite,MODERATE_RISK
6,30.5634,79.5711,1932.4,41.1,15.24,39.4,23.5,56.2,21.7,958.1,Weathered Granite,SAFE
1,11.5651,76.1109,866.3,36.7,46.7,57.6,21.6,97.2,27.4,915.1,Laterite,MODERATE_RISK
10,10.1561,77.023,1764.3,4.5,30.8,53.1,19.3,60.9,30.1,903.4,Clay Loam,SAFE
10,26.1765,91.7137,411.5,8.3,39.88,60.5,16.6,48.3,28.6,1022.8,Laterite,SAFE
9,11.513,76.1599,1066.7,48.5,137.61,79.8,19.6,74.6,14.8,1003.2,Weathered Granite,HIGH_RISK
1,17.929,73.6593,1339.8,4.1,36.6,30.1,23.0,70.9,5.2,972.9,Sandy Loam,SAFE
7,11.362,76.7807,1839.1,39.9,155.32,78.2,22.2,76.3,9.3,938.3,Weathered Granite,HIGH_RISK
10,11.3658,76.7794,1798.8,38.5,13.7,27.7,30.0,47.6,33.8,956.0,Weathered Granite,SAFE
5,9.6959,76.9065,795.3,35.5,49.3,69.1,16.3,96.6,16.0,917.7,Weathered Granite,MODERATE_RISK
1,11.5185,76.1349,994.5,35.5,49.7,54.8,22.9,90.8,21.7,903.7,Colluvium,MODERATE_RISK
5,10.1676,77.0172,1659.9,31.4,54.4,67.4,17.9,90.0,17.3,938.1,Colluvium,MODERATE_RISK
8,30.5601,79.5854,1822.7,35.5,48.4,50.5,22.3,80.5,27.7,915.8,Weathered Granite,MODERATE_RISK
7,11.4134,76.0925,786.5,7.4,45.5,53.5,18.7,75.6,5.6,924.0,Sandy Loam,SAFE
5,17.9553,73.5622,625.3,33.1,49.8,62.2,21.3,81.5,7.9,916.4,Weathered Granite,MODERATE_RISK
1,10.1679,77.0096,1795.3,47.8,147.34,82.7,24.4,74.7,11.5,1030.3,Weathered Granite,HIGH_RISK
5,11.3805,76.714,1917.7,41.2,118.47,81.0,23.1,55.5,26.5,980.7,Weathered Granite,HIGH_RISK
3,11.5369,76.1335,943.3,11.0,22.88,31.4,21.2,84.7,33.6,974.1,Laterite,SAFE
7,32.2405,77.1894,2096.1,45.1,178.75,74.1,14.4,65.6,24.4,959.9,Colluvium,HIGH_RISK
7,11.5113,76.1293,1092.0,31.7,43.23,61.5,22.1,84.4,15.8,921.3,Weathered Granite,MODERATE_RISK
8,11.4133,76.1139,787.3,30.2,57.7,58.1,22.2,86.1,7.8,929.9,Laterite,MODERATE_RISK
7,17.9356,73.6556,1350.0,34.8,53.9,68.8,18.7,96.9,26.0,1047.8,Laterite,MODERATE_RISK
5,12.4059,75.7386,1178.3,35.4,158.1,88.9,17.5,91.6,12.3,942.6,Clay Loam,HIGH_RISK
3,32.2346,77.1717,1978.1,47.0,183.48,75.5,18.5,68.9,15.7,964.0,Colluvium,HIGH_RISK
9,10.1501,77.02,1631.3,45.8,5.3,17.6,20.4,61.6,20.0,966.3,Colluvium,SAFE
2,30.5491,79.5828,1879.7,30.6,53.1,67.9,22.9,96.8,17.2,934.7,Weathered Granite,MODERATE_RISK
6,11.3709,76.7008,1974.3,31.6,34.32,60.2,22.7,81.7,17.1,904.0,Weathered Granite,MODERATE_RISK
3,30.5711,79.5834,1882.9,7.2,24.2,30.9,23.8,53.4,23.3,987.0,Sandy Loam,SAFE
2,11.5314,76.1542,1068.5,50.6,161.1,77.1,23.1,97.9,25.2,905.3,Weathered Granite,HIGH_RISK
6,10.1434,77.0103,1814.1,55.1,158.8,92.3,20.1,61.3,28.3,874.6,Colluvium,HIGH_RISK
10,10.1654,77.006,1655.6,10.3,16.6,43.9,24.2,72.4,13.5,998.0,Laterite,SAFE
6,11.5494,76.1433,901.0,36.5,12.8,25.8,15.9,96.6,13.3,937.3,Colluvium,SAFE
7,17.9721,73.5912,668.6,46.1,117.2,91.5,19.8,68.3,14.8,933.2,Colluvium,HIGH_RISK
7,17.9458,73.646,1320.6,41.9,114.9,91.7,20.2,48.2,5.3,984.8,Laterite,HIGH_RISK
1,32.2629,77.2073,2046.4,45.9,16.3,14.6,20.5,54.8,17.8,905.3,Colluvium,SAFE
1,11.5431,76.1421,1003.7,37.4,36.1,66.3,21.9,96.8,24.3,898.2,Colluvium,MODERATE_RISK
4,11.3592,76.7871,1809.1,44.6,130.13,95.0,22.5,68.5,14.8,1022.0,Weathered Granite,HIGH_RISK
7,11.3895,76.7014,1921.2,36.2,49.7,58.2,15.5,46.1,12.9,915.5,Weathered Granite,MODERATE_RISK
7,17.945,73.593,619.1,37.8,53.2,68.0,21.6,72.8,14.1,926.4,Colluvium,MODERATE_RISK
1,17.9679,73.5768,591.2,17.3,36.74,18.6,23.2,49.4,30.9,931.6,Laterite,SAFE
3,11.3399,76.8142,1837.8,32.9,14.4,42.7,17.9,68.3,32.6,900.6,Weathered Granite,SAFE
6,17.9425,73.5638,645.4,44.4,144.5,70.5,16.7,57.1,23.7,945.4,Colluvium,HIGH_RISK
2,10.1422,77.0169,1767.1,55.5,138.27,75.3,16.6,75.6,24.4,935.4,Weathered Granite,HIGH_RISK
8,17.9445,73.5771,628.0,36.2,47.6,55.4,17.5,80.7,17.8,969.6,Colluvium,MODERATE_RISK
3,17.9528,73.5638,613.7,35.9,40.76,70.4,23.5,83.8,21.7,901.5,Laterite,MODERATE_RISK
8,11.5074,76.1476,1044.9,37.8,48.57,56.5,16.5,64.0,16.8,1002.6,Weathered Granite,MODERATE_RISK
10,17.9384,73.651,1365.9,37.0,130.9,92.0,15.5,47.1,17.9,990.5,Laterite,HIGH_RISK
2,10.1678,77.025,1773.3,50.2,151.36,82.8,19.3,89.9,32.2,933.3,Weathered Granite,HIGH_RISK
3,9.6721,76.8994,811.2,12.5,37.95,55.4,20.2,57.6,21.7,1017.1,Clay Loam,SAFE
3,11.4111,76.0909,802.5,34.3,37.45,70.1,23.1,96.5,8.0,884.4,Laterite,MODERATE_RISK
7,11.5684,76.1178,929.9,45.9,105.1,82.0,13.5,97.4,29.8,929.7,Colluvium,HIGH_RISK
5,11.3912,76.7187,1901.1,46.0,132.9,86.7,18.6,52.6,21.8,930.1,Laterite,HIGH_RISK
4,9.6709,76.9177,900.0,31.9,45.38,67.2,24.5,74.5,29.4,977.4,Laterite,MODERATE_RISK
9,11.546,76.1166,1025.1,44.6,130.24,81.1,22.2,87.2,14.3,980.6,Colluvium,HIGH_RISK
5,10.1706,77.0289,1792.8,53.2,160.5,91.6,19.7,92.0,5.7,933.7,Weathered Granite,HIGH_RISK
1,11.5455,76.1417,870.1,28.9,55.4,70.9,16.4,85.3,17.0,982.4,Weathered Granite,MODERATE_RISK
7,31.1009,77.1779,2314.2,44.2,146.7,93.3,21.3,72.8,23.1,909.4,Clay Loam,HIGH_RISK
1,9.6909,76.9132,813.0,42.1,173.75,71.7,18.8,62.5,24.7,1065.7,Laterite,HIGH_RISK
7,17.9381,73.6603,1363.4,11.7,35.2,22.4,20.3,50.4,31.1,904.7,Sandy Loam,SAFE
10,30.545,79.5528,1901.8,39.0,124.19,86.3,15.6,66.0,14.0,974.0,Weathered Granite,HIGH_RISK
6,11.3924,76.7294,1968.6,39.8,177.87,73.3,23.0,59.2,9.4,973.7,Weathered Granite,HIGH_RISK
2,10.1537,77.0296,1644.3,9.4,48.4,52.7,15.8,87.2,26.6,915.5,Colluvium,SAFE
9,11.5345,76.1512,978.9,43.3,12.9,18.4,15.6,78.1,34.8,860.3,Colluvium,SAFE
6,32.243,77.1717,2077.8,4.4,24.04,26.2,15.3,84.0,12.3,1003.9,Laterite,SAFE
9,11.5346,76.1257,1069.2,46.5,116.0,94.7,23.0,62.9,28.5,941.5,Clay Loam,HIGH_RISK
3,11.549,76.1376,1004.2,7.9,20.7,59.5,19.8,96.4,20.1,970.1,Weathered Granite,SAFE
7,26.1681,91.6822,425.4,34.8,52.6,71.0,14.1,86.4,31.8,870.0,Clay Loam,MODERATE_RISK
8,11.5352,76.142,1090.2,53.7,185.19,79.5,22.4,64.2,21.4,921.2,Weathered Granite,HIGH_RISK
10,10.1659,77.0097,1628.2,37.5,51.0,59.7,22.0,93.1,28.9,949.2,Colluvium,MODERATE_RISK
6,12.4224,75.7553,1139.2,37.2,14.5,20.2,20.2,82.5,29.5,960.3,Residual Soil,SAFE
10,11.5169,76.1252,972.5,38.7,13.75,21.4,19.5,76.8,29.0,989.8,Colluvium,SAFE
1,11.5232,76.1266,998.4,38.8,140.47,74.8,22.9,97.3,28.8,859.3,Colluvium,HIGH_RISK
7,17.9313,73.6518,1341.7,41.4,146.8,79.4,26.3,68.5,33.2,949.8,Laterite,HIGH_RISK
9,17.937,73.6485,1346.8,37.5,54.1,62.6,25.3,65.5,23.6,976.3,Colluvium,MODERATE_RISK
9,10.154,77.014,1771.8,16.1,4.6,55.7,11.8,96.2,33.9,979.9,Laterite,SAFE
2,32.2351,77.1911,2118.9,43.6,17.3,43.9,14.1,75.3,26.1,957.2,Colluvium,SAFE
5,26.1604,91.7119,477.4,6.5,36.19,37.4,9.3,49.1,13.7,1021.1,Laterite,SAFE
5,11.5152,76.1318,959.5,41.6,104.8,84.2,19.9,49.0,24.2,893.2,Weathered Granite,HIGH_RISK
4,9.6654,76.9269,837.7,41.9,8.7,35.8,18.9,75.9,14.2,978.1,Laterite,SAFE
7,11.512,76.1496,1056.1,4.4,42.74,59.5,25.6,72.9,33.9,996.0,Weathered Granite,SAFE
10,10.1384,77.0107,1616.7,37.5,34.6,70.1,18.1,80.9,34.2,924.0,Colluvium,MODERATE_RISK
9,11.3435,76.7914,1894.9,12.3,20.0,35.5,15.2,85.7,20.0,954.6,Laterite,SAFE
9,11.5713,76.1302,939.9,38.5,107.1,95.7,16.7,68.1,10.9,967.9,Colluvium,HIGH_RISK
3,32.2264,77.176,2053.7,32.0,49.06,65.0,24.4,94.4,5.9,915.8,Weathered Granite,MODERATE_RISK
8,11.3532,76.8027,1869.2,11.6,27.66,28.3,15.8,53.6,16.8,968.9,Weathered Granite,SAFE
7,9.6648,76.8986,829.3,10.5,17.33,47.4,23.4,76.0,24.0,893.1,Sandy Loam,SAFE
7,17.9085,73.659,1325.4,36.7,8.47,26.2,25.6,60.1,34.9,1067.7,Laterite,SAFE
8,9.6927,76.9107,816.1,42.1,6.0,23.9,25.0,62.1,8.5,912.4,Laterite,SAFE
9,11.3992,76.7259,1933.4,32.7,44.7,56.5,16.2,82.6,8.3,931.3,Weathered Granite,MODERATE_RISK
5,11.5226,76.1259,1082.1,32.7,52.0,61.0,18.8,89.0,33.7,958.7,Weathered Granite,MODERATE_RISK
3,30.5387,79.5725,1819.8,37.6,49.6,58.8,10.9,61.4,13.8,948.1,Weathered Granite,MODERATE_RISK
5,11.3446,76.8125,1814.4,38.4,149.7,83.3,25.4,68.9,6.2,981.7,Weathered Granite,HIGH_RISK
10,9.6993,76.8988,822.1,17.2,39.0,49.2,19.7,95.1,14.2,1004.5,Sandy Loam,SAFE
8,11.3569,76.8124,1872.3,28.4,44.0,69.8,17.4,97.8,5.7,843.0,Colluvium,MODERATE_RISK
8,11.3944,76.0906,770.1,37.1,9.3,34.9,13.9,68.3,16.6,951.8,Laterite,SAFE
9,11.5652,76.1268,921.7,43.7,142.9,73.4,16.7,69.3,9.9,951.5,Colluvium,HIGH_RISK
7,12.4187,75.7309,1142.2,14.1,40.1,25.1,15.6,85.0,13.0,991.5,Residual Soil,SAFE
9,11.5358,76.1562,1023.6,52.1,118.14,81.7,14.7,46.2,28.7,962.2,Clay Loam,HIGH_RISK
4,11.5381,76.1464,999.3,42.1,14.8,21.2,11.8,85.4,13.9,915.0,Colluvium,SAFE
6,26.8896,88.1641,1717.4,38.8,132.0,87.6,17.4,45.9,26.8,920.7,Laterite,HIGH_RISK
8,10.1383,76.9994,1632.6,50.0,149.38,83.2,26.4,95.3,27.8,956.5,Colluvium,HIGH_RISK
10,11.5506,76.1251,983.1,40.2,14.4,45.6,27.2,53.2,13.0,933.0,Colluvium,SAFE
8,11.3861,76.7295,1917.3,33.8,53.3,68.6,14.7,58.6,21.5,1019.0,Weathered Granite,MODERATE_RISK
9,26.1724,91.692,521.4,27.2,13.31,35.2,22.0,45.1,25.1,924.6,Clay Loam,SAFE
8,11.3674,76.6953,1890.9,47.7,95.6,88.6,17.8,58.5,23.0,1005.3,Weathered Granite,HIGH_RISK
5,11.385,76.6926,1943.2,45.6,85.47,88.5,17.3,90.1,30.1,969.4,Weathered Granite,HIGH_RISK
4,11.3696,76.804,1821.2,36.5,50.82,67.5,18.4,73.8,23.5,995.5,Weathered Granite,MODERATE_RISK
8,30.5667,79.5683,1810.7,6.9,38.78,34.9,15.2,51.7,22.5,881.0,Sandy Loam,SAFE
9,11.4045,76.1042,809.3,36.2,53.4,67.4,22.9,93.0,20.7,871.2,Laterite,MODERATE_RISK
5,10.161,77.0277,1740.0,29.4,55.6,61.9,26.1,91.7,14.1,948.5,Weathered Granite,MODERATE_RISK
7,11.5506,76.1347,912.3,37.3,56.9,51.8,13.0,85.7,13.4,854.1,Colluvium,MODERATE_RISK
4,11.5702,76.1297,929.7,38.8,9.74,45.5,23.0,56.7,26.7,987.2,Colluvium,SAFE
10,32.2591,77.1811,2076.2,47.9,128.65,75.5,14.8,86.5,19.0,905.5,Colluvium,HIGH_RISK
10,10.143,77.0237,1716.7,43.0,11.99,16.2,22.7,56.1,22.7,954.3,Colluvium,SAFE
3,31.0917,77.1603,2256.9,44.3,13.2,29.6,15.6,92.9,28.2,977.3,Clay Loam,SAFE
7,11.4116,76.086,717.1,36.9,54.9,49.9,18.4,87.4,15.1,905.8,Laterite,MODERATE_RISK
1,26.8693,88.1798,1712.4,34.9,140.3,87.5,21.3,87.7,24.3,921.0,Laterite,HIGH_RISK
4,30.5702,79.5572,1878.5,37.1,56.3,59.3,20.9,84.0,9.2,921.1,Weathered Granite,MODERATE_RISK
6,31.1143,77.1783,2285.8,45.8,13.64,42.7,21.7,64.8,18.0,937.8,Clay Loam,SAFE
4,11.5306,76.1288,1005.1,51.3,106.48,88.3,21.0,55.1,30.2,918.3,Weathered Granite,HIGH_RISK
8,26.1735,91.6858,431.6,38.5,164.7,85.4,19.3,50.2,8.5,970.9,Clay Loam,HIGH_RISK
3,9.6659,76.9226,836.5,15.7,25.19,17.1,22.4,45.0,12.4,951.6,Clay Loam,SAFE
7,31.1119,77.1773,2253.5,46.8,155.8,77.8,24.4,64.4,34.3,979.0,Clay Loam,HIGH_RISK
5,30.5409,79.5626,1898.8,48.7,75.08,90.4,20.3,86.2,17.3,1016.4,Weathered Granite,HIGH_RISK
5,17.9591,73.5973,630.4,52.9,176.0,75.6,18.7,65.9,21.1,989.5,Colluvium,HIGH_RISK
5,10.1495,77.0174,1718.9,49.6,181.78,92.5,29.1,61.8,7.1,997.5,Weathered Granite,HIGH_RISK
7,17.959,73.5815,580.9,44.6,168.8,95.3,20.8,90.9,21.7,939.9,Colluvium,HIGH_RISK
2,11.3877,76.7245,1942.6,37.1,39.5,50.2,24.9,91.7,28.7,977.9,Weathered Granite,MODERATE_RISK
1,11.4176,76.1193,769.3,33.7,56.0,47.7,16.4,81.3,21.6,966.7,Laterite,MODERATE_RISK
7,11.5365,76.1432,926.3,36.9,51.48,47.8,22.1,90.5,20.6,908.8,Colluvium,MODERATE_RISK
4,10.1563,77.0318,1630.7,43.7,15.9,30.8,21.6,95.4,7.8,934.5,Colluvium,SAFE
9,11.509,76.1534,1007.2,31.3,38.39,56.5,18.9,90.5,16.6,943.0,Weathered Granite,MODERATE_RISK
5,30.5502,79.5836,1867.5,37.6,48.9,68.5,22.1,80.7,26.8,914.9,Weathered Granite,MODERATE_RISK
9,11.5379,76.1593,1079.5,36.7,37.95,71.3,21.7,87.7,23.4,991.7,Weathered Granite,MODERATE_RISK
3,12.4204,75.7544,1171.5,34.5,10.7,16.5,19.0,81.4,17.5,987.3,Residual Soil,SAFE
7,17.9404,73.5791,613.8,8.8,25.6,58.7,19.5,74.8,5.0,911.2,Clay Loam,SAFE
8,10.1745,77.0276,1832.1,35.1,54.8,66.5,20.8,45.5,29.5,911.1,Colluvium,MODERATE_RISK
1,32.2335,77.2059,2018.1,51.4,134.15,86.2,15.3,52.1,22.3,930.7,Colluvium,HIGH_RISK
3,31.0948,77.1867,2281.9,51.1,154.3,82.1,30.9,83.6,28.2,879.4,Clay Loam,HIGH_RISK
1,17.9375,73.6647,1352.7,40.8,115.1,80.0,19.0,67.6,15.1,955.4,Laterite,HIGH_RISK
3,11.5424,76.1178,897.9,37.7,130.02,77.5,14.7,57.1,27.4,949.1,Colluvium,HIGH_RISK
10,11.5474,76.1137,982.3,34.2,36.1,72.0,21.3,86.8,23.6,944.2,Colluvium,MODERATE_RISK
3,11.545,76.1487,1058.2,48.7,167.8,81.1,20.9,66.8,32.4,910.1,Colluvium,HIGH_RISK
8,26.1618,91.6877,426.0,37.3,48.2,64.8,20.5,82.3,33.6,956.2,Clay Loam,MODERATE_RISK
3,10.1774,77.0315,1773.2,54.2,140.86,89.0,20.8,74.4,12.8,908.2,Weathered Granite,HIGH_RISK
2,10.1363,77.0305,1639.0,36.8,54.6,65.5,20.5,90.3,19.2,908.7,Colluvium,MODERATE_RISK
4,11.5211,76.1264,955.5,48.8,163.2,80.6,15.1,68.9,31.6,918.5,Colluvium,HIGH_RISK
4,30.5626,79.5555,1834.6,11.4,38.9,25.4,29.4,55.6,9.3,971.7,Residual Soil,SAFE
6,9.6824,76.9211,821.3,46.1,151.1,79.8,18.8,61.9,28.8,897.3,Clay Loam,HIGH_RISK
7,30.5538,79.5737,1897.6,45.6,15.51,18.6,21.5,80.2,21.9,989.9,Weathered Granite,SAFE
6,11.5484,76.1152,1013.4,32.3,42.68,71.2,18.4,82.2,15.2,944.8,Colluvium,MODERATE_RISK
6,9.6679,76.9195,781.7,41.0,9.5,28.3,17.9,60.6,30.6,1020.5,Laterite,SAFE
10,11.555,76.1448,932.1,32.0,51.7,54.8,21.6,82.1,20.8,937.5,Clay Loam,MODERATE_RISK
4,11.5256,76.1295,1067.5,31.8,49.4,55.0,22.7,88.2,6.1,885.6,Laterite,MODERATE_RISK
4,31.1242,77.156,2237.1,16.4,21.56,60.6,23.7,49.4,7.4,977.6,Sandy Loam,SAFE
2,11.3952,76.6958,1922.4,37.6,46.6,66.2,8.5,89.7,22.8,971.7,Laterite,MODERATE_RISK
1,11.5312,76.1514,977.8,39.4,119.3,80.4,28.7,73.8,33.2,955.3,Colluvium,HIGH_RISK
2,11.5388,76.1614,1094.0,43.6,163.74,74.9,26.7,75.7,6.6,1018.8,Weathered Granite,HIGH_RISK
6,11.3973,76.7272,1830.6,30.6,58.0,64.0,22.5,83.5,22.3,941.7,Weathered Granite,MODERATE_RISK
6,31.0861,77.1724,2270.4,49.2,12.3,14.5,15.4,79.8,34.1,937.5,Clay Loam,SAFE
8,11.3636,76.7789,1888.8,36.4,57.4,49.4,23.7,79.0,34.8,984.3,Weathered Granite,MODERATE_RISK
8,11.4118,76.1123,796.1,42.7,93.3,79.2,13.7,88.1,22.9,928.2,Laterite,HIGH_RISK
2,11.3692,76.6934,1902.8,47.0,169.3,83.0,21.9,87.9,32.5,945.2,Weathered Granite,HIGH_RISK
4,26.1533,91.6965,467.7,31.7,13.2,23.0,18.8,55.6,12.5,961.5,Clay Loam,SAFE
7,11.3935,76.1062,790.7,36.5,52.2,55.1,14.6,91.0,32.5,935.9,Laterite,MODERATE_RISK
3,11.3367,76.802,1853.0,32.0,57.2,64.1,17.8,80.6,20.4,867.1,Weathered Granite,MODERATE_RISK
10,10.1401,77.0173,1656.7,34.7,57.6,69.3,20.3,83.6,14.0,928.3,Residual Soil,MODERATE_RISK
5,11.5237,76.1358,922.5,40.8,11.99,14.7,25.6,73.6,8.5,939.3,Colluvium,SAFE
1,11.4166,76.1239,775.0,37.3,47.03,68.0,19.4,95.9,28.0,929.7,Laterite,MODERATE_RISK
8,17.9543,73.5824,672.8,48.6,135.13,91.6,14.5,80.4,31.9,931.7,Colluvium,HIGH_RISK
6,11.5331,76.1295,923.1,39.5,8.6,19.0,22.4,47.3,32.7,943.3,Colluvium,SAFE
10,26.881,88.1671,1690.9,33.2,50.82,61.9,24.4,93.6,32.7,942.3,Laterite,MODERATE_RISK
5,11.341,76.7911,1868.3,39.6,171.49,89.2,23.5,88.8,33.1,988.8,Weathered Granite,HIGH_RISK
7,11.5387,76.1283,1086.6,49.1,135.8,82.8,23.9,79.3,18.6,997.2,Weathered Granite,HIGH_RISK
5,10.1321,77.0247,1641.2,47.8,161.0,81.3,24.1,73.7,6.3,936.5,Weathered Granite,HIGH_RISK
4,11.5622,76.1454,941.0,37.6,56.4,68.1,24.4,97.0,21.0,964.3,Weathered Granite,MODERATE_RISK
10,11.3749,76.7283,1911.7,38.6,118.0,94.1,21.0,54.2,12.9,981.9,Weathered Granite,HIGH_RISK
6,9.6882,76.9084,824.3,44.0,159.5,70.2,19.4,54.0,16.1,928.9,Laterite,HIGH_RISK
6,10.1533,76.999,1643.7,44.9,181.23,89.1,10.4,73.5,23.4,974.1,Colluvium,HIGH_RISK
9,11.5696,76.122,939.8,40.9,150.65,93.5,16.4,57.6,11.0,974.5,Clay Loam,HIGH_RISK
3,11.517,76.1281,1002.8,14.0,22.2,36.6,24.9,85.7,19.8,928.2,Weathered Granite,SAFE
7,17.968,73.5912,589.5,41.3,10.3,14.3,16.0,71.7,5.2,1014.6,Colluvium,SAFE
6,10.1631,77.0393,1808.2,35.7,49.45,63.5,22.2,89.0,25.2,916.4,Weathered Granite,MODERATE_RISK
10,11.3707,76.7081,1918.7,38.6,184.53,89.0,27.8,46.9,28.6,907.0,Weathered Granite,HIGH_RISK
7,11.3947,76.7139,1958.5,41.7,143.55,72.6,23.3,51.5,19.1,886.4,Weathered Granite,HIGH_RISK
3,10.1312,77.0348,1648.0,45.9,174.68,88.3,23.5,86.9,23.9,940.8,Colluvium,HIGH_RISK
1,10.1398,77.0025,1626.0,44.5,163.3,78.2,27.9,78.8,9.9,927.8,Laterite,HIGH_RISK
8,30.5446,79.5586,1871.3,43.6,8.91,45.1,16.3,77.4,32.9,985.6,Weathered Granite,SAFE
3,32.2369,77.1762,2023.8,36.0,25.5,60.6,25.2,88.8,15.2,943.9,Colluvium,MODERATE_RISK
3,11.5472,76.1206,1033.0,32.9,58.0,68.7,32.0,50.5,6.3,982.1,Colluvium,MODERATE_RISK
6,10.1782,77.0289,1821.8,34.2,47.9,66.9,27.7,86.0,34.1,963.6,Weathered Granite,MODERATE_RISK
9,30.5666,79.5498,1835.0,7.0,41.5,25.2,19.6,70.7,25.8,952.1,Laterite,SAFE
3,11.3929,76.0946,740.8,36.6,15.0,41.7,27.1,91.7,24.2,964.0,Laterite,SAFE
10,11.5502,76.1224,924.5,37.8,52.3,58.4,24.0,65.7,11.6,997.9,Colluvium,MODERATE_RISK
7,11.3559,76.7806,1860.3,35.7,47.3,46.3,22.9,91.0,14.1,969.4,Weathered Granite,MODERATE_RISK
10,31.1147,77.1696,2275.7,5.3,42.1,23.2,24.5,97.6,15.4,980.1,Laterite,SAFE
6,10.1526,77.0013,1653.9,33.4,57.2,64.5,22.5,64.8,30.3,965.9,Colluvium,MODERATE_RISK
5,10.1819,77.0286,1781.9,47.5,137.56,77.0,14.4,50.5,20.2,959.3,Colluvium,HIGH_RISK
4,17.9338,73.6478,1381.3,13.5,19.0,38.3,22.2,88.2,12.8,965.3,Colluvium,SAFE
7,12.4376,75.7216,1133.6,35.0,11.38,34.7,19.2,77.4,28.6,900.4,Residual Soil,SAFE
6,17.9482,73.5635,580.3,36.3,50.6,66.3,22.8,89.9,32.9,890.3,Colluvium,MODERATE_RISK
9,10.1472,77.0207,1694.4,35.1,37.9,57.8,19.9,84.5,17.5,913.8,Colluvium,MODERATE_RISK
5,17.9428,73.5888,623.1,41.6,126.67,82.5,16.3,84.5,25.8,968.9,Colluvium,HIGH_RISK
4,11.5511,76.1109,910.9,35.3,114.3,85.5,26.1,86.2,5.2,967.3,Colluvium,HIGH_RISK
4,11.529,76.1252,1009.9,36.1,50.0,66.4,21.7,89.9,11.0,955.8,Weathered Granite,MODERATE_RISK
3,11.3855,76.7236,1917.8,15.1,17.2,18.8,21.0,46.1,23.5,919.5,Weathered Granite,SAFE
3,11.5235,76.1488,964.3,42.9,12.21,45.0,19.6,47.7,23.6,971.9,Colluvium,SAFE
9,10.1638,77.0206,1803.6,25.8,50.93,62.8,25.8,95.3,15.4,978.0,Weathered Granite,MODERATE_RISK
7,11.3902,76.7253,1902.9,41.5,12.3,37.0,20.7,97.5,15.7,920.6,Weathered Granite,SAFE
5,11.3652,76.8069,1854.6,37.6,113.74,72.0,16.5,91.3,28.8,974.8,Weathered Granite,HIGH_RISK
10,10.1474,77.0245,1789.9,45.1,113.91,89.8,13.3,72.5,14.7,911.9,Weathered Granite,HIGH_RISK
8,9.6658,76.9105,808.8,39.6,10.07,46.5,20.5,64.5,28.8,961.9,Laterite,SAFE
5,32.2494,77.172,1998.1,35.0,42.3,69.7,21.9,91.5,23.9,974.8,Laterite,MODERATE_RISK
4,10.1687,77.0256,1663.1,16.8,43.95,46.3,21.7,58.6,17.8,963.2,Sandy Loam,SAFE
2,26.8771,88.1964,1711.4,39.3,125.68,88.7,14.0,89.7,7.6,992.6,Laterite,HIGH_RISK
2,17.9497,73.5979,644.1,45.7,9.1,13.6,16.0,61.0,6.3,999.1,Colluvium,SAFE
4,32.2525,77.1915,2061.2,37.8,51.0,67.5,21.0,91.8,26.7,869.1,Colluvium,MODERATE_RISK
10,30.5692,79.5755,1890.1,35.7,53.4,70.4,18.2,49.1,26.8,891.1,Weathered Granite,MODERATE_RISK
4,11.4063,76.101,761.6,8.1,11.2,62.4,23.2,65.2,5.4,996.1,Clay Loam,SAFE
8,17.9279,73.6614,1330.0,42.9,127.3,87.6,16.3,76.1,12.3,998.3,Laterite,HIGH_RISK
2,17.9557,73.5979,610.9,17.2,46.3,16.3,18.6,66.3,33.6,1000.3,Laterite,SAFE
9,26.1737,91.7091,449.3,5.9,26.57,26.1,23.6,58.7,16.8,960.9,Residual Soil,SAFE
9,10.1421,77.0388,1801.5,55.0,145.37,85.5,16.5,74.5,23.0,1002.6,Weathered Granite,HIGH_RISK
9,11.3942,76.0987,814.5,41.3,156.59,91.2,25.8,69.1,10.1,959.7,Laterite,HIGH_RISK
5,26.1522,91.6848,503.0,12.7,40.2,56.3,15.9,90.0,33.8,946.9,Sandy Loam,SAFE
1,17.938,73.5852,634.4,45.7,90.0,93.9,20.8,78.1,24.2,896.5,Colluvium,HIGH_RISK
2,11.5326,76.1607,1075.5,34.4,50.4,58.4,15.6,49.4,32.3,944.1,Weathered Granite,MODERATE_RISK
8,17.9333,73.6425,1360.4,44.3,170.3,84.6,14.9,82.7,15.8,877.1,Laterite,HIGH_RISK
2,26.8824,88.178,1693.8,33.1,12.2,27.4,18.0,55.6,13.7,942.5,Laterite,SAFE
6,9.6816,76.9151,785.3,40.8,10.0,17.7,16.2,56.9,5.2,916.6,Laterite,SAFE
8,11.5448,76.1125,958.5,44.7,137.9,90.8,23.5,62.3,11.9,980.5,Colluvium,HIGH_RISK
4,30.5722,79.5639,1870.2,44.9,107.69,71.9,22.9,87.2,26.9,924.5,Weathered Granite,HIGH_RISK
1,26.889,88.195,1682.3,9.0,45.3,57.3,16.9,81.5,34.8,894.3,Sandy Loam,SAFE
7,26.8714,88.1864,1713.0,35.7,136.29,93.8,20.1,54.0,23.4,946.1,Clay Loam,HIGH_RISK
9,26.8957,88.1852,1707.5,35.4,51.1,69.7,21.1,90.5,22.5,979.3,Laterite,MODERATE_RISK
4,17.9354,73.652,1384.3,11.1,22.1,37.1,26.7,79.3,25.7,920.0,Residual Soil,SAFE
4,30.5453,79.5708,1824.7,34.3,53.2,53.5,20.4,84.0,32.4,938.3,Colluvium,MODERATE_RISK
10,9.6873,76.9316,807.3,49.0,114.6,92.6,21.3,45.2,10.8,952.0,Laterite,HIGH_RISK
9,31.0897,77.1637,2295.2,46.9,12.76,29.3,21.8,84.7,8.6,964.0,Clay Loam,SAFE
8,11.5242,76.1264,1005.6,43.1,118.64,81.1,23.8,52.7,30.3,992.9,Colluvium,HIGH_RISK
8,11.369,76.718,1921.6,46.0,156.09,94.3,20.4,97.4,16.1,904.4,Weathered Granite,HIGH_RISK
5,26.8812,88.1993,1721.2,32.6,53.9,69.6,20.0,94.0,6.2,957.9,Laterite,MODERATE_RISK
2,11.3506,76.7867,1841.6,32.2,14.74,22.9,21.8,46.4,18.5,913.5,Weathered Granite,SAFE
3,17.9399,73.6426,1350.0,40.4,172.0,94.0,22.6,50.3,6.1,968.2,Weathered Granite,HIGH_RISK
1,11.4047,76.1007,722.5,32.2,15.3,47.1,22.9,72.1,33.6,936.2,Laterite,SAFE
4,9.6851,76.9239,880.1,45.5,149.82,89.7,23.8,97.9,35.0,996.5,Laterite,HIGH_RISK
1,17.9438,73.6743,1375.7,31.2,50.6,69.9,21.1,93.1,5.6,967.5,Laterite,MODERATE_RISK
1,11.404,76.7089,1919.9,36.6,38.94,57.3,13.4,78.8,20.8,952.7,Weathered Granite,MODERATE_RISK
2,26.8918,88.1722,1743.5,11.4,41.85,54.0,18.4,88.5,12.3,922.6,Weathered Granite,SAFE
7,10.1778,77.0065,1773.7,9.4,22.55,61.5,21.0,47.0,14.3,970.0,Weathered Granite,SAFE
4,10.1309,77.0167,1681.3,44.0,104.6,85.0,21.8,79.4,23.9,945.3,Colluvium,HIGH_RISK
3,11.3648,76.7997,1892.8,38.6,7.6,23.7,14.0,49.1,15.3,945.7,Weathered Granite,SAFE
7,11.3443,76.7767,1876.0,35.4,15.35,16.9,17.8,71.9,16.4,956.1,Weathered Granite,SAFE
6,26.1634,91.6892,446.3,28.0,15.35,23.0,20.8,80.6,21.4,945.9,Clay Loam,SAFE
4,31.0867,77.188,2328.3,51.8,8.4,27.1,16.9,53.1,29.9,947.1,Clay Loam,SAFE
8,11.5287,76.1265,983.6,11.1,11.7,36.1,21.1,89.5,21.3,957.6,Residual Soil,SAFE
5,30.57,79.5634,1920.6,34.0,48.3,49.3,20.5,95.3,8.3,951.2,Weathered Granite,MODERATE_RISK
9,9.6931,76.8985,815.0,45.8,96.2,91.6,16.5,65.1,20.7,920.2,Laterite,HIGH_RISK
8,11.5299,76.1319,955.0,35.4,11.7,45.8,23.0,72.3,25.4,996.7,Colluvium,SAFE
3,10.1612,77.0153,1740.0,37.1,41.7,53.2,23.6,83.9,29.0,888.2,Weathered Granite,MODERATE_RISK
5,11.5607,76.1318,927.0,33.5,44.0,64.7,26.0,96.0,22.8,925.0,Colluvium,MODERATE_RISK
5,9.6766,76.8969,810.9,47.8,118.42,72.2,18.9,90.2,12.2,984.7,Colluvium,HIGH_RISK
6,30.573,79.5479,1869.3,35.2,45.9,57.2,27.5,81.6,27.2,931.6,Weathered Granite,MODERATE_RISK
9,10.166,77.032,1750.9,45.9,94.0,82.7,23.0,86.2,18.4,1016.1,Colluvium,HIGH_RISK
4,30.5371,79.5585,1847.5,35.0,53.7,69.0,16.5,74.6,17.4,997.0,Laterite,MODERATE_RISK
6,17.9679,73.5898,631.3,37.7,50.88,45.9,12.1,88.5,7.2,943.0,Colluvium,MODERATE_RISK
4,10.1389,77.0164,1700.6,51.6,171.22,82.0,18.2,70.9,20.7,958.0,Colluvium,HIGH_RISK
10,11.5244,76.1307,1077.0,17.1,36.9,38.0,14.1,83.5,6.2,1050.5,Colluvium,SAFE
4,11.5441,76.1134,924.8,34.4,163.6,88.4,25.4,46.9,8.4,972.0,Colluvium,HIGH_RISK
9,17.9685,73.5828,550.5,43.1,14.14,34.1,25.1,68.6,7.4,894.5,Colluvium,SAFE
3,30.5635,79.5789,1888.3,33.3,43.18,62.6,23.5,92.3,29.5,976.6,Weathered Granite,MODERATE_RISK
8,11.5676,76.1108,926.4,34.5,15.73,33.6,21.5,88.6,13.5,956.9,Colluvium,SAFE
5,11.3505,76.7919,1830.8,37.6,137.9,87.3,20.5,77.0,13.8,953.3,Weathered Granite,HIGH_RISK
2,32.2234,77.1824,2050.2,34.7,45.7,69.9,22.2,71.6,18.4,967.5,Weathered Granite,MODERATE_RISK
4,11.4295,76.0958,867.8,33.1,133.71,87.8,18.5,50.7,8.8,936.3,Laterite,HIGH_RISK
6,11.393,76.7058,1914.2,36.7,149.11,78.6,27.7,64.7,17.6,952.2,Weathered Granite,HIGH_RISK
3,9.673,76.8971,842.4,34.3,37.35,63.4,28.7,93.4,10.7,969.9,Weathered Granite,MODERATE_RISK
3,10.1716,77.0263,1743.4,33.2,54.7,71.0,20.5,91.7,14.5,980.8,Weathered Granite,MODERATE_RISK
3,26.1685,91.7131,442.5,37.8,56.4,61.3,21.6,61.6,29.6,992.8,Laterite,MODERATE_RISK
9,11.5076,76.1634,1052.7,35.7,51.4,69.5,16.2,95.2,6.2,978.1,Weathered Granite,MODERATE_RISK
5,11.5347,76.114,1014.7,29.7,45.93,67.0,23.4,93.3,13.6,967.3,Weathered Granite,MODERATE_RISK
3,11.5675,76.1268,955.7,36.8,16.23,47.7,20.8,70.5,11.2,955.9,Colluvium,SAFE
4,17.9316,73.6528,1350.2,42.7,139.1,89.0,17.3,85.7,14.5,970.9,Laterite,HIGH_RISK
8,32.2323,77.2005,2096.6,41.4,15.0,41.0,12.0,77.6,23.8,906.1,Colluvium,SAFE
5,11.3335,76.7966,1858.6,8.2,24.37,59.6,22.4,49.5,21.5,1060.6,Clay Loam,SAFE
7,26.1693,91.6989,432.4,10.0,44.1,16.1,23.9,78.8,25.8,882.7,Residual Soil,SAFE
9,11.5604,76.1405,885.2,36.7,49.2,61.8,19.2,82.2,31.3,870.2,Colluvium,MODERATE_RISK
5,11.409,76.093,751.3,34.0,44.33,55.9,20.8,94.3,33.8,974.4,Laterite,MODERATE_RISK
9,10.1314,77.0094,1643.8,45.1,17.5,18.7,18.4,61.1,17.0,1006.2,Colluvium,SAFE
2,11.3831,76.72,2003.3,37.8,31.5,68.0,23.3,53.7,10.7,961.0,Weathered Granite,MODERATE_RISK
7,11.4251,76.1192,758.9,33.3,178.26,95.2,23.4,66.6,21.4,948.1,Laterite,HIGH_RISK
2,11.5442,76.1277,931.8,33.1,53.2,53.1,20.5,93.4,23.5,955.6,Colluvium,MODERATE_RISK
5,11.372,76.8125,1850.8,44.2,96.75,87.8,15.2,74.4,11.5,1052.6,Weathered Granite,HIGH_RISK
5,9.6926,76.9231,832.9,46.3,8.09,15.3,12.4,79.5,20.4,943.9,Laterite,SAFE
2,10.18,77.0141,1784.5,32.3,44.2,56.5,13.9,88.3,10.9,910.3,Weathered Granite,MODERATE_RISK
4,11.5491,76.1272,1000.1,37.6,48.6,67.6,16.9,65.2,29.4,936.9,Colluvium,MODERATE_RISK
4,9.6734,76.8998,800.6,36.3,49.34,53.4,11.2,89.2,17.3,897.6,Laterite,MODERATE_RISK
8,9.6665,76.9053,783.2,40.3,114.7,87.8,17.5,73.9,34.5,955.2,Weathered Granite,HIGH_RISK
9,26.1523,91.7144,442.5,37.1,43.23,67.0,25.0,94.3,6.9,947.4,Clay Loam,MODERATE_RISK
5,11.3576,76.7922,1769.2,40.9,15.7,42.2,16.4,70.2,26.4,976.4,Weathered Granite,SAFE
9,10.1693,77.0045,1646.6,33.6,57.1,60.7,21.4,84.5,27.5,933.3,Laterite,MODERATE_RISK
9,32.2455,77.17,2021.5,32.6,40.9,59.8,22.7,91.7,28.2,955.9,Colluvium,MODERATE_RISK
6,30.5543,79.5733,1860.5,48.3,145.3,92.1,24.4,87.0,5.3,1014.7,Weathered Granite,HIGH_RISK
4,17.9426,73.6661,1373.8,39.2,134.1,71.8,18.7,87.7,23.2,900.0,Laterite,HIGH_RISK
4,9.6687,76.9129,837.8,39.1,140.1,89.9,14.4,73.3,20.7,1003.7,Laterite,HIGH_RISK
8,11.5402,76.1187,997.6,40.6,14.85,42.2,16.7,96.1,31.6,913.7,Colluvium,SAFE
7,11.356,76.7847,1838.4,35.6,51.5,46.8,18.6,95.4,12.8,977.5,Laterite,MODERATE_RISK
3,10.1744,77.0358,1791.6,34.7,48.6,68.1,13.7,81.8,17.0,983.7,Colluvium,MODERATE_RISK
8,26.1843,91.681,432.3,11.2,38.9,58.7,10.7,46.9,31.5,917.8,Laterite,SAFE
10,26.1759,91.7002,474.2,34.1,15.4,35.1,22.8,65.9,8.1,956.2,Clay Loam,SAFE
9,32.2546,77.1874,2081.3,43.0,161.21,81.0,23.1,64.2,7.3,936.4,Colluvium,HIGH_RISK
2,10.1726,77.0288,1757.8,30.9,49.39,61.6,29.2,84.8,18.1,944.7,Weathered Granite,MODERATE_RISK
7,11.3724,76.7815,1874.3,23.0,58.0,67.4,22.3,91.0,25.6,918.1,Weathered Granite,MODERATE_RISK
4,26.1522,91.6873,429.3,38.9,156.2,77.8,24.0,96.4,30.7,895.5,Clay Loam,HIGH_RISK
7,30.5742,79.5685,1909.6,31.2,53.3,64.3,22.8,75.0,10.8,874.5,Colluvium,MODERATE_RISK
9,17.9467,73.6017,648.3,48.4,160.7,81.0,18.7,78.6,24.9,895.8,Colluvium,HIGH_RISK
6,17.9387,73.6544,1326.9,34.7,48.2,68.3,20.4,94.4,21.8,1003.5,Weathered Granite,MODERATE_RISK
7,11.3745,76.7245,1933.6,36.2,41.36,53.3,21.4,92.3,16.7,960.2,Weathered Granite,MODERATE_RISK
5,9.6943,76.9013,819.0,48.6,147.7,70.1,16.4,62.1,24.6,917.3,Laterite,HIGH_RISK
10,11.4119,76.1016,792.6,36.7,51.1,62.0,16.8,90.5,23.0,958.5,Laterite,MODERATE_RISK
1,11.3815,76.7258,1925.3,36.9,51.3,47.6,25.9,80.4,25.4,896.4,Weathered Granite,MODERATE_RISK
7,11.5311,76.1334,1028.0,34.4,46.86,64.5,19.0,89.0,19.5,978.5,Weathered Granite,MODERATE_RISK
9,12.4302,75.7222,1165.0,5.3,22.1,22.2,23.2,56.0,24.3,1036.2,Residual Soil,SAFE
8,11.3364,76.789,1860.8,39.1,170.5,82.4,16.2,96.2,31.3,963.5,Colluvium,HIGH_RISK
7,17.9475,73.5701,601.7,36.7,47.25,70.1,14.7,45.9,11.5,929.6,Colluvium,MODERATE_RISK
5,10.1321,77.0008,1638.8,48.8,139.4,78.2,15.0,63.9,5.1,952.1,Colluvium,HIGH_RISK
6,11.3999,76.1219,744.3,35.9,49.0,66.7,23.2,75.5,8.7,974.2,Weathered Granite,MODERATE_RISK
10,11.3533,76.7914,1863.1,8.6,5.2,57.8,21.6,62.6,25.8,977.2,Weathered Granite,SAFE
10,11.5376,76.1392,1002.0,11.3,25.4,20.8,16.9,81.6,5.6,968.3,Laterite,SAFE
7,11.4016,76.694,1933.7,41.8,150.0,77.4,12.8,93.8,19.8,983.7,Clay Loam,HIGH_RISK
8,26.8698,88.1864,1708.4,37.1,148.3,76.4,16.9,84.9,22.8,960.9,Laterite,HIGH_RISK
7,9.6654,76.9217,807.2,44.6,176.8,83.1,22.4,96.4,33.9,959.1,Laterite,HIGH_RISK
4,10.1438,77.0016,1645.3,41.9,170.5,80.6,25.2,55.0,22.7,1000.3,Colluvium,HIGH_RISK
8,11.4015,76.726,1886.7,37.8,39.2,70.2,26.7,80.4,27.1,949.3,Weathered Granite,MODERATE_RISK
7,11.5723,76.1343,933.9,40.8,162.7,80.4,16.2,57.3,21.3,982.0,Colluvium,HIGH_RISK
1,11.3989,76.712,1900.3,40.8,145.4,88.5,20.2,95.7,32.4,941.1,Weathered Granite,HIGH_RISK
1,9.7006,76.8983,793.2,33.5,55.0,62.1,21.0,64.1,30.6,957.4,Laterite,MODERATE_RISK
8,10.1626,77.0345,1755.8,56.0,179.5,83.7,21.0,73.5,17.3,984.6,Weathered Granite,HIGH_RISK
7,10.1582,77.0098,1787.1,15.7,21.7,34.4,22.4,64.3,10.1,1008.4,Clay Loam,SAFE
9,30.5652,79.5704,1892.2,42.9,9.5,43.5,15.9,50.8,21.2,995.9,Weathered Granite,SAFE
7,12.4207,75.7253,1150.3,17.4,43.34,26.2,20.7,94.2,6.6,911.9,Colluvium,SAFE
10,9.6694,76.9203,825.1,28.5,54.9,70.7,17.1,84.7,32.6,936.8,Laterite,MODERATE_RISK
10,17.9633,73.5663,614.9,47.5,123.97,93.2,19.2,86.7,14.0,863.8,Laterite,HIGH_RISK
9,10.1623,77.0277,1680.2,6.3,38.55,22.9,18.2,54.4,7.8,941.6,Weathered Granite,SAFE
9,9.6803,76.925,848.8,28.9,51.15,59.1,14.0,83.8,31.0,973.1,Laterite,MODERATE_RISK
1,26.1609,91.704,448.0,16.0,21.0,40.0,18.7,51.3,8.9,972.0,Colluvium,SAFE
10,30.5632,79.5763,1864.5,41.5,146.6,80.8,17.6,72.5,10.1,912.9,Laterite,HIGH_RISK
7,26.8853,88.2025,1715.1,36.0,56.7,70.0,18.6,85.1,26.9,1045.3,Laterite,MODERATE_RISK
6,11.3346,76.7928,1861.9,38.0,5.2,27.2,20.0,69.1,11.7,905.0,Weathered Granite,SAFE
8,9.6691,76.9037,848.0,33.6,47.19,48.8,21.0,80.5,26.1,959.5,Laterite,MODERATE_RISK
9,11.3586,76.7796,1806.5,40.4,9.2,28.2,16.9,97.9,29.7,972.4,Weathered Granite,SAFE
2,26.1854,91.6859,516.1,16.7,35.5,28.8,25.1,55.3,21.4,895.7,Weathered Granite,SAFE
8,31.1012,77.1743,2267.8,55.4,99.94,93.3,15.5,85.6,32.9,840.6,Clay Loam,HIGH_RISK
7,17.9737,73.5729,604.4,49.6,113.19,86.0,18.9,74.6,16.2,943.7,Colluvium,HIGH_RISK
8,30.5728,79.5657,1918.4,9.6,48.4,17.1,23.8,65.7,16.1,907.7,Clay Loam,SAFE
6,11.4013,76.1146,782.0,36.0,47.5,62.5,19.8,89.6,12.2,962.8,Laterite,MODERATE_RISK
6,10.1479,77.0278,1655.4,37.6,56.9,57.4,19.9,62.0,20.5,1018.7,Colluvium,MODERATE_RISK
4,26.8816,88.1965,1724.9,37.4,54.8,65.9,20.7,62.1,7.3,1029.7,Colluvium,MODERATE_RISK
8,12.4105,75.7413,1176.8,36.4,51.4,60.8,16.2,88.8,18.9,973.2,Weathered Granite,MODERATE_RISK
4,17.9713,73.5883,578.4,33.8,44.77,47.0,21.7,89.3,30.5,965.6,Colluvium,MODERATE_RISK
2,11.3925,76.7064,1895.3,45.8,122.1,73.5,14.1,93.6,9.2,928.5,Weathered Granite,HIGH_RISK
6,11.5353,76.1638,1051.4,36.6,44.1,66.0,21.9,89.6,6.6,920.3,Weathered Granite,MODERATE_RISK
8,11.544,76.1349,946.8,36.4,47.96,53.3,24.2,97.1,15.1,971.9,Colluvium,MODERATE_RISK
10,32.2333,77.1703,2011.8,48.0,90.8,88.5,24.2,63.5,7.2,996.8,Colluvium,HIGH_RISK
3,11.3585,76.794,1853.7,34.7,42.0,49.3,21.7,92.8,24.9,929.8,Weathered Granite,MODERATE_RISK
1,9.6687,76.9225,814.6,7.1,31.5,63.5,19.6,79.1,5.8,904.2,Clay Loam,SAFE
3,10.1419,77.0319,1634.5,16.2,24.48,57.0,17.1,52.7,8.1,946.4,Laterite,SAFE
10,11.5397,76.1372,1050.7,36.8,51.54,45.2,24.7,79.9,25.1,1015.0,Weathered Granite,MODERATE_RISK
8,9.6799,76.9322,844.5,43.2,8.4,15.7,21.8,90.5,28.5,994.4,Laterite,SAFE
9,11.5106,76.1451,1044.7,32.7,45.9,53.1,24.0,86.8,31.0,961.6,Weathered Granite,MODERATE_RISK
6,10.1542,77.0125,1817.9,12.5,28.8,50.3,18.1,82.3,17.0,944.6,Clay Loam,SAFE
7,10.1497,77.0239,1770.1,8.8,41.85,53.5,21.2,83.1,20.6,950.5,Clay Loam,SAFE
6,10.1396,77.0137,1648.3,47.2,178.6,95.2,24.4,69.0,28.6,944.8,Colluvium,HIGH_RISK
2,11.4031,76.7178,1868.3,7.1,18.3,55.8,10.3,66.8,12.0,973.1,Weathered Granite,SAFE
4,17.9505,73.5705,596.6,47.7,160.6,88.5,24.5,47.5,14.1,982.7,Colluvium,HIGH_RISK
6,11.5593,76.1263,899.1,36.5,179.14,83.8,15.1,76.8,20.6,962.0,Colluvium,HIGH_RISK
8,17.9339,73.6443,1352.7,37.5,47.6,66.5,25.9,80.7,20.9,917.0,Laterite,MODERATE_RISK
8,11.4222,76.0962,778.6,35.6,51.6,48.8,27.7,60.0,5.5,951.9,Weathered Granite,MODERATE_RISK
8,17.9545,73.5861,594.3,37.2,47.63,70.9,21.3,56.7,15.3,924.9,Colluvium,MODERATE_RISK
6,10.1421,77.029,1824.0,10.5,47.8,24.2,18.0,84.7,33.4,919.0,Clay Loam,SAFE
9,11.5682,76.1451,892.8,45.6,111.8,85.1,17.2,65.8,33.4,980.9,Colluvium,HIGH_RISK
9,30.536,79.554,1922.5,46.2,138.22,82.1,19.4,49.4,29.8,942.3,Weathered Granite,HIGH_RISK
7,17.935,73.678,1390.1,44.5,154.0,91.4,24.1,52.9,32.2,959.7,Laterite,HIGH_RISK
2,32.2617,77.2041,2056.9,42.2,86.7,78.4,21.3,89.3,12.8,981.1,Colluvium,HIGH_RISK
6,17.9722,73.563,623.2,9.9,47.7,15.7,23.2,50.9,11.4,950.8,Residual Soil,SAFE
9,9.6638,76.9199,848.6,47.7,178.42,90.6,18.4,79.9,14.8,979.3,Clay Loam,HIGH_RISK
7,30.5615,79.5679,1841.9,37.0,50.6,67.4,21.9,97.7,15.9,961.3,Weathered Granite,MODERATE_RISK
7,30.573,79.5769,1840.5,45.1,131.5,91.9,24.9,85.8,15.0,1039.0,Weathered Granite,HIGH_RISK
4,17.9458,73.5704,645.2,41.4,169.51,94.4,26.6,65.0,27.9,881.7,Colluvium,HIGH_RISK
5,31.0892,77.1731,2269.6,45.8,14.96,39.5,19.9,48.0,8.6,938.5,Clay Loam,SAFE
4,26.8802,88.1926,1741.0,10.0,17.05,36.2,15.7,51.2,7.4,1045.9,Laterite,SAFE
9,26.8699,88.1916,1664.2,30.3,15.29,25.2,16.0,72.1,20.2,928.7,Laterite,SAFE
4,12.4317,75.7303,1105.2,40.1,176.7,84.7,13.2,85.6,18.2,934.7,Residual Soil,HIGH_RISK
9,11.5401,76.133,935.6,42.1,129.42,71.8,25.7,51.4,26.7,954.0,Colluvium,HIGH_RISK
2,11.3891,76.7172,1895.5,14.1,36.1,47.2,20.7,71.2,19.6,925.2,Sandy Loam,SAFE
8,30.5441,79.5649,1879.1,34.7,55.1,59.1,16.7,88.0,32.5,955.2,Weathered Granite,MODERATE_RISK
1,11.3402,76.8017,1852.9,34.5,48.3,63.3,21.9,88.9,33.9,984.4,Weathered Granite,MODERATE_RISK
7,30.5678,79.586,1882.5,47.3,122.3,72.9,14.4,59.6,24.6,890.6,Weathered Granite,HIGH_RISK
3,9.7009,76.9047,818.9,31.7,44.8,67.6,25.7,85.5,33.5,924.5,Laterite,MODERATE_RISK
6,11.3363,76.7997,1871.2,17.1,38.72,19.8,15.3,64.9,5.2,974.4,Clay Loam,SAFE
6,31.0953,77.1745,2258.0,47.9,170.17,72.6,19.0,84.9,29.7,963.8,Clay Loam,HIGH_RISK
8,11.3666,76.7156,1967.1,37.1,47.8,50.6,17.4,95.1,26.4,982.7,Weathered Granite,MODERATE_RISK
8,11.5062,76.1581,1076.4,42.7,16.3,45.1,22.2,81.6,25.0,936.7,Weathered Granite,SAFE
10,26.8795,88.1815,1711.4,35.6,15.07,10.3,17.5,46.3,33.2,1007.9,Laterite,SAFE
7,10.1761,77.034,1758.9,46.4,9.52,17.6,19.1,55.7,21.4,958.6,Weathered Granite,SAFE
10,11.3971,76.7239,1925.1,38.0,46.8,68.6,16.9,53.0,22.3,939.7,Weathered Granite,MODERATE_RISK
4,11.3361,76.8082,1855.3,36.9,6.6,36.8,29.5,75.6,34.3,909.7,Weathered Granite,SAFE
8,26.8704,88.1941,1674.3,35.2,9.5,43.9,19.7,87.1,28.9,972.8,Laterite,SAFE
7,12.4206,75.7501,1238.3,38.4,13.2,40.4,20.6,66.5,24.4,978.2,Residual Soil,SAFE
9,17.9592,73.5878,680.0,31.0,52.03,52.9,20.2,89.1,16.8,960.2,Colluvium,MODERATE_RISK
6,30.5431,79.5586,1874.5,37.1,50.38,71.2,13.6,88.5,14.0,947.3,Weathered Granite,MODERATE_RISK
6,26.1839,91.7102,478.8,30.0,130.7,84.8,21.2,80.1,23.9,963.7,Weathered Granite,HIGH_RISK
8,17.9605,73.564,599.8,34.4,41.0,57.0,23.4,93.5,30.5,958.6,Colluvium,MODERATE_RISK
8,30.5736,79.5753,1888.1,38.6,12.8,18.0,23.2,58.1,29.8,950.1,Weathered Granite,SAFE
8,26.1612,91.7043,475.5,34.4,5.2,19.9,17.1,72.0,8.7,962.0,Clay Loam,SAFE
3,11.5135,76.1596,1052.8,48.9,128.7,91.3,22.4,51.8,24.6,894.3,Weathered Granite,HIGH_RISK
3,11.4231,76.0993,830.9,35.9,185.24,93.0,15.8,88.7,12.5,968.6,Laterite,HIGH_RISK
2,30.5505,79.5856,1898.6,32.9,44.8,64.5,27.4,91.6,34.7,976.3,Weathered Granite,MODERATE_RISK
6,10.1472,77.0058,1798.3,50.3,150.87,72.3,19.1,45.0,23.3,924.5,Weathered Granite,HIGH_RISK
1,12.4079,75.7307,1150.0,34.5,6.0,41.4,14.2,89.4,9.5,906.7,Residual Soil,SAFE
5,11.5199,76.1253,1030.8,49.5,95.3,78.4,14.7,85.5,18.0,930.9,Colluvium,HIGH_RISK
3,31.0893,77.1727,2289.2,36.4,48.0,57.3,26.3,84.3,13.5,951.5,Weathered Granite,MODERATE_RISK
6,26.8781,88.1909,1703.6,33.0,14.8,22.6,19.7,57.2,29.0,950.9,Laterite,SAFE
5,17.9075,73.6668,1378.3,14.4,15.95,42.1,14.9,49.1,32.5,983.5,Laterite,SAFE
7,9.6788,76.903,843.4,46.6,104.3,89.9,20.1,85.6,34.4,937.7,Laterite,HIGH_RISK
5,11.4028,76.7233,1926.8,31.8,54.9,68.5,19.1,96.7,34.1,922.9,Weathered Granite,MODERATE_RISK
6,17.9421,73.5694,628.9,12.6,22.4,33.2,23.0,53.1,18.2,920.6,Residual Soil,SAFE
4,11.5377,76.1269,1021.4,41.0,17.4,31.0,23.4,78.1,20.4,989.3,Colluvium,SAFE
10,26.876,88.1648,1693.9,34.0,13.6,31.3,17.8,83.6,12.3,888.6,Laterite,SAFE
9,11.3713,76.7887,1857.6,37.4,40.2,64.5,21.2,70.2,5.4,947.1,Weathered Granite,MODERATE_RISK
2,10.1648,77.0104,1783.8,44.8,143.77,78.5,16.9,48.4,16.3,942.4,Clay Loam,HIGH_RISK
10,11.5245,76.1427,1080.0,51.0,14.25,18.1,16.0,52.5,27.2,1049.2,Weathered Granite,SAFE
2,11.3554,76.8045,1827.1,36.1,175.51,93.6,17.2,94.1,31.8,884.0,Weathered Granite,HIGH_RISK
6,30.5442,79.5572,1880.2,44.7,168.36,79.5,22.1,54.6,32.6,975.9,Weathered Granite,HIGH_RISK
6,11.5603,76.1271,877.4,44.2,149.33,90.0,26.5,81.0,17.7,968.2,Colluvium,HIGH_RISK
10,31.1237,77.1767,2318.5,34.9,51.4,58.1,21.6,95.7,17.4,938.7,Colluvium,MODERATE_RISK
3,31.0968,77.1649,2283.9,17.4,38.06,58.5,20.3,77.5,31.9,972.8,Colluvium,SAFE
9,12.4248,75.7567,1151.2,31.1,47.0,71.9,18.1,95.3,20.2,954.0,Clay Loam,MODERATE_RISK
7,26.1597,91.7119,438.5,13.1,26.73,33.3,23.3,63.9,29.9,945.8,Laterite,SAFE
6,30.5432,79.5847,1844.7,41.1,9.5,13.8,19.4,77.6,15.5,958.0,Weathered Granite,SAFE
3,11.431,76.1205,778.8,37.4,47.1,60.5,21.3,70.4,16.7,976.6,Laterite,MODERATE_RISK
6,11.3736,76.7241,1852.7,39.0,162.3,78.6,31.6,56.9,22.9,884.4,Weathered Granite,HIGH_RISK
7,10.1771,77.0157,1758.4,17.3,25.3,47.3,14.4,56.9,5.6,978.3,Laterite,SAFE
10,12.4159,75.7298,1131.9,42.9,161.15,95.5,22.9,66.5,17.2,942.1,Residual Soil,HIGH_RISK
2,32.2361,77.1793,2062.4,46.1,173.91,72.8,21.8,45.3,11.1,931.2,Colluvium,HIGH_RISK
4,17.9365,73.5807,607.9,49.6,184.75,70.5,18.6,70.8,11.6,929.1,Colluvium,HIGH_RISK
10,9.7008,76.9319,797.4,37.8,42.4,71.8,26.8,89.9,27.8,961.8,Laterite,MODERATE_RISK
8,17.9378,73.6641,1323.2,44.3,174.84,74.0,13.9,68.8,30.0,868.4,Laterite,HIGH_RISK
10,11.5114,76.1374,1032.1,36.6,49.0,60.9,25.4,65.4,9.8,951.4,Weathered Granite,MODERATE_RISK
7,30.5556,79.5678,1865.5,33.8,39.6,48.8,25.6,88.9,10.4,975.1,Weathered Granite,MODERATE_RISK
4,11.5379,76.1375,998.8,37.6,56.3,58.3,17.3,60.2,28.9,925.9,Colluvium,MODERATE_RISK
8,11.5411,76.1297,1007.6,37.7,42.1,66.1,20.0,83.4,34.7,914.2,Weathered Granite,MODERATE_RISK
2,9.702,76.9129,804.1,36.3,53.6,68.9,11.8,78.3,18.9,981.5,Weathered Granite,MODERATE_RISK
3,26.907,88.1706,1705.2,32.0,13.2,29.3,14.8,77.5,26.7,969.3,Laterite,SAFE
8,11.3933,76.0883,754.2,32.8,10.89,32.6,22.7,85.5,5.7,935.2,Laterite,SAFE
8,11.5119,76.1645,1062.4,46.6,117.9,91.7,18.8,94.3,20.9,980.4,Weathered Granite,HIGH_RISK
8,11.5623,76.115,895.1,40.1,10.67,46.0,20.3,53.7,5.6,963.1,Colluvium,SAFE
5,11.5512,76.1351,982.1,37.2,57.9,53.2,24.7,85.6,33.8,919.7,Colluvium,MODERATE_RISK
6,10.1358,77.0188,1636.5,47.5,168.1,93.9,19.0,56.2,29.6,823.7,Weathered Granite,HIGH_RISK
9,10.164,77.0085,1770.8,32.8,54.4,68.7,16.6,66.1,33.5,947.8,Weathered Granite,MODERATE_RISK
2,10.1556,77.0009,1673.9,44.0,14.41,41.9,10.7,78.1,24.9,867.9,Colluvium,SAFE
1,11.3995,76.0996,780.2,15.3,43.6,56.3,15.7,88.5,32.9,944.5,Colluvium,SAFE
9,11.4049,76.0991,789.5,4.3,46.1,32.9,22.4,81.5,5.7,981.9,Colluvium,SAFE
9,11.5288,76.1269,983.4,47.9,117.1,72.9,18.0,45.3,12.1,884.9,Colluvium,HIGH_RISK
1,17.9423,73.6766,1380.2,32.9,17.2,12.4,16.7,57.7,27.1,924.2,Laterite,SAFE
3,26.156,91.7067,443.1,15.2,34.65,19.7,21.6,97.3,23.8,912.6,Clay Loam,SAFE
8,10.1507,77.0091,1818.7,37.0,41.85,57.4,18.8,92.0,32.6,906.2,Weathered Granite,MODERATE_RISK
1,11.3751,76.7085,1950.6,13.4,24.75,20.7,21.5,60.4,23.7,958.3,Clay Loam,SAFE
1,31.1032,77.1755,2217.0,15.8,28.0,57.9,13.9,80.2,28.7,929.5,Sandy Loam,SAFE
9,11.3602,76.7922,1776.1,37.4,157.6,95.4,18.2,75.7,28.9,935.7,Weathered Granite,HIGH_RISK
8,11.3712,76.8148,1812.6,14.6,17.1,27.0,21.0,53.6,27.9,997.0,Clay Loam,SAFE
8,9.6909,76.9186,833.0,36.4,7.8,42.0,19.2,45.3,11.5,1007.7,Laterite,SAFE
5,11.5118,76.1529,1089.5,48.1,13.9,46.3,14.9,83.4,32.9,990.5,Weathered Granite,SAFE
3,11.4033,76.0899,854.3,32.4,178.6,92.9,18.9,80.1,24.3,944.8,Laterite,HIGH_RISK
2,10.1499,77.0053,1634.1,15.4,19.3,50.1,20.1,83.3,8.8,932.0,Residual Soil,SAFE
6,11.5083,76.1629,1109.9,44.2,109.07,83.2,18.2,64.6,9.3,955.3,Clay Loam,HIGH_RISK
6,11.5248,76.1419,1010.1,12.6,34.76,39.0,17.1,59.3,17.0,975.3,Residual Soil,SAFE
3,17.9179,73.6727,1388.6,38.7,174.08,89.4,19.3,97.4,23.4,912.8,Laterite,HIGH_RISK
2,11.35,76.8061,1829.2,37.0,162.31,92.0,15.0,65.8,6.9,934.5,Weathered Granite,HIGH_RISK
10,10.1592,76.9972,1673.6,45.1,145.8,73.3,20.4,52.3,14.1,863.6,Colluvium,HIGH_RISK
5,11.503,76.1637,1044.2,33.5,49.89,68.0,20.3,92.2,23.5,928.8,Weathered Granite,MODERATE_RISK
7,10.1325,76.998,1657.9,32.1,53.2,53.0,10.3,81.6,24.4,863.2,Colluvium,MODERATE_RISK
8,10.1523,77.0166,1688.6,44.6,10.3,16.7,18.4,46.7,26.6,953.5,Colluvium,SAFE
10,11.5376,76.1459,885.0,39.9,102.47,72.7,22.1,94.3,19.4,969.6,Colluvium,HIGH_RISK
8,31.1209,77.1932,2303.5,54.4,94.4,92.2,21.4,97.2,7.2,895.0,Clay Loam,HIGH_RISK
9,32.2587,77.1886,2022.5,10.2,35.59,33.8,24.6,63.1,10.8,876.5,Sandy Loam,SAFE
9,9.6908,76.9256,796.8,4.4,36.7,63.6,21.6,60.9,15.8,924.9,Clay Loam,SAFE
2,11.3769,76.7239,1854.7,46.5,174.46,70.7,28.4,65.0,34.5,964.6,Weathered Granite,HIGH_RISK
3,11.3982,76.1132,774.1,8.7,11.0,39.9,13.5,76.3,31.6,962.3,Sandy Loam,SAFE
9,10.1406,77.0014,1618.7,40.3,132.5,96.0,18.7,92.9,17.5,934.1,Colluvium,HIGH_RISK
8,11.5416,76.1302,927.4,37.5,51.3,46.8,23.1,76.8,10.0,1037.7,Colluvium,MODERATE_RISK
6,17.9299,73.6675,1369.5,44.3,165.7,86.6,14.9,96.6,30.9,1035.2,Laterite,HIGH_RISK
10,32.2383,77.1908,2028.0,42.0,4.02,16.4,17.1,86.2,33.9,997.5,Colluvium,SAFE
7,17.9351,73.6726,1336.5,34.0,16.23,44.0,20.0,82.0,21.3,924.6,Laterite,SAFE
9,10.1664,77.0365,1755.3,37.6,40.8,58.1,22.1,89.6,27.3,921.6,Weathered Granite,MODERATE_RISK
7,11.3681,76.8065,1864.3,31.5,48.6,52.1,17.8,94.5,34.5,971.8,Colluvium,MODERATE_RISK
7,26.1503,91.7089,435.3,35.4,175.51,90.5,20.5,91.6,13.5,1012.2,Clay Loam,HIGH_RISK
3,12.4233,75.7548,1183.8,34.2,9.5,18.6,18.8,97.0,28.8,1013.5,Residual Soil,SAFE
3,30.5621,79.5608,1877.3,40.2,10.62,43.9,20.7,78.1,30.8,904.7,Weathered Granite,SAFE
7,11.5546,76.1256,918.6,12.9,22.33,54.4,20.1,91.9,20.0,885.0,Sandy Loam,SAFE
10,11.3713,76.7792,1795.0,41.8,124.6,82.5,20.3,64.3,27.3,899.6,Weathered Granite,HIGH_RISK
8,11.5525,76.1295,938.2,35.9,12.6,23.2,16.6,77.2,33.9,986.3,Colluvium,SAFE
7,31.096,77.1587,2272.4,17.3,25.0,62.1,22.8,93.2,13.8,934.6,Weathered Granite,SAFE
1,32.2616,77.1943,2003.8,47.3,125.9,73.1,21.0,81.4,14.8,920.3,Colluvium,HIGH_RISK
5,10.147,77.0425,1767.9,34.2,50.0,70.2,19.9,62.1,21.6,927.8,Weathered Granite,MODERATE_RISK
7,17.9067,73.6751,1333.3,40.4,4.0,33.8,19.0,69.7,7.3,949.1,Laterite,SAFE
9,10.1407,77.0008,1635.5,42.9,159.2,74.1,17.6,66.1,24.8,956.3,Clay Loam,HIGH_RISK
10,10.1809,77.0386,1819.3,37.1,40.04,68.6,22.6,54.0,28.6,1008.0,Weathered Granite,MODERATE_RISK
6,11.5155,76.1357,958.7,41.9,14.2,12.1,22.4,75.1,29.4,977.5,Colluvium,SAFE
10,12.4333,75.7351,1153.5,36.2,54.7,54.8,21.1,81.9,14.2,961.3,Weathered Granite,MODERATE_RISK
7,26.9014,88.2005,1705.7,36.9,110.61,84.8,19.3,96.6,19.2,953.3,Laterite,HIGH_RISK
6,30.5721,79.5764,1887.7,49.7,109.7,91.1,26.8,56.1,8.2,862.4,Weathered Granite,HIGH_RISK
10,11.5213,76.1469,1026.1,43.8,171.54,95.1,19.9,55.0,20.9,1008.0,Colluvium,HIGH_RISK
9,11.5249,76.1405,1023.2,28.4,57.2,58.9,27.2,88.8,12.9,936.0,Weathered Granite,MODERATE_RISK
3,12.4337,75.737,1159.1,6.5,41.2,34.2,23.2,62.1,19.5,971.8,Weathered Granite,SAFE
10,10.1819,77.0398,1807.6,15.8,34.3,50.2,15.8,95.5,31.3,991.5,Weathered Granite,SAFE
9,11.503,76.1315,1041.4,35.2,43.9,71.3,21.2,74.2,6.7,931.1,Clay Loam,MODERATE_RISK
10,11.5668,76.1086,911.4,34.5,50.88,54.3,16.3,82.0,22.1,967.2,Colluvium,MODERATE_RISK
1,11.3534,76.8108,1822.6,36.2,55.7,48.4,22.0,67.6,25.2,989.8,Weathered Granite,MODERATE_RISK
1,26.16,91.7192,484.1,32.2,11.6,43.1,16.6,73.2,23.3,967.0,Clay Loam,SAFE
9,10.1685,76.9981,1666.4,37.5,54.5,52.5,17.4,58.2,23.2,905.0,Colluvium,MODERATE_RISK
10,32.2292,77.1897,2016.5,42.7,7.4,32.6,20.9,85.0,16.2,942.3,Colluvium,SAFE
2,17.9571,73.5965,591.9,34.3,50.0,65.4,17.7,80.6,33.7,866.3,Colluvium,MODERATE_RISK
9,11.5391,76.1401,997.0,31.5,55.2,71.9,18.0,65.4,12.3,959.5,Weathered Granite,MODERATE_RISK
8,11.3501,76.8063,1829.6,35.0,48.45,69.2,18.2,54.9,20.6,942.6,Weathered Granite,MODERATE_RISK
10,9.6673,76.9182,807.0,37.9,174.29,89.0,24.7,56.7,18.5,895.8,Laterite,HIGH_RISK
5,31.1066,77.174,2248.3,53.6,166.32,84.3,25.3,71.5,32.5,1002.2,Clay Loam,HIGH_RISK
3,10.1786,77.0126,1805.2,36.2,46.1,57.5,21.0,84.8,6.8,941.1,Weathered Granite,MODERATE_RISK
9,30.5579,79.569,1888.8,37.8,49.3,46.0,18.9,90.7,28.9,962.8,Colluvium,MODERATE_RISK
3,10.1586,77.019,1686.4,48.5,17.2,12.7,19.0,65.8,17.2,898.0,Colluvium,SAFE
6,11.3725,76.8029,1821.1,12.1,43.1,30.5,25.8,91.3,26.3,950.4,Colluvium,SAFE
8,11.5623,76.1197,871.5,38.1,123.15,94.7,21.7,48.6,17.2,934.1,Colluvium,HIGH_RISK
1,9.6803,76.9143,821.7,46.6,186.4,83.1,22.3,46.1,13.5,940.4,Laterite,HIGH_RISK
8,10.1585,77.0412,1800.0,50.9,148.4,92.2,19.1,96.4,25.8,945.9,Clay Loam,HIGH_RISK
5,17.9297,73.6456,1331.5,32.6,57.6,70.6,28.4,82.9,26.8,921.6,Laterite,MODERATE_RISK
5,17.9427,73.6774,1331.8,13.7,48.2,58.0,18.3,85.2,32.9,1016.9,Weathered Granite,SAFE
10,11.3957,76.7084,1935.5,13.3,21.7,25.5,19.9,91.2,32.9,957.8,Sandy Loam,SAFE
10,9.6711,76.9292,852.6,13.1,15.6,64.6,18.1,62.3,12.1,977.2,Colluvium,SAFE
9,9.6728,76.9238,827.1,34.3,52.5,65.1,17.6,83.9,33.5,903.3,Laterite,MODERATE_RISK
8,17.9514,73.5639,671.7,43.2,177.87,80.1,19.4,45.7,8.2,936.7,Colluvium,HIGH_RISK
10,30.5519,79.5544,1871.1,17.9,39.0,16.0,15.8,92.6,19.7,1008.0,Residual Soil,SAFE
3,17.9197,73.6632,1365.5,41.4,105.4,84.0,18.4,52.8,33.7,953.5,Laterite,HIGH_RISK
1,9.6806,76.93,807.9,37.3,180.68,78.1,20.1,80.4,34.2,961.7,Laterite,HIGH_RISK
2,10.1795,77.0194,1779.9,4.7,31.57,39.5,20.7,92.2,28.6,970.2,Laterite,SAFE
4,9.6933,76.9186,857.5,7.6,24.0,27.4,24.8,76.0,16.7,931.7,Residual Soil,SAFE
2,11.4106,76.123,794.8,36.9,48.2,54.0,23.7,88.0,7.1,973.7,Weathered Granite,MODERATE_RISK
3,30.5678,79.5738,1883.7,46.4,180.4,75.4,21.2,74.3,8.5,1022.7,Laterite,HIGH_RISK
5,32.2419,77.186,2075.7,50.6,178.48,71.8,18.5,72.1,13.6,977.6,Colluvium,HIGH_RISK
7,9.6747,76.9276,822.4,12.6,14.5,34.5,20.5,59.7,6.0,993.9,Sandy Loam,SAFE
9,11.5345,76.1291,957.4,33.8,35.09,64.7,19.3,80.2,25.2,926.9,Colluvium,MODERATE_RISK
5,17.9373,73.6607,1389.9,37.1,49.0,62.9,22.1,86.7,30.0,972.8,Laterite,MODERATE_RISK
3,11.5362,76.1362,1065.5,48.4,106.1,86.6,17.2,83.9,19.0,928.4,Weathered Granite,HIGH_RISK
7,26.1574,91.7191,406.2,7.6,35.6,27.3,18.2,63.3,24.0,946.6,Sandy Loam,SAFE
6,26.9041,88.1648,1763.2,31.2,51.92,58.3,18.5,80.2,16.7,940.7,Laterite,MODERATE_RISK
4,30.5639,79.5819,1843.0,37.1,37.24,67.6,13.4,55.8,13.5,983.4,Weathered Granite,MODERATE_RISK
2,26.1486,91.7079,466.5,6.7,38.55,18.4,20.6,66.3,18.3,907.8,Laterite,SAFE
1,11.5085,76.1555,1049.4,50.0,171.05,82.9,13.4,77.9,30.1,998.0,Weathered Granite,HIGH_RISK
6,11.5508,76.1337,920.6,36.4,9.7,46.3,16.2,71.5,28.7,967.6,Colluvium,SAFE
2,26.1511,91.6951,418.6,11.3,49.6,43.6,23.0,85.8,9.1,1021.3,Weathered Granite,SAFE
10,10.1567,77.0093,1673.4,12.7,18.0,40.5,21.5,57.6,34.4,891.7,Colluvium,SAFE
1,17.9184,73.6741,1338.9,13.6,35.6,43.4,24.4,86.5,29.5,940.4,Residual Soil,SAFE
5,10.1428,77.0005,1638.0,41.3,13.97,24.4,25.5,58.4,30.2,955.1,Colluvium,SAFE
1,31.112,77.1838,2289.6,37.7,34.32,52.3,21.2,88.8,11.2,967.0,Clay Loam,MODERATE_RISK
1,30.555,79.5647,1827.4,37.7,37.2,62.0,13.5,47.4,11.1,996.7,Weathered Granite,MODERATE_RISK
4,31.1045,77.1723,2248.8,43.8,15.73,31.5,20.0,84.4,12.4,906.9,Clay Loam,SAFE
3,11.5636,76.1201,900.0,12.8,23.65,20.2,27.3,55.4,27.0,925.5,Colluvium,SAFE
5,17.9554,73.5778,601.4,42.7,7.26,30.6,18.2,54.5,29.1,971.9,Colluvium,SAFE
7,31.1247,77.1537,2286.7,49.3,87.1,86.4,20.9,89.1,20.6,937.1,Clay Loam,HIGH_RISK
10,12.4238,75.7238,1205.6,10.6,21.1,28.9,21.9,48.0,13.2,955.2,Weathered Granite,SAFE
1,26.908,88.1878,1714.7,37.8,53.5,70.9,20.7,83.2,12.1,913.0,Laterite,MODERATE_RISK
3,11.5313,76.1233,997.1,48.1,162.4,80.6,22.3,55.9,22.7,1102.8,Colluvium,HIGH_RISK
7,12.4443,75.7571,1201.3,39.1,172.3,81.4,15.8,86.3,5.1,909.1,Residual Soil,HIGH_RISK
1,31.092,77.1802,2322.2,48.2,6.0,31.4,20.6,50.0,17.0,958.6,Clay Loam,SAFE
9,10.1635,77.0291,1818.9,4.6,34.71,17.7,13.5,65.9,31.0,954.5,Laterite,SAFE
2,11.3996,76.7063,1866.9,47.8,140.58,94.5,17.2,81.0,26.8,926.3,Weathered Granite,HIGH_RISK
1,17.9471,73.5769,594.7,8.5,33.8,36.3,19.1,85.4,16.0,957.2,Colluvium,SAFE
10,17.9236,73.6735,1358.8,38.7,7.59,10.5,17.8,71.7,22.0,921.4,Laterite,SAFE
2,30.5641,79.5539,1908.3,37.8,51.0,60.0,16.1,71.7,24.9,961.1,Colluvium,MODERATE_RISK
7,9.6645,76.9353,778.3,40.9,139.87,82.8,22.5,65.6,13.1,953.9,Laterite,HIGH_RISK
4,11.3888,76.7312,1904.0,46.0,132.5,75.2,22.8,58.9,5.2,872.4,Weathered Granite,HIGH_RISK
2,11.3659,76.8046,1848.8,39.3,161.37,92.0,17.1,82.3,22.9,898.0,Weathered Granite,HIGH_RISK
5,17.9487,73.5744,583.9,34.9,53.3,59.3,20.7,95.2,10.8,978.4,Colluvium,MODERATE_RISK
9,26.8881,88.1905,1686.6,37.5,42.9,64.8,25.5,91.3,21.6,952.1,Weathered Granite,MODERATE_RISK
10,30.5576,79.5568,1863.5,36.1,52.25,49.9,20.2,88.7,28.9,1024.6,Weathered Granite,MODERATE_RISK
7,11.3642,76.7921,1857.5,37.6,47.69,60.2,25.9,77.8,12.5,1008.7,Weathered Granite,MODERATE_RISK
2,26.1663,91.6826,451.2,30.0,156.59,82.9,21.3,89.6,13.9,969.9,Laterite,HIGH_RISK
5,11.4022,76.0894,747.2,43.7,152.13,95.2,17.2,72.4,33.4,919.9,Laterite,HIGH_RISK
7,11.3334,76.8008,1806.2,11.7,36.41,44.2,22.1,60.8,10.7,956.9,Sandy Loam,SAFE
3,11.5704,76.1211,1007.6,44.2,6.9,35.9,21.5,61.7,14.3,915.2,Colluvium,SAFE
3,11.5536,76.1266,925.3,43.6,135.74,94.6,18.8,92.5,35.0,988.3,Colluvium,HIGH_RISK
9,11.5371,76.1206,986.3,37.4,49.78,69.9,23.3,82.8,34.9,976.2,Colluvium,MODERATE_RISK
2,11.3825,76.7197,1906.1,35.7,49.7,55.9,15.4,92.0,31.3,936.8,Weathered Granite,MODERATE_RISK
9,9.6911,76.9363,891.1,41.0,177.4,90.3,21.7,76.7,27.1,914.4,Laterite,HIGH_RISK
10,10.1544,76.9992,1650.9,43.1,126.9,76.0,23.0,84.3,25.2,961.6,Colluvium,HIGH_RISK
7,17.9362,73.5762,638.6,47.7,16.34,20.9,5.7,61.7,26.9,966.3,Colluvium,SAFE
9,11.5165,76.1544,1041.1,42.7,11.1,41.7,29.4,54.4,29.1,982.1,Weathered Granite,SAFE
6,11.5428,76.1257,1015.1,46.6,177.1,78.1,14.1,50.8,23.4,890.4,Colluvium,HIGH_RISK
3,11.5427,76.1399,981.0,40.9,168.2,80.5,27.8,82.7,29.7,977.6,Colluvium,HIGH_RISK
9,17.965,73.5725,656.4,33.4,47.96,69.5,21.8,50.7,34.9,967.1,Colluvium,MODERATE_RISK
1,10.1427,77.0247,1650.9,43.0,152.2,78.0,22.5,57.9,15.9,907.2,Colluvium,HIGH_RISK
1,26.8985,88.1642,1688.6,36.9,151.91,82.8,20.8,85.7,30.0,1020.7,Clay Loam,HIGH_RISK
3,9.6888,76.9203,786.8,44.1,15.1,40.7,21.6,59.7,13.6,964.4,Laterite,SAFE
8,10.1635,77.0215,1684.0,48.6,16.9,33.5,16.5,57.2,22.9,906.5,Colluvium,SAFE
2,9.6875,76.9198,758.7,16.0,24.5,23.3,23.7,86.6,12.6,999.5,Clay Loam,SAFE
3,11.3809,76.7082,1943.7,36.6,152.9,84.7,19.6,73.7,7.0,926.5,Weathered Granite,HIGH_RISK
9,9.6901,76.9061,766.8,38.2,9.8,13.6,21.2,50.5,12.5,938.9,Laterite,SAFE
5,11.4068,76.0971,776.5,35.8,44.0,66.3,18.0,84.6,10.2,975.3,Laterite,MODERATE_RISK
10,11.3474,76.7995,1898.5,37.0,57.5,54.4,16.7,90.2,30.9,923.8,Weathered Granite,MODERATE_RISK
3,12.422,75.7519,1169.9,34.0,16.23,43.7,21.3,55.4,18.8,958.6,Residual Soil,SAFE
3,11.5204,76.1366,1100.6,36.7,48.51,48.9,14.7,85.7,7.9,969.5,Laterite,MODERATE_RISK
2,31.0873,77.1778,2302.3,51.8,7.98,39.9,20.0,51.8,22.5,1016.1,Clay Loam,SAFE
9,9.691,76.904,826.8,12.0,32.95,24.8,19.5,69.8,24.3,922.7,Colluvium,SAFE
6,32.2239,77.1793,2028.8,11.3,15.57,51.7,23.7,54.1,17.4,888.8,Colluvium,SAFE
5,17.9201,73.6429,1356.4,36.7,16.7,38.0,19.3,70.6,13.2,952.2,Laterite,SAFE
9,9.6761,76.9011,827.9,46.0,172.98,85.9,14.8,55.0,31.5,903.0,Laterite,HIGH_RISK
2,17.9214,73.6707,1383.1,44.9,104.1,73.3,22.3,88.4,6.3,900.2,Laterite,HIGH_RISK
9,17.9608,73.5791,615.7,46.0,145.92,90.6,22.1,57.1,22.6,915.5,Colluvium,HIGH_RISK
10,17.9542,73.5942,569.1,13.8,31.2,22.3,21.5,86.7,13.1,977.8,Colluvium,SAFE
4,11.5439,76.1137,938.8,31.2,51.98,56.8,20.2,93.5,34.4,966.9,Laterite,MODERATE_RISK
7,11.4268,76.121,769.4,38.7,183.48,87.5,22.1,76.0,33.2,938.8,Laterite,HIGH_RISK
4,11.5372,76.1129,903.2,33.6,53.4,59.0,19.3,87.8,18.3,945.5,Colluvium,MODERATE_RISK
8,11.5158,76.1431,1086.4,43.2,177.4,78.4,15.8,65.9,27.9,889.9,Weathered Granite,HIGH_RISK
7,10.1517,77.0106,1817.3,37.0,38.0,62.3,13.2,97.9,28.4,972.4,Weathered Granite,MODERATE_RISK
3,10.1494,77.0264,1774.0,55.3,118.8,84.5,14.9,51.1,24.7,940.8,Weathered Granite,HIGH_RISK
9,10.1598,77.0448,1757.2,54.8,85.5,74.1,18.9,62.8,29.3,946.5,Weathered Granite,HIGH_RISK
5,10.1522,77.0025,1658.0,37.4,42.5,68.3,19.4,81.1,23.1,929.1,Colluvium,MODERATE_RISK
3,30.5453,79.5481,1902.3,42.0,16.34,30.0,19.3,76.8,16.2,980.0,Weathered Granite,SAFE
1,26.8989,88.1719,1695.1,32.9,134.6,90.8,18.7,96.8,13.7,1038.3,Colluvium,HIGH_RISK
6,11.5686,76.1195,904.1,43.6,156.92,80.7,16.1,51.8,18.7,951.1,Colluvium,HIGH_RISK
6,11.3638,76.787,1841.8,36.7,54.9,60.5,22.5,97.3,9.0,898.0,Weathered Granite,MODERATE_RISK
2,9.6911,76.9146,826.9,39.9,9.6,43.2,14.0,67.8,20.5,1035.0,Laterite,SAFE
10,11.5261,76.1364,1100.2,47.7,166.5,74.8,25.5,67.7,29.5,965.9,Weathered Granite,HIGH_RISK
7,17.9221,73.6779,1389.7,36.7,46.4,63.6,18.8,85.9,31.4,907.8,Colluvium,MODERATE_RISK
9,9.6745,76.9291,830.0,31.1,49.72,65.1,20.8,73.3,23.7,974.8,Weathered Granite,MODERATE_RISK
2,11.574,76.1187,932.9,38.8,16.6,37.6,14.3,96.4,6.5,978.0,Colluvium,SAFE
10,26.8964,88.1783,1732.0,35.6,153.7,81.9,21.6,81.7,22.4,959.6,Laterite,HIGH_RISK
1,11.5459,76.1345,918.0,41.1,134.7,73.8,18.2,49.5,31.4,965.0,Colluvium,HIGH_RISK
1,11.3966,76.7127,1941.5,45.3,178.7,72.4,19.2,63.3,18.8,932.6,Weathered Granite,HIGH_RISK
9,11.3775,76.706,1917.3,12.6,36.63,51.2,22.4,92.7,10.6,913.3,Clay Loam,SAFE
10,11.533,76.1338,1015.0,48.4,163.19,85.0,19.0,74.0,33.8,903.0,Weathered Granite,HIGH_RISK
7,11.5315,76.1371,1057.5,11.3,25.96,44.9,17.7,52.1,10.5,1004.0,Weathered Granite,SAFE
3,9.7024,76.9123,812.6,33.5,35.37,68.9,30.6,84.7,5.4,935.2,Laterite,MODERATE_RISK
10,10.154,77.014,1618.1,43.8,113.4,89.2,24.6,60.3,14.0,982.6,Colluvium,HIGH_RISK
4,17.9233,73.6604,1381.6,33.3,57.9,50.7,23.5,94.4,6.6,942.3,Laterite,MODERATE_RISK
10,26.8961,88.1646,1716.4,32.2,178.0,92.8,19.4,52.8,7.9,1042.3,Laterite,HIGH_RISK
1,10.1695,77.0169,1719.4,31.3,53.7,68.3,23.2,92.3,21.6,938.3,Colluvium,MODERATE_RISK
3,32.2546,77.1728,2061.8,47.7,17.2,15.9,20.3,57.2,15.4,947.7,Colluvium,SAFE
3,32.2305,77.1989,2049.7,15.2,38.61,60.1,20.6,97.0,18.5,997.2,Residual Soil,SAFE
5,11.5277,76.1425,1038.5,48.9,80.9,80.4,22.3,80.3,34.0,861.7,Weathered Granite,HIGH_RISK
6,30.5673,79.5775,1901.7,10.4,37.02,41.7,21.7,94.8,22.4,928.2,Sandy Loam,SAFE
1,10.1347,76.998,1614.3,47.9,174.02,74.8,22.6,72.4,31.9,945.8,Laterite,HIGH_RISK
3,17.9297,73.665,1351.6,33.7,43.89,64.4,22.4,96.7,9.9,962.1,Laterite,MODERATE_RISK
1,10.1442,77.0125,1660.2,44.1,135.63,83.8,15.5,66.8,34.3,963.4,Colluvium,HIGH_RISK
1,11.3671,76.778,1837.7,34.7,11.6,20.7,21.7,55.8,31.9,919.7,Weathered Granite,SAFE
10,11.3461,76.7964,1895.0,40.7,169.5,70.8,27.8,72.6,18.3,987.2,Weathered Granite,HIGH_RISK
3,11.5127,76.1382,1025.6,35.1,54.3,68.4,16.9,92.3,8.8,939.8,Weathered Granite,MODERATE_RISK
10,9.6759,76.9156,815.0,38.1,169.84,95.4,23.3,74.0,23.2,978.5,Laterite,HIGH_RISK
9,10.1509,77.0213,1804.1,42.3,12.27,27.9,16.3,78.2,6.4,918.2,Weathered Granite,SAFE
3,11.3788,76.7141,1947.8,44.4,151.2,88.9,17.7,51.1,16.4,911.2,Weathered Granite,HIGH_RISK
10,10.1371,77.0247,1680.7,46.3,144.3,79.4,10.8,72.7,12.3,923.2,Colluvium,HIGH_RISK
8,11.3871,76.6969,1948.8,34.7,57.4,67.4,11.0,97.2,31.1,948.4,Weathered Granite,MODERATE_RISK
8,11.3581,76.7858,1800.3,32.4,50.2,65.9,17.8,86.3,20.0,897.9,Weathered Granite,MODERATE_RISK
1,26.1473,91.7019,398.7,37.9,55.7,71.4,14.7,95.9,14.4,986.6,Clay Loam,MODERATE_RISK
10,31.094,77.1896,2302.4,45.9,15.2,20.0,15.0,56.6,30.9,975.5,Clay Loam,SAFE
5,11.5446,76.124,1001.2,46.1,99.8,88.7,24.6,71.2,29.4,1003.9,Colluvium,HIGH_RISK
6,12.4086,75.7239,1128.1,14.2,31.9,45.6,25.0,55.3,7.4,962.2,Weathered Granite,SAFE
1,10.1323,77.0187,1624.9,50.1,150.09,92.5,19.2,57.5,10.0,989.2,Colluvium,HIGH_RISK
7,10.1632,76.9973,1622.8,37.5,48.4,67.0,24.5,63.6,22.9,966.9,Colluvium,MODERATE_RISK
7,11.5685,76.1467,950.2,37.3,47.4,61.8,19.8,92.5,15.1,953.9,Colluvium,MODERATE_RISK
9,11.5215,76.1307,997.6,38.0,44.7,65.1,24.0,87.8,19.2,958.4,Colluvium,MODERATE_RISK
10,26.8881,88.1802,1707.1,40.8,167.42,84.3,23.5,75.1,21.3,957.9,Laterite,HIGH_RISK
6,11.521,76.1458,1042.7,43.5,12.2,32.1,25.7,79.7,22.6,990.5,Weathered Granite,SAFE
1,26.8972,88.1662,1696.5,35.8,43.8,61.9,13.0,97.3,17.7,960.0,Laterite,MODERATE_RISK
4,11.5382,76.1446,1092.6,50.1,173.42,91.1,18.9,60.6,31.2,928.9,Weathered Granite,HIGH_RISK
1,17.9465,73.6003,604.5,12.3,33.94,44.5,12.8,85.0,14.3,914.8,Laterite,SAFE
7,11.568,76.1147,923.7,36.7,46.6,69.6,24.3,50.3,26.4,923.4,Colluvium,MODERATE_RISK
1,30.575,79.5787,1828.9,44.0,175.4,79.0,17.1,73.0,31.0,948.8,Weathered Granite,HIGH_RISK
6,11.387,76.712,1909.9,33.0,50.11,67.0,22.3,84.7,16.0,931.0,Weathered Granite,MODERATE_RISK
9,9.6907,76.9018,825.6,34.5,55.3,63.7,22.2,91.9,16.1,968.2,Laterite,MODERATE_RISK
2,11.3798,76.6945,1873.8,44.6,185.68,90.4,18.3,83.4,19.8,938.0,Weathered Granite,HIGH_RISK
4,11.5023,76.1275,1090.6,48.2,164.12,96.0,18.4,56.7,18.3,925.1,Weathered Granite,HIGH_RISK
7,11.3743,76.7167,1908.4,34.7,46.5,45.2,20.1,81.8,6.8,945.1,Weathered Granite,MODERATE_RISK
7,12.4318,75.7528,1187.5,39.4,14.52,26.7,17.0,59.5,29.0,988.3,Residual Soil,SAFE
2,32.2539,77.1787,2058.8,17.6,34.1,18.8,18.3,55.1,19.0,986.7,Laterite,SAFE
10,10.1664,77.027,1769.7,37.6,48.3,60.7,17.8,73.3,19.9,930.8,Weathered Granite,MODERATE_RISK
6,11.5458,76.1486,966.1,35.4,56.0,53.5,16.7,89.1,28.8,966.4,Clay Loam,MODERATE_RISK
5,10.1457,77.0272,1691.3,9.2,40.2,24.9,15.0,97.1,19.8,939.2,Clay Loam,SAFE
6,9.6873,76.9272,823.7,39.2,14.3,11.4,21.6,97.1,14.4,934.7,Laterite,SAFE
8,11.551,76.1259,928.9,16.4,24.2,50.2,16.7,56.2,7.3,967.2,Weathered Granite,SAFE
4,17.9674,73.5877,628.0,46.8,15.9,34.3,20.7,50.0,22.8,938.0,Colluvium,SAFE
1,26.1835,91.686,437.0,32.5,152.29,93.3,20.8,63.0,9.4,906.3,Clay Loam,HIGH_RISK
6,17.9671,73.5883,597.7,31.6,45.87,71.1,21.4,82.9,6.2,929.7,Weathered Granite,MODERATE_RISK
2,31.087,77.1904,2306.0,47.1,4.4,24.5,23.1,83.0,8.9,963.0,Clay Loam,SAFE
9,11.3471,76.7822,1840.1,38.8,15.1,38.9,24.6,47.6,34.0,951.2,Weathered Granite,SAFE
7,11.5332,76.1261,1076.5,43.6,14.69,12.8,20.7,59.8,6.7,933.7,Colluvium,SAFE
1,9.6786,76.9311,809.1,36.1,16.4,46.7,20.5,78.1,22.3,989.1,Laterite,SAFE
7,26.1653,91.7081,453.8,37.8,53.3,69.6,19.5,91.9,10.3,956.6,Clay Loam,MODERATE_RISK
6,9.7027,76.9262,840.1,35.7,16.5,39.0,24.7,70.0,22.1,955.2,Laterite,SAFE
3,11.5392,76.1185,1034.1,46.5,180.0,77.0,25.7,61.0,16.1,981.5,Colluvium,HIGH_RISK
3,11.3722,76.723,1909.6,47.0,135.1,92.5,15.7,51.4,16.3,987.2,Weathered Granite,HIGH_RISK
8,11.3979,76.1216,739.1,37.6,50.7,58.7,20.6,73.7,18.5,967.7,Laterite,MODERATE_RISK
2,31.1214,77.1666,2250.5,35.3,55.0,64.5,17.9,92.7,20.7,948.5,Clay Loam,MODERATE_RISK
8,9.6953,76.9315,779.3,15.8,40.9,31.5,16.3,46.6,30.9,973.2,Sandy Loam,SAFE
3,11.3906,76.7014,1908.9,4.2,45.1,45.8,22.7,51.7,31.0,965.4,Sandy Loam,SAFE
9,11.3654,76.6962,1985.5,36.6,39.6,71.9,19.7,81.7,27.5,899.0,Clay Loam,MODERATE_RISK
8,11.5307,76.1288,976.6,6.3,36.08,56.1,26.4,81.0,31.9,934.0,Clay Loam,SAFE
8,10.134,76.9985,1615.7,34.7,56.2,46.3,20.9,69.7,10.0,934.0,Colluvium,MODERATE_RISK
7,10.1655,76.9984,1658.7,41.7,7.3,30.9,21.2,93.1,31.8,956.6,Colluvium,SAFE
4,17.9073,73.658,1374.5,37.2,176.94,88.8,18.3,58.3,29.4,883.2,Laterite,HIGH_RISK
3,11.3974,76.1127,787.9,37.3,144.71,71.0,24.9,89.3,25.4,922.7,Laterite,HIGH_RISK
7,11.4033,76.6953,1855.6,35.6,44.3,49.7,20.8,89.0,29.9,911.4,Weathered Granite,MODERATE_RISK
2,30.5584,79.5642,1918.6,35.5,55.0,65.0,21.7,77.0,34.4,1019.2,Weathered Granite,MODERATE_RISK
9,11.5493,76.1397,880.4,37.5,14.9,32.3,10.3,46.6,27.6,977.8,Colluvium,SAFE
1,11.512,76.1276,985.8,17.0,35.0,30.4,19.2,67.2,32.9,960.2,Sandy Loam,SAFE
3,9.7003,76.8983,808.8,18.0,30.36,41.1,25.4,45.9,17.6,965.0,Laterite,SAFE
5,11.546,76.1286,986.8,48.2,139.0,89.5,20.9,61.6,13.5,1024.3,Colluvium,HIGH_RISK
5,32.2346,77.1753,2027.4,36.6,38.89,60.3,18.1,49.0,34.6,941.8,Laterite,MODERATE_RISK
7,9.6867,76.8991,798.9,46.9,150.3,87.5,18.5,56.1,25.9,928.3,Colluvium,HIGH_RISK
5,17.9601,73.5918,644.6,16.8,34.6,26.1,18.4,92.7,7.3,934.3,Residual Soil,SAFE
3,17.9184,73.668,1333.4,39.9,170.44,82.7,19.8,62.2,31.3,981.4,Laterite,HIGH_RISK
9,9.6883,76.9022,854.1,46.6,166.87,85.4,16.0,83.4,10.3,931.2,Laterite,HIGH_RISK
5,11.5106,76.1347,1035.6,34.7,43.73,60.1,9.4,95.0,21.8,899.8,Weathered Granite,MODERATE_RISK
9,9.6707,76.9322,838.4,42.4,7.21,27.7,25.4,47.5,23.7,909.0,Laterite,SAFE
8,10.1583,77.0445,1782.8,32.4,54.2,72.0,13.9,60.5,14.3,1005.1,Weathered Granite,MODERATE_RISK
10,11.5293,76.1459,927.0,49.4,116.33,88.8,17.0,87.4,14.3,892.4,Clay Loam,HIGH_RISK
1,11.543,76.1494,968.6,38.5,99.3,78.3,15.6,94.3,22.4,905.1,Colluvium,HIGH_RISK
7,26.1679,91.6865,435.7,37.3,159.6,94.7,25.3,90.7,5.8,905.6,Clay Loam,HIGH_RISK
10,12.4154,75.7276,1173.1,42.7,157.2,87.3,23.6,50.4,24.2,1027.0,Laterite,HIGH_RISK
2,10.1817,77.0179,1801.6,49.8,114.3,87.2,20.3,78.5,26.6,960.7,Laterite,HIGH_RISK
1,32.2532,77.2012,2044.3,47.0,14.1,37.4,18.2,57.5,24.0,968.3,Colluvium,SAFE
1,11.5723,76.1214,915.5,39.7,178.2,70.7,19.2,84.0,27.5,890.8,Colluvium,HIGH_RISK
7,11.429,76.1223,836.4,33.2,57.3,58.6,11.3,97.2,12.2,903.2,Weathered Granite,MODERATE_RISK
3,11.5402,76.149,956.8,44.1,154.66,74.7,11.0,69.9,32.1,994.8,Colluvium,HIGH_RISK
5,26.8749,88.1776,1696.5,39.0,155.4,71.0,10.3,69.9,28.8,953.9,Weathered Granite,HIGH_RISK
4,10.1586,77.0192,1799.9,5.6,44.0,51.5,19.1,95.1,13.9,955.1,Laterite,SAFE
4,11.3434,76.8013,1859.7,43.5,171.4,81.8,18.0,50.1,25.4,932.5,Weathered Granite,HIGH_RISK
4,26.165,91.6829,500.2,30.0,134.0,95.3,14.0,61.7,9.5,976.5,Clay Loam,HIGH_RISK
1,10.1625,77.0201,1756.2,50.3,90.4,85.4,11.8,61.6,6.5,928.1,Weathered Granite,HIGH_RISK
6,17.9623,73.5646,629.9,37.0,48.73,49.1,23.2,92.0,22.5,979.3,Colluvium,MODERATE_RISK
9,17.9625,73.5799,640.0,44.2,135.7,91.3,18.9,72.7,13.4,981.2,Colluvium,HIGH_RISK
2,10.1621,77.029,1626.6,45.8,157.52,95.4,21.5,69.6,15.8,1036.0,Colluvium,HIGH_RISK
1,17.9545,73.5728,591.2,37.9,40.0,53.8,20.3,55.2,34.3,954.6,Colluvium,MODERATE_RISK
6,11.5096,76.1633,998.3,27.7,31.1,71.6,21.0,94.8,32.2,900.4,Weathered Granite,MODERATE_RISK
1,17.9316,73.6686,1348.7,35.9,33.7,71.5,21.2,81.1,34.9,956.9,Laterite,MODERATE_RISK
5,30.5469,79.5572,1840.9,31.0,46.75,46.3,16.7,96.2,7.9,885.5,Weathered Granite,MODERATE_RISK
5,32.2497,77.1833,2023.8,44.1,113.41,76.3,18.1,72.0,33.7,905.8,Colluvium,HIGH_RISK
10,30.5604,79.5481,1890.2,29.9,50.2,64.4,18.1,86.1,11.7,917.8,Weathered Granite,MODERATE_RISK
2,11.4098,76.0896,753.6,32.2,178.1,84.4,16.4,83.4,32.4,942.1,Laterite,HIGH_RISK
9,11.5383,76.1209,917.6,37.7,41.2,63.8,25.4,88.1,6.7,1022.1,Weathered Granite,MODERATE_RISK
8,10.147,76.997,1656.8,43.7,16.9,18.4,15.8,71.2,15.9,941.0,Colluvium,SAFE
9,32.2612,77.1993,2072.5,52.8,100.5,70.7,23.0,54.5,15.4,974.2,Laterite,HIGH_RISK
10,17.9634,73.5648,636.7,46.9,171.44,75.6,11.3,50.1,18.7,965.8,Colluvium,HIGH_RISK
8,30.5367,79.5782,1802.1,47.2,150.1,84.1,20.8,62.9,29.6,948.5,Weathered Granite,HIGH_RISK
10,26.1541,91.7001,412.9,32.7,51.65,50.1,24.3,88.5,34.5,953.2,Sandy Loam,MODERATE_RISK
4,11.4162,76.1199,738.3,37.9,7.9,14.4,18.1,58.6,19.4,978.5,Laterite,SAFE
6,11.3663,76.7769,1815.3,40.2,173.8,81.0,21.9,50.4,17.1,922.3,Weathered Granite,HIGH_RISK
3,26.8748,88.1884,1652.4,34.9,181.44,95.6,30.8,90.1,9.3,904.8,Laterite,HIGH_RISK
6,32.2412,77.188,1991.7,45.2,168.1,92.9,21.7,94.1,7.4,990.6,Colluvium,HIGH_RISK
3,11.542,76.1379,991.0,37.5,56.5,63.7,18.3,47.4,24.8,977.6,Colluvium,MODERATE_RISK
2,30.5713,79.5723,1848.3,34.7,53.8,71.5,25.2,83.8,23.4,914.4,Weathered Granite,MODERATE_RISK
2,11.5378,76.123,863.8,41.6,155.3,71.3,22.8,57.5,14.1,915.9,Colluvium,HIGH_RISK
7,9.6783,76.9061,827.0,31.1,50.05,58.2,20.6,87.7,25.1,978.9,Laterite,MODERATE_RISK
10,11.5186,76.1331,998.4,39.4,5.5,15.9,24.7,58.8,7.8,997.2,Colluvium,SAFE
2,26.8806,88.1694,1677.3,35.3,15.5,35.3,24.6,74.1,11.6,961.2,Laterite,SAFE
8,17.9128,73.6588,1361.7,35.2,4.79,18.7,18.8,91.8,30.4,911.7,Laterite,SAFE
2,17.9412,73.5651,633.3,35.1,43.7,57.9,19.2,95.5,28.2,899.1,Weathered Granite,MODERATE_RISK
8,9.6953,76.9109,860.4,42.5,8.14,18.7,21.1,57.7,31.5,924.4,Laterite,SAFE
5,26.8749,88.1926,1750.7,31.9,13.6,41.8,23.7,83.0,32.3,894.9,Laterite,SAFE
4,9.6643,76.9093,855.4,40.4,155.32,89.6,18.5,54.9,15.8,997.6,Laterite,HIGH_RISK
3,11.3969,76.7291,1871.0,32.2,32.51,63.9,20.6,97.1,28.0,958.7,Weathered Granite,MODERATE_RISK
2,11.5302,76.1311,1080.2,49.4,135.7,79.8,18.4,93.5,16.1,864.7,Weathered Granite,HIGH_RISK
2,26.1581,91.709,436.7,37.0,34.3,63.4,19.0,86.4,8.5,936.8,Laterite,MODERATE_RISK
9,11.506,76.1451,1022.6,4.2,32.78,49.5,22.8,72.2,9.3,889.9,Residual Soil,SAFE
5,11.548,76.1226,1008.5,31.3,44.83,53.0,8.1,92.6,15.1,958.0,Colluvium,MODERATE_RISK
8,30.5709,79.5585,1906.6,39.2,12.5,46.3,16.5,57.1,32.4,875.1,Weathered Granite,SAFE
10,11.5582,76.114,915.7,43.5,150.0,79.7,23.5,49.1,22.7,907.8,Colluvium,HIGH_RISK
7,11.5321,76.165,1065.0,32.5,53.6,67.0,23.2,82.9,14.0,937.6,Weathered Granite,MODERATE_RISK
9,32.2516,77.1981,2021.1,37.4,52.6,70.3,19.7,84.5,7.0,951.0,Sandy Loam,MODERATE_RISK
10,11.5199,76.1318,1005.3,15.3,47.7,53.1,23.0,71.5,14.2,886.4,Colluvium,SAFE
6,30.568,79.5795,1902.4,37.0,47.19,45.9,26.0,89.2,29.7,980.5,Weathered Granite,MODERATE_RISK
10,11.547,76.1131,911.4,40.8,152.9,87.7,14.4,55.3,22.0,969.7,Weathered Granite,HIGH_RISK
9,11.5341,76.1361,915.9,45.9,17.3,37.5,21.3,72.9,12.0,953.7,Colluvium,SAFE
1,11.5148,76.1481,1035.8,36.3,47.74,57.2,17.1,46.1,30.9,1008.2,Weathered Granite,MODERATE_RISK
9,26.8894,88.1806,1719.2,36.8,55.5,61.1,20.3,45.5,28.9,982.0,Laterite,MODERATE_RISK
9,26.1483,91.6803,433.8,37.1,54.4,47.3,19.8,82.0,22.6,988.1,Colluvium,MODERATE_RISK
6,17.9641,73.5662,663.1,27.5,53.0,61.8,24.5,91.9,18.3,936.0,Colluvium,MODERATE_RISK
1,10.17,77.0202,1731.8,35.0,56.7,58.8,19.7,55.1,9.0,969.4,Weathered Granite,MODERATE_RISK
2,11.5219,76.1323,966.2,5.7,7.9,64.3,22.4,67.0,23.5,837.2,Residual Soil,SAFE
10,10.1651,77.0086,1772.3,36.1,51.7,50.9,13.1,90.0,9.1,969.6,Weathered Granite,MODERATE_RISK
2,10.165,77.019,1689.3,40.2,171.77,73.6,21.3,76.6,13.3,994.9,Colluvium,HIGH_RISK
7,12.421,75.7344,1233.8,34.3,155.27,95.2,15.5,89.9,9.4,993.0,Colluvium,HIGH_RISK
1,17.9337,73.6564,1340.9,13.4,24.0,20.6,18.7,70.1,33.6,891.2,Weathered Granite,SAFE
1,11.3965,76.7247,1886.2,41.3,176.2,79.3,12.4,61.5,26.0,981.8,Weathered Granite,HIGH_RISK
5,32.2516,77.1856,2065.6,37.6,38.5,58.4,16.3,88.4,19.5,956.9,Weathered Granite,MODERATE_RISK
1,31.1104,77.1857,2302.3,53.0,110.7,71.9,17.9,47.4,6.5,903.0,Laterite,HIGH_RISK
5,11.3541,76.8134,1877.9,38.0,56.1,51.8,21.6,87.1,27.4,1020.1,Laterite,MODERATE_RISK
9,26.1687,91.7061,443.9,32.6,15.4,32.3,20.5,60.9,10.1,1000.1,Clay Loam,SAFE
6,12.4353,75.7382,1194.9,33.1,9.35,34.3,22.5,57.1,24.0,941.7,Residual Soil,SAFE
8,11.5213,76.1349,1037.7,43.5,125.51,92.7,21.8,71.0,6.4,895.5,Weathered Granite,HIGH_RISK
9,11.5416,76.1294,907.7,37.9,51.9,57.8,16.6,96.6,23.6,942.3,Colluvium,MODERATE_RISK
10,31.113,77.1926,2278.3,46.8,13.3,46.2,17.9,84.0,12.6,960.7,Clay Loam,SAFE
10,10.1446,77.0111,1757.1,34.4,39.44,70.7,18.4,80.8,33.2,872.7,Weathered Granite,MODERATE_RISK
1,26.8769,88.1997,1656.0,31.4,141.4,89.8,18.2,83.9,20.2,984.8,Laterite,HIGH_RISK
3,32.2449,77.1963,2114.1,43.7,145.3,95.6,15.1,53.6,29.5,928.1,Clay Loam,HIGH_RISK
1,11.5369,76.1622,1036.1,37.4,52.7,46.4,14.9,52.5,27.8,925.3,Weathered Granite,MODERATE_RISK
5,11.4111,76.1023,749.2,37.6,15.57,10.3,11.7,53.8,30.3,920.5,Laterite,SAFE
4,9.702,76.9113,815.4,37.4,48.0,67.8,13.4,93.8,12.7,967.1,Laterite,MODERATE_RISK
2,32.2628,77.1843,2025.3,44.6,152.1,78.1,14.1,70.5,27.3,959.2,Colluvium,HIGH_RISK
7,26.8869,88.1655,1731.4,34.6,57.2,60.5,14.2,55.3,13.2,974.9,Weathered Granite,MODERATE_RISK
2,32.2324,77.188,2062.3,47.0,136.18,88.2,23.2,58.1,9.6,993.3,Colluvium,HIGH_RISK
7,17.9429,73.5984,664.6,43.2,12.1,13.4,23.6,65.4,34.5,965.2,Colluvium,SAFE
7,11.3937,76.7081,1954.4,33.9,36.4,57.6,20.4,82.9,32.4,927.9,Laterite,MODERATE_RISK
9,30.5754,79.5778,1890.1,43.7,168.41,93.7,22.5,76.9,25.4,922.9,Clay Loam,HIGH_RISK
2,11.401,76.6966,1941.0,41.6,131.8,74.7,22.9,96.1,11.0,955.5,Laterite,HIGH_RISK
1,26.8888,88.1797,1697.2,37.1,38.17,71.0,20.4,91.8,25.8,962.0,Laterite,MODERATE_RISK
6,9.6743,76.922,808.1,41.5,4.9,12.3,18.6,89.3,19.0,910.8,Laterite,SAFE
3,11.5443,76.1269,951.9,45.8,174.6,80.8,14.2,92.3,17.4,951.2,Weathered Granite,HIGH_RISK
2,11.4175,76.0889,775.4,39.1,173.75,81.7,19.7,58.9,12.2,956.3,Laterite,HIGH_RISK
2,11.3586,76.8116,1852.0,15.1,10.45,36.1,11.4,75.3,31.3,998.2,Laterite,SAFE
10,9.675,76.9078,876.1,37.9,56.8,71.2,23.1,83.7,18.0,961.0,Laterite,MODERATE_RISK
9,31.0983,77.1661,2277.8,47.0,9.19,34.7,18.9,96.5,27.8,982.5,Clay Loam,SAFE
8,11.3995,76.727,1912.2,47.2,168.2,74.3,28.7,72.1,30.0,932.9,Weathered Granite,HIGH_RISK
8,11.5027,76.1527,1019.8,53.0,175.18,92.8,23.9,57.5,20.4,911.6,Weathered Granite,HIGH_RISK
8,30.5723,79.5866,1829.6,44.5,2.42,23.4,17.1,66.3,27.2,987.7,Weathered Granite,SAFE
2,11.5491,76.1276,997.1,49.1,130.6,84.3,28.6,87.4,9.8,966.2,Colluvium,HIGH_RISK
1,11.363,76.7761,1828.3,40.0,10.51,37.7,18.3,57.3,20.6,939.7,Weathered Granite,SAFE
10,30.5655,79.5499,1882.1,45.5,174.4,73.4,20.2,78.3,17.8,865.1,Weathered Granite,HIGH_RISK
2,11.4268,76.0868,836.2,35.2,133.4,90.3,17.8,52.7,8.8,914.2,Laterite,HIGH_RISK
10,31.1047,77.1625,2256.6,55.6,78.7,90.6,21.8,81.1,26.7,977.0,Weathered Granite,HIGH_RISK
5,11.3773,76.7111,1897.0,39.9,9.52,35.7,10.4,82.4,32.7,932.7,Weathered Granite,SAFE
4,30.5719,79.5487,1875.4,40.4,186.67,84.5,20.0,47.5,23.9,959.7,Weathered Granite,HIGH_RISK
9,11.3701,76.792,1842.8,34.5,40.3,69.7,21.3,89.7,26.0,880.6,Weathered Granite,MODERATE_RISK
8,26.1627,91.7182,449.7,32.1,168.6,92.4,15.6,51.4,11.1,961.4,Weathered Granite,HIGH_RISK
5,26.1676,91.6817,413.1,30.4,6.82,18.4,24.1,74.8,7.2,937.0,Clay Loam,SAFE
5,11.3707,76.7883,1795.0,33.0,32.5,69.9,25.3,92.3,21.2,964.7,Weathered Granite,MODERATE_RISK
10,10.1789,77.042,1782.4,48.6,182.88,75.8,21.1,50.5,27.4,983.0,Weathered Granite,HIGH_RISK
2,31.0985,77.1753,2234.9,49.8,7.26,30.8,20.2,84.9,9.8,1014.0,Clay Loam,SAFE
9,11.4017,76.1207,809.2,43.4,134.5,93.7,21.9,77.7,14.9,960.4,Laterite,HIGH_RISK
10,17.9368,73.672,1329.0,38.1,5.7,24.9,19.9,79.7,10.5,931.4,Laterite,SAFE
7,10.1537,77.0099,1624.4,47.5,169.0,78.4,18.7,80.2,34.9,1028.2,Colluvium,HIGH_RISK
4,11.369,76.806,1814.9,15.7,43.56,32.4,20.5,63.5,22.5,934.4,Residual Soil,SAFE
7,9.6655,76.9085,807.3,40.4,104.34,91.4,21.0,56.2,7.2,970.0,Laterite,HIGH_RISK
10,9.6755,76.8982,850.3,29.8,53.7,49.0,25.8,93.1,15.3,906.3,Laterite,MODERATE_RISK
5,17.9256,73.6481,1362.5,30.9,55.6,57.1,15.3,85.0,22.6,957.5,Laterite,MODERATE_RISK
10,26.8811,88.2023,1731.4,16.2,16.89,24.8,24.0,50.0,27.0,983.0,Clay Loam,SAFE
5,17.9533,73.5654,596.4,13.8,19.8,40.3,17.7,84.2,11.5,955.1,Residual Soil,SAFE
9,11.5159,76.1486,968.1,34.3,50.82,64.3,25.5,70.7,23.6,897.6,Colluvium,MODERATE_RISK
10,11.3466,76.7921,1941.1,34.3,186.45,94.8,19.7,72.5,18.6,849.1,Weathered Granite,HIGH_RISK
9,11.4122,76.1125,750.5,36.2,46.3,63.4,19.1,87.3,14.7,933.2,Colluvium,MODERATE_RISK
4,11.5322,76.1264,1003.1,26.5,52.0,70.0,20.5,97.9,11.4,956.1,Weathered Granite,MODERATE_RISK
2,9.6732,76.9001,809.7,41.5,10.3,33.5,22.1,84.2,13.2,971.4,Laterite,SAFE
7,26.1773,91.7021,438.2,35.4,45.3,65.3,21.5,91.1,13.5,940.1,Weathered Granite,MODERATE_RISK
10,11.542,76.1241,946.4,35.4,47.5,64.2,11.5,92.4,29.7,914.5,Colluvium,MODERATE_RISK
4,11.4316,76.0929,805.3,36.3,57.8,65.8,16.0,88.9,30.4,978.7,Laterite,MODERATE_RISK
8,17.9086,73.647,1372.2,35.2,14.74,19.0,22.2,71.5,25.8,970.6,Laterite,SAFE
5,17.9536,73.592,593.4,48.5,169.5,92.2,21.4,67.0,16.3,1028.6,Weathered Granite,HIGH_RISK
1,11.4157,76.1007,729.1,34.8,9.9,26.2,22.6,63.3,14.4,930.5,Laterite,SAFE
8,11.564,76.1334,898.6,41.6,7.9,12.0,24.4,84.2,30.9,898.3,Colluvium,SAFE
3,32.2501,77.177,2057.0,16.6,21.7,58.1,15.3,46.0,26.0,982.4,Weathered Granite,SAFE
8,11.5479,76.1357,960.2,37.6,46.37,66.1,20.0,56.9,9.6,957.2,Colluvium,MODERATE_RISK
7,26.908,88.1936,1696.0,40.5,112.59,86.7,26.1,94.7,14.4,902.7,Laterite,HIGH_RISK
1,11.3813,76.6965,1905.0,4.3,18.43,49.1,20.5,61.6,5.5,931.2,Clay Loam,SAFE
10,32.2401,77.2063,2073.9,37.7,46.42,70.2,15.7,56.4,23.0,976.1,Colluvium,MODERATE_RISK
6,26.9039,88.1983,1722.3,37.3,52.3,46.7,14.9,85.6,19.6,1000.8,Colluvium,MODERATE_RISK
9,11.3729,76.6964,1932.1,12.9,25.6,19.3,18.4,75.4,31.4,927.1,Laterite,SAFE
3,11.3673,76.8125,1907.2,17.7,42.0,27.1,19.7,90.3,17.5,966.1,Residual Soil,SAFE
9,11.3756,76.7053,1973.1,40.3,5.6,24.7,22.0,80.1,29.2,952.4,Weathered Granite,SAFE
7,11.374,76.707,1901.2,40.5,175.94,75.7,23.4,59.7,29.4,910.3,Weathered Granite,HIGH_RISK
4,11.514,76.1486,1027.9,35.4,37.73,71.0,24.5,81.1,11.2,980.9,Weathered Granite,MODERATE_RISK
3,17.937,73.6541,1384.5,16.5,27.39,39.5,15.6,89.1,23.3,984.5,Weathered Granite,SAFE
6,11.5145,76.1395,974.5,44.7,12.1,12.5,26.2,83.0,18.3,976.7,Colluvium,SAFE
8,11.503,76.1428,1061.4,45.1,169.6,94.6,20.7,58.1,10.0,922.9,Weathered Granite,HIGH_RISK
4,17.9443,73.6709,1362.6,36.3,41.2,45.8,18.5,81.4,24.6,944.6,Laterite,MODERATE_RISK
6,12.435,75.7306,1218.0,40.8,13.5,12.6,24.5,79.4,5.6,953.8,Residual Soil,SAFE
4,11.511,76.1314,1073.8,35.3,51.0,64.7,17.6,67.5,24.9,967.5,Weathered Granite,MODERATE_RISK
9,10.1507,77.0059,1773.1,53.6,101.64,81.5,17.0,59.5,11.8,941.9,Weathered Granite,HIGH_RISK
5,17.9425,73.6013,601.9,37.1,30.8,70.7,21.0,91.5,27.3,976.6,Weathered Granite,MODERATE_RISK
1,26.1843,91.6883,463.2,37.9,41.7,54.7,17.5,93.8,20.0,936.5,Clay Loam,MODERATE_RISK
1,11.3674,76.7751,1835.9,32.4,49.12,52.5,16.7,88.3,5.8,912.2,Weathered Granite,MODERATE_RISK
8,11.5245,76.1325,1045.2,52.7,79.4,75.5,20.9,86.3,9.9,890.9,Weathered Granite,HIGH_RISK
7,11.53,76.1411,998.1,42.9,139.2,88.3,17.5,68.6,34.9,937.8,Weathered Granite,HIGH_RISK
7,11.552,76.1218,985.7,32.8,45.3,47.8,15.2,90.8,10.4,942.8,Colluvium,MODERATE_RISK
6,17.9728,73.5919,564.1,48.7,17.2,21.1,24.1,59.6,29.2,892.4,Colluvium,SAFE
6,30.5394,79.5676,1887.4,43.6,15.95,47.7,29.9,62.5,32.8,956.3,Weathered Granite,SAFE
8,10.1692,77.0295,1764.0,47.0,149.3,80.4,20.7,62.2,26.2,913.0,Weathered Granite,HIGH_RISK
8,9.7026,76.9127,879.2,13.4,36.4,53.1,22.0,53.0,20.2,971.7,Residual Soil,SAFE
2,11.5255,76.1167,994.6,30.3,48.9,56.0,23.6,90.9,12.1,931.5,Colluvium,MODERATE_RISK
10,9.682,76.9116,801.4,46.1,85.7,94.4,23.5,84.5,19.2,951.9,Laterite,HIGH_RISK
10,17.9419,73.5905,650.4,46.2,156.5,76.8,20.3,92.5,28.0,918.5,Colluvium,HIGH_RISK
7,31.1208,77.154,2298.5,35.7,49.83,45.3,9.9,82.9,22.1,967.8,Colluvium,MODERATE_RISK
7,11.3686,76.8084,1889.5,33.2,9.5,14.0,24.1,73.3,9.8,931.3,Weathered Granite,SAFE
5,32.2445,77.2032,2056.4,37.8,52.5,65.6,23.6,45.5,25.0,952.6,Colluvium,MODERATE_RISK
1,11.3676,76.7785,1838.1,43.2,166.32,87.9,19.1,86.7,12.9,895.6,Weathered Granite,HIGH_RISK
5,26.8895,88.1964,1702.7,29.3,17.5,17.7,18.0,64.9,12.5,961.4,Laterite,SAFE
4,11.5255,76.1297,1068.4,53.1,174.68,77.2,27.3,89.0,11.8,988.0,Weathered Granite,HIGH_RISK
8,12.4235,75.7478,1175.4,14.6,17.05,29.8,16.9,68.3,26.3,951.0,Weathered Granite,SAFE
5,11.4206,76.1035,790.6,33.1,43.01,71.8,20.6,85.0,25.0,959.2,Laterite,MODERATE_RISK
10,17.9142,73.6615,1391.5,36.5,134.75,81.1,20.2,90.9,15.8,951.0,Laterite,HIGH_RISK
1,11.3742,76.7137,1904.0,40.8,7.5,13.6,23.3,93.8,16.9,1006.6,Weathered Granite,SAFE
10,10.1664,77.0338,1771.8,35.7,37.73,62.6,18.7,93.4,21.7,910.8,Weathered Granite,MODERATE_RISK
1,17.9395,73.6016,541.5,50.4,136.9,91.6,14.9,60.8,13.6,944.4,Colluvium,HIGH_RISK
6,11.4184,76.0866,783.8,37.9,170.4,93.7,20.9,79.9,24.0,1010.5,Laterite,HIGH_RISK
4,30.5564,79.5849,1864.1,37.5,55.5,48.5,29.6,92.5,20.4,963.2,Weathered Granite,MODERATE_RISK
8,11.524,76.1508,1063.3,45.2,9.74,22.6,26.7,52.8,26.3,980.7,Weathered Granite,SAFE
2,32.2553,77.1914,2037.7,51.8,92.2,77.9,10.6,63.6,26.0,962.8,Colluvium,HIGH_RISK
4,30.5576,79.5716,1848.5,29.8,57.3,63.3,15.5,86.4,27.9,940.1,Weathered Granite,MODERATE_RISK
9,11.5134,76.1472,988.6,36.7,45.8,63.9,14.5,87.3,15.1,984.8,Weathered Granite,MODERATE_RISK
2,9.6866,76.927,772.1,37.7,15.6,38.7,22.1,96.9,19.8,937.4,Laterite,SAFE
10,11.5282,76.1126,987.9,17.2,45.6,56.7,22.5,62.6,31.4,943.9,Sandy Loam,SAFE
10,17.9412,73.5631,619.1,36.7,47.19,57.4,25.1,92.5,10.8,908.3,Weathered Granite,MODERATE_RISK
5,17.9566,73.5862,592.4,35.8,48.1,64.8,21.3,85.4,5.6,947.5,Colluvium,MODERATE_RISK
4,17.958,73.5727,651.0,45.5,161.65,77.7,25.2,89.8,34.1,969.1,Colluvium,HIGH_RISK
5,10.1694,77.0346,1685.2,43.4,9.74,35.3,22.8,90.4,8.4,905.9,Colluvium,SAFE
6,10.1817,77.0389,1805.7,37.9,43.3,59.0,19.6,89.3,27.5,935.3,Weathered Granite,MODERATE_RISK
3,11.3749,76.7025,1938.2,45.4,177.9,85.9,22.0,51.1,10.6,998.6,Clay Loam,HIGH_RISK
8,11.523,76.1224,968.3,4.7,33.1,64.8,12.3,46.0,22.9,951.7,Weathered Granite,SAFE
1,26.8852,88.1915,1720.5,13.1,31.24,24.1,17.5,78.4,22.6,939.5,Laterite,SAFE
7,11.5219,76.1391,1008.3,36.9,37.9,69.2,24.1,79.3,15.7,964.9,Weathered Granite,MODERATE_RISK
4,11.5196,76.1646,1131.6,34.7,51.48,66.4,14.1,91.0,17.6,976.8,Weathered Granite,MODERATE_RISK
4,9.6688,76.9239,758.3,45.3,151.3,76.5,19.3,59.5,27.7,975.9,Laterite,HIGH_RISK
5,10.1636,77.0151,1598.2,48.2,169.5,76.6,18.1,69.8,24.4,1002.5,Weathered Granite,HIGH_RISK
6,11.5696,76.1274,903.3,40.5,149.4,90.7,20.3,63.8,29.2,980.5,Weathered Granite,HIGH_RISK
1,10.1486,77.0097,1691.5,5.7,20.3,18.9,21.5,96.1,24.7,910.1,Residual Soil,SAFE
8,17.9101,73.6781,1288.1,34.2,14.58,18.6,17.6,47.0,27.4,947.0,Laterite,SAFE
6,11.3679,76.8057,1867.6,30.6,51.98,72.0,24.6,88.7,11.6,950.5,Weathered Granite,MODERATE_RISK
8,11.5159,76.1512,961.7,5.6,15.9,44.2,15.3,56.0,24.9,968.6,Laterite,SAFE
8,17.9671,73.5966,599.6,12.3,38.9,42.7,27.7,74.5,28.6,986.6,Weathered Granite,SAFE
9,32.2367,77.1977,2015.9,16.8,23.9,30.9,21.6,85.1,5.2,966.3,Residual Soil,SAFE
8,10.14,77.0359,1683.8,46.7,16.0,36.6,17.0,69.2,27.1,930.7,Colluvium,SAFE
9,32.2589,77.1904,2056.1,46.3,86.02,82.5,13.9,82.0,6.5,950.9,Colluvium,HIGH_RISK
5,31.1186,77.1691,2222.1,32.7,45.05,69.0,21.9,82.5,22.8,946.2,Colluvium,MODERATE_RISK
7,17.9457,73.5875,665.9,34.3,44.5,57.0,22.5,87.3,29.6,906.0,Weathered Granite,MODERATE_RISK
1,17.9441,73.592,628.0,42.4,11.7,13.4,27.8,56.1,23.9,1010.9,Colluvium,SAFE
8,10.1641,77.0243,1637.1,36.7,49.7,45.9,21.3,94.8,33.8,886.5,Colluvium,MODERATE_RISK
2,9.6986,76.908,770.6,34.7,44.99,59.5,19.6,94.3,8.2,933.0,Laterite,MODERATE_RISK
2,10.1571,77.0319,1780.5,33.3,54.1,48.6,21.6,80.5,24.9,969.6,Weathered Granite,MODERATE_RISK
3,11.5439,76.1431,928.4,43.2,12.7,14.6,21.8,88.4,34.7,960.7,Colluvium,SAFE
6,11.4228,76.1065,764.5,37.6,156.81,73.9,18.4,88.6,33.8,924.7,Laterite,HIGH_RISK
3,11.4195,76.0928,704.2,15.3,23.2,34.3,18.8,70.6,19.7,974.2,Laterite,SAFE
8,31.1081,77.1562,2287.3,53.9,12.6,43.2,23.3,95.5,6.6,981.9,Clay Loam,SAFE
4,11.5398,76.1352,950.8,37.8,43.62,63.4,16.7,66.1,19.1,926.9,Colluvium,MODERATE_RISK
1,10.1737,77.01,1760.0,51.8,133.9,80.8,21.6,46.5,23.2,945.7,Weathered Granite,HIGH_RISK
6,26.1695,91.7174,462.3,36.4,52.6,52.1,10.1,64.7,31.4,974.8,Laterite,MODERATE_RISK
6,31.106,77.1709,2301.3,36.7,50.5,64.0,27.6,74.7,9.4,990.6,Weathered Granite,MODERATE_RISK
5,10.1512,77.0158,1770.2,36.3,51.2,54.3,18.4,63.4,18.2,914.6,Weathered Granite,MODERATE_RISK
9,11.3881,76.7309,1892.5,43.7,112.0,71.1,24.2,90.5,27.3,919.9,Weathered Granite,HIGH_RISK
6,10.1556,77.0291,1732.5,46.3,100.87,76.3,24.4,52.5,16.2,938.0,Weathered Granite,HIGH_RISK
7,10.1558,77.0291,1629.1,35.2,40.9,66.2,20.1,83.8,24.3,958.1,Colluvium,MODERATE_RISK
3,26.1565,91.684,485.6,34.7,135.3,79.0,20.8,68.6,17.4,890.2,Clay Loam,HIGH_RISK
9,11.5208,76.1303,991.6,9.4,19.7,40.0,12.4,45.5,25.0,941.6,Clay Loam,SAFE
1,10.1465,77.0223,1754.8,48.0,143.66,70.7,19.9,51.8,11.0,986.8,Weathered Granite,HIGH_RISK
4,11.3856,76.7171,1891.4,15.8,20.52,20.5,13.4,78.7,32.9,975.4,Residual Soil,SAFE
1,10.1643,77.0277,1648.4,13.9,16.67,41.3,22.5,88.0,22.3,972.2,Sandy Loam,SAFE
5,11.5541,76.116,904.5,44.4,185.57,72.9,20.4,45.2,23.3,1001.7,Colluvium,HIGH_RISK
2,17.9681,73.5773,649.2,46.8,8.0,13.4,22.7,54.5,8.6,972.2,Colluvium,SAFE
1,11.5114,76.1601,1055.8,30.9,51.3,69.3,15.4,71.1,16.5,869.5,Weathered Granite,MODERATE_RISK
3,32.2432,77.1746,2016.5,38.0,39.6,62.9,11.6,97.4,7.8,925.7,Colluvium,MODERATE_RISK
6,12.4377,75.7191,1121.4,37.4,47.7,69.9,18.9,71.0,25.4,961.8,Laterite,MODERATE_RISK
1,9.6747,76.9072,792.4,42.1,168.52,80.6,17.9,65.3,5.7,968.8,Laterite,HIGH_RISK
5,11.3521,76.8061,1855.1,36.5,95.9,93.1,17.1,92.9,31.4,868.1,Weathered Granite,HIGH_RISK
5,10.1747,77.0419,1748.7,44.1,160.44,82.2,14.0,77.4,27.6,927.8,Weathered Granite,HIGH_RISK
1,9.6795,76.902,799.9,46.6,126.6,87.0,25.8,87.6,15.3,963.5,Laterite,HIGH_RISK
7,17.9213,73.6544,1349.8,41.3,134.2,76.3,27.8,74.0,14.9,836.8,Laterite,HIGH_RISK
2,17.9416,73.5986,576.0,37.8,55.0,67.2,20.3,90.0,31.0,896.8,Colluvium,MODERATE_RISK
2,31.1012,77.1659,2316.3,7.5,49.7,23.9,12.5,85.8,9.0,948.9,Clay Loam,SAFE
8,11.5384,76.1491,960.2,36.8,52.1,65.2,22.7,89.8,24.9,995.9,Weathered Granite,MODERATE_RISK
2,11.3516,76.8008,1873.4,39.5,162.58,95.0,18.3,94.5,21.9,948.1,Weathered Granite,HIGH_RISK
10,11.5214,76.1483,957.1,42.7,169.34,78.1,20.3,78.8,31.5,943.9,Colluvium,HIGH_RISK
2,10.1434,77.0013,1684.2,48.6,133.6,95.1,24.7,49.0,12.6,917.3,Colluvium,HIGH_RISK
9,11.3412,76.7924,1829.0,37.1,159.5,84.4,23.4,68.1,33.4,886.6,Weathered Granite,HIGH_RISK
5,10.1557,77.0161,1763.1,44.3,9.02,43.6,24.7,55.1,32.4,893.9,Weathered Granite,SAFE
8,17.9732,73.6002,673.4,14.4,37.2,26.9,12.3,74.6,6.7,890.5,Residual Soil,SAFE
10,11.5338,76.1332,1048.7,50.5,157.8,88.2,24.8,78.2,33.4,986.2,Weathered Granite,HIGH_RISK
4,17.9174,73.662,1349.1,37.8,16.0,39.9,18.6,53.6,9.8,965.0,Laterite,SAFE
8,17.9401,73.59,610.3,37.8,49.61,63.9,19.0,89.0,19.8,932.6,Colluvium,MODERATE_RISK
3,17.9452,73.654,1310.2,36.6,147.46,92.2,14.4,68.0,32.6,995.4,Laterite,HIGH_RISK
9,11.3464,76.7753,1881.9,38.9,173.14,85.5,11.3,93.9,30.8,974.1,Weathered Granite,HIGH_RISK
2,11.5532,76.14,937.0,36.2,14.19,19.9,25.8,62.6,29.9,967.0,Colluvium,SAFE
5,32.2433,77.1712,2016.7,43.2,16.4,29.4,20.2,68.2,30.2,929.5,Colluvium,SAFE
7,30.5583,79.5735,1860.5,30.1,53.7,64.9,11.8,66.4,6.6,950.3,Weathered Granite,MODERATE_RISK
5,17.9262,73.6431,1324.3,6.4,41.9,28.3,15.2,49.4,15.8,837.4,Residual Soil,SAFE
6,11.5392,76.1476,963.3,42.0,6.55,42.5,15.5,59.0,11.6,920.7,Colluvium,SAFE
2,11.5189,76.1446,999.8,42.2,17.2,27.7,19.4,95.3,8.4,945.0,Colluvium,SAFE
2,11.5283,76.1525,1039.3,45.7,172.8,87.0,18.5,90.4,26.2,930.7,Weathered Granite,HIGH_RISK
2,17.9108,73.6673,1316.8,38.1,181.67,83.4,18.9,91.0,7.9,964.6,Laterite,HIGH_RISK
5,11.3581,76.8074,1837.1,39.1,15.0,17.0,18.6,90.5,8.4,940.3,Weathered Granite,SAFE
3,11.5192,76.1159,971.8,42.8,8.1,16.5,20.9,51.6,30.5,941.8,Colluvium,SAFE
9,26.8794,88.1898,1748.8,36.2,48.45,48.1,18.3,89.4,14.3,947.1,Laterite,MODERATE_RISK
4,11.54,76.16,1044.7,37.6,48.5,64.9,24.3,88.4,34.7,944.5,Weathered Granite,MODERATE_RISK
8,30.5675,79.5731,1905.3,38.9,175.8,72.9,17.8,78.0,19.6,953.7,Weathered Granite,HIGH_RISK
2,31.1208,77.1775,2278.7,49.0,15.4,44.3,18.7,95.4,7.4,982.0,Clay Loam,SAFE
9,26.8822,88.1837,1717.8,24.3,53.7,70.9,14.9,95.9,30.5,966.3,Weathered Granite,MODERATE_RISK
8,31.0885,77.1792,2279.2,54.7,128.8,91.3,21.6,59.3,5.5,947.5,Clay Loam,HIGH_RISK
1,26.1517,91.6852,455.1,32.1,56.6,54.4,17.6,84.1,21.9,943.9,Clay Loam,MODERATE_RISK
7,17.9079,73.6625,1356.0,35.3,45.8,62.5,13.0,87.6,22.8,896.7,Weathered Granite,MODERATE_RISK
4,10.1615,76.9978,1692.9,35.0,36.5,52.0,19.4,89.0,26.9,967.7,Colluvium,MODERATE_RISK
2,32.2329,77.1893,2110.2,32.1,42.1,63.2,16.2,91.3,18.9,950.0,Colluvium,MODERATE_RISK
9,31.1174,77.19,2276.1,54.9,108.02,87.2,23.5,94.8,24.8,946.7,Clay Loam,HIGH_RISK
5,11.542,76.1439,977.9,42.2,13.75,10.9,24.4,86.4,7.0,931.3,Colluvium,SAFE
5,32.2562,77.2003,1974.1,45.5,163.1,79.5,18.5,86.8,19.7,922.3,Colluvium,HIGH_RISK
1,30.5398,79.5603,1891.6,44.9,176.99,90.6,14.5,56.2,5.8,941.1,Weathered Granite,HIGH_RISK
1,32.2363,77.2033,2050.6,48.8,116.3,87.8,19.5,67.1,29.9,963.9,Colluvium,HIGH_RISK
3,11.5726,76.1276,929.0,37.9,36.69,55.2,18.6,85.8,31.7,946.7,Colluvium,MODERATE_RISK
2,11.5464,76.1358,971.3,41.6,10.4,31.4,21.4,80.8,25.4,889.7,Colluvium,SAFE
5,11.5486,76.1194,877.8,30.0,53.1,71.7,25.8,81.0,9.6,962.5,Weathered Granite,MODERATE_RISK
6,32.2493,77.1958,1997.3,51.2,156.42,70.1,24.8,67.2,21.3,881.0,Colluvium,HIGH_RISK
7,11.5477,76.1274,971.8,41.5,8.53,35.7,16.1,96.9,16.4,940.8,Colluvium,SAFE
5,10.1713,77.0097,1785.7,52.3,164.9,73.2,26.1,78.0,12.7,917.4,Weathered Granite,HIGH_RISK
10,26.1475,91.7003,484.8,34.9,41.5,68.2,19.6,88.6,20.2,947.6,Clay Loam,MODERATE_RISK
8,11.5364,76.1431,889.9,36.0,49.6,68.4,20.4,91.4,30.2,978.3,Colluvium,MODERATE_RISK
9,10.1322,77.0003,1637.6,49.4,160.9,77.6,16.8,79.7,27.6,892.6,Colluvium,HIGH_RISK
10,11.5498,76.1478,975.2,45.6,16.2,45.3,18.1,77.9,17.1,949.1,Colluvium,SAFE
1,9.6649,76.9223,786.3,32.8,53.0,68.6,25.1,81.4,22.1,961.9,Laterite,MODERATE_RISK
1,12.4374,75.7477,1246.9,39.3,15.73,40.7,21.8,56.8,21.0,892.7,Residual Soil,SAFE
1,9.6765,76.8971,789.5,39.2,6.22,28.4,17.2,71.0,33.0,934.2,Laterite,SAFE
7,30.554,79.5561,1891.4,42.0,151.9,77.8,17.9,49.1,28.8,949.4,Weathered Granite,HIGH_RISK
1,12.4353,75.7371,1191.3,35.4,17.6,39.9,19.3,56.4,21.7,960.5,Residual Soil,SAFE
8,12.4348,75.7195,1182.0,31.7,1.32,23.2,20.7,87.1,27.5,948.6,Residual Soil,SAFE
8,17.9357,73.5709,595.0,36.5,48.68,45.8,24.4,93.0,16.9,945.8,Colluvium,MODERATE_RISK
7,11.543,76.1141,993.6,48.3,74.3,86.0,18.7,96.2,23.3,979.3,Colluvium,HIGH_RISK
8,9.6997,76.9219,832.4,14.1,24.42,38.8,18.6,48.9,10.4,955.8,Laterite,SAFE
10,11.5119,76.1435,1036.5,52.9,176.22,75.6,22.5,94.6,12.3,948.5,Weathered Granite,HIGH_RISK
8,11.5628,76.1395,900.4,38.2,170.9,91.6,20.1,90.0,9.9,904.3,Colluvium,HIGH_RISK
5,30.5643,79.565,1903.2,36.3,56.9,59.7,22.7,49.7,34.0,888.5,Weathered Granite,MODERATE_RISK
9,11.5612,76.1248,914.9,40.9,185.79,92.3,22.0,55.1,14.8,894.5,Weathered Granite,HIGH_RISK
2,30.5607,79.5797,1818.4,41.6,5.3,28.8,22.4,78.4,34.7,878.7,Weathered Granite,SAFE
7,31.1149,77.1774,2322.6,48.3,146.8,79.7,16.9,78.0,14.1,989.0,Clay Loam,HIGH_RISK
2,32.2527,77.1801,2044.1,43.8,6.88,16.4,23.0,60.7,28.8,945.5,Colluvium,SAFE
3,10.1689,77.0329,1743.2,55.2,183.65,89.6,21.1,65.3,23.8,975.4,Weathered Granite,HIGH_RISK
4,10.1662,77.0251,1658.5,40.2,99.5,82.4,18.1,46.6,24.4,919.9,Colluvium,HIGH_RISK
1,11.3961,76.0959,734.8,38.0,180.24,95.2,23.8,86.4,25.7,992.8,Laterite,HIGH_RISK
1,11.381,76.7079,1872.5,34.9,16.7,46.7,29.0,58.2,28.8,999.3,Weathered Granite,SAFE
6,11.3676,76.6959,1918.0,41.9,123.26,78.3,22.6,66.5,10.2,1018.0,Weathered Granite,HIGH_RISK
4,17.9441,73.5933,594.0,43.2,13.7,25.0,23.4,94.9,11.5,910.7,Colluvium,SAFE
10,11.3715,76.7241,1929.5,40.2,116.33,82.8,20.2,93.5,33.8,943.1,Weathered Granite,HIGH_RISK
10,12.4177,75.7548,1192.5,38.1,5.5,40.0,17.2,49.6,23.5,994.0,Residual Soil,SAFE
8,10.1462,77.0338,1757.3,55.5,91.8,89.6,16.4,95.9,15.3,1017.7,Clay Loam,HIGH_RISK
1,11.3546,76.7891,1879.8,36.5,15.29,45.7,20.8,89.1,13.8,961.8,Weathered Granite,SAFE
6,17.9357,73.5847,639.0,44.9,151.3,87.0,18.1,88.5,8.5,973.7,Colluvium,HIGH_RISK
2,30.5638,79.5728,1843.3,14.1,22.88,42.9,17.9,54.5,22.6,991.8,Clay Loam,SAFE
6,11.346,76.7874,1874.7,36.4,165.17,89.7,22.0,69.0,19.5,943.5,Clay Loam,HIGH_RISK
10,26.1502,91.7143,487.6,33.8,13.97,33.0,19.8,61.9,15.2,981.4,Clay Loam,SAFE
9,11.5352,76.126,1009.0,46.7,118.31,95.4,17.5,70.8,22.0,987.0,Weathered Granite,HIGH_RISK
7,11.3774,76.7306,1874.5,29.4,48.5,71.1,11.9,86.5,26.2,909.0,Weathered Granite,MODERATE_RISK
10,17.9123,73.6693,1361.3,36.8,52.7,51.4,17.7,92.3,18.1,942.1,Laterite,MODERATE_RISK
4,11.5484,76.1156,914.2,39.7,125.0,91.4,20.5,55.6,20.4,1007.1,Colluvium,HIGH_RISK
8,11.4263,76.0873,801.6,37.9,16.3,15.1,30.2,90.6,7.9,1018.5,Laterite,SAFE
4,11.5214,76.1556,1032.6,34.9,29.21,52.7,28.1,84.5,6.4,902.5,Weathered Granite,MODERATE_RISK
4,11.3898,76.7016,1969.4,37.3,51.59,50.3,21.7,82.2,31.7,968.4,Weathered Granite,MODERATE_RISK
2,11.3668,76.7078,1881.1,12.3,20.62,24.3,11.2,88.8,7.9,909.8,Colluvium,SAFE
5,11.5302,76.123,973.5,39.1,173.1,81.8,20.9,78.9,21.1,928.7,Weathered Granite,HIGH_RISK
3,17.9394,73.5729,534.1,52.4,126.8,76.4,28.2,79.2,26.2,837.6,Colluvium,HIGH_RISK
5,10.1687,77.0051,1645.3,37.9,38.55,66.3,18.3,49.4,11.1,923.6,Colluvium,MODERATE_RISK
9,32.2347,77.187,2035.9,50.1,140.1,90.6,18.2,69.4,18.3,941.5,Colluvium,HIGH_RISK
1,11.3426,76.814,1846.3,11.3,10.0,60.4,13.4,69.3,6.9,1030.5,Laterite,SAFE
9,11.509,76.1606,1140.1,51.7,150.76,95.2,23.9,73.3,32.0,951.8,Weathered Granite,HIGH_RISK
8,10.1358,76.9988,1614.2,40.2,114.0,89.6,17.2,77.6,32.3,866.8,Colluvium,HIGH_RISK
10,30.5676,79.5596,1872.0,41.4,10.18,20.9,19.9,75.2,27.8,974.0,Weathered Granite,SAFE
4,11.5246,76.1415,973.9,30.8,57.4,58.1,19.9,97.3,9.1,897.6,Colluvium,MODERATE_RISK
2,11.5282,76.1312,995.7,35.6,33.4,57.7,18.3,92.0,24.8,924.0,Laterite,MODERATE_RISK
10,11.5103,76.1629,1056.8,52.6,158.5,77.7,20.8,96.2,22.9,895.5,Weathered Granite,HIGH_RISK
7,11.5498,76.1301,937.9,34.3,13.42,29.3,20.6,79.7,8.9,1021.7,Colluvium,SAFE
2,11.3734,76.7158,1971.0,36.9,151.5,85.6,22.5,81.6,29.7,935.1,Weathered Granite,HIGH_RISK
4,31.1034,77.1907,2291.0,52.1,10.73,45.1,16.8,81.1,34.5,991.8,Clay Loam,SAFE
7,17.9317,73.6424,1389.2,35.8,41.2,64.0,16.1,97.2,21.0,961.8,Laterite,MODERATE_RISK
1,12.4393,75.7387,1148.3,34.3,7.4,13.8,12.9,80.5,18.0,998.8,Residual Soil,SAFE
2,30.5629,79.5802,1869.5,31.8,57.1,66.8,24.6,82.2,25.5,950.5,Weathered Granite,MODERATE_RISK
7,31.0975,77.1864,2325.8,34.9,52.8,56.5,21.5,83.1,18.8,983.4,Colluvium,MODERATE_RISK
4,26.15,91.7166,476.4,10.1,27.6,19.0,16.2,48.2,27.8,965.4,Colluvium,SAFE
6,11.5706,76.1327,882.1,43.4,162.5,81.3,20.4,46.9,9.2,925.4,Colluvium,HIGH_RISK
10,11.3649,76.7824,1881.6,29.7,57.4,69.5,13.0,60.8,33.4,870.8,Weathered Granite,MODERATE_RISK
4,10.1521,77.0214,1670.8,51.2,150.59,78.4,24.6,75.0,19.2,940.0,Colluvium,HIGH_RISK
2,26.1639,91.6877,403.0,24.6,57.5,70.3,21.2,90.8,26.2,939.4,Weathered Granite,MODERATE_RISK
7,11.5621,76.1157,880.5,41.8,6.49,35.8,23.1,92.0,31.9,909.9,Colluvium,SAFE
4,10.1442,77.0264,1632.4,41.4,15.0,46.9,20.5,67.7,5.5,918.7,Colluvium,SAFE
10,11.5541,76.1296,916.3,41.9,7.3,44.8,22.5,75.0,31.6,996.6,Colluvium,SAFE
8,10.1466,77.0252,1782.0,49.3,165.4,80.4,20.4,71.1,8.7,1018.7,Weathered Granite,HIGH_RISK
2,11.5199,76.1366,1079.0,35.1,50.71,69.7,16.5,82.6,5.6,968.1,Weathered Granite,MODERATE_RISK
10,12.4435,75.7378,1175.9,34.6,15.2,25.3,21.5,48.7,34.2,913.4,Residual Soil,SAFE
8,11.5403,76.1531,965.8,45.3,16.0,25.4,19.4,95.6,11.2,905.0,Weathered Granite,SAFE
5,26.8941,88.1824,1698.5,38.3,9.9,12.9,19.8,90.2,31.0,997.2,Laterite,SAFE
9,26.8776,88.1771,1695.5,36.7,50.0,66.2,12.8,88.2,23.9,969.0,Laterite,MODERATE_RISK
10,26.9009,88.1787,1722.0,32.2,116.16,94.5,23.2,86.3,20.9,874.9,Clay Loam,HIGH_RISK
1,10.1796,77.027,1714.7,35.9,55.5,71.2,17.7,51.8,28.1,996.7,Weathered Granite,MODERATE_RISK
3,10.1403,76.9971,1604.4,34.6,50.22,67.9,18.3,82.7,21.9,919.9,Colluvium,MODERATE_RISK
9,31.1028,77.1831,2311.2,17.8,42.2,62.5,23.7,89.8,17.0,990.8,Sandy Loam,SAFE
2,11.5365,76.1339,950.5,49.8,162.64,70.3,26.4,86.0,20.5,873.1,Colluvium,HIGH_RISK
5,17.908,73.6479,1372.6,9.8,28.55,21.8,26.8,87.1,20.6,957.0,Residual Soil,SAFE
5,9.6923,76.914,786.3,36.8,39.1,71.8,27.5,91.4,28.6,975.2,Laterite,MODERATE_RISK
5,11.3475,76.779,1847.4,37.9,40.2,68.7,20.0,54.8,19.0,903.0,Weathered Granite,MODERATE_RISK
10,30.5569,79.5764,1863.0,12.8,35.91,54.7,23.3,74.2,31.8,943.2,Laterite,SAFE
8,30.5624,79.5557,1888.0,5.6,40.2,18.3,14.0,74.7,28.1,980.6,Residual Soil,SAFE
7,32.2261,77.1918,2012.1,51.3,159.39,92.9,18.4,85.7,31.0,984.8,Colluvium,HIGH_RISK
6,10.1564,77.0247,1825.7,48.0,141.13,82.2,19.1,85.8,34.8,933.6,Weathered Granite,HIGH_RISK
10,26.8794,88.2029,1683.2,31.9,13.8,38.2,20.8,69.7,34.4,949.2,Laterite,SAFE
10,11.3784,76.7111,1928.4,41.7,4.4,31.0,19.3,64.3,21.7,882.8,Weathered Granite,SAFE
8,11.5537,76.1393,938.6,36.1,9.6,29.0,21.4,95.9,11.8,931.0,Colluvium,SAFE
3,10.1314,77.0222,1699.5,35.6,48.9,57.4,25.7,83.3,30.9,962.5,Weathered Granite,MODERATE_RISK
10,9.6675,76.9022,794.4,16.2,20.96,59.3,21.0,75.2,22.6,959.8,Residual Soil,SAFE
5,30.5748,79.5828,1820.8,47.1,83.6,87.9,23.4,74.7,5.5,987.7,Weathered Granite,HIGH_RISK
6,32.2358,77.1897,2068.6,32.9,51.2,55.4,20.7,86.5,17.3,890.7,Laterite,MODERATE_RISK
8,32.2554,77.1764,2065.3,38.9,11.44,35.0,21.7,51.2,29.3,908.3,Colluvium,SAFE
9,32.2392,77.1827,2121.8,46.8,2.8,10.7,22.3,76.6,19.2,1036.9,Colluvium,SAFE
2,11.3983,76.0995,843.2,35.7,144.54,77.3,20.1,90.4,17.0,907.6,Laterite,HIGH_RISK
1,12.4402,75.7276,1149.6,39.2,14.69,45.0,26.7,94.6,27.0,1003.9,Residual Soil,SAFE
4,11.5216,76.1489,1079.0,48.2,117.04,77.0,21.3,81.3,13.6,944.8,Laterite,HIGH_RISK
4,11.5215,76.1576,1070.6,47.0,181.72,93.3,27.6,51.4,10.2,956.9,Colluvium,HIGH_RISK
4,17.9418,73.5837,604.1,48.5,184.75,92.4,22.6,69.2,30.9,933.3,Colluvium,HIGH_RISK
9,31.0974,77.1787,2242.4,9.8,17.8,47.4,21.1,50.0,7.8,917.1,Weathered Granite,SAFE
3,12.4055,75.745,1145.5,43.8,170.5,87.3,15.6,71.4,29.5,990.9,Residual Soil,HIGH_RISK
7,30.5605,79.5759,1866.9,45.1,115.01,88.3,23.5,48.7,34.7,853.3,Weathered Granite,HIGH_RISK
6,26.162,91.7045,463.6,32.3,46.15,70.5,20.1,87.1,10.3,891.5,Clay Loam,MODERATE_RISK
8,31.1103,77.1807,2275.6,49.8,164.78,95.7,17.2,59.4,8.9,991.3,Clay Loam,HIGH_RISK
8,26.1523,91.716,461.3,36.1,14.58,21.0,17.7,97.4,7.8,942.6,Clay Loam,SAFE
4,26.1601,91.7006,479.9,35.1,49.0,66.5,22.2,86.1,33.4,958.2,Clay Loam,MODERATE_RISK
4,32.257,77.1754,2057.8,43.2,152.0,80.2,20.5,82.8,16.1,946.6,Weathered Granite,HIGH_RISK
10,10.1418,77.0159,1658.9,29.1,27.1,68.1,17.8,83.1,13.1,900.7,Colluvium,MODERATE_RISK
10,11.3685,76.8114,1804.6,38.7,158.8,94.3,18.2,84.3,29.4,1014.5,Laterite,HIGH_RISK
6,11.4013,76.7224,1882.0,37.1,45.0,63.1,16.6,46.0,5.4,968.2,Weathered Granite,MODERATE_RISK
7,31.1228,77.1793,2322.3,46.2,170.3,91.9,19.4,48.2,11.9,978.6,Clay Loam,HIGH_RISK
2,11.3962,76.1169,760.3,37.1,52.8,59.3,22.3,96.0,21.3,947.6,Laterite,MODERATE_RISK
7,10.1588,77.0309,1832.1,37.2,43.7,69.6,18.9,64.4,32.8,1000.8,Weathered Granite,MODERATE_RISK
1,17.9073,73.6394,1413.5,12.4,30.41,57.4,17.5,52.5,27.9,953.9,Sandy Loam,SAFE
3,11.4117,76.0883,786.1,16.7,47.5,19.6,16.8,74.3,11.4,1022.5,Weathered Granite,SAFE
7,17.9417,73.5781,608.8,45.1,11.1,33.2,20.6,72.3,17.3,995.5,Colluvium,SAFE
4,30.5415,79.5773,1908.9,45.9,15.79,33.5,21.9,46.5,7.3,956.0,Weathered Granite,SAFE
5,32.2281,77.1802,2073.7,42.9,127.05,92.0,20.5,84.6,21.0,945.6,Colluvium,HIGH_RISK
7,17.9681,73.5735,601.0,49.3,154.8,94.8,30.4,96.7,13.6,984.5,Colluvium,HIGH_RISK
7,30.5593,79.5832,1857.7,41.0,14.0,31.7,14.0,53.6,17.0,939.5,Weathered Granite,SAFE
5,11.5426,76.1148,919.0,5.4,32.67,20.0,19.3,90.0,26.2,962.8,Sandy Loam,SAFE
5,10.1529,77.022,1608.7,42.1,9.7,40.1,21.0,65.1,16.2,927.9,Colluvium,SAFE
3,9.6971,76.9356,797.0,43.5,163.02,89.9,21.6,48.3,13.3,971.3,Laterite,HIGH_RISK
4,11.5263,76.1185,1007.6,37.2,40.8,64.2,22.2,82.2,21.3,893.2,Laterite,MODERATE_RISK
3,11.3966,76.729,1929.0,34.9,27.3,45.5,24.6,97.3,5.3,903.1,Weathered Granite,MODERATE_RISK
5,11.3412,76.7801,1804.9,42.7,167.2,77.7,22.8,55.2,22.5,958.8,Weathered Granite,HIGH_RISK
10,12.4143,75.7326,1191.8,37.6,56.2,69.6,21.2,90.2,33.3,977.4,Clay Loam,MODERATE_RISK
9,11.3712,76.8069,1831.6,31.4,50.33,57.2,15.2,87.2,16.5,917.0,Weathered Granite,MODERATE_RISK
8,30.5421,79.5726,1865.8,40.4,10.95,42.9,19.0,63.4,28.9,966.3,Weathered Granite,SAFE
4,32.2263,77.1769,2054.4,35.8,48.18,53.6,22.0,94.4,31.4,903.6,Colluvium,MODERATE_RISK
2,11.5395,76.1475,1116.8,48.9,145.42,76.7,22.5,63.5,27.4,1004.4,Weathered Granite,HIGH_RISK
9,32.2326,77.1758,2029.5,48.1,113.8,87.6,21.4,61.9,17.2,1005.1,Laterite,HIGH_RISK
10,17.9394,73.5994,551.1,52.3,169.8,70.2,27.4,86.3,31.4,923.8,Colluvium,HIGH_RISK
7,31.0907,77.1715,2300.0,45.9,9.02,39.0,19.2,89.5,22.7,989.2,Clay Loam,SAFE
2,17.9674,73.5953,659.7,36.1,51.7,49.4,16.8,91.8,13.4,865.5,Colluvium,MODERATE_RISK
8,10.1709,77.0183,1784.3,31.4,57.1,58.4,15.9,46.6,30.8,963.6,Weathered Granite,MODERATE_RISK
5,31.1146,77.1863,2310.1,47.5,186.23,90.3,19.0,81.5,19.1,908.6,Clay Loam,HIGH_RISK
6,10.1523,76.9983,1672.9,34.8,56.0,57.5,22.8,82.7,28.8,929.9,Colluvium,MODERATE_RISK
9,10.1383,77.021,1657.6,47.8,122.27,79.5,14.8,48.6,10.3,957.4,Colluvium,HIGH_RISK
8,10.1424,77.0245,1758.0,37.3,51.1,58.3,19.5,52.7,27.3,905.6,Weathered Granite,MODERATE_RISK
6,32.2565,77.1848,2061.3,52.6,101.97,84.3,17.1,82.0,22.5,1008.6,Colluvium,HIGH_RISK
6,11.3446,76.8048,1819.2,32.7,43.5,58.7,21.8,87.4,15.7,963.6,Weathered Granite,MODERATE_RISK
3,11.5292,76.1637,1054.6,49.5,169.9,88.7,19.5,82.2,20.4,1014.7,Weathered Granite,HIGH_RISK
2,11.5265,76.1346,1052.9,33.7,40.48,68.2,28.7,67.4,7.1,898.8,Weathered Granite,MODERATE_RISK
2,11.3983,76.7253,1908.0,33.9,57.5,46.1,27.2,90.8,22.4,900.4,Weathered Granite,MODERATE_RISK
1,11.5485,76.1137,940.7,37.3,14.36,26.3,21.4,55.8,18.6,949.8,Colluvium,SAFE
6,12.4368,75.7357,1175.3,7.9,37.8,31.5,15.9,95.5,28.8,1023.9,Clay Loam,SAFE
2,11.4111,76.0917,774.2,13.7,34.7,50.5,24.1,68.2,16.4,1019.9,Weathered Granite,SAFE
9,11.3699,76.7199,1919.5,35.9,47.4,71.4,21.6,66.5,18.1,947.7,Weathered Granite,MODERATE_RISK
8,17.9233,73.6701,1343.2,37.7,44.33,49.5,20.1,84.6,23.0,955.6,Laterite,MODERATE_RISK
2,9.668,76.9108,855.2,35.5,55.7,49.7,20.0,96.3,25.9,941.5,Laterite,MODERATE_RISK
7,11.3936,76.0912,778.6,36.2,55.1,71.2,23.6,63.1,15.1,973.6,Weathered Granite,MODERATE_RISK
4,10.1365,77.022,1704.3,37.4,54.2,55.1,22.4,68.2,26.4,967.5,Colluvium,MODERATE_RISK
5,9.6875,76.927,882.5,33.9,52.1,64.5,20.6,84.6,28.7,913.8,Laterite,MODERATE_RISK
10,17.9099,73.6659,1347.1,37.0,48.18,46.1,20.0,76.5,26.9,995.4,Colluvium,MODERATE_RISK
5,31.1003,77.1543,2281.8,44.1,153.0,74.9,27.0,50.3,7.9,911.5,Clay Loam,HIGH_RISK
2,32.2338,77.1867,2071.8,17.4,21.3,56.0,25.5,73.9,22.7,1015.9,Laterite,SAFE
5,30.5673,79.5717,1879.1,40.3,162.64,91.3,26.9,76.8,17.8,1012.2,Weathered Granite,HIGH_RISK
1,11.5364,76.1198,898.4,45.7,127.82,90.3,20.5,86.4,25.4,940.0,Colluvium,HIGH_RISK
4,31.1223,77.182,2273.7,48.6,9.6,28.0,15.3,63.7,34.6,977.7,Clay Loam,SAFE
1,17.9077,73.6694,1358.3,44.0,137.88,71.8,23.2,97.1,9.4,936.5,Laterite,HIGH_RISK
1,11.5736,76.1196,918.6,37.5,9.46,29.5,25.8,47.1,27.9,967.2,Colluvium,SAFE
6,17.936,73.6606,1321.5,43.0,177.3,90.8,15.8,92.0,31.9,1026.7,Laterite,HIGH_RISK
8,11.399,76.6948,1905.0,35.5,39.88,67.5,25.8,66.2,11.5,951.9,Weathered Granite,MODERATE_RISK
9,17.9355,73.5974,585.6,34.1,51.6,57.8,13.2,81.9,34.9,958.5,Weathered Granite,MODERATE_RISK
4,9.6856,76.9158,858.1,39.7,169.4,83.9,18.3,56.8,17.8,942.1,Laterite,HIGH_RISK
8,17.9589,73.5779,610.2,6.0,27.83,54.2,17.5,73.2,6.7,994.2,Laterite,SAFE
7,11.5357,76.1388,1053.7,44.9,15.73,21.2,16.2,54.3,31.4,987.9,Weathered Granite,SAFE
2,26.8757,88.194,1699.7,38.0,140.2,82.4,20.8,57.7,31.8,973.3,Laterite,HIGH_RISK
10,31.1082,77.156,2259.5,55.5,118.8,85.0,18.2,48.6,24.6,950.4,Colluvium,HIGH_RISK
6,10.1441,77.0009,1636.2,27.8,44.16,68.2,24.2,86.2,32.3,937.8,Colluvium,MODERATE_RISK
10,31.0935,77.1578,2306.5,51.4,148.89,71.8,20.0,97.7,16.7,1027.6,Weathered Granite,HIGH_RISK
10,10.1649,77.032,1647.2,35.8,47.25,45.0,16.0,83.0,25.7,991.3,Weathered Granite,MODERATE_RISK
8,9.6799,76.9138,773.0,40.8,14.7,27.4,24.5,56.6,8.1,946.1,Laterite,SAFE
5,11.5604,76.1313,888.1,41.4,156.86,75.2,18.4,55.3,20.7,923.2,Colluvium,HIGH_RISK
7,11.5387,76.1136,948.9,41.9,166.4,77.6,18.1,45.3,19.7,912.6,Colluvium,HIGH_RISK
7,30.5408,79.554,1850.2,10.2,36.63,36.6,22.3,96.7,16.0,881.6,Residual Soil,SAFE
2,10.1594,77.0265,1826.5,47.1,148.8,84.9,18.5,70.9,24.8,888.8,Weathered Granite,HIGH_RISK
10,11.5376,76.1378,966.1,10.7,26.24,58.4,17.9,46.9,32.7,919.0,Weathered Granite,SAFE
7,17.9552,73.5638,598.0,48.0,12.0,42.5,20.3,61.1,27.3,936.0,Colluvium,SAFE
5,11.5322,76.1416,1033.8,37.8,43.4,59.8,23.6,77.8,33.9,909.7,Weathered Granite,MODERATE_RISK
2,30.5742,79.5548,1852.8,31.1,52.2,70.2,26.5,91.6,18.1,910.6,Weathered Granite,MODERATE_RISK
10,17.9253,73.6576,1328.4,33.3,48.1,63.7,25.7,84.2,34.2,982.5,Weathered Granite,MODERATE_RISK
7,11.5472,76.1272,1003.6,46.7,109.7,72.0,15.7,58.4,24.4,1021.1,Colluvium,HIGH_RISK
5,11.5209,76.1327,989.7,45.1,153.62,73.8,20.2,89.8,29.8,895.1,Colluvium,HIGH_RISK
2,26.8902,88.176,1694.5,40.6,164.8,88.7,19.3,97.7,17.1,941.6,Colluvium,HIGH_RISK
1,11.5183,76.1247,961.4,35.1,54.5,56.9,22.4,50.5,16.0,937.1,Colluvium,MODERATE_RISK
1,9.6913,76.9146,781.1,29.7,50.9,65.1,14.3,87.6,11.6,878.4,Weathered Granite,MODERATE_RISK
2,30.5619,79.5844,1882.6,37.2,55.8,70.4,22.5,86.2,28.9,946.9,Laterite,MODERATE_RISK
6,26.1862,91.6986,414.6,8.4,36.8,59.3,19.1,95.2,28.0,974.4,Clay Loam,SAFE
8,11.5501,76.1241,835.4,36.6,186.56,84.2,11.4,95.3,7.6,922.5,Colluvium,HIGH_RISK
8,9.6894,76.9262,831.0,40.2,5.3,35.8,24.3,65.9,26.4,895.3,Laterite,SAFE
9,30.5525,79.5838,1841.8,46.0,11.33,14.4,18.0,70.5,28.9,948.5,Weathered Granite,SAFE
9,11.4289,76.1213,783.1,38.7,168.0,71.9,21.1,49.4,22.0,1006.3,Colluvium,HIGH_RISK
1,11.4318,76.0909,757.4,34.3,53.5,66.4,15.1,84.6,23.1,976.0,Laterite,MODERATE_RISK
10,30.5706,79.5691,1895.8,45.4,121.6,75.7,24.3,66.8,16.6,904.4,Weathered Granite,HIGH_RISK
9,32.2291,77.1984,2072.0,37.3,41.5,70.7,14.1,96.3,8.8,935.1,Colluvium,MODERATE_RISK
7,32.256,77.2091,2066.7,39.8,7.6,15.7,17.3,77.2,24.3,931.8,Colluvium,SAFE
2,10.1452,77.0349,1795.9,4.8,46.3,31.0,17.8,48.9,22.2,885.5,Residual Soil,SAFE
1,26.9083,88.1851,1674.3,33.7,51.6,71.3,20.8,66.3,19.6,962.8,Laterite,MODERATE_RISK
4,30.5387,79.5697,1945.0,48.1,112.2,79.0,19.5,84.4,27.6,936.1,Weathered Granite,HIGH_RISK
1,10.1635,77.0442,1741.8,37.4,50.0,66.5,13.4,80.8,13.4,975.1,Weathered Granite,MODERATE_RISK
10,17.9548,73.5816,614.4,51.5,142.62,88.4,22.9,85.8,20.2,929.0,Laterite,HIGH_RISK
9,11.5066,76.1593,1068.7,49.1,127.8,90.5,16.9,69.1,18.0,1018.0,Weathered Granite,HIGH_RISK
8,11.3865,76.6993,1908.1,43.1,175.8,75.8,20.3,51.0,19.8,946.0,Laterite,HIGH_RISK
7,9.6646,76.913,808.4,9.7,21.23,22.2,20.0,76.3,30.0,1010.3,Residual Soil,SAFE
6,17.9661,73.5859,598.8,44.0,160.0,70.8,19.1,88.4,16.8,930.0,Colluvium,HIGH_RISK
1,11.5371,76.146,1006.4,42.8,181.23,92.7,19.6,45.1,6.6,922.1,Colluvium,HIGH_RISK
9,10.1681,77.0223,1646.0,12.2,30.2,49.4,24.3,72.3,19.7,915.2,Clay Loam,SAFE
9,10.1677,77.0302,1747.2,32.3,31.68,63.4,22.2,89.1,12.4,886.7,Weathered Granite,MODERATE_RISK
8,11.336,76.7988,1885.9,12.0,22.8,59.8,20.5,62.1,6.2,967.8,Laterite,SAFE
7,9.6821,76.9349,836.0,39.7,134.8,88.2,19.1,51.5,32.0,900.6,Laterite,HIGH_RISK
4,10.1448,77.0361,1764.8,45.8,144.4,71.8,26.0,49.1,15.3,881.3,Weathered Granite,HIGH_RISK
6,9.6812,76.9,832.6,42.5,105.9,95.8,20.2,58.9,17.9,964.4,Laterite,HIGH_RISK
2,11.5591,76.1406,911.2,37.4,52.09,61.4,20.0,52.0,32.3,966.0,Weathered Granite,MODERATE_RISK
1,26.8748,88.1692,1714.4,41.1,174.84,91.5,22.2,77.9,8.8,910.6,Laterite,HIGH_RISK
10,26.8858,88.1678,1712.4,34.7,4.8,42.1,19.0,67.1,16.8,955.5,Laterite,SAFE
4,11.4108,76.1001,772.8,42.4,149.6,94.3,26.5,48.2,25.9,959.8,Laterite,HIGH_RISK
8,11.5625,76.1287,950.1,13.8,48.6,37.8,15.4,68.7,32.0,952.8,Clay Loam,SAFE
6,11.3962,76.7216,1862.6,38.9,156.3,85.5,22.2,90.5,21.6,902.6,Weathered Granite,HIGH_RISK
8,11.4031,76.7132,1936.3,37.8,54.4,50.3,13.3,48.6,21.9,959.3,Weathered Granite,MODERATE_RISK
3,11.3601,76.8099,1847.0,41.1,162.3,88.6,19.0,93.9,22.2,885.4,Weathered Granite,HIGH_RISK
4,10.1743,77.039,1762.2,47.0,153.34,72.8,17.9,63.3,8.9,939.3,Weathered Granite,HIGH_RISK
2,11.5223,76.1304,1061.7,46.2,3.63,24.9,21.6,52.5,26.3,905.5,Weathered Granite,SAFE
10,11.3701,76.7932,1805.9,36.7,154.33,88.8,20.7,97.3,6.7,955.9,Weathered Granite,HIGH_RISK
3,26.9038,88.1906,1694.9,32.1,32.45,58.3,23.1,85.7,26.0,808.5,Laterite,MODERATE_RISK
7,17.9678,73.5648,654.9,51.8,91.2,89.9,25.3,56.4,10.9,980.2,Colluvium,HIGH_RISK
3,17.9263,73.6577,1368.1,36.8,10.89,14.0,22.6,70.6,8.3,957.5,Laterite,SAFE
2,12.4422,75.7538,1128.9,15.7,45.6,60.7,26.1,83.2,29.1,971.5,Weathered Granite,SAFE
7,10.1396,77.0005,1635.4,5.1,40.26,36.4,21.1,79.8,18.1,1039.8,Colluvium,SAFE
1,30.571,79.568,1884.2,36.2,55.5,69.8,23.7,81.0,33.6,967.3,Weathered Granite,MODERATE_RISK
3,17.9092,73.6394,1344.4,38.8,14.0,14.5,25.9,70.8,27.2,914.5,Laterite,SAFE
5,11.5335,76.1235,985.0,38.0,50.2,53.7,18.1,94.4,21.1,931.5,Colluvium,MODERATE_RISK
4,11.502,76.1429,1086.6,17.2,37.0,21.9,14.9,63.1,19.2,990.9,Clay Loam,SAFE
5,30.5422,79.5716,1885.4,34.7,47.7,48.9,21.1,91.1,32.5,939.1,Weathered Granite,MODERATE_RISK
10,11.3392,76.7997,1853.0,32.9,51.3,64.8,24.3,94.0,18.0,975.6,Laterite,MODERATE_RISK
4,11.3683,76.7177,1915.9,8.8,21.2,52.3,23.6,64.2,13.6,947.5,Weathered Granite,SAFE
3,11.4016,76.102,768.9,35.1,142.3,87.8,23.6,87.4,16.1,896.7,Laterite,HIGH_RISK
8,31.1218,77.1581,2239.5,55.9,136.7,85.1,26.2,58.5,19.8,883.3,Clay Loam,HIGH_RISK
8,11.3877,76.7288,1903.6,31.5,41.8,64.8,18.3,80.5,18.5,931.7,Weathered Granite,MODERATE_RISK
2,12.4116,75.7384,1169.6,35.0,43.6,63.6,22.6,69.8,5.0,969.9,Weathered Granite,MODERATE_RISK
8,11.5364,76.1408,1025.4,37.7,56.3,68.7,21.5,76.6,28.1,980.7,Colluvium,MODERATE_RISK
6,32.2629,77.1979,2063.3,47.2,13.14,39.9,21.0,62.9,5.3,949.7,Colluvium,SAFE
7,11.5471,76.1094,943.8,35.9,48.8,66.4,17.8,83.5,6.7,941.9,Colluvium,MODERATE_RISK
9,32.2501,77.2004,2078.5,37.5,28.5,51.8,22.9,93.3,25.9,927.1,Weathered Granite,MODERATE_RISK
10,11.3956,76.7077,1902.5,41.5,173.6,84.7,23.5,76.6,23.2,932.6,Weathered Granite,HIGH_RISK
3,30.5448,79.5686,1892.1,37.6,50.0,63.8,19.9,60.2,24.1,1020.7,Weathered Granite,MODERATE_RISK
7,11.5337,76.1453,1001.0,52.3,146.4,87.3,18.4,83.1,30.5,866.5,Weathered Granite,HIGH_RISK
4,11.3918,76.7094,1863.6,8.8,42.8,31.8,22.0,70.6,20.2,981.8,Residual Soil,SAFE
1,11.5314,76.1299,1085.7,47.9,90.9,82.8,20.9,86.7,16.1,972.3,Weathered Granite,HIGH_RISK
9,17.909,73.6481,1347.1,43.9,136.51,92.3,24.6,53.0,30.6,1025.5,Laterite,HIGH_RISK
10,11.5228,76.1599,1040.6,52.5,118.5,73.4,13.9,56.8,14.4,980.7,Weathered Granite,HIGH_RISK
1,12.4241,75.7507,1147.9,33.0,51.7,70.0,21.7,67.7,25.9,939.4,Colluvium,MODERATE_RISK
6,11.3924,76.7274,1956.2,39.0,162.7,94.5,20.7,90.7,17.1,903.7,Weathered Granite,HIGH_RISK
7,11.4231,76.1225,791.0,30.5,45.9,70.9,16.9,92.5,28.0,958.3,Weathered Granite,MODERATE_RISK
3,17.9415,73.649,1301.4,33.5,174.3,89.1,16.3,47.6,33.2,932.0,Laterite,HIGH_RISK
3,10.1481,77.0363,1631.4,37.1,46.53,69.4,24.0,45.5,18.2,955.6,Colluvium,MODERATE_RISK
8,30.544,79.5525,1860.0,37.9,40.2,51.9,24.1,50.2,32.1,938.3,Weathered Granite,MODERATE_RISK
4,11.522,76.1305,1041.0,37.1,38.83,49.0,16.9,87.6,24.0,893.1,Weathered Granite,MODERATE_RISK
9,11.3953,76.7094,1923.8,34.6,43.67,65.1,22.4,54.7,13.7,992.1,Weathered Granite,MODERATE_RISK
4,11.3625,76.8107,1834.9,34.6,48.8,51.2,20.1,82.9,15.4,944.6,Weathered Granite,MODERATE_RISK
9,30.5505,79.573,1913.0,32.2,56.3,60.4,19.3,89.4,16.7,925.1,Weathered Granite,MODERATE_RISK
8,11.3522,76.8049,1859.5,35.0,49.45,63.6,15.7,71.5,5.3,943.5,Weathered Granite,MODERATE_RISK
4,32.2629,77.1947,2086.1,42.4,6.55,32.3,15.2,56.1,17.0,918.4,Colluvium,SAFE
9,17.9396,73.6503,1365.7,37.7,45.43,64.9,18.4,87.3,26.6,971.4,Laterite,MODERATE_RISK
9,26.8748,88.1722,1703.5,36.5,51.48,69.1,14.8,88.1,5.3,865.7,Laterite,MODERATE_RISK
2,11.506,76.1269,1024.6,35.9,47.2,68.7,19.5,84.5,23.1,945.4,Weathered Granite,MODERATE_RISK
7,11.3668,76.8021,1818.8,11.7,10.2,49.0,22.3,80.2,12.0,905.9,Weathered Granite,SAFE
1,11.5731,76.142,886.0,36.3,42.9,52.7,22.5,92.8,33.5,975.7,Colluvium,MODERATE_RISK
10,11.3493,76.7814,1870.4,37.6,16.3,42.7,24.6,57.3,19.3,921.3,Weathered Granite,SAFE
5,26.884,88.2026,1671.4,31.7,7.1,11.5,24.3,77.1,12.4,984.0,Laterite,SAFE
8,11.5379,76.1354,886.5,38.9,8.5,19.5,24.3,81.8,5.2,941.7,Colluvium,SAFE
4,11.4007,76.7181,1912.6,37.6,43.12,49.7,16.1,97.7,22.1,926.0,Laterite,MODERATE_RISK
1,10.1652,77.0349,1669.0,36.6,53.7,67.6,15.7,96.3,9.2,932.9,Colluvium,MODERATE_RISK
8,11.3663,76.813,1862.7,35.8,41.91,69.0,20.3,91.5,19.9,903.1,Weathered Granite,MODERATE_RISK
3,26.1627,91.6821,434.5,34.0,3.4,46.7,27.0,73.1,34.1,946.3,Clay Loam,SAFE
8,10.1673,77.0101,1839.1,34.6,51.4,69.7,29.0,45.9,26.7,994.0,Weathered Granite,MODERATE_RISK
1,11.4221,76.1041,827.3,40.4,115.61,80.6,17.8,57.9,24.6,907.0,Laterite,HIGH_RISK
2,11.5467,76.1249,895.9,44.2,137.5,76.8,20.5,57.0,16.6,952.9,Colluvium,HIGH_RISK
3,17.944,73.5914,628.8,45.8,10.7,47.5,29.0,90.1,5.0,970.3,Colluvium,SAFE
2,30.539,79.5632,1858.8,41.8,174.7,76.4,17.5,68.3,17.8,900.4,Weathered Granite,HIGH_RISK
4,11.5598,76.1314,948.5,10.0,23.6,25.6,16.7,48.3,29.4,875.7,Weathered Granite,SAFE
3,11.4028,76.0929,842.4,8.9,38.83,24.9,20.2,92.6,24.6,929.0,Residual Soil,SAFE
9,11.5735,76.1431,916.1,35.7,45.82,70.1,16.5,91.3,29.7,939.7,Colluvium,MODERATE_RISK
2,10.1647,77.0421,1754.5,33.8,55.9,45.8,14.2,92.5,28.9,942.4,Weathered Granite,MODERATE_RISK
9,26.9029,88.181,1702.3,10.0,23.7,29.5,20.4,96.7,26.4,993.1,Sandy Loam,SAFE
3,17.9465,73.6015,605.8,42.1,160.5,89.5,10.8,91.4,11.9,965.3,Clay Loam,HIGH_RISK
8,11.3354,76.7876,1808.4,37.8,45.82,71.2,19.3,70.6,31.4,957.5,Weathered Granite,MODERATE_RISK
2,17.9429,73.5926,672.8,49.2,124.14,88.0,15.6,86.1,30.6,909.0,Colluvium,HIGH_RISK
7,17.906,73.6467,1352.4,37.8,56.0,45.8,18.2,68.1,26.7,935.7,Laterite,MODERATE_RISK
5,11.3563,76.8001,1856.1,35.7,162.31,79.5,12.8,88.9,18.1,945.6,Weathered Granite,HIGH_RISK
10,12.4082,75.7348,1165.2,35.8,14.52,43.3,20.4,47.1,14.9,956.6,Residual Soil,SAFE
9,10.1803,77.0415,1756.9,37.1,46.31,51.4,14.1,56.6,24.9,926.1,Weathered Granite,MODERATE_RISK
9,17.9398,73.6501,1323.2,37.7,49.5,59.6,17.3,82.9,18.0,889.4,Weathered Granite,MODERATE_RISK
9,32.2264,77.1887,2087.3,43.7,137.94,88.9,19.7,52.5,18.6,943.2,Colluvium,HIGH_RISK
6,17.9568,73.5949,579.3,36.2,54.9,50.3,23.0,95.6,28.8,944.7,Colluvium,MODERATE_RISK
10,17.9105,73.6525,1413.3,35.7,4.9,33.3,22.3,50.4,30.6,1005.6,Laterite,SAFE
10,11.5165,76.16,1070.0,51.9,161.9,87.7,16.5,86.0,26.1,1028.8,Weathered Granite,HIGH_RISK
6,10.1598,76.9988,1646.0,37.5,51.3,59.1,25.4,85.6,26.6,926.1,Laterite,MODERATE_RISK
2,11.3971,76.7305,1888.4,43.2,164.5,71.4,8.4,92.5,8.2,950.7,Weathered Granite,HIGH_RISK
9,9.6729,76.9344,791.7,29.4,53.2,71.3,13.2,92.6,15.5,927.7,Laterite,MODERATE_RISK
5,10.1483,77.0249,1689.3,37.5,48.5,70.7,14.5,79.7,25.5,930.5,Colluvium,MODERATE_RISK
3,11.5149,76.1485,924.3,44.9,135.58,80.6,16.6,62.7,25.2,946.7,Colluvium,HIGH_RISK
1,11.5358,76.1215,1016.8,32.1,51.7,61.9,19.5,96.2,16.0,897.1,Colluvium,MODERATE_RISK
1,11.5369,76.143,920.5,39.3,147.6,79.2,26.0,81.9,12.4,1023.7,Weathered Granite,HIGH_RISK
10,11.548,76.1133,986.0,36.8,48.2,66.0,11.9,93.3,10.0,969.9,Colluvium,MODERATE_RISK
5,26.1491,91.6919,463.8,5.7,36.14,61.9,29.2,56.0,18.8,954.2,Colluvium,SAFE
3,11.3455,76.8106,1844.9,39.7,168.6,87.3,16.1,90.4,23.6,974.2,Weathered Granite,HIGH_RISK
5,11.5377,76.1268,1096.6,14.5,40.43,25.2,21.7,51.1,32.3,976.6,Weathered Granite,SAFE
8,10.1574,77.022,1807.0,34.0,46.2,70.8,20.5,66.6,9.5,897.2,Weathered Granite,MODERATE_RISK
7,11.397,76.1131,770.2,31.9,14.79,29.7,16.9,81.2,21.8,956.3,Laterite,SAFE
8,26.8868,88.1962,1674.6,37.5,35.6,62.1,21.1,80.2,17.7,952.3,Laterite,MODERATE_RISK
6,17.9143,73.6721,1326.5,42.0,11.3,27.3,17.6,66.5,26.9,954.1,Laterite,SAFE
5,11.5264,76.1599,1051.2,51.4,108.2,89.2,15.8,56.7,20.1,920.5,Weathered Granite,HIGH_RISK
8,11.5202,76.1256,1012.2,33.3,48.8,49.5,21.2,85.8,18.8,980.0,Colluvium,MODERATE_RISK
2,11.4095,76.1138,849.8,40.2,138.4,85.6,18.3,74.7,10.0,921.4,Laterite,HIGH_RISK
1,11.5479,76.1116,980.3,37.8,48.8,56.8,23.8,95.0,31.7,924.2,Colluvium,MODERATE_RISK
9,31.0898,77.1596,2226.7,47.0,171.71,89.4,14.6,92.5,26.1,963.7,Clay Loam,HIGH_RISK
1,11.3571,76.7835,1834.5,35.8,171.54,92.9,19.2,69.2,32.8,917.8,Weathered Granite,HIGH_RISK
8,11.5721,76.1151,931.9,34.7,49.12,65.5,18.7,59.1,9.0,1007.4,Laterite,MODERATE_RISK
5,11.5289,76.1292,1013.4,41.4,11.5,23.0,23.2,91.1,12.3,977.6,Colluvium,SAFE
10,17.9638,73.5967,599.8,42.1,6.27,37.2,24.9,46.3,18.7,955.8,Colluvium,SAFE
3,10.1794,77.0159,1793.7,34.1,46.75,64.8,26.5,80.2,25.1,949.2,Laterite,MODERATE_RISK
9,11.5208,76.1615,1036.2,44.8,11.06,13.8,20.4,51.0,27.6,919.4,Weathered Granite,SAFE
6,11.4243,76.1102,768.4,31.8,48.68,69.6,18.1,86.7,27.1,938.8,Weathered Granite,MODERATE_RISK
1,11.5473,76.127,938.0,9.9,44.7,31.4,21.3,71.2,8.3,982.3,Residual Soil,SAFE
1,32.2472,77.1863,2018.7,13.4,18.6,54.6,15.7,54.7,28.5,916.8,Clay Loam,SAFE
10,10.1532,77.0066,1802.5,55.9,122.1,94.0,21.4,62.9,28.3,921.4,Weathered Granite,HIGH_RISK
8,30.5459,79.5576,1864.5,32.4,55.6,45.7,18.4,95.7,8.5,964.4,Weathered Granite,MODERATE_RISK
6,11.3636,76.8095,1821.7,37.9,129.3,89.1,16.9,84.7,29.0,916.1,Weathered Granite,HIGH_RISK
2,9.6886,76.9308,784.0,36.1,50.7,63.1,6.9,78.3,14.8,903.3,Weathered Granite,MODERATE_RISK
7,26.1526,91.7181,462.4,34.6,137.72,90.3,21.0,83.7,12.4,971.3,Clay Loam,HIGH_RISK
10,11.5138,76.1266,958.0,36.8,39.99,68.2,23.5,92.9,28.3,876.3,Colluvium,MODERATE_RISK
9,17.9633,73.5732,641.0,47.8,175.4,87.8,18.6,83.5,34.6,975.3,Colluvium,HIGH_RISK
7,11.4229,76.1191,785.2,37.5,43.01,51.2,21.6,94.9,6.9,963.1,Clay Loam,MODERATE_RISK
8,10.1481,77.0169,1670.5,35.4,49.94,50.1,16.1,89.4,34.6,966.7,Colluvium,MODERATE_RISK
8,17.9529,73.5777,595.2,31.1,54.4,69.2,19.0,62.9,5.0,900.1,Colluvium,MODERATE_RISK
4,12.4084,75.7576,1095.9,31.3,57.2,46.0,22.8,95.6,34.7,948.0,Colluvium,MODERATE_RISK
9,32.2519,77.1735,2079.6,4.7,27.6,27.5,28.3,53.0,23.7,949.4,Residual Soil,SAFE
9,17.9435,73.6572,1348.2,40.9,108.96,81.4,19.8,58.9,10.2,969.2,Laterite,HIGH_RISK
7,11.3338,76.8093,1894.4,42.3,146.6,92.7,25.7,79.7,20.0,1004.7,Weathered Granite,HIGH_RISK
2,9.6661,76.9042,823.0,33.8,36.08,66.2,22.9,80.6,29.4,974.5,Laterite,MODERATE_RISK
3,26.8913,88.1875,1709.0,37.5,55.5,61.9,25.3,55.3,22.5,958.7,Laterite,MODERATE_RISK
5,9.6794,76.9324,786.5,47.0,137.45,84.9,20.4,89.7,8.6,951.4,Laterite,HIGH_RISK
2,30.5441,79.5757,1837.9,38.9,160.2,84.9,17.7,83.9,16.7,871.2,Weathered Granite,HIGH_RISK
9,12.4338,75.7373,1214.0,39.5,4.6,37.2,14.5,64.7,22.7,859.3,Residual Soil,SAFE
6,11.5203,76.1303,931.8,48.8,140.0,71.2,15.6,90.0,5.4,892.2,Colluvium,HIGH_RISK
3,11.3525,76.8106,1888.5,45.5,158.4,93.5,17.7,85.0,9.1,964.6,Weathered Granite,HIGH_RISK
7,32.2469,77.1881,2072.5,44.5,7.6,24.8,18.3,66.6,19.1,891.4,Colluvium,SAFE
9,9.6907,76.9158,783.7,36.5,48.7,65.5,20.4,67.2,31.3,1003.6,Laterite,MODERATE_RISK
6,31.101,77.1795,2284.8,47.6,173.19,92.2,19.5,64.8,10.7,977.7,Clay Loam,HIGH_RISK
1,9.6924,76.9224,813.7,43.1,16.12,23.9,19.7,60.3,28.1,976.4,Laterite,SAFE
6,10.1322,77.0237,1642.4,51.8,110.9,81.0,23.3,88.4,20.4,972.0,Colluvium,HIGH_RISK
6,31.1106,77.1875,2231.7,50.1,108.8,86.0,19.7,67.4,17.2,863.7,Clay Loam,HIGH_RISK
6,11.5394,76.1317,922.3,34.8,53.3,59.4,20.0,50.6,19.6,945.0,Colluvium,MODERATE_RISK
8,17.959,73.6019,619.2,33.8,44.39,65.4,17.6,63.5,24.3,832.6,Weathered Granite,MODERATE_RISK
8,11.3952,76.1036,815.4,32.6,124.85,80.8,22.1,87.9,30.7,851.2,Laterite,HIGH_RISK
3,17.9718,73.5891,590.4,9.7,39.0,16.9,23.2,85.1,10.1,995.1,Residual Soil,SAFE
4,11.3974,76.7039,1980.2,45.2,152.2,82.3,21.0,52.7,7.1,935.7,Weathered Granite,HIGH_RISK
7,32.2343,77.1769,2046.1,36.4,52.2,66.4,17.8,89.6,9.9,937.4,Colluvium,MODERATE_RISK
6,10.1698,77.0322,1761.8,49.7,152.5,70.3,24.1,52.1,18.8,923.8,Weathered Granite,HIGH_RISK
10,17.9374,73.6575,1349.8,39.5,16.45,38.2,20.1,56.1,32.0,969.1,Laterite,SAFE
2,11.3358,76.7883,1822.0,40.2,149.88,75.6,14.9,52.1,17.7,939.0,Weathered Granite,HIGH_RISK
4,17.921,73.6588,1372.4,35.8,176.8,82.2,22.1,96.9,18.4,940.4,Laterite,HIGH_RISK
3,17.9635,73.5844,668.2,36.7,42.68,70.0,21.9,95.7,10.5,918.9,Colluvium,MODERATE_RISK
7,11.375,76.7246,1919.9,42.0,2.81,15.0,24.3,59.4,30.8,934.6,Weathered Granite,SAFE
10,11.5479,76.1421,892.6,41.7,176.39,78.5,14.0,78.5,30.3,944.4,Colluvium,HIGH_RISK
1,9.6961,76.9182,809.2,42.6,5.33,14.8,21.8,77.2,7.5,1000.4,Laterite,SAFE
9,26.1841,91.6941,447.8,13.0,32.4,28.6,19.6,67.6,24.5,856.6,Sandy Loam,SAFE
4,11.5735,76.1214,876.3,44.9,92.35,94.1,21.4,93.8,20.7,1031.9,Weathered Granite,HIGH_RISK
3,11.3921,76.7016,1908.4,37.3,44.05,71.4,19.2,59.6,30.9,969.7,Weathered Granite,MODERATE_RISK
7,30.5733,79.5603,1932.7,37.8,50.4,54.7,14.5,95.4,22.9,964.9,Weathered Granite,MODERATE_RISK
6,11.3689,76.6952,1881.5,39.2,13.48,26.4,24.9,81.0,23.8,908.5,Weathered Granite,SAFE
6,12.4265,75.7336,1176.9,37.7,11.6,26.4,22.9,70.7,6.0,953.9,Residual Soil,SAFE
6,26.872,88.1942,1693.0,39.2,123.7,95.6,23.2,68.4,20.0,961.3,Laterite,HIGH_RISK
3,26.1763,91.7132,456.9,27.8,12.6,24.1,24.7,86.3,19.8,942.0,Clay Loam,SAFE
1,30.5664,79.5619,1903.7,34.3,49.55,69.2,21.2,83.0,14.9,958.7,Weathered Granite,MODERATE_RISK
6,11.3717,76.7205,2008.8,37.5,48.45,53.8,16.9,87.0,27.2,948.7,Weathered Granite,MODERATE_RISK
2,11.3983,76.1049,783.4,36.6,46.7,59.1,22.5,82.6,28.0,911.6,Weathered Granite,MODERATE_RISK
10,11.574,76.1342,902.0,37.3,43.4,46.2,13.0,86.4,8.9,910.2,Colluvium,MODERATE_RISK
8,10.1479,77.0062,1592.0,37.9,38.6,65.3,17.8,73.2,14.3,962.5,Colluvium,MODERATE_RISK
9,17.9156,73.675,1348.6,4.8,36.74,20.6,22.0,95.3,5.9,982.5,Clay Loam,SAFE
6,17.9551,73.5754,631.4,41.2,10.8,35.3,14.4,87.7,10.6,953.6,Colluvium,SAFE
3,11.3921,76.0877,794.6,40.1,174.2,85.7,22.6,91.7,27.9,930.3,Weathered Granite,HIGH_RISK
6,11.5321,76.1484,1041.5,47.5,121.33,75.9,19.1,77.6,22.6,920.4,Weathered Granite,HIGH_RISK
9,10.1616,77.0396,1771.6,52.7,129.53,87.5,25.9,82.0,21.6,994.0,Weathered Granite,HIGH_RISK
3,11.5495,76.1294,948.8,40.3,173.19,88.8,18.9,78.2,12.5,931.4,Colluvium,HIGH_RISK
1,11.4315,76.1152,769.3,34.7,40.2,59.3,24.7,83.9,31.9,964.2,Laterite,MODERATE_RISK
4,11.3988,76.0968,799.1,36.2,42.57,48.0,21.1,90.6,28.5,916.2,Sandy Loam,MODERATE_RISK
7,17.9637,73.5674,616.2,34.7,48.7,66.6,23.1,87.2,7.7,926.6,Colluvium,MODERATE_RISK
7,9.6681,76.9196,843.4,35.0,13.3,36.4,17.5,67.6,34.8,954.7,Laterite,SAFE
3,17.971,73.5986,634.4,45.1,120.12,71.3,19.0,48.7,18.8,946.4,Colluvium,HIGH_RISK
4,11.5285,76.142,1014.3,35.8,45.9,67.1,20.1,63.9,26.4,886.6,Weathered Granite,MODERATE_RISK
1,11.5142,76.1252,991.1,40.6,134.81,82.9,21.7,81.0,16.0,1045.4,Clay Loam,HIGH_RISK
4,26.1688,91.6931,442.6,27.7,10.9,29.2,17.9,71.1,11.1,1026.0,Clay Loam,SAFE
3,17.9189,73.6658,1387.3,36.0,14.0,27.0,15.2,61.4,32.0,959.0,Laterite,SAFE
4,11.3587,76.7836,1871.2,30.1,54.4,67.1,17.9,67.0,9.7,921.1,Colluvium,MODERATE_RISK
4,10.1815,77.026,1833.5,46.2,15.57,35.4,28.1,70.7,33.4,932.7,Weathered Granite,SAFE
6,31.0978,77.172,2251.1,52.6,11.83,15.3,21.7,62.9,16.5,906.7,Clay Loam,SAFE
2,11.5273,76.1646,1059.8,50.0,125.35,74.9,18.6,88.7,7.2,1004.6,Weathered Granite,HIGH_RISK
7,17.9267,73.6726,1307.9,39.0,109.78,84.6,21.8,91.6,28.4,1002.0,Laterite,HIGH_RISK
5,11.3693,76.7812,1873.4,35.3,126.5,91.4,16.7,84.3,9.6,917.3,Weathered Granite,HIGH_RISK
4,30.5659,79.5658,1877.0,41.8,134.8,83.1,14.0,45.9,11.2,973.3,Weathered Granite,HIGH_RISK
2,11.5455,76.109,939.1,32.2,50.4,53.8,24.1,87.9,9.9,932.9,Colluvium,MODERATE_RISK
7,11.3484,76.7825,1828.8,38.8,152.24,83.7,16.3,86.3,30.7,901.1,Weathered Granite,HIGH_RISK
5,11.564,76.1376,900.9,42.2,5.28,42.3,15.2,45.8,15.0,954.9,Colluvium,SAFE
5,31.1162,77.1895,2227.7,47.0,138.6,79.4,20.1,60.7,19.7,909.7,Clay Loam,HIGH_RISK
8,26.9042,88.1967,1709.5,10.2,49.3,27.4,16.1,47.8,26.6,916.8,Weathered Granite,SAFE
3,17.9562,73.5663,655.7,49.1,89.7,79.6,22.5,65.6,27.3,931.1,Colluvium,HIGH_RISK
5,11.4003,76.0927,768.4,32.5,155.3,92.0,15.7,77.6,29.9,952.0,Laterite,HIGH_RISK
9,11.5738,76.1426,877.2,44.3,120.0,93.1,27.2,85.3,19.1,952.2,Clay Loam,HIGH_RISK
7,10.1818,77.0406,1772.9,37.9,50.49,52.3,16.5,53.1,14.7,938.0,Weathered Granite,MODERATE_RISK
3,32.2583,77.1974,2064.0,48.1,174.57,95.0,10.5,77.4,27.6,1005.3,Colluvium,HIGH_RISK
7,11.3563,76.8131,1844.8,38.2,157.2,90.5,18.8,66.4,32.7,935.3,Colluvium,HIGH_RISK
8,11.5473,76.1485,923.4,49.5,103.7,94.4,19.5,69.0,19.0,870.0,Colluvium,HIGH_RISK
8,30.5434,79.573,1866.0,45.7,103.9,79.2,22.1,63.7,33.5,933.3,Weathered Granite,HIGH_RISK
6,17.9387,73.5847,621.7,4.3,37.35,36.8,22.5,81.4,29.5,983.9,Residual Soil,SAFE
8,17.9429,73.5643,629.9,37.5,41.9,56.2,17.6,92.7,21.6,927.3,Colluvium,MODERATE_RISK
6,10.1591,77.0164,1697.6,36.2,39.9,58.8,12.0,72.3,8.2,1000.7,Colluvium,MODERATE_RISK
8,11.5083,76.1438,1051.5,46.0,158.2,77.4,32.7,70.8,34.4,950.8,Weathered Granite,HIGH_RISK
6,11.3555,76.8043,1936.1,39.6,13.2,43.4,22.8,76.1,19.0,986.4,Weathered Granite,SAFE
9,10.1509,77.0369,1795.8,45.7,154.06,78.5,18.5,86.2,27.4,1002.9,Weathered Granite,HIGH_RISK
4,32.2499,77.202,2061.1,8.7,13.8,55.6,22.1,68.7,31.0,969.4,Residual Soil,SAFE
6,11.3878,76.7148,1914.1,47.8,186.23,72.3,20.4,84.7,31.9,1040.6,Weathered Granite,HIGH_RISK
5,26.163,91.7019,403.3,16.1,33.0,30.8,22.4,63.0,5.5,967.5,Clay Loam,SAFE
8,31.1032,77.185,2350.7,5.7,49.9,15.3,15.3,86.9,21.8,922.4,Colluvium,SAFE
7,11.428,76.1247,812.6,36.2,127.22,93.7,19.4,64.5,25.5,957.3,Laterite,HIGH_RISK
10,32.2315,77.1721,2020.3,33.4,46.8,67.7,25.8,96.7,18.4,942.6,Colluvium,MODERATE_RISK
3,11.5203,76.1574,1086.8,36.8,52.0,69.0,22.4,75.1,26.2,913.2,Clay Loam,MODERATE_RISK
3,31.0981,77.1751,2215.2,15.1,31.63,47.9,16.6,66.4,11.6,949.5,Clay Loam,SAFE
4,11.5201,76.1391,963.3,37.1,56.8,46.6,15.8,98.0,25.1,916.2,Colluvium,MODERATE_RISK
2,11.3486,76.8051,1818.6,37.7,47.3,54.0,19.4,62.4,31.4,916.0,Weathered Granite,MODERATE_RISK
5,11.5235,76.1417,953.8,35.8,53.1,49.8,26.6,96.8,33.4,952.7,Laterite,MODERATE_RISK
3,10.1433,77.0093,1786.2,53.9,176.3,88.5,22.2,67.7,6.9,986.6,Weathered Granite,HIGH_RISK
6,9.6971,76.9071,840.9,8.6,15.6,15.2,20.8,50.1,20.1,858.7,Clay Loam,SAFE
2,10.1518,77.0327,1651.2,9.2,39.0,15.8,27.8,70.2,25.7,897.7,Laterite,SAFE
7,31.1151,77.1542,2339.9,50.5,180.07,88.2,19.2,48.7,29.8,997.7,Clay Loam,HIGH_RISK
10,30.5717,79.5673,1864.6,11.3,28.77,32.3,16.7,64.4,9.7,955.1,Weathered Granite,SAFE
3,32.2505,77.174,2056.5,35.2,50.3,55.1,29.7,58.3,14.8,956.7,Colluvium,MODERATE_RISK
1,30.5603,79.5635,1895.3,34.0,54.3,60.1,18.0,84.7,10.6,964.4,Weathered Granite,MODERATE_RISK
10,10.18,77.0321,1870.2,52.7,125.5,83.7,18.1,57.3,11.0,939.4,Weathered Granite,HIGH_RISK
9,9.6925,76.9208,828.1,36.2,47.4,64.0,23.9,94.1,15.1,976.6,Laterite,MODERATE_RISK
4,11.5376,76.1352,1100.9,12.1,28.82,61.9,15.4,72.5,7.9,1031.3,Weathered Granite,SAFE
4,9.6933,76.9325,824.9,43.7,133.4,77.5,22.0,50.1,12.7,1000.9,Laterite,HIGH_RISK
5,11.4232,76.1046,844.5,39.7,153.8,86.6,17.4,66.1,23.3,944.3,Laterite,HIGH_RISK
2,11.5603,76.11,896.4,40.7,108.9,92.2,19.5,73.6,7.2,1039.4,Colluvium,HIGH_RISK
3,10.1692,77.0098,1610.0,51.9,126.4,86.3,22.9,60.7,6.2,924.8,Colluvium,HIGH_RISK
3,11.5399,76.1492,1026.8,34.3,42.95,70.2,21.7,97.6,9.5,922.2,Colluvium,MODERATE_RISK
1,9.6778,76.9042,804.7,38.5,12.1,29.1,22.9,83.5,19.5,874.3,Laterite,SAFE
1,17.9625,73.5833,558.4,47.6,122.1,94.4,17.2,89.1,28.5,975.9,Colluvium,HIGH_RISK
2,10.1565,77.0318,1619.5,48.8,119.1,70.8,23.7,97.8,13.8,961.6,Colluvium,HIGH_RISK
9,32.239,77.2027,2055.8,42.3,130.52,93.7,19.7,64.4,16.3,936.3,Colluvium,HIGH_RISK
8,17.9084,73.6531,1364.5,36.4,52.2,67.6,21.9,97.9,19.8,939.2,Colluvium,MODERATE_RISK
3,12.4125,75.7191,1177.5,37.4,48.5,55.8,17.3,50.3,18.7,872.8,Colluvium,MODERATE_RISK
8,17.9459,73.5866,580.9,7.6,21.84,39.3,19.2,55.6,21.7,886.3,Clay Loam,SAFE
3,17.9664,73.5971,579.6,46.3,16.4,35.4,20.0,47.1,11.7,948.9,Colluvium,SAFE
4,11.3474,76.7883,1826.7,34.8,160.4,78.0,20.9,91.3,9.8,843.0,Weathered Granite,HIGH_RISK
1,11.3565,76.7754,1877.1,40.6,15.79,27.9,21.0,61.9,17.3,946.9,Weathered Granite,SAFE
10,11.5027,76.1291,1052.9,11.2,38.1,44.7,16.6,56.4,30.8,1023.2,Residual Soil,SAFE
10,11.4042,76.7174,1962.0,10.0,20.3,52.8,25.4,50.0,25.0,975.4,Laterite,SAFE
3,26.9055,88.1748,1715.6,31.9,9.85,15.8,15.7,82.8,25.6,904.8,Laterite,SAFE
7,11.5507,76.1093,896.6,37.8,177.7,81.9,23.5,71.0,12.4,981.4,Colluvium,HIGH_RISK
5,11.5697,76.1403,957.1,43.7,124.1,85.1,21.7,49.2,9.0,973.5,Laterite,HIGH_RISK
1,9.6709,76.9322,797.1,38.6,15.79,26.6,19.1,86.3,25.5,962.2,Laterite,SAFE
1,11.5656,76.1471,921.9,35.3,53.2,66.8,22.2,78.2,14.3,920.5,Colluvium,MODERATE_RISK
7,11.5559,76.1122,888.7,45.2,176.7,75.4,23.8,82.3,19.4,940.5,Colluvium,HIGH_RISK
1,26.89,88.196,1643.1,36.0,54.0,69.9,19.5,92.3,8.5,955.7,Sandy Loam,MODERATE_RISK
4,11.3939,76.7075,1958.2,40.2,8.14,36.8,26.3,67.8,12.8,921.4,Weathered Granite,SAFE
8,10.1678,77.0311,1781.6,37.3,47.8,70.0,17.4,96.7,32.9,958.9,Weathered Granite,MODERATE_RISK
4,11.3773,76.6928,1952.3,41.4,11.2,14.3,20.0,92.5,34.7,971.9,Weathered Granite,SAFE
5,11.519,76.1384,983.6,32.7,41.97,69.9,18.5,84.5,18.3,923.4,Colluvium,MODERATE_RISK
8,11.4319,76.1244,852.0,37.1,56.0,68.2,15.7,72.9,11.5,979.4,Laterite,MODERATE_RISK
3,32.2509,77.1864,2026.7,42.6,185.08,72.8,13.9,74.4,33.3,942.9,Colluvium,HIGH_RISK
7,11.3379,76.7957,1862.7,35.6,10.2,23.6,12.1,78.4,7.1,972.9,Weathered Granite,SAFE
6,11.5015,76.146,1024.6,45.4,8.58,12.8,16.2,63.1,6.4,950.1,Weathered Granite,SAFE
3,11.4184,76.0857,767.7,37.4,9.68,18.3,13.9,62.6,31.5,971.9,Laterite,SAFE
6,10.1729,77.0204,1779.8,37.3,55.7,49.5,12.3,59.9,12.8,886.1,Weathered Granite,MODERATE_RISK
5,11.5649,76.1443,873.9,38.5,165.0,87.5,26.4,49.5,32.7,938.1,Weathered Granite,HIGH_RISK
3,32.2512,77.2029,2073.8,46.1,183.15,71.1,19.9,69.1,8.4,927.3,Colluvium,HIGH_RISK
3,11.3981,76.6948,1941.0,32.9,54.0,69.0,22.3,84.1,12.8,962.5,Weathered Granite,MODERATE_RISK
10,30.5589,79.582,1819.0,41.6,157.3,71.9,13.5,84.3,21.8,897.0,Weathered Granite,HIGH_RISK
7,30.5597,79.5861,1852.4,32.5,50.4,71.0,15.1,83.4,15.0,901.2,Weathered Granite,MODERATE_RISK
8,26.8989,88.1731,1746.4,18.0,25.46,33.0,11.8,50.2,31.6,886.9,Residual Soil,SAFE
6,26.1648,91.7178,427.4,37.0,146.2,95.1,23.8,86.7,34.0,910.9,Clay Loam,HIGH_RISK
10,11.391,76.6993,1935.6,30.6,43.4,57.5,26.6,94.9,30.0,910.2,Weathered Granite,MODERATE_RISK
1,9.6731,76.9334,746.2,40.5,16.8,21.9,17.0,63.7,17.7,921.6,Laterite,SAFE
6,26.8723,88.1634,1736.6,37.0,47.1,50.4,21.7,82.5,14.8,923.2,Weathered Granite,MODERATE_RISK
5,11.5622,76.1212,892.4,35.6,40.32,56.8,23.0,95.4,21.3,891.5,Colluvium,MODERATE_RISK
5,11.3937,76.7183,1941.3,41.0,125.2,73.6,16.4,68.3,7.1,939.5,Weathered Granite,HIGH_RISK
6,30.5391,79.5475,1855.8,29.3,46.3,69.8,18.8,45.8,34.8,934.4,Weathered Granite,MODERATE_RISK
2,11.3746,76.6992,1930.9,35.9,53.2,50.1,18.4,92.2,28.6,979.4,Weathered Granite,MODERATE_RISK
1,17.9128,73.6697,1355.7,39.8,185.08,72.1,18.7,71.2,30.6,940.1,Laterite,HIGH_RISK
9,17.9485,73.5843,614.7,17.6,23.8,37.0,22.7,58.4,20.6,908.3,Laterite,SAFE
8,31.096,77.1892,2268.8,52.4,112.86,71.5,17.2,87.9,13.9,962.4,Clay Loam,HIGH_RISK
4,30.5457,79.5695,1870.2,34.7,43.4,69.6,17.2,87.0,6.8,928.9,Weathered Granite,MODERATE_RISK
8,11.3445,76.7752,1806.1,38.0,133.7,90.9,25.7,47.1,24.6,1037.5,Weathered Granite,HIGH_RISK
8,32.2321,77.2063,2014.0,35.5,52.6,69.0,18.7,93.0,33.5,920.0,Colluvium,MODERATE_RISK
2,11.3829,76.7277,1896.3,35.5,39.55,59.7,22.2,90.5,18.6,938.0,Weathered Granite,MODERATE_RISK
7,10.1625,77.0244,1640.3,49.8,88.5,95.8,27.0,91.8,12.9,937.4,Colluvium,HIGH_RISK
6,26.9027,88.1856,1761.6,36.5,168.0,71.8,15.4,97.1,32.3,942.7,Laterite,HIGH_RISK
10,10.1439,77.0229,1656.0,43.6,11.5,38.0,19.1,64.6,23.9,1094.1,Colluvium,SAFE
4,30.5538,79.5548,1877.0,40.0,109.73,84.1,19.5,76.2,32.4,967.3,Weathered Granite,HIGH_RISK
5,17.9237,73.6727,1410.5,38.3,5.0,32.8,15.6,66.0,29.2,966.3,Laterite,SAFE
3,11.401,76.0983,793.2,36.3,32.9,59.9,22.3,84.6,18.1,936.5,Weathered Granite,MODERATE_RISK
7,26.1637,91.7017,477.2,27.1,16.39,40.3,20.3,73.9,13.4,993.1,Clay Loam,SAFE
2,17.943,73.6016,598.6,46.5,154.55,83.9,23.3,90.6,13.8,939.6,Colluvium,HIGH_RISK
6,10.163,77.007,1640.0,37.9,45.6,63.3,20.6,89.4,30.6,855.1,Colluvium,MODERATE_RISK
8,26.1641,91.6988,466.0,33.4,7.1,33.0,23.0,59.6,12.1,975.5,Clay Loam,SAFE
8,31.1119,77.1548,2290.0,31.3,33.99,58.7,23.4,83.2,14.1,922.9,Weathered Granite,MODERATE_RISK
4,32.248,77.1909,2069.1,46.6,156.15,81.1,19.6,46.9,23.9,862.0,Colluvium,HIGH_RISK
9,10.1521,77.0089,1623.6,51.6,123.8,82.5,22.9,81.6,5.9,907.4,Colluvium,HIGH_RISK
1,11.3443,76.8054,1826.6,41.9,138.05,81.6,17.1,80.2,27.5,928.2,Weathered Granite,HIGH_RISK
10,32.2618,77.1773,2062.3,45.2,171.2,79.5,27.6,68.1,26.7,964.8,Clay Loam,HIGH_RISK
5,30.5592,79.5703,1889.9,36.5,55.1,69.7,23.9,60.6,16.4,1015.9,Weathered Granite,MODERATE_RISK
5,30.5483,79.576,1860.2,44.4,127.49,77.5,35.5,88.8,21.5,1020.2,Weathered Granite,HIGH_RISK
3,11.3564,76.7828,1858.5,37.1,147.6,81.8,30.2,59.7,34.7,994.7,Weathered Granite,HIGH_RISK
5,32.2569,77.1943,2056.6,46.3,140.75,93.5,22.2,60.9,30.0,899.9,Colluvium,HIGH_RISK
2,11.383,76.7302,1975.3,35.4,50.71,64.4,23.0,92.3,20.7,944.9,Weathered Granite,MODERATE_RISK
4,11.5403,76.1259,981.3,13.8,49.7,62.7,19.1,91.7,34.4,916.7,Sandy Loam,SAFE
3,10.1608,77.0246,1640.0,33.4,53.2,65.8,14.0,89.7,17.3,914.3,Colluvium,MODERATE_RISK
3,11.3685,76.7945,1834.8,36.0,48.24,48.6,9.9,94.8,23.7,976.2,Weathered Granite,MODERATE_RISK
1,11.4299,76.0879,780.9,38.9,13.31,12.5,22.4,60.9,7.3,1008.2,Laterite,SAFE
6,10.1687,77.0144,1603.0,49.9,174.52,94.1,26.5,87.3,24.1,976.9,Colluvium,HIGH_RISK
7,11.5503,76.1161,970.8,45.9,108.9,94.9,15.0,47.9,23.5,888.8,Colluvium,HIGH_RISK
7,30.5611,79.5663,1888.0,33.8,50.6,55.5,22.5,58.8,15.6,954.5,Weathered Granite,MODERATE_RISK
3,11.5644,76.1388,989.1,36.8,57.2,49.9,23.5,83.9,32.3,886.4,Colluvium,MODERATE_RISK
4,9.6688,76.9232,797.9,31.3,46.5,63.3,14.2,83.5,23.2,930.4,Laterite,MODERATE_RISK
2,11.3848,76.7285,1975.0,35.7,49.3,66.2,22.7,72.5,27.7,903.0,Weathered Granite,MODERATE_RISK
3,11.3678,76.6969,1953.2,44.3,175.4,91.4,18.3,84.6,15.4,925.4,Weathered Granite,HIGH_RISK
7,30.5712,79.5575,1831.1,41.1,15.9,33.5,20.3,69.5,14.4,1002.7,Weathered Granite,SAFE
3,10.149,77.039,1734.1,50.3,123.48,85.5,19.6,81.8,8.4,888.3,Colluvium,HIGH_RISK
7,11.3968,76.1201,755.0,36.0,157.5,93.9,22.2,46.1,27.8,865.0,Laterite,HIGH_RISK
6,11.5579,76.1444,902.8,45.4,178.03,75.3,17.2,49.0,32.9,915.9,Colluvium,HIGH_RISK
8,32.231,77.2064,2024.3,46.5,158.9,83.8,14.2,77.8,21.3,982.6,Colluvium,HIGH_RISK
6,17.9381,73.6505,1324.5,38.9,138.4,93.0,16.7,73.1,31.3,998.4,Laterite,HIGH_RISK
5,17.9554,73.5702,631.4,47.0,139.2,76.8,22.6,89.8,9.2,828.6,Colluvium,HIGH_RISK
10,11.5186,76.1504,1028.3,34.9,55.6,63.8,20.2,89.4,33.0,892.6,Weathered Granite,MODERATE_RISK
3,11.3697,76.7225,1909.3,32.5,57.0,63.0,17.5,85.4,20.0,1030.0,Weathered Granite,MODERATE_RISK
2,26.8726,88.178,1673.3,32.9,11.8,34.7,16.7,96.6,16.8,961.1,Laterite,SAFE
1,17.9435,73.5775,610.7,35.9,56.7,59.1,19.9,87.5,27.7,916.3,Colluvium,MODERATE_RISK
8,30.5502,79.5667,1882.4,43.6,14.9,10.6,23.0,66.1,8.6,903.8,Weathered Granite,SAFE
4,26.1749,91.7053,436.4,6.7,38.1,64.2,22.4,54.8,13.2,958.2,Residual Soil,SAFE
2,12.4115,75.74,1157.5,35.8,34.0,56.6,20.9,96.2,20.3,922.7,Colluvium,MODERATE_RISK
9,30.5575,79.5784,1861.9,33.3,40.2,64.9,15.6,87.8,26.2,881.7,Weathered Granite,MODERATE_RISK
9,11.549,76.1225,951.9,43.3,138.0,71.9,17.9,97.5,6.2,958.3,Colluvium,HIGH_RISK
10,11.5609,76.1469,891.8,8.8,22.9,36.2,23.1,87.3,19.0,961.1,Weathered Granite,SAFE
4,26.1734,91.7087,388.9,38.6,172.9,80.0,16.0,64.0,17.6,948.9,Weathered Granite,HIGH_RISK
8,32.2528,77.2071,2075.0,36.3,53.7,49.7,16.5,62.1,30.1,941.3,Colluvium,MODERATE_RISK
1,11.5305,76.114,997.9,37.4,45.5,52.6,21.8,87.7,6.2,1003.3,Colluvium,MODERATE_RISK
9,31.1246,77.1661,2281.8,55.9,105.4,78.5,13.7,65.2,29.2,941.6,Clay Loam,HIGH_RISK
8,31.1202,77.1581,2285.4,52.7,103.2,83.0,22.6,52.2,6.9,934.5,Weathered Granite,HIGH_RISK
1,11.3755,76.7152,1937.9,43.1,9.5,11.9,15.1,52.4,23.7,960.1,Weathered Granite,SAFE
3,10.1519,77.0145,1653.3,40.7,158.0,74.3,20.5,97.1,26.7,985.9,Colluvium,HIGH_RISK
6,11.5375,76.1265,996.2,39.7,6.6,23.4,20.7,75.9,6.9,954.4,Colluvium,SAFE
9,11.5331,76.1289,1048.0,47.9,113.1,71.4,18.2,67.6,26.5,948.2,Weathered Granite,HIGH_RISK
6,10.143,76.9983,1658.2,45.5,130.9,94.8,13.1,62.8,22.5,965.1,Colluvium,HIGH_RISK
7,11.5093,76.1449,1051.5,47.8,100.4,91.7,20.4,91.2,17.9,922.0,Weathered Granite,HIGH_RISK
3,11.4144,76.1166,795.5,30.5,38.0,70.2,20.3,93.4,18.4,940.2,Laterite,MODERATE_RISK
7,10.1696,77.0228,1802.1,14.8,35.86,58.9,16.1,64.3,34.3,953.7,Weathered Granite,SAFE
3,11.382,76.7202,1951.9,37.8,13.9,26.1,20.6,70.5,22.2,1016.0,Weathered Granite,SAFE
7,11.371,76.8114,1860.9,37.9,162.58,90.0,19.4,67.2,28.6,917.1,Weathered Granite,HIGH_RISK
5,11.5524,76.1378,891.2,40.8,9.74,17.8,22.5,48.2,23.3,971.1,Colluvium,SAFE
4,31.0891,77.1736,2283.2,44.7,116.4,70.5,22.1,84.5,19.4,960.7,Laterite,HIGH_RISK
10,11.5371,76.1233,1042.5,38.7,137.1,77.7,23.3,46.5,6.9,964.1,Colluvium,HIGH_RISK
8,32.2494,77.1785,2039.5,5.6,43.8,55.7,20.2,93.1,30.8,966.4,Colluvium,SAFE
3,11.4156,76.1172,755.5,7.7,12.8,63.7,21.3,60.6,7.1,931.6,Clay Loam,SAFE
2,31.121,77.1768,2259.9,51.4,105.1,72.5,21.0,85.0,5.5,943.6,Clay Loam,HIGH_RISK
9,9.6742,76.9055,860.6,36.0,7.7,44.8,24.3,86.0,28.9,954.9,Laterite,SAFE
3,32.2616,77.1749,2015.0,49.1,140.03,86.6,23.9,96.7,33.2,972.1,Colluvium,HIGH_RISK
1,10.1319,77.0101,1679.7,46.3,11.55,12.3,22.6,55.1,26.9,977.2,Colluvium,SAFE
2,11.5683,76.1215,917.5,37.3,46.91,47.9,20.8,89.3,31.2,949.3,Colluvium,MODERATE_RISK
4,17.9379,73.6618,1356.1,10.6,27.61,29.3,20.2,75.0,20.4,950.4,Laterite,SAFE
5,30.5562,79.5588,1876.3,31.4,45.9,70.1,18.6,90.3,19.3,958.0,Weathered Granite,MODERATE_RISK
10,11.5279,76.1314,1027.4,43.3,165.83,77.8,13.2,56.3,17.0,940.3,Weathered Granite,HIGH_RISK
8,12.4274,75.7245,1096.2,28.1,15.79,11.0,21.7,70.4,10.9,902.2,Residual Soil,SAFE
4,11.4057,76.101,733.1,12.5,14.5,63.7,19.6,80.5,29.2,993.6,Weathered Granite,SAFE
10,30.5378,79.5721,1918.8,44.2,122.4,78.5,14.6,63.9,11.5,946.0,Weathered Granite,HIGH_RISK
5,11.518,76.1503,1029.5,50.1,76.4,82.6,19.2,91.0,19.6,972.1,Weathered Granite,HIGH_RISK
9,31.111,77.1701,2297.6,46.0,8.58,30.6,21.7,53.2,18.5,1017.1,Clay Loam,SAFE
1,31.0946,77.1916,2324.8,47.8,16.17,39.7,18.8,63.5,26.2,964.7,Clay Loam,SAFE
9,11.3522,76.7825,1824.7,40.9,13.9,12.2,22.3,90.0,21.2,979.4,Weathered Granite,SAFE
7,17.9496,73.6018,656.3,46.3,166.7,72.7,22.9,60.3,10.5,963.9,Colluvium,HIGH_RISK
9,11.4018,76.1222,793.6,37.0,43.23,55.4,15.8,93.8,5.9,997.4,Laterite,MODERATE_RISK
9,32.2552,77.1722,2054.3,34.0,54.0,49.4,24.1,89.7,16.1,951.9,Colluvium,MODERATE_RISK
5,31.0943,77.1924,2316.0,36.3,51.1,64.7,19.9,70.9,7.6,925.8,Weathered Granite,MODERATE_RISK
8,11.5356,76.1391,1106.2,52.3,136.0,72.0,15.4,90.7,31.3,945.7,Weathered Granite,HIGH_RISK
4,11.5248,76.1411,1055.4,52.7,118.97,75.5,21.5,57.6,16.3,942.0,Weathered Granite,HIGH_RISK
4,30.5629,79.5843,1868.6,37.7,17.3,38.7,23.3,88.9,15.8,964.7,Weathered Granite,SAFE
6,17.9536,73.5771,633.1,35.5,48.4,68.5,16.2,81.7,15.0,980.9,Colluvium,MODERATE_RISK
7,10.1813,77.0411,1760.1,52.9,143.77,90.9,18.9,94.9,15.5,988.7,Weathered Granite,HIGH_RISK
2,11.3837,76.7041,1934.5,38.1,15.57,17.2,20.5,54.3,30.5,921.2,Weathered Granite,SAFE
6,9.6988,76.9018,800.2,45.0,174.57,83.3,18.9,83.4,14.9,926.2,Clay Loam,HIGH_RISK
10,11.5078,76.1396,1020.1,48.7,176.83,74.5,22.0,67.3,13.9,1001.2,Weathered Granite,HIGH_RISK
7,9.6759,76.9362,871.2,41.3,104.5,81.7,20.2,92.2,14.4,944.2,Laterite,HIGH_RISK
1,9.6793,76.9192,785.1,45.3,153.89,75.6,19.1,55.1,34.6,920.9,Clay Loam,HIGH_RISK
10,11.5138,76.1328,1110.3,35.4,51.32,66.2,22.2,79.2,13.1,935.7,Colluvium,MODERATE_RISK
1,30.5653,79.548,1921.5,36.0,47.4,55.1,19.5,80.5,34.8,891.2,Weathered Granite,MODERATE_RISK
7,26.1566,91.6963,424.0,17.9,42.1,24.8,26.7,51.4,11.6,954.3,Colluvium,SAFE
8,26.8761,88.1882,1707.2,37.4,142.5,93.9,28.1,48.0,18.4,1001.9,Laterite,HIGH_RISK
3,11.3945,76.0935,718.2,42.1,163.13,87.7,30.3,71.0,18.1,935.3,Laterite,HIGH_RISK
6,30.5394,79.5772,1856.2,36.3,35.42,55.8,19.0,83.8,22.5,935.0,Weathered Granite,MODERATE_RISK
8,11.4246,76.1178,759.4,36.1,41.8,70.9,26.0,96.1,20.9,925.9,Laterite,MODERATE_RISK
10,32.2424,77.2057,1997.2,29.1,41.0,68.4,15.6,87.7,9.2,974.6,Colluvium,MODERATE_RISK
9,31.1116,77.1679,2293.1,35.1,47.96,55.3,25.2,93.8,8.6,953.9,Weathered Granite,MODERATE_RISK
9,17.9375,73.6008,645.1,48.6,4.68,15.5,19.1,96.5,32.3,1009.7,Colluvium,SAFE
1,11.5478,76.1148,912.4,38.9,164.0,72.6,21.8,66.0,11.5,928.2,Colluvium,HIGH_RISK
1,30.5435,79.5672,1882.8,40.8,141.1,75.2,13.4,62.9,6.1,877.2,Weathered Granite,HIGH_RISK
10,11.3657,76.7999,1840.0,33.8,44.05,51.1,16.3,87.4,12.3,952.8,Weathered Granite,MODERATE_RISK
3,31.1021,77.1633,2252.2,37.9,54.1,64.5,23.0,46.4,7.7,916.4,Colluvium,MODERATE_RISK
2,11.342,76.7865,1854.8,42.8,145.3,86.6,12.9,92.1,9.0,1007.5,Weathered Granite,HIGH_RISK
7,11.3796,76.6925,1894.5,46.2,131.18,73.1,20.3,97.2,13.8,924.5,Weathered Granite,HIGH_RISK
1,11.4282,76.0958,811.7,39.1,177.7,75.9,16.6,61.6,10.6,896.6,Laterite,HIGH_RISK
7,12.4394,75.7268,1210.8,42.1,157.9,90.0,25.3,52.2,31.2,968.0,Clay Loam,HIGH_RISK
6,10.1482,77.0334,1623.9,35.4,45.6,67.6,21.1,80.7,11.5,867.1,Colluvium,MODERATE_RISK
1,11.5425,76.1088,959.0,25.9,52.5,64.2,16.8,96.2,26.0,964.1,Colluvium,MODERATE_RISK
2,30.5371,79.5775,1862.3,39.5,6.6,32.9,21.9,55.7,6.3,938.4,Weathered Granite,SAFE
10,11.5429,76.1243,963.4,13.9,37.6,36.0,16.1,97.7,13.5,937.7,Colluvium,SAFE
8,11.3523,76.7824,1819.6,34.6,55.2,68.0,17.5,91.7,8.9,1016.8,Weathered Granite,MODERATE_RISK
8,30.5456,79.5678,1861.0,34.9,45.0,65.2,16.1,95.5,18.8,890.1,Weathered Granite,MODERATE_RISK
5,17.9379,73.6003,595.1,38.0,53.6,64.0,22.4,56.7,25.8,947.8,Colluvium,MODERATE_RISK
6,11.5358,76.143,1076.5,31.4,46.37,71.8,25.6,96.5,7.5,971.9,Weathered Granite,MODERATE_RISK
1,12.4117,75.7313,1177.6,43.6,172.3,93.2,26.3,74.1,28.9,870.7,Residual Soil,HIGH_RISK
10,30.5669,79.5506,1885.7,39.5,17.4,44.4,10.1,86.2,15.0,869.0,Weathered Granite,SAFE
1,11.3965,76.7226,1921.9,32.4,49.4,66.0,16.4,90.3,7.2,977.1,Weathered Granite,MODERATE_RISK
9,11.5347,76.1636,997.5,34.8,55.7,67.8,25.6,61.8,34.5,949.5,Weathered Granite,MODERATE_RISK
2,17.9527,73.5847,626.6,37.4,42.2,56.7,18.9,80.4,19.1,924.1,Weathered Granite,MODERATE_RISK
8,17.9435,73.6571,1423.4,41.5,125.73,92.7,20.6,83.0,31.7,937.0,Laterite,HIGH_RISK
1,11.4041,76.7073,1900.3,44.2,144.6,92.2,23.0,61.4,15.3,1023.9,Weathered Granite,HIGH_RISK
4,9.6733,76.914,803.0,36.8,28.44,64.9,22.5,84.1,17.7,938.1,Laterite,MODERATE_RISK
5,11.5404,76.1122,948.3,42.9,179.8,78.2,24.6,45.1,22.1,927.7,Weathered Granite,HIGH_RISK
5,10.1761,77.0181,1795.8,51.3,129.8,89.7,24.4,90.0,32.2,908.1,Weathered Granite,HIGH_RISK
10,31.12,77.1607,2322.4,46.0,16.06,11.3,21.0,45.5,26.6,955.0,Clay Loam,SAFE
10,17.9614,73.5774,579.3,45.6,5.4,24.1,17.6,84.2,11.8,1002.7,Colluvium,SAFE
1,31.0964,77.1542,2277.7,48.6,8.3,38.2,16.1,66.1,13.5,981.2,Clay Loam,SAFE
8,11.3669,76.8059,1838.4,34.7,184.36,87.7,20.2,96.0,31.1,955.3,Weathered Granite,HIGH_RISK
6,11.348,76.7937,1844.8,37.9,56.3,60.7,16.8,80.0,27.7,920.1,Weathered Granite,MODERATE_RISK
8,31.1195,77.1565,2269.1,53.3,152.68,71.7,28.3,80.6,8.7,1006.0,Clay Loam,HIGH_RISK
10,26.8891,88.1867,1700.9,35.5,13.1,28.6,20.7,56.9,22.6,962.2,Laterite,SAFE
1,10.16,77.0075,1824.2,46.4,141.13,89.3,16.7,84.6,7.2,951.5,Weathered Granite,HIGH_RISK
1,11.3379,76.7767,1868.4,37.0,43.95,70.2,12.9,97.1,34.8,950.5,Weathered Granite,MODERATE_RISK
9,11.5484,76.1164,979.6,29.7,52.7,56.1,19.7,94.2,9.1,942.7,Colluvium,MODERATE_RISK
4,11.3763,76.7274,1918.0,36.5,53.2,47.6,22.1,91.0,34.6,914.6,Weathered Granite,MODERATE_RISK
9,31.1111,77.186,2269.7,5.0,47.8,31.6,18.8,94.5,10.9,907.2,Weathered Granite,SAFE
3,11.3959,76.7164,1968.5,37.4,56.8,54.5,28.6,96.5,23.8,913.9,Weathered Granite,MODERATE_RISK
2,32.2477,77.2014,2117.9,14.5,48.4,39.1,22.7,81.1,25.0,840.0,Weathered Granite,SAFE
6,10.167,77.0357,1788.3,44.9,159.6,75.9,25.7,70.1,31.8,989.3,Weathered Granite,HIGH_RISK
9,10.1773,77.04,1768.1,54.0,117.3,73.2,19.7,97.3,16.0,982.8,Weathered Granite,HIGH_RISK
9,11.5621,76.1455,926.1,33.3,13.26,38.3,21.8,57.9,32.1,909.2,Colluvium,SAFE
4,11.5631,76.1206,960.2,42.0,15.13,30.1,17.8,46.7,34.7,870.0,Colluvium,SAFE
10,17.953,73.5724,618.9,8.8,31.24,34.9,19.7,69.9,8.4,956.5,Sandy Loam,SAFE
2,17.953,73.5764,623.5,49.1,105.4,93.0,19.1,93.8,26.7,949.0,Colluvium,HIGH_RISK
5,11.3698,76.8052,1862.0,9.3,26.3,37.5,18.4,77.1,7.8,1029.8,Laterite,SAFE
10,17.9663,73.5738,640.4,50.3,7.15,45.3,14.4,73.4,6.8,959.1,Colluvium,SAFE
3,11.4247,76.1149,757.4,33.7,150.8,85.6,19.1,53.8,12.4,884.6,Laterite,HIGH_RISK
3,11.3836,76.7098,1967.6,16.8,43.67,19.6,17.5,69.7,6.1,967.8,Laterite,SAFE
1,12.4356,75.7439,1192.5,32.9,12.43,42.6,24.0,50.5,13.1,1000.3,Residual Soil,SAFE
4,26.1739,91.6996,404.7,32.4,13.7,26.2,15.3,54.2,15.0,903.0,Clay Loam,SAFE
2,17.9259,73.6611,1371.8,39.3,128.7,76.0,20.1,91.6,11.7,963.9,Laterite,HIGH_RISK
8,17.9403,73.642,1260.3,38.4,155.1,84.7,22.6,94.5,26.1,906.1,Laterite,HIGH_RISK
9,10.1325,77.0221,1634.3,43.1,14.91,38.0,25.3,54.8,14.6,897.6,Colluvium,SAFE
7,31.0908,77.1564,2274.3,35.2,54.3,62.1,25.4,93.2,20.7,974.8,Colluvium,MODERATE_RISK
3,30.5518,79.5621,1870.9,42.8,184.53,83.6,17.7,94.1,7.1,980.6,Weathered Granite,HIGH_RISK
3,30.5731,79.5487,1909.9,37.9,50.2,61.6,16.9,67.3,11.8,954.0,Weathered Granite,MODERATE_RISK
9,10.1713,77.0307,1853.7,14.3,20.4,54.8,23.1,62.4,27.5,943.4,Colluvium,SAFE
3,17.9188,73.6456,1354.8,6.8,41.25,40.5,24.5,64.8,23.7,867.2,Sandy Loam,SAFE
10,32.2467,77.2077,2068.9,45.5,183.43,89.5,20.6,66.0,30.9,917.7,Colluvium,HIGH_RISK
10,11.3705,76.7317,1974.3,37.6,45.98,62.5,21.4,88.8,34.2,912.4,Weathered Granite,MODERATE_RISK
10,30.5701,79.5526,1892.2,37.9,51.81,50.0,13.6,64.4,33.0,897.2,Weathered Granite,MODERATE_RISK
6,11.3751,76.7188,1985.4,38.2,10.34,31.1,21.3,95.8,5.3,957.4,Weathered Granite,SAFE
7,11.4115,76.0912,777.1,37.0,52.09,70.7,20.3,81.0,24.9,961.8,Laterite,MODERATE_RISK
6,17.9391,73.5792,624.1,37.4,56.0,64.4,14.5,55.6,11.7,975.7,Colluvium,MODERATE_RISK
2,17.9716,73.5935,631.7,44.4,118.5,86.3,11.6,94.9,34.1,885.0,Colluvium,HIGH_RISK
7,26.8714,88.1732,1667.2,37.2,38.9,59.5,14.6,45.0,19.5,955.9,Colluvium,MODERATE_RISK
3,31.0974,77.1844,2268.5,55.1,153.9,78.2,21.5,46.7,17.9,919.3,Clay Loam,HIGH_RISK
3,11.5335,76.1139,970.8,42.4,168.3,93.1,21.5,72.8,26.9,942.9,Laterite,HIGH_RISK
8,30.5486,79.5565,1881.6,27.2,55.7,69.6,11.1,96.8,32.8,954.0,Weathered Granite,MODERATE_RISK
5,30.5497,79.5809,1843.9,33.1,52.6,66.2,15.5,45.6,15.4,953.1,Weathered Granite,MODERATE_RISK
10,26.1863,91.6993,457.4,32.7,14.0,42.9,13.5,97.6,30.7,961.5,Clay Loam,SAFE
10,11.5474,76.1233,964.2,37.2,16.45,20.4,23.2,65.8,32.1,880.5,Colluvium,SAFE
2,17.9496,73.5808,630.8,41.2,11.38,28.9,21.5,56.9,29.9,914.3,Colluvium,SAFE
7,10.1465,77.022,1651.7,38.6,16.17,43.0,11.2,52.0,25.7,896.3,Colluvium,SAFE
1,17.9738,73.5868,663.8,36.9,51.0,58.2,18.4,72.5,30.3,945.6,Colluvium,MODERATE_RISK
1,26.8841,88.1771,1727.1,39.0,151.5,84.8,16.5,67.1,7.0,1067.0,Laterite,HIGH_RISK
3,17.9563,73.5733,686.4,32.6,23.05,65.3,12.8,82.3,27.1,968.8,Colluvium,MODERATE_RISK
10,26.1855,91.6887,447.6,34.3,119.6,88.2,15.0,73.6,8.1,919.9,Clay Loam,HIGH_RISK
4,11.3695,76.7202,1890.8,37.2,50.7,71.2,28.0,54.4,34.5,993.3,Weathered Granite,MODERATE_RISK
7,11.3766,76.6976,1891.0,36.6,47.85,61.6,16.6,58.8,11.7,917.9,Weathered Granite,MODERATE_RISK
10,11.5382,76.1264,908.6,40.4,139.2,83.1,18.4,47.1,13.9,1004.7,Colluvium,HIGH_RISK
4,11.3921,76.1156,805.9,13.3,28.05,62.6,16.3,89.7,6.6,901.7,Clay Loam,SAFE
10,10.1574,77.0416,1794.8,44.1,153.62,76.9,14.3,97.2,23.5,883.9,Weathered Granite,HIGH_RISK
7,26.8832,88.1732,1741.9,36.9,12.9,39.4,25.2,45.9,27.0,977.3,Laterite,SAFE
5,26.1756,91.6931,435.8,27.8,4.35,36.2,17.7,84.9,21.6,1016.8,Clay Loam,SAFE
2,17.9422,73.6004,593.2,48.9,174.1,70.6,26.1,53.2,33.8,902.5,Colluvium,HIGH_RISK
6,17.9684,73.5753,617.3,49.5,139.21,80.5,14.3,80.5,10.6,883.0,Clay Loam,HIGH_RISK
9,32.2569,77.1907,2024.5,6.6,28.2,49.0,21.5,66.0,31.5,909.0,Laterite,SAFE
10,32.2429,77.202,2051.1,37.9,50.6,45.3,21.7,92.7,23.3,949.1,Colluvium,MODERATE_RISK
4,11.5366,76.1516,981.7,6.4,34.8,42.8,15.4,91.5,27.2,993.3,Colluvium,SAFE
7,11.5397,76.1191,1001.4,42.3,177.76,77.6,21.6,45.5,10.9,949.0,Weathered Granite,HIGH_RISK
6,17.9702,73.5832,655.1,13.2,20.9,26.3,20.5,87.8,26.0,1014.3,Clay Loam,SAFE
6,11.5348,76.1383,913.5,36.7,15.57,17.8,22.7,60.2,13.1,960.4,Colluvium,SAFE
9,17.9252,73.6516,1319.7,34.9,49.34,61.9,24.7,92.7,16.2,983.1,Weathered Granite,MODERATE_RISK
5,11.5174,76.1438,1043.2,45.4,11.06,45.8,25.8,61.0,16.5,967.4,Weathered Granite,SAFE
2,30.5663,79.5594,1915.4,48.4,150.48,83.3,23.4,46.3,16.3,942.2,Clay Loam,HIGH_RISK
8,11.5501,76.1122,936.9,37.9,30.6,56.0,19.4,95.6,22.6,881.3,Colluvium,MODERATE_RISK
6,26.8823,88.1911,1698.0,15.2,16.9,22.7,24.3,71.1,32.4,991.9,Residual Soil,SAFE
2,10.1479,77.0428,1766.4,55.3,136.51,87.3,28.2,95.7,29.1,935.6,Laterite,HIGH_RISK
6,10.1554,77.0314,1635.1,36.7,49.8,47.9,14.2,84.6,32.0,937.2,Colluvium,MODERATE_RISK
2,11.5235,76.1562,1042.1,16.6,41.1,58.2,21.1,61.2,23.0,960.8,Weathered Granite,SAFE
5,11.4036,76.7017,1918.9,33.6,57.0,67.5,31.3,97.9,34.8,992.7,Laterite,MODERATE_RISK
9,10.1482,77.0302,1798.9,12.8,19.3,63.7,26.1,51.2,8.7,951.7,Clay Loam,SAFE
10,31.0921,77.1911,2253.2,51.5,11.1,18.0,22.7,62.9,29.3,991.5,Clay Loam,SAFE
5,26.8937,88.1966,1693.8,9.5,16.4,47.9,22.9,48.1,34.2,979.1,Weathered Granite,SAFE
3,10.1584,77.0312,1742.8,36.1,49.4,64.9,22.7,87.1,27.7,911.3,Weathered Granite,MODERATE_RISK
2,11.5412,76.1379,937.8,38.5,105.38,86.9,22.4,86.5,18.4,951.9,Colluvium,HIGH_RISK
5,11.5488,76.1144,956.8,38.8,13.14,15.6,11.5,46.6,23.8,997.9,Colluvium,SAFE
10,30.5432,79.5485,1862.1,43.8,132.94,72.7,24.1,62.6,18.0,998.7,Weathered Granite,HIGH_RISK
4,11.3692,76.7001,1935.2,38.8,155.7,87.1,20.6,51.2,22.2,974.1,Laterite,HIGH_RISK
2,11.5727,76.121,983.4,37.8,51.3,61.7,21.6,60.3,13.8,963.7,Colluvium,MODERATE_RISK
6,11.5351,76.1358,1076.1,51.3,165.8,89.6,18.8,71.0,31.2,975.2,Weathered Granite,HIGH_RISK
4,11.3935,76.7053,1946.6,37.1,53.0,57.7,13.6,76.7,18.9,933.7,Weathered Granite,MODERATE_RISK
4,30.546,79.5606,1866.7,32.5,50.3,69.9,29.2,81.8,10.8,945.1,Weathered Granite,MODERATE_RISK
3,30.5366,79.5508,1837.0,41.3,13.53,46.1,23.9,95.4,18.1,1022.8,Weathered Granite,SAFE
4,12.4299,75.7304,1206.5,34.5,126.39,88.7,22.0,78.1,10.0,925.3,Laterite,HIGH_RISK
6,30.5519,79.5744,1862.6,10.9,46.4,60.8,24.0,57.3,23.8,945.7,Clay Loam,SAFE
6,11.5366,76.129,1037.2,29.0,49.72,68.2,14.6,88.2,22.5,952.3,Weathered Granite,MODERATE_RISK
4,26.1584,91.7134,401.4,31.9,7.87,33.9,17.9,66.0,27.3,940.8,Clay Loam,SAFE
10,12.4115,75.7222,1148.4,39.7,170.17,82.5,26.0,60.5,7.3,975.4,Weathered Granite,HIGH_RISK
6,11.394,76.1,751.4,42.0,132.5,73.9,19.4,86.8,22.0,925.3,Weathered Granite,HIGH_RISK
2,32.2245,77.1952,2043.0,42.8,11.6,11.9,19.8,54.0,11.5,895.4,Colluvium,SAFE
5,11.5454,76.1265,955.0,48.9,165.8,94.5,16.9,79.2,31.8,950.0,Weathered Granite,HIGH_RISK
9,11.4033,76.0991,774.3,38.1,12.54,26.6,23.7,86.4,19.3,892.0,Laterite,SAFE
6,10.1746,77.0094,1801.7,33.8,57.0,51.6,14.8,87.2,5.9,854.6,Clay Loam,MODERATE_RISK
5,11.3979,76.1238,796.0,38.4,177.38,75.6,20.0,78.9,26.7,992.1,Laterite,HIGH_RISK
3,9.6695,76.9064,807.3,5.3,50.0,20.0,22.0,48.8,26.1,980.0,Clay Loam,SAFE
9,11.342,76.8078,1861.8,34.6,55.2,66.9,14.6,95.0,9.8,940.4,Weathered Granite,MODERATE_RISK
7,17.9384,73.6007,652.4,34.1,43.18,57.1,19.9,97.1,31.9,917.9,Colluvium,MODERATE_RISK
7,11.5254,76.1397,965.2,49.7,103.5,79.2,20.2,74.4,11.7,945.7,Weathered Granite,HIGH_RISK
1,17.95,73.5692,614.5,47.1,134.09,74.5,16.3,74.4,10.1,933.1,Colluvium,HIGH_RISK
1,11.391,76.717,1859.6,16.2,39.4,43.4,19.0,90.6,9.7,930.8,Sandy Loam,SAFE
4,17.9224,73.6422,1321.0,44.6,172.2,83.4,15.8,94.9,12.5,873.8,Laterite,HIGH_RISK
5,11.3974,76.7226,1895.1,37.9,56.2,60.7,18.6,89.2,22.4,943.9,Weathered Granite,MODERATE_RISK
2,17.9413,73.6741,1375.6,40.1,14.8,41.8,19.7,72.9,25.4,939.0,Laterite,SAFE
8,17.9308,73.6492,1305.2,37.0,56.8,46.0,16.4,96.2,16.7,983.2,Laterite,MODERATE_RISK
6,11.5249,76.1137,980.7,43.2,17.6,40.4,20.5,57.1,19.7,971.7,Colluvium,SAFE
10,17.9673,73.5967,619.1,34.2,46.8,64.5,17.0,92.9,7.1,985.1,Weathered Granite,MODERATE_RISK
7,31.0852,77.1793,2188.9,47.8,9.1,19.1,22.4,96.2,22.1,992.3,Clay Loam,SAFE
1,11.3714,76.712,1930.3,33.7,23.9,62.8,21.6,85.8,17.4,963.5,Weathered Granite,MODERATE_RISK
7,11.3378,76.7888,1781.6,40.8,8.97,30.5,22.4,91.2,22.3,914.3,Weathered Granite,SAFE
8,11.5376,76.1471,1066.0,4.7,41.7,50.2,26.9,94.7,22.8,945.1,Clay Loam,SAFE
7,17.9398,73.6393,1317.1,39.4,171.99,92.4,17.8,90.5,20.2,915.4,Laterite,HIGH_RISK
8,32.2429,77.1876,2033.6,44.6,9.4,37.7,25.4,56.0,9.1,930.8,Colluvium,SAFE
2,31.094,77.1777,2208.8,53.1,143.99,72.4,26.0,77.6,24.3,930.6,Laterite,HIGH_RISK
9,31.0906,77.1763,2289.0,46.5,13.2,40.2,27.6,67.5,12.5,896.9,Clay Loam,SAFE
7,17.9644,73.5686,556.9,11.4,18.0,20.9,18.2,87.2,13.2,929.6,Clay Loam,SAFE
1,10.1742,77.0425,1758.8,45.9,10.01,23.9,19.4,58.5,15.7,937.9,Weathered Granite,SAFE
10,10.1777,77.0085,1741.5,35.5,51.87,59.1,21.6,93.9,18.5,964.1,Colluvium,MODERATE_RISK
10,10.1735,77.0111,1836.9,36.4,50.9,67.4,23.8,70.7,25.8,919.1,Weathered Granite,MODERATE_RISK
8,11.5367,76.1461,962.5,36.9,47.7,64.4,27.6,71.2,33.2,961.0,Colluvium,MODERATE_RISK
5,11.5424,76.1126,911.8,27.5,54.9,67.1,17.3,87.0,16.7,928.8,Weathered Granite,MODERATE_RISK
5,31.0856,77.1714,2244.5,35.7,37.7,66.1,25.1,96.6,18.9,973.2,Laterite,MODERATE_RISK
5,12.4328,75.73,1188.8,5.6,24.9,57.0,20.5,88.0,27.3,919.5,Clay Loam,SAFE
5,9.6752,76.9015,808.1,12.2,27.4,45.3,19.7,56.2,18.0,928.1,Laterite,SAFE
2,10.1745,77.0331,1755.2,46.2,181.34,83.0,16.4,84.6,23.1,981.9,Weathered Granite,HIGH_RISK
2,10.1716,77.0145,1799.0,44.3,11.22,43.0,11.0,71.3,16.7,926.4,Weathered Granite,SAFE
10,26.8789,88.1767,1709.6,34.3,11.6,19.6,19.6,87.3,18.8,972.0,Laterite,SAFE
8,9.7018,76.8971,849.7,12.7,40.15,45.0,24.2,78.0,34.7,906.5,Residual Soil,SAFE
9,26.8838,88.1725,1667.6,32.0,5.1,25.8,20.7,62.0,32.4,1010.0,Laterite,SAFE
1,30.5488,79.5557,1818.6,15.9,39.71,47.5,18.0,67.6,27.3,965.6,Laterite,SAFE
3,10.1474,77.0431,1756.1,46.0,175.07,77.1,22.2,90.7,34.0,915.1,Weathered Granite,HIGH_RISK
10,11.5089,76.1557,1069.5,47.3,139.0,77.8,21.3,77.4,14.5,975.7,Weathered Granite,HIGH_RISK
10,11.4024,76.1245,768.6,35.9,14.74,12.5,20.1,60.0,33.2,911.2,Laterite,SAFE
6,11.4211,76.0864,806.0,39.5,125.1,87.5,21.0,81.1,20.5,947.1,Laterite,HIGH_RISK
2,31.1012,77.1555,2284.1,16.9,31.7,53.0,24.9,86.0,25.2,1020.9,Residual Soil,SAFE
4,30.5696,79.5571,1913.7,25.1,54.9,67.7,18.7,46.7,32.7,979.1,Weathered Granite,MODERATE_RISK
8,10.1662,77.0057,1612.7,42.0,94.5,81.0,21.9,88.9,10.0,960.6,Colluvium,HIGH_RISK
3,11.3638,76.7935,1879.8,10.7,27.66,15.9,23.6,52.3,34.0,930.0,Residual Soil,SAFE
2,9.6853,76.913,854.1,45.9,135.08,70.2,26.9,89.2,16.5,946.6,Laterite,HIGH_RISK
5,26.1526,91.7098,468.9,30.0,5.5,27.2,18.5,77.7,16.8,888.3,Clay Loam,SAFE
8,11.3448,76.7812,1826.9,36.8,46.0,67.0,21.2,60.6,25.1,972.7,Weathered Granite,MODERATE_RISK
7,31.1015,77.1864,2307.4,48.8,11.8,24.0,21.1,58.3,20.1,890.2,Clay Loam,SAFE
6,17.939,73.6589,1355.5,14.0,39.99,24.3,20.3,91.4,28.1,936.8,Residual Soil,SAFE
5,31.108,77.1624,2254.1,48.4,9.0,44.3,20.7,67.1,23.7,925.8,Clay Loam,SAFE
3,11.5229,76.1162,969.1,36.2,42.46,45.7,15.7,93.3,19.8,957.1,Colluvium,MODERATE_RISK
9,10.1704,77.018,1822.6,55.3,93.5,70.0,23.4,47.2,19.0,1017.2,Laterite,HIGH_RISK
1,11.5519,76.1429,974.7,39.4,143.39,89.5,20.9,57.2,27.9,967.4,Weathered Granite,HIGH_RISK
4,17.9081,73.6711,1341.4,35.7,164.9,92.0,18.4,93.9,17.5,972.6,Laterite,HIGH_RISK
10,11.399,76.7021,1883.1,41.1,168.58,87.7,20.5,69.9,23.6,982.4,Weathered Granite,HIGH_RISK
3,10.1489,77.006,1780.1,46.9,175.9,81.3,15.4,95.5,31.0,899.7,Weathered Granite,HIGH_RISK
6,11.4198,76.0851,679.5,13.0,29.15,54.0,13.9,87.1,7.8,1000.5,Clay Loam,SAFE
2,32.2566,77.1968,2081.6,14.8,13.9,16.5,15.3,48.1,6.3,888.8,Clay Loam,SAFE
10,11.3717,76.8079,1851.4,4.1,15.7,43.3,25.7,66.7,7.2,936.2,Sandy Loam,SAFE
10,26.9081,88.1823,1672.6,35.9,4.95,26.1,18.9,96.6,5.6,984.6,Laterite,SAFE
5,31.1159,77.1841,2311.7,37.3,50.38,46.4,19.0,88.0,32.7,951.7,Clay Loam,MODERATE_RISK
5,11.3684,76.801,1814.6,37.3,11.7,25.3,22.3,81.5,32.4,984.9,Weathered Granite,SAFE
8,31.0915,77.1799,2323.6,6.1,28.4,41.4,24.6,86.2,26.7,940.7,Sandy Loam,SAFE
4,11.3695,76.6992,1931.7,37.4,45.6,70.0,15.2,97.2,19.0,971.5,Clay Loam,MODERATE_RISK
3,10.1448,77.0232,1796.5,32.0,54.2,71.2,19.7,90.5,16.3,934.0,Weathered Granite,MODERATE_RISK
10,26.8998,88.1939,1704.7,4.9,33.6,60.3,23.3,65.9,19.4,978.3,Clay Loam,SAFE
9,30.572,79.5531,1893.7,35.6,50.2,64.5,13.1,93.9,28.0,934.3,Weathered Granite,MODERATE_RISK
2,11.5706,76.1184,882.0,40.8,8.9,26.7,24.4,72.6,21.4,958.7,Colluvium,SAFE
3,11.558,76.1292,910.3,38.9,107.8,90.1,16.2,60.2,13.9,1023.5,Colluvium,HIGH_RISK
8,11.4055,76.0951,768.3,36.4,49.66,46.6,17.3,90.4,29.5,924.7,Laterite,MODERATE_RISK
8,10.179,77.0181,1743.9,55.1,124.5,90.7,20.1,79.2,22.4,929.0,Weathered Granite,HIGH_RISK
1,30.5412,79.5746,1867.6,39.1,151.47,77.1,25.5,59.8,5.2,1000.2,Weathered Granite,HIGH_RISK
1,11.5264,76.1263,964.2,8.8,40.15,36.4,20.0,94.1,11.7,990.4,Colluvium,SAFE
4,30.545,79.5774,1859.6,40.8,139.1,92.7,18.0,90.6,34.4,878.7,Weathered Granite,HIGH_RISK
1,10.1481,77.0206,1655.4,46.5,129.6,83.2,22.3,95.1,6.6,935.9,Colluvium,HIGH_RISK
8,11.5283,76.1604,1069.0,12.3,48.9,28.9,17.5,73.6,27.0,966.0,Colluvium,SAFE
8,30.5441,79.5825,1957.8,40.7,110.77,86.5,22.5,76.4,10.0,933.7,Weathered Granite,HIGH_RISK
9,11.3759,76.7303,1931.8,47.6,170.2,72.4,15.0,77.6,12.3,982.6,Weathered Granite,HIGH_RISK
3,10.1614,77.0326,1770.2,8.5,17.71,15.3,12.8,92.4,32.2,906.2,Sandy Loam,SAFE
4,11.3833,76.7011,1882.7,14.9,5.8,27.0,14.3,75.6,15.8,976.1,Sandy Loam,SAFE
9,17.9576,73.6009,626.5,51.0,9.24,27.1,15.0,55.7,7.1,884.8,Colluvium,SAFE
7,11.3997,76.7075,1895.4,44.0,11.6,22.2,21.8,75.1,13.8,964.6,Weathered Granite,SAFE
8,10.1626,77.017,1803.4,46.2,172.2,91.7,18.1,69.8,7.0,949.3,Weathered Granite,HIGH_RISK
4,26.1574,91.6819,413.7,32.2,14.1,13.3,18.2,64.8,25.8,969.5,Clay Loam,SAFE
1,30.5626,79.5572,1850.2,40.2,163.4,79.6,16.1,83.0,29.6,933.6,Weathered Granite,HIGH_RISK
1,12.4293,75.728,1179.7,35.6,37.02,49.8,23.3,88.2,28.1,917.9,Weathered Granite,MODERATE_RISK
5,10.1484,77.0408,1744.6,37.3,35.1,45.8,25.1,94.5,27.0,952.6,Weathered Granite,MODERATE_RISK
10,11.3377,76.8135,1884.5,37.4,106.2,94.2,16.0,84.0,13.4,992.8,Weathered Granite,HIGH_RISK
8,11.5173,76.141,1044.7,48.7,100.32,81.3,22.6,86.6,15.4,962.6,Weathered Granite,HIGH_RISK
9,11.5686,76.1361,884.2,34.7,126.5,84.4,21.3,57.4,5.5,890.0,Colluvium,HIGH_RISK
6,11.3914,76.7248,1919.4,44.7,178.3,85.6,13.7,96.5,34.3,915.1,Weathered Granite,HIGH_RISK
6,10.1714,77.0292,1782.5,50.6,119.68,72.0,18.2,90.7,18.5,954.0,Weathered Granite,HIGH_RISK
8,10.1779,77.0397,1769.4,31.0,47.85,59.0,15.6,95.0,29.1,940.2,Weathered Granite,MODERATE_RISK
9,17.9432,73.6735,1373.2,39.5,7.81,19.8,22.6,88.6,27.3,938.5,Laterite,SAFE
7,11.3382,76.7764,1867.7,44.1,140.75,91.2,18.7,49.9,13.8,997.5,Clay Loam,HIGH_RISK
4,17.9247,73.6545,1353.1,8.3,46.3,40.7,18.1,65.4,18.0,875.0,Residual Soil,SAFE
1,10.1707,77.0289,1745.7,50.2,99.2,89.5,18.8,51.7,10.3,978.1,Weathered Granite,HIGH_RISK
1,32.2248,77.2035,2046.4,43.0,179.4,74.4,18.7,82.9,30.7,924.7,Colluvium,HIGH_RISK
7,11.3716,76.7273,1920.2,41.6,12.0,25.9,15.2,45.7,21.8,939.8,Weathered Granite,SAFE
5,10.1609,76.9971,1613.4,36.9,29.87,59.0,16.0,95.7,19.0,943.1,Colluvium,MODERATE_RISK
7,11.3645,76.7976,1866.5,38.0,164.18,81.5,21.5,92.4,30.6,902.1,Weathered Granite,HIGH_RISK
7,10.1592,77.0299,1647.5,47.2,145.31,73.1,16.4,73.1,31.6,1022.6,Colluvium,HIGH_RISK
7,9.6812,76.9329,816.5,46.6,185.96,86.4,14.9,87.3,17.8,967.9,Laterite,HIGH_RISK
1,11.52,76.1185,973.8,43.4,119.79,85.7,17.7,52.1,24.8,887.9,Colluvium,HIGH_RISK
3,11.5666,76.1248,926.5,39.8,152.3,82.2,22.8,46.9,9.0,909.3,Colluvium,HIGH_RISK
4,11.503,76.1274,1037.0,39.4,11.22,43.6,16.0,68.1,20.6,967.7,Weathered Granite,SAFE
6,17.9601,73.6001,672.2,47.5,14.6,33.2,19.4,75.0,11.1,938.3,Colluvium,SAFE
5,30.5665,79.5749,1850.4,38.8,15.1,43.8,23.1,53.1,24.6,1013.6,Weathered Granite,SAFE
7,32.2535,77.1835,2030.7,4.6,33.94,46.7,23.3,68.0,14.9,920.1,Weathered Granite,SAFE
6,11.3796,76.7259,1965.7,32.1,56.0,65.0,15.2,87.3,14.1,928.7,Colluvium,MODERATE_RISK
7,11.5358,76.1589,1040.3,49.0,13.14,31.3,21.7,68.3,10.2,948.0,Weathered Granite,SAFE
4,11.5278,76.1304,1036.0,34.5,43.34,70.6,26.0,93.1,21.1,926.5,Colluvium,MODERATE_RISK
6,11.3603,76.7834,1832.9,34.9,51.92,63.1,18.3,89.7,28.3,912.9,Weathered Granite,MODERATE_RISK
5,17.934,73.5883,613.2,50.4,138.11,95.0,22.0,93.4,26.9,926.9,Colluvium,HIGH_RISK
10,11.3637,76.7771,1874.0,30.4,49.4,63.1,25.1,91.9,14.1,959.5,Clay Loam,MODERATE_RISK
10,32.2465,77.1709,2022.8,46.7,15.8,23.8,18.3,52.6,10.0,1024.2,Colluvium,SAFE
3,11.3738,76.7219,1867.3,30.2,54.9,51.0,25.6,85.3,15.2,933.5,Weathered Granite,MODERATE_RISK
4,9.697,76.9291,808.3,43.2,13.37,24.8,14.4,78.7,33.8,989.9,Laterite,SAFE
1,11.3936,76.0954,799.1,14.3,47.8,51.6,24.4,75.2,16.2,904.9,Residual Soil,SAFE
3,30.5542,79.5678,1840.4,43.1,167.5,85.0,19.4,54.7,16.8,944.1,Weathered Granite,HIGH_RISK
2,17.9609,73.5937,595.2,52.2,155.3,95.8,17.1,83.6,19.7,922.6,Colluvium,HIGH_RISK
1,11.4007,76.1227,773.7,15.4,23.93,23.6,11.5,56.3,13.0,932.6,Weathered Granite,SAFE
7,10.1727,77.0109,1783.2,43.7,13.75,24.6,21.5,76.6,5.4,938.1,Weathered Granite,SAFE
7,11.3608,76.803,1870.5,36.0,41.3,67.6,23.2,65.3,28.1,977.3,Weathered Granite,MODERATE_RISK
10,17.9067,73.6426,1430.6,43.3,168.3,73.0,14.2,91.4,9.0,938.9,Laterite,HIGH_RISK
4,30.5475,79.5601,1876.8,35.8,57.5,52.0,21.9,49.1,16.5,1010.6,Laterite,MODERATE_RISK
10,11.524,76.1433,1012.1,34.7,52.9,64.5,14.4,64.2,29.5,989.3,Colluvium,MODERATE_RISK
8,17.9503,73.5932,611.3,5.0,46.3,64.6,21.2,76.4,7.9,1046.9,Weathered Granite,SAFE
1,26.8993,88.1765,1703.4,8.5,49.9,28.8,22.7,95.9,17.6,930.1,Colluvium,SAFE
7,12.4063,75.7425,1166.7,38.9,130.79,79.0,14.4,53.6,15.6,925.3,Weathered Granite,HIGH_RISK
6,11.3752,76.697,1986.9,32.8,44.0,69.8,16.5,80.7,9.7,966.6,Weathered Granite,MODERATE_RISK
8,10.133,77.0144,1633.2,44.7,168.6,78.5,29.3,58.4,19.6,945.1,Laterite,HIGH_RISK
2,11.5299,76.1616,1048.7,53.3,149.82,86.5,14.7,50.2,8.4,940.3,Weathered Granite,HIGH_RISK
2,11.3452,76.8104,1877.5,36.5,5.6,29.9,24.8,87.3,12.7,919.8,Weathered Granite,SAFE
5,11.3897,76.7184,1922.0,45.9,143.4,75.2,16.2,73.4,8.0,882.5,Weathered Granite,HIGH_RISK
7,12.4216,75.7326,1131.9,33.0,8.7,36.9,10.2,49.9,7.8,928.6,Residual Soil,SAFE
8,31.0866,77.154,2265.4,50.1,161.76,95.9,18.5,97.2,27.6,946.2,Clay Loam,HIGH_RISK
1,9.6904,76.9097,809.5,8.3,37.2,38.7,22.7,52.3,10.1,947.0,Sandy Loam,SAFE
9,17.9248,73.6567,1301.3,32.0,12.43,36.9,21.2,81.9,13.9,906.2,Laterite,SAFE
4,11.5283,76.1228,970.7,14.6,43.23,15.5,20.3,88.7,6.0,945.8,Residual Soil,SAFE
5,10.1454,77.0314,1628.1,28.8,57.9,52.7,16.8,87.1,30.0,910.6,Colluvium,MODERATE_RISK
7,9.6677,76.9114,841.1,35.6,42.7,46.6,23.8,91.7,12.0,927.5,Colluvium,MODERATE_RISK
3,26.9041,88.2015,1745.9,33.3,14.3,47.6,21.8,72.2,13.6,961.9,Laterite,SAFE
10,17.9456,73.6628,1406.6,35.6,44.61,66.0,20.6,61.4,30.1,994.6,Laterite,MODERATE_RISK
7,32.2624,77.2058,2022.7,37.0,52.4,50.7,16.5,90.6,19.7,967.4,Colluvium,MODERATE_RISK
7,11.5193,76.1392,943.0,31.0,53.0,64.6,18.1,56.0,21.5,911.3,Colluvium,MODERATE_RISK
9,26.1491,91.6868,468.9,31.6,13.7,30.8,13.5,76.6,28.3,1082.0,Clay Loam,SAFE
7,11.3684,76.7891,1860.0,33.9,10.1,41.2,23.9,45.7,11.8,1035.3,Weathered Granite,SAFE
9,26.8725,88.1709,1706.3,35.9,3.8,36.6,22.8,65.5,14.7,917.0,Laterite,SAFE
9,17.9082,73.6489,1349.8,33.4,56.1,71.9,18.6,51.4,5.5,954.9,Colluvium,MODERATE_RISK
4,10.1605,77.0132,1587.3,6.0,43.7,63.6,18.5,76.1,13.0,958.5,Colluvium,SAFE
6,10.1616,77.0441,1818.5,12.3,11.22,52.4,20.3,80.2,8.2,990.6,Laterite,SAFE
4,11.5031,76.1351,1030.5,45.0,12.38,11.0,21.7,78.2,17.5,946.9,Weathered Granite,SAFE
8,10.174,77.0132,1747.4,51.2,154.0,82.6,20.2,64.2,6.0,953.7,Weathered Granite,HIGH_RISK
9,32.23,77.1701,2015.8,47.7,8.97,47.2,23.4,47.3,17.9,934.6,Colluvium,SAFE
5,11.5604,76.1441,898.6,34.8,17.3,16.9,18.9,91.9,31.3,947.1,Colluvium,SAFE
9,11.5505,76.1261,997.8,49.6,178.1,87.1,12.7,61.5,8.7,1069.7,Colluvium,HIGH_RISK
3,11.3385,76.7872,1830.4,40.7,17.2,11.3,24.1,65.3,28.7,943.8,Weathered Granite,SAFE
9,11.5545,76.1177,936.3,33.0,7.04,39.2,21.0,60.3,22.4,913.8,Colluvium,SAFE
1,12.4199,75.7358,1166.6,37.5,52.09,64.6,14.1,97.4,10.3,919.7,Laterite,MODERATE_RISK
7,11.4031,76.6933,1893.3,46.9,120.0,92.0,12.2,84.1,30.7,959.6,Weathered Granite,HIGH_RISK
8,17.9306,73.6618,1361.3,39.6,145.6,77.8,22.6,80.8,20.6,955.0,Laterite,HIGH_RISK
7,11.3575,76.7855,1844.7,37.0,7.1,40.9,19.6,46.9,24.3,886.1,Weathered Granite,SAFE
6,11.5221,76.1511,984.3,40.8,159.56,80.9,23.0,73.5,16.1,939.4,Colluvium,HIGH_RISK
4,9.6981,76.9157,774.8,34.2,52.4,50.3,19.2,94.5,21.7,960.2,Laterite,MODERATE_RISK
9,11.3422,76.813,1861.9,45.5,175.84,84.1,24.4,82.1,21.7,1011.0,Laterite,HIGH_RISK
1,17.9684,73.5928,573.8,50.8,78.5,92.3,21.2,76.9,24.9,878.2,Laterite,HIGH_RISK
9,11.3773,76.7312,1932.8,38.6,152.8,82.9,19.9,67.8,17.8,923.5,Weathered Granite,HIGH_RISK
9,11.4203,76.1006,820.2,6.6,26.73,40.4,22.6,62.0,26.8,919.2,Weathered Granite,SAFE
4,9.6901,76.9084,876.3,37.2,41.9,53.5,24.0,81.6,24.7,979.6,Laterite,MODERATE_RISK
7,17.9369,73.5649,582.4,37.4,48.0,47.6,24.5,96.9,8.7,934.8,Colluvium,MODERATE_RISK
5,10.1788,77.0145,1757.9,51.3,166.1,81.2,19.2,94.3,29.3,923.4,Weathered Granite,HIGH_RISK
2,10.137,77.0325,1615.0,35.7,36.58,62.0,18.7,80.9,18.1,948.9,Colluvium,MODERATE_RISK
7,10.1683,77.0125,1655.0,41.8,185.68,87.1,18.3,53.1,28.2,925.6,Laterite,HIGH_RISK
7,26.1629,91.715,474.9,29.8,15.79,27.6,20.8,46.3,27.9,896.1,Clay Loam,SAFE
10,11.5467,76.1385,936.0,35.5,50.3,66.1,17.3,66.9,9.8,901.7,Colluvium,MODERATE_RISK
8,31.1171,77.1904,2259.0,37.2,34.5,56.8,24.4,50.8,9.5,966.8,Weathered Granite,MODERATE_RISK
4,26.1748,91.7168,442.9,8.3,34.3,15.7,21.7,79.9,9.4,998.5,Clay Loam,SAFE
4,10.1649,77.0261,1795.2,37.0,55.1,59.3,14.6,52.5,18.3,969.4,Weathered Granite,MODERATE_RISK
10,32.2315,77.1792,2052.3,33.8,57.8,69.9,14.6,46.6,10.3,947.3,Colluvium,MODERATE_RISK
4,9.7011,76.9185,830.2,44.2,164.2,89.7,6.4,62.8,13.5,953.7,Laterite,HIGH_RISK
3,11.5305,76.1538,1085.5,45.7,16.06,30.9,21.7,46.8,27.7,950.8,Weathered Granite,SAFE
8,11.5351,76.1475,1071.1,47.8,166.65,91.7,20.5,94.4,20.2,962.8,Weathered Granite,HIGH_RISK
4,31.101,77.1864,2282.1,48.0,154.3,71.3,24.9,91.3,9.7,1011.8,Clay Loam,HIGH_RISK
10,10.1638,77.0323,1822.4,52.5,121.39,93.6,20.4,48.1,22.6,940.0,Weathered Granite,HIGH_RISK
1,26.8748,88.1759,1734.1,31.4,5.4,14.0,13.0,46.1,7.9,995.6,Laterite,SAFE
2,31.0893,77.1862,2258.0,34.6,50.27,55.6,19.9,81.3,9.7,983.2,Clay Loam,MODERATE_RISK
6,26.8781,88.1896,1692.0,15.1,17.16,36.8,16.4,78.1,13.7,929.2,Colluvium,SAFE
5,9.6921,76.9321,825.3,45.6,90.2,82.5,22.1,88.0,22.6,977.8,Laterite,HIGH_RISK
10,9.6709,76.9167,828.3,36.8,52.1,71.3,18.2,93.9,9.1,973.8,Clay Loam,MODERATE_RISK
8,10.1533,77.0253,1632.6,39.7,9.41,40.9,18.7,60.0,7.4,887.8,Colluvium,SAFE
5,30.5452,79.5553,1884.9,35.2,52.2,71.6,14.9,45.6,26.5,874.9,Weathered Granite,MODERATE_RISK
7,11.5197,76.1468,1043.5,46.4,129.03,87.3,13.7,92.0,28.1,936.5,Weathered Granite,HIGH_RISK
8,9.6812,76.9054,864.7,38.5,171.88,92.6,22.1,66.7,30.6,1004.1,Laterite,HIGH_RISK
3,9.6809,76.9296,810.9,6.3,18.5,55.2,24.3,97.7,30.5,1006.0,Weathered Granite,SAFE
2,11.3687,76.8104,1840.4,36.5,10.62,14.4,27.5,72.1,9.1,907.5,Weathered Granite,SAFE
6,11.3644,76.7943,1866.2,38.6,15.2,27.8,10.6,80.8,26.8,988.1,Weathered Granite,SAFE
10,11.3751,76.7094,1920.2,40.9,118.97,91.7,19.4,69.7,34.9,964.5,Weathered Granite,HIGH_RISK
3,26.8778,88.1765,1639.1,36.8,38.5,67.4,22.4,75.9,30.7,938.3,Laterite,MODERATE_RISK
6,32.2352,77.1695,2069.5,32.4,55.3,49.1,18.6,81.7,5.2,943.8,Colluvium,MODERATE_RISK
8,26.1695,91.7027,467.1,39.2,12.8,10.7,17.7,78.2,13.4,960.1,Clay Loam,SAFE
4,26.8879,88.1821,1721.7,37.8,51.04,60.9,16.6,65.0,12.4,899.3,Colluvium,MODERATE_RISK
7,30.537,79.5775,1909.0,41.1,115.45,76.7,20.0,91.5,20.8,989.0,Colluvium,HIGH_RISK
5,26.1674,91.6871,455.2,9.2,48.5,16.4,19.3,71.8,28.0,927.3,Clay Loam,SAFE
7,11.4048,76.7229,1895.1,15.8,41.09,62.7,25.4,73.9,24.6,1009.5,Clay Loam,SAFE
3,11.519,76.1479,955.2,44.4,130.46,93.2,21.8,84.0,27.3,937.4,Laterite,HIGH_RISK
4,32.2354,77.1985,2079.7,37.5,38.7,67.5,17.5,56.4,7.1,918.8,Colluvium,MODERATE_RISK
8,9.6863,76.8972,793.4,37.9,141.13,93.7,21.5,67.0,10.3,863.9,Laterite,HIGH_RISK
5,11.5181,76.1501,1013.2,17.1,33.8,52.6,22.2,94.0,34.9,899.9,Colluvium,SAFE
10,10.1347,77.0037,1654.7,49.4,163.57,89.0,22.3,85.2,19.7,929.4,Colluvium,HIGH_RISK
5,11.3717,76.7189,1887.5,44.9,116.4,88.3,16.1,76.3,12.4,998.5,Weathered Granite,HIGH_RISK
1,11.3981,76.122,786.4,41.7,119.3,92.8,20.5,85.1,23.9,904.1,Laterite,HIGH_RISK
4,32.2337,77.1762,2029.8,42.5,5.6,14.8,23.7,58.0,34.8,917.9,Colluvium,SAFE
2,11.5353,76.137,993.7,42.9,83.1,95.3,28.5,83.8,29.0,953.0,Colluvium,HIGH_RISK
9,32.2342,77.1832,2060.6,17.8,18.0,44.2,17.3,45.6,8.1,952.1,Sandy Loam,SAFE
7,30.5598,79.5689,1851.4,40.4,133.3,78.2,20.8,94.1,33.4,923.6,Weathered Granite,HIGH_RISK
2,11.3474,76.7952,1839.7,10.4,24.0,30.2,25.2,85.9,28.0,958.4,Colluvium,SAFE
4,10.1774,77.0391,1822.0,45.4,158.6,89.4,23.0,48.0,18.1,1000.1,Weathered Granite,HIGH_RISK
10,17.9112,73.6602,1333.5,16.4,33.66,48.9,21.9,56.9,25.9,919.4,Colluvium,SAFE
9,11.3469,76.8126,1830.1,41.7,158.24,92.2,18.5,78.0,15.4,924.4,Weathered Granite,HIGH_RISK
1,17.9139,73.6402,1348.8,36.3,43.6,63.9,26.1,97.3,7.7,982.1,Laterite,MODERATE_RISK
9,26.8844,88.1832,1732.6,32.9,16.9,35.4,18.4,76.9,23.8,931.8,Laterite,SAFE
8,11.3528,76.8024,1810.1,41.3,158.24,83.1,27.9,89.6,18.3,962.6,Clay Loam,HIGH_RISK
7,11.3998,76.7294,1894.8,40.0,11.77,32.2,18.4,57.6,28.3,948.7,Weathered Granite,SAFE
2,11.5443,76.1272,995.8,49.5,88.1,82.2,22.1,53.9,30.5,979.2,Colluvium,HIGH_RISK
6,26.1618,91.7084,433.5,31.4,48.2,66.3,23.8,88.3,14.6,886.1,Weathered Granite,MODERATE_RISK
10,26.1658,91.6841,468.5,25.8,13.2,14.6,22.3,70.4,33.9,928.9,Clay Loam,SAFE
9,11.4308,76.0869,807.4,15.3,41.25,46.8,27.1,78.9,24.3,921.6,Sandy Loam,SAFE
7,11.3913,76.7266,1918.7,37.3,39.3,70.9,19.5,80.5,19.1,962.6,Weathered Granite,MODERATE_RISK
9,10.1471,77.0316,1679.0,51.3,160.66,70.4,17.3,83.7,31.1,954.7,Clay Loam,HIGH_RISK
5,32.2505,77.1945,2015.9,39.7,13.37,36.8,17.7,54.6,20.3,893.9,Colluvium,SAFE
3,30.544,79.5483,1896.9,11.1,41.14,56.5,22.2,96.3,31.7,978.6,Clay Loam,SAFE
5,10.1459,77.0309,1706.5,31.9,50.55,71.1,29.9,96.0,15.3,925.8,Colluvium,MODERATE_RISK
5,11.5439,76.1256,978.8,42.6,7.87,15.4,20.4,69.7,28.6,985.7,Colluvium,SAFE
10,31.0857,77.1747,2254.5,46.0,14.3,10.8,23.0,82.5,26.6,895.3,Clay Loam,SAFE
10,11.5462,76.1492,1001.3,41.1,15.4,15.1,24.0,89.9,20.4,1053.6,Colluvium,SAFE
4,26.1718,91.7082,414.0,28.3,16.06,23.3,21.4,65.5,7.3,1041.8,Clay Loam,SAFE
5,17.9431,73.5992,659.4,31.1,55.8,68.7,20.1,95.0,12.1,961.0,Colluvium,MODERATE_RISK
2,11.3926,76.7288,1904.8,35.0,50.82,57.2,19.0,91.4,19.4,911.3,Weathered Granite,MODERATE_RISK
8,32.2508,77.1756,2070.3,41.2,178.0,77.5,21.5,85.0,15.3,911.9,Colluvium,HIGH_RISK
3,11.5428,76.1446,907.3,36.9,15.1,11.2,21.2,56.2,23.6,955.6,Colluvium,SAFE
6,32.2467,77.1907,2080.3,44.6,170.6,84.0,20.3,80.5,19.7,968.8,Colluvium,HIGH_RISK
1,11.4238,76.1164,760.7,36.2,16.6,35.1,16.3,95.0,14.7,913.2,Laterite,SAFE
4,11.5345,76.1358,963.2,36.3,42.6,63.3,12.8,73.0,13.2,922.7,Colluvium,MODERATE_RISK
2,11.4046,76.7265,1881.8,9.9,23.2,39.3,20.2,74.5,11.8,972.6,Residual Soil,SAFE
1,10.1636,77.0262,1752.2,49.4,80.3,85.0,25.2,51.9,24.6,1005.9,Weathered Granite,HIGH_RISK
3,11.3849,76.7241,1884.6,41.4,10.0,42.3,22.3,77.3,17.1,943.5,Weathered Granite,SAFE
7,17.9582,73.5639,731.8,41.4,11.72,37.4,23.1,89.4,32.4,954.3,Colluvium,SAFE
8,11.5142,76.1291,977.9,40.4,12.6,23.8,23.1,79.0,14.3,947.8,Colluvium,SAFE
7,11.5401,76.1222,938.2,45.9,105.49,83.6,24.8,71.8,30.6,1001.4,Colluvium,HIGH_RISK
4,9.67,76.9174,818.4,33.4,43.18,58.7,23.9,95.1,6.2,954.6,Laterite,MODERATE_RISK
9,9.6714,76.9334,836.1,34.2,53.9,47.6,23.2,95.5,23.9,884.3,Colluvium,MODERATE_RISK
7,9.6891,76.911,784.7,32.8,50.82,72.0,11.1,94.6,29.3,897.4,Laterite,MODERATE_RISK
8,10.1571,77.0151,1648.9,48.0,147.6,81.7,13.8,58.1,11.1,919.1,Colluvium,HIGH_RISK
1,11.4013,76.6992,1857.9,10.6,45.7,37.8,18.3,60.6,27.8,890.0,Laterite,SAFE
4,30.5512,79.5507,1900.8,43.0,179.41,89.5,21.9,75.6,35.0,910.4,Weathered Granite,HIGH_RISK
9,9.6911,76.8999,781.0,45.3,162.69,70.8,17.1,80.1,23.7,917.0,Clay Loam,HIGH_RISK
6,10.1482,77.0283,1623.9,43.1,184.91,85.4,30.4,62.2,21.2,1025.0,Clay Loam,HIGH_RISK
6,11.5584,76.1192,874.7,30.1,54.5,64.0,14.1,82.9,34.1,948.6,Colluvium,MODERATE_RISK
3,17.9676,73.5701,592.4,16.4,49.8,15.6,26.2,95.0,7.5,972.4,Colluvium,SAFE
1,26.1498,91.7016,419.2,33.6,56.4,55.2,22.5,85.0,5.1,912.6,Clay Loam,MODERATE_RISK
4,30.5513,79.563,1845.3,35.3,48.3,69.9,20.8,80.9,16.0,838.7,Weathered Granite,MODERATE_RISK
5,11.5133,76.1445,1029.0,17.9,29.5,42.9,28.8,95.8,27.4,933.8,Residual Soil,SAFE
2,11.4027,76.6928,1917.3,36.4,50.4,64.5,21.6,72.0,13.1,921.6,Laterite,MODERATE_RISK
6,11.3639,76.8111,1870.8,35.8,132.1,89.8,18.5,49.9,29.7,927.7,Colluvium,HIGH_RISK
5,26.903,88.1655,1707.4,6.7,43.7,22.5,15.5,84.2,7.3,932.7,Laterite,SAFE
1,17.967,73.5647,654.2,49.0,104.89,84.7,21.3,72.8,16.5,959.7,Colluvium,HIGH_RISK
3,30.5425,79.5797,1830.5,49.1,120.6,75.4,23.3,97.2,17.2,980.8,Weathered Granite,HIGH_RISK
8,31.096,77.1886,2305.5,52.1,159.2,95.4,22.7,61.1,18.0,983.8,Clay Loam,HIGH_RISK
4,26.878,88.1823,1697.5,39.7,133.1,85.9,24.9,90.8,27.5,1020.6,Laterite,HIGH_RISK
7,26.9027,88.1772,1719.4,37.2,33.5,71.3,18.5,75.4,28.4,956.7,Weathered Granite,MODERATE_RISK
5,31.1212,77.165,2303.0,47.2,161.87,88.3,17.5,45.2,9.5,908.6,Clay Loam,HIGH_RISK
10,10.1434,77.0233,1751.7,45.4,154.5,75.8,21.9,71.1,17.7,949.7,Weathered Granite,HIGH_RISK
1,10.1351,77.0329,1647.2,35.4,51.7,71.9,16.4,89.1,27.8,929.5,Weathered Granite,MODERATE_RISK
1,31.1079,77.1713,2308.3,45.7,15.95,13.4,24.0,48.4,31.6,941.0,Clay Loam,SAFE
1,31.1158,77.1534,2228.2,43.4,11.72,32.4,20.1,91.4,9.6,901.5,Clay Loam,SAFE
1,17.9277,73.6607,1404.3,36.4,10.1,33.2,21.5,58.2,31.7,975.2,Laterite,SAFE
4,11.5596,76.1105,941.7,6.3,31.2,24.9,13.3,71.1,11.7,978.9,Colluvium,SAFE
6,31.1173,77.1546,2280.2,37.3,52.6,63.6,18.1,80.8,16.2,931.1,Clay Loam,MODERATE_RISK
3,11.5362,76.1619,1058.7,43.3,158.12,73.7,23.7,50.1,10.6,895.0,Weathered Granite,HIGH_RISK
3,11.5369,76.1305,975.3,10.9,40.9,33.9,22.5,66.4,24.5,858.8,Colluvium,SAFE
8,30.5628,79.5699,1896.3,35.1,56.0,65.0,19.3,69.5,31.0,949.1,Weathered Granite,MODERATE_RISK
7,26.1517,91.695,437.5,36.2,45.05,70.7,20.1,85.1,32.6,973.8,Clay Loam,MODERATE_RISK
7,11.3937,76.6948,1913.7,30.1,54.6,66.3,20.2,80.5,19.0,915.5,Weathered Granite,MODERATE_RISK
5,10.1591,77.0347,1726.3,49.5,167.3,93.4,16.0,48.8,33.0,984.5,Weathered Granite,HIGH_RISK
7,31.1084,77.1561,2264.9,47.0,151.1,75.5,25.1,64.9,19.2,966.4,Clay Loam,HIGH_RISK
2,11.5525,76.116,930.8,37.5,177.59,93.3,13.4,84.4,29.4,940.0,Colluvium,HIGH_RISK
2,11.5361,76.1318,1005.3,42.2,139.04,73.9,23.4,95.6,14.9,937.2,Weathered Granite,HIGH_RISK
7,11.3558,76.7849,1835.7,5.5,33.33,44.2,17.5,84.7,22.4,1002.2,Residual Soil,SAFE
8,11.3382,76.8089,1775.6,36.8,42.9,64.9,16.7,75.4,12.2,913.4,Laterite,MODERATE_RISK
7,10.1721,77.0143,1726.8,47.4,152.3,95.3,18.8,59.1,18.7,956.2,Weathered Granite,HIGH_RISK
9,11.5182,76.146,986.9,43.2,128.53,94.5,21.5,62.3,26.9,968.1,Colluvium,HIGH_RISK
4,17.9549,73.5628,617.2,43.9,8.9,24.4,27.1,69.3,10.9,905.7,Colluvium,SAFE
7,11.513,76.1247,970.7,48.9,14.36,19.0,21.8,52.3,22.3,937.2,Colluvium,SAFE
7,10.143,77.0027,1613.0,43.3,15.7,41.8,27.4,77.5,27.9,1036.0,Colluvium,SAFE
5,10.1438,77.0217,1781.8,35.8,48.2,64.3,23.6,79.3,21.5,1003.9,Weathered Granite,MODERATE_RISK
6,11.343,76.8074,1834.0,38.5,184.69,94.5,22.9,50.0,18.7,962.0,Weathered Granite,HIGH_RISK
7,26.1612,91.6819,448.4,27.5,15.79,27.7,17.8,90.7,15.7,889.7,Clay Loam,SAFE
6,11.5575,76.133,907.2,38.1,10.7,13.1,13.5,83.2,11.8,876.3,Colluvium,SAFE
3,10.1671,77.0294,1643.5,36.0,44.94,64.5,19.4,51.2,14.9,932.3,Colluvium,MODERATE_RISK
7,11.4041,76.1197,713.5,32.3,5.56,24.7,21.9,59.1,22.7,931.8,Laterite,SAFE
6,11.555,76.1319,873.1,40.1,9.9,14.1,20.4,49.0,11.5,958.9,Colluvium,SAFE
5,17.9728,73.5699,621.6,12.5,27.2,37.2,22.5,80.6,8.0,1003.2,Laterite,SAFE
5,10.1701,77.0349,1784.5,32.9,56.9,66.1,18.9,67.5,24.5,995.3,Weathered Granite,MODERATE_RISK
10,32.231,77.197,2062.3,43.3,10.6,36.4,19.1,60.8,21.7,935.9,Colluvium,SAFE
5,10.1311,77.0176,1616.6,7.5,35.7,29.5,23.0,97.3,34.2,989.5,Sandy Loam,SAFE
7,32.2403,77.1724,2098.0,42.1,175.07,73.8,19.3,85.1,8.3,962.9,Colluvium,HIGH_RISK
10,11.3882,76.7155,1920.9,35.2,26.8,67.1,21.4,81.3,16.5,925.7,Weathered Granite,MODERATE_RISK
8,10.1784,77.0084,1774.8,36.4,42.74,46.6,19.2,88.7,27.0,959.7,Weathered Granite,MODERATE_RISK
1,9.6866,76.9212,859.2,33.3,38.45,62.0,22.3,87.7,22.4,957.7,Weathered Granite,MODERATE_RISK
9,11.3777,76.7244,1933.7,35.4,54.6,56.0,15.2,97.0,27.7,947.2,Weathered Granite,MODERATE_RISK
9,11.3944,76.1239,834.7,5.7,36.03,32.6,21.7,54.9,24.6,934.6,Sandy Loam,SAFE
3,11.5174,76.1435,1031.5,46.8,97.63,79.8,12.8,64.7,13.6,990.6,Weathered Granite,HIGH_RISK
7,17.9452,73.5868,617.7,28.5,49.7,71.3,19.8,97.0,20.2,893.1,Colluvium,MODERATE_RISK
6,11.4138,76.1221,758.3,41.5,167.81,75.1,12.6,84.2,26.1,919.7,Laterite,HIGH_RISK
7,9.6683,76.9148,832.1,8.5,49.3,32.6,15.6,96.9,12.7,951.9,Weathered Granite,SAFE
6,32.25,77.2082,2002.4,31.1,34.0,63.4,18.2,80.6,5.1,942.1,Colluvium,MODERATE_RISK
7,11.5253,76.1183,976.3,39.7,177.5,90.7,21.7,68.1,8.4,936.5,Colluvium,HIGH_RISK
1,10.1542,77.0425,1800.6,46.6,155.98,74.0,19.6,60.8,32.2,977.6,Weathered Granite,HIGH_RISK
4,12.4436,75.7299,1127.5,36.5,150.87,89.6,20.6,58.2,10.7,947.3,Clay Loam,HIGH_RISK
5,11.5576,76.1304,898.0,43.6,137.39,73.2,13.4,46.8,15.1,904.5,Colluvium,HIGH_RISK
7,11.5643,76.1417,897.9,36.6,169.3,87.8,15.7,59.6,24.4,986.4,Laterite,HIGH_RISK
6,9.6815,76.8999,861.0,44.6,128.04,92.2,15.2,94.9,32.8,943.4,Laterite,HIGH_RISK
2,9.6671,76.9194,808.2,32.9,56.8,60.1,19.2,95.3,18.5,956.7,Laterite,MODERATE_RISK
7,32.2483,77.1724,2078.2,45.1,92.35,88.4,16.2,84.5,5.4,952.2,Colluvium,HIGH_RISK
5,30.5724,79.5785,1821.2,37.3,43.1,55.7,21.8,91.8,32.6,917.5,Weathered Granite,MODERATE_RISK
3,17.9554,73.58,609.0,9.3,47.2,47.9,24.5,56.5,32.4,1003.8,Clay Loam,SAFE
4,30.5401,79.5631,1922.8,49.3,138.05,79.4,10.8,57.1,20.6,951.6,Weathered Granite,HIGH_RISK
7,11.5247,76.1199,931.1,44.0,161.6,74.2,20.3,61.5,13.6,998.8,Colluvium,HIGH_RISK
4,10.1481,77.0072,1790.9,50.6,140.7,86.8,18.7,79.0,12.6,946.8,Weathered Granite,HIGH_RISK
3,17.9392,73.5779,642.7,36.5,27.3,64.2,19.4,82.2,33.6,958.7,Colluvium,MODERATE_RISK
9,11.3372,76.7913,1895.0,34.1,44.7,64.3,22.7,77.9,6.5,948.2,Weathered Granite,MODERATE_RISK
6,10.1585,77.0234,1652.7,4.6,42.2,43.2,20.8,60.8,8.2,974.6,Laterite,SAFE
8,12.4422,75.7309,1155.2,35.6,43.84,61.1,15.9,60.7,30.1,894.2,Weathered Granite,MODERATE_RISK
4,11.5552,76.1111,869.3,42.2,11.72,29.6,19.2,61.2,9.7,923.4,Colluvium,SAFE
3,31.0876,77.1586,2248.8,48.4,174.9,90.8,25.2,51.2,25.9,960.1,Clay Loam,HIGH_RISK
6,11.4169,76.0942,768.2,10.6,23.7,28.3,20.6,93.8,6.4,981.3,Colluvium,SAFE
1,11.3951,76.7262,1938.8,38.2,9.9,17.0,21.3,88.9,31.2,888.0,Weathered Granite,SAFE
1,11.3519,76.7954,1851.7,6.5,29.2,61.5,27.1,52.6,23.3,975.5,Laterite,SAFE
6,17.9473,73.5626,618.9,35.2,49.23,51.5,24.0,81.0,12.1,950.1,Weathered Granite,MODERATE_RISK
1,11.4024,76.6965,1882.0,9.5,26.84,30.2,16.3,91.9,29.2,916.1,Clay Loam,SAFE
1,10.1391,77.0221,1638.3,47.4,130.2,94.8,18.3,87.9,23.8,901.0,Colluvium,HIGH_RISK
8,11.5342,76.1496,940.8,49.0,99.2,82.7,18.0,57.4,8.6,930.7,Colluvium,HIGH_RISK
10,26.9033,88.1918,1754.4,35.5,37.79,52.6,20.7,80.1,33.0,935.3,Laterite,MODERATE_RISK
2,11.5127,76.1541,1056.1,35.1,46.1,67.4,20.6,96.6,21.4,967.5,Weathered Granite,MODERATE_RISK
5,11.5428,76.1405,910.0,42.7,160.4,89.8,11.2,93.3,13.8,1000.4,Colluvium,HIGH_RISK
2,26.9078,88.1919,1648.9,15.0,31.74,42.8,23.4,75.5,9.1,948.4,Clay Loam,SAFE
2,12.4275,75.7398,1198.6,33.7,14.4,31.6,16.9,76.4,31.4,921.4,Residual Soil,SAFE
2,17.9083,73.6505,1321.7,31.0,15.73,28.7,15.3,53.7,28.5,962.7,Laterite,SAFE
7,17.9449,73.6777,1332.3,39.1,132.06,77.3,13.8,92.6,32.4,933.8,Laterite,HIGH_RISK
3,12.4415,75.7192,1202.0,15.1,48.8,47.4,21.7,61.6,8.9,955.0,Clay Loam,SAFE
6,11.5393,76.1594,1082.2,51.2,114.6,91.3,14.7,49.2,19.0,954.9,Laterite,HIGH_RISK
7,11.3439,76.8024,1855.3,45.4,165.88,71.0,20.1,74.0,25.4,983.1,Weathered Granite,HIGH_RISK
1,32.2323,77.1909,2037.4,9.8,24.8,31.9,16.4,86.8,5.4,1010.1,Sandy Loam,SAFE
7,26.8784,88.1813,1701.1,41.4,100.6,95.8,22.7,54.5,31.3,942.5,Laterite,HIGH_RISK
7,11.5532,76.1382,934.6,36.9,47.5,67.8,21.6,53.6,8.9,992.9,Colluvium,MODERATE_RISK
6,11.4281,76.0892,791.9,34.6,12.6,17.8,20.7,83.3,10.7,919.8,Laterite,SAFE
2,11.3414,76.7907,1852.5,15.8,42.68,50.9,27.4,74.0,10.6,917.1,Sandy Loam,SAFE
1,11.5012,76.1589,1034.1,44.6,129.25,75.2,17.9,56.6,33.1,917.1,Weathered Granite,HIGH_RISK
3,26.8885,88.1766,1673.4,41.4,173.75,82.1,22.6,48.1,5.5,920.0,Laterite,HIGH_RISK
4,11.3546,76.8112,1828.7,44.2,114.2,94.1,14.2,83.4,10.5,1036.4,Weathered Granite,HIGH_RISK
8,31.0874,77.1593,2289.8,54.3,138.99,92.1,25.7,80.5,7.2,981.5,Laterite,HIGH_RISK
5,26.8909,88.1985,1701.5,35.7,47.91,71.0,18.3,90.0,5.6,975.2,Colluvium,MODERATE_RISK
1,26.1609,91.7155,451.5,10.2,43.01,15.6,21.6,75.0,13.9,891.7,Sandy Loam,SAFE
3,31.1078,77.1544,2313.3,54.4,146.08,73.8,20.9,71.6,32.9,1003.9,Clay Loam,HIGH_RISK
1,10.1668,77.0138,1766.6,33.4,56.0,63.1,17.0,84.6,15.3,878.8,Weathered Granite,MODERATE_RISK
5,11.3721,76.6989,1962.3,30.5,56.6,57.6,12.3,93.2,13.2,955.6,Weathered Granite,MODERATE_RISK
1,17.9518,73.5998,683.6,48.5,128.21,95.9,17.5,68.8,14.1,863.1,Colluvium,HIGH_RISK
7,11.5351,76.1425,852.4,36.0,43.78,71.6,19.9,93.4,34.8,941.6,Colluvium,MODERATE_RISK
9,17.9448,73.6015,656.6,34.9,55.5,54.9,23.3,79.0,13.3,944.7,Colluvium,MODERATE_RISK
4,9.6902,76.9111,767.1,39.5,12.98,27.6,16.6,72.8,8.3,946.9,Laterite,SAFE
1,11.5158,76.149,1081.0,42.0,9.62,44.8,24.5,64.9,10.0,905.8,Weathered Granite,SAFE
1,11.5365,76.142,1004.8,36.7,55.6,71.1,23.4,60.7,28.3,874.8,Weathered Granite,MODERATE_RISK
8,9.6925,76.9223,854.6,39.7,7.2,25.3,13.1,62.0,27.2,923.2,Laterite,SAFE
9,30.5506,79.5583,1881.3,35.2,56.8,62.3,20.5,85.3,29.5,940.0,Clay Loam,MODERATE_RISK
4,11.4128,76.114,761.7,38.6,7.04,20.3,23.8,54.8,24.8,966.1,Laterite,SAFE
5,11.5125,76.1206,1000.4,41.8,158.6,76.4,21.1,73.8,23.2,893.3,Colluvium,HIGH_RISK
4,11.3856,76.705,1915.4,34.8,48.8,71.1,22.8,46.3,8.5,941.7,Weathered Granite,MODERATE_RISK
3,11.5205,76.1546,1074.9,38.0,31.19,49.7,19.5,64.9,8.8,935.8,Weathered Granite,MODERATE_RISK
5,11.3533,76.7887,1861.7,35.4,14.7,25.5,25.6,47.3,22.0,959.3,Weathered Granite,SAFE
2,12.4091,75.7493,1150.1,43.1,145.1,86.4,23.8,65.2,8.8,945.0,Residual Soil,HIGH_RISK
7,31.0849,77.1629,2259.6,47.1,14.19,40.0,20.2,54.6,12.0,933.1,Clay Loam,SAFE
8,30.5552,79.5468,1911.9,34.4,47.6,61.4,21.4,76.3,31.3,947.4,Weathered Granite,MODERATE_RISK
3,30.5511,79.5615,1824.6,40.8,2.92,27.0,18.5,66.6,13.4,915.3,Weathered Granite,SAFE
7,32.2488,77.1906,2028.2,43.9,167.4,78.7,22.8,57.4,26.2,952.0,Colluvium,HIGH_RISK
10,11.5554,76.1453,992.7,7.9,39.55,57.5,19.6,71.8,12.7,1012.3,Clay Loam,SAFE
6,32.2597,77.1981,2019.1,34.8,57.0,68.7,19.2,90.3,8.6,943.9,Colluvium,MODERATE_RISK
5,10.1496,77.0195,1633.8,43.4,10.34,20.2,14.8,48.2,10.2,923.2,Colluvium,SAFE
8,11.5338,76.1434,980.7,35.4,56.1,56.8,20.5,63.2,11.2,855.9,Weathered Granite,MODERATE_RISK
1,26.9033,88.1642,1684.2,32.5,8.5,13.1,18.6,46.9,13.3,918.3,Laterite,SAFE
9,11.5284,76.159,1014.7,48.8,171.1,72.1,17.4,78.3,24.0,991.4,Weathered Granite,HIGH_RISK
2,30.5358,79.5611,1867.9,40.4,17.1,35.2,35.2,77.0,33.8,979.7,Weathered Granite,SAFE
2,17.9618,73.5764,657.4,48.1,146.2,70.5,18.2,49.3,16.2,1023.7,Colluvium,HIGH_RISK
3,11.5055,76.1625,1084.0,37.3,47.19,70.4,18.6,64.4,27.1,873.3,Laterite,MODERATE_RISK
7,11.3694,76.8033,1809.1,35.4,45.4,49.8,16.9,92.7,33.3,969.0,Colluvium,MODERATE_RISK
1,11.3537,76.7985,1876.4,39.6,174.4,85.5,22.7,58.6,33.4,922.6,Weathered Granite,HIGH_RISK
1,31.104,77.1906,2288.4,37.0,51.2,66.3,19.0,86.0,21.1,971.3,Clay Loam,MODERATE_RISK
1,26.1816,91.7126,428.9,11.1,31.5,51.8,17.5,82.9,14.4,916.6,Clay Loam,SAFE
2,30.5503,79.5804,1837.7,47.6,175.8,80.1,15.2,89.9,16.0,981.8,Weathered Granite,HIGH_RISK
5,31.1191,77.1905,2265.4,37.4,41.9,48.4,19.7,88.1,25.1,983.9,Clay Loam,MODERATE_RISK
4,11.3848,76.7055,1966.2,35.3,39.22,62.2,27.5,46.1,29.0,887.0,Weathered Granite,MODERATE_RISK
3,32.2548,77.1812,2088.3,48.2,150.3,81.0,20.9,78.7,19.2,914.8,Colluvium,HIGH_RISK
7,26.8714,88.1832,1695.5,32.5,43.9,70.9,24.4,92.8,19.0,969.1,Laterite,MODERATE_RISK
5,11.5457,76.1278,954.1,41.2,143.1,87.7,16.1,77.2,17.3,989.1,Colluvium,HIGH_RISK
9,11.3881,76.7009,1873.6,47.3,141.41,72.6,19.8,88.6,18.3,960.0,Clay Loam,HIGH_RISK
5,30.5736,79.5777,1858.7,42.8,105.82,93.9,20.2,73.3,8.1,943.3,Weathered Granite,HIGH_RISK
5,11.4136,76.1013,780.2,39.2,141.1,88.4,14.9,91.0,28.5,958.2,Laterite,HIGH_RISK
4,11.5055,76.1252,1092.8,15.2,23.7,53.5,21.6,59.6,18.2,941.5,Colluvium,SAFE
10,9.6715,76.918,808.8,46.2,116.05,78.6,15.9,71.3,5.2,992.9,Laterite,HIGH_RISK
10,17.9376,73.6483,1365.0,34.4,38.01,60.0,25.9,90.3,30.2,982.6,Colluvium,MODERATE_RISK
10,10.1502,77.0254,1730.5,32.7,51.04,48.1,20.1,92.6,21.6,922.7,Weathered Granite,MODERATE_RISK
8,11.4134,76.0999,746.6,42.0,184.8,82.9,18.2,89.9,20.3,955.3,Laterite,HIGH_RISK
10,17.9101,73.6591,1328.0,32.9,54.9,72.0,17.9,87.8,20.3,942.6,Laterite,MODERATE_RISK
2,11.3425,76.7985,1860.8,38.2,10.73,38.5,25.5,67.0,24.4,967.7,Weathered Granite,SAFE
5,11.3631,76.7859,1820.6,33.5,50.66,71.7,21.0,63.5,32.1,958.1,Weathered Granite,MODERATE_RISK
1,26.1683,91.7143,435.6,31.5,14.5,14.4,21.4,86.0,19.4,935.8,Clay Loam,SAFE
8,26.8821,88.1971,1764.7,37.1,155.9,87.8,21.5,68.7,16.4,980.3,Laterite,HIGH_RISK
10,11.5514,76.1271,970.4,40.9,131.6,91.7,18.5,96.9,8.3,944.0,Colluvium,HIGH_RISK
9,11.5589,76.1098,875.1,35.2,13.04,41.4,23.8,64.5,28.1,934.1,Colluvium,SAFE
8,11.5317,76.1242,947.6,44.2,150.3,78.1,21.2,57.8,14.5,995.3,Weathered Granite,HIGH_RISK
2,17.9485,73.6003,615.3,40.8,15.7,10.2,23.7,75.4,34.0,948.6,Colluvium,SAFE
2,10.1659,77.0237,1654.4,46.0,168.85,83.9,17.5,95.4,9.6,877.7,Colluvium,HIGH_RISK
3,11.3334,76.8045,1851.1,34.2,51.87,68.9,16.3,75.8,30.7,961.6,Weathered Granite,MODERATE_RISK
1,11.5561,76.1194,922.1,43.6,3.25,45.2,14.2,47.2,34.3,933.0,Colluvium,SAFE
10,12.4436,75.7529,1194.6,9.3,41.2,46.3,20.6,54.4,5.2,1019.2,Clay Loam,SAFE
1,17.9396,73.5683,619.0,49.2,174.6,76.6,14.8,57.3,12.0,936.1,Colluvium,HIGH_RISK
5,9.6913,76.9074,784.7,39.5,9.2,47.5,25.4,83.1,16.0,917.0,Laterite,SAFE
1,9.6839,76.9,771.0,34.1,39.44,62.0,29.7,90.6,33.2,943.5,Laterite,MODERATE_RISK
1,32.2403,77.2027,2033.7,34.2,51.65,71.1,23.0,86.7,19.9,911.3,Colluvium,MODERATE_RISK
9,10.161,77.0082,1790.1,51.4,148.6,94.9,14.3,72.3,25.1,933.0,Weathered Granite,HIGH_RISK
3,31.096,77.1609,2304.0,16.8,46.5,57.7,19.5,86.7,34.0,981.4,Clay Loam,SAFE
8,17.9059,73.647,1316.4,36.9,55.2,65.0,12.0,87.4,6.9,938.7,Laterite,MODERATE_RISK
10,11.5164,76.1507,982.8,37.8,48.07,53.0,17.3,90.1,34.8,966.8,Colluvium,MODERATE_RISK
8,10.1634,77.0322,1785.3,36.4,34.4,57.8,15.9,85.5,25.8,967.1,Laterite,MODERATE_RISK
10,17.9734,73.5863,656.2,38.4,15.7,17.5,19.9,79.7,34.7,1004.4,Colluvium,SAFE
1,10.1637,77.0413,1801.1,47.4,154.6,72.8,9.8,77.5,19.8,866.2,Colluvium,HIGH_RISK
4,11.555,76.1447,920.7,42.3,135.5,76.0,19.9,82.6,25.2,972.5,Colluvium,HIGH_RISK
4,11.4038,76.1027,757.0,30.8,51.65,67.8,20.8,90.2,16.0,899.2,Laterite,MODERATE_RISK
10,30.5421,79.5705,1872.3,42.9,97.6,88.5,26.9,66.5,12.1,968.7,Weathered Granite,HIGH_RISK
4,31.0944,77.1551,2272.9,55.3,177.49,71.1,21.6,92.3,14.4,993.0,Clay Loam,HIGH_RISK
6,11.3991,76.692,1973.2,37.4,51.0,47.5,17.3,95.0,7.5,945.9,Weathered Granite,MODERATE_RISK
10,11.559,76.1437,879.6,35.7,8.36,17.3,26.5,53.6,8.5,878.2,Colluvium,SAFE
1,31.1051,77.1557,2263.6,50.0,181.12,94.5,13.8,64.1,7.3,889.4,Clay Loam,HIGH_RISK
1,31.0957,77.1725,2304.4,11.5,38.61,44.6,19.7,94.4,27.1,942.5,Weathered Granite,SAFE
1,9.6797,76.8976,860.1,5.5,24.31,16.4,23.0,60.6,19.3,950.8,Clay Loam,SAFE
1,11.5409,76.1136,936.0,37.5,49.66,55.2,23.9,65.9,13.4,906.0,Colluvium,MODERATE_RISK
7,17.9372,73.6627,1364.3,35.9,44.3,50.5,19.4,85.4,11.9,864.8,Laterite,MODERATE_RISK
4,32.2516,77.1937,2080.9,49.3,8.47,22.5,18.0,50.6,9.3,1014.8,Colluvium,SAFE
1,12.4358,75.7194,1205.4,38.4,8.6,38.3,20.6,77.5,6.7,952.2,Residual Soil,SAFE
5,11.3836,76.7242,1905.1,37.4,17.9,35.0,20.3,89.7,6.5,946.6,Weathered Granite,SAFE
8,26.885,88.1741,1647.9,32.6,57.1,57.8,12.8,92.5,15.4,970.4,Laterite,MODERATE_RISK
4,11.5221,76.1407,1027.1,10.2,43.18,25.5,21.2,78.7,19.9,971.9,Laterite,SAFE
2,10.1374,77.0358,1655.2,17.1,44.9,19.3,20.1,54.0,14.5,955.7,Clay Loam,SAFE
3,10.172,77.0203,1789.3,37.2,48.1,69.5,29.4,79.9,24.5,955.0,Colluvium,MODERATE_RISK
5,11.5453,76.1262,918.3,37.4,57.8,61.4,13.8,83.8,32.8,931.3,Clay Loam,MODERATE_RISK
2,30.5678,79.56,1888.8,35.6,51.98,65.0,19.7,85.2,24.0,923.8,Clay Loam,MODERATE_RISK
3,11.4221,76.1113,742.7,6.5,13.0,51.8,20.0,82.4,28.9,952.8,Sandy Loam,SAFE
3,17.9594,73.5646,620.2,48.8,101.26,79.7,18.2,79.1,8.4,988.9,Colluvium,HIGH_RISK
6,30.5433,79.5809,1896.3,35.1,42.08,69.6,23.3,59.9,8.5,1034.1,Weathered Granite,MODERATE_RISK
8,10.139,77.007,1664.3,43.6,169.6,74.8,17.5,53.9,13.8,990.9,Colluvium,HIGH_RISK
6,11.5382,76.1537,1030.4,48.7,118.0,77.8,24.0,84.5,31.9,928.3,Weathered Granite,HIGH_RISK
10,30.557,79.5589,1925.7,35.4,55.0,63.9,20.7,67.2,31.5,889.4,Weathered Granite,MODERATE_RISK
3,11.5257,76.144,1082.4,36.5,47.8,60.4,17.5,66.9,8.2,933.2,Weathered Granite,MODERATE_RISK
4,9.7022,76.9047,835.8,37.2,51.7,62.8,17.1,88.7,12.5,941.2,Weathered Granite,MODERATE_RISK
2,11.3971,76.1049,805.0,34.4,11.3,27.6,18.4,84.6,27.1,982.8,Laterite,SAFE
7,9.6783,76.9117,870.7,35.2,50.44,63.6,20.5,89.5,26.8,974.1,Weathered Granite,MODERATE_RISK
1,10.1596,77.0359,1833.5,32.3,58.0,55.9,27.6,59.0,7.3,939.1,Colluvium,MODERATE_RISK
4,11.5741,76.1371,874.6,4.9,17.2,24.1,21.5,45.8,5.6,939.6,Sandy Loam,SAFE
8,17.9059,73.6723,1335.3,40.4,174.9,86.6,17.1,51.7,28.5,898.4,Laterite,HIGH_RISK
9,30.5707,79.5503,1866.1,42.6,133.65,80.2,17.1,68.1,22.6,969.8,Clay Loam,HIGH_RISK
9,11.403,76.7282,1913.0,38.0,165.61,75.6,24.1,46.3,5.3,920.7,Weathered Granite,HIGH_RISK
4,10.161,77.0338,1651.9,43.9,145.97,92.4,19.5,77.8,18.7,990.0,Colluvium,HIGH_RISK
7,11.5395,76.1571,1076.8,49.8,96.4,83.4,21.6,49.5,13.0,931.2,Weathered Granite,HIGH_RISK
1,31.1247,77.189,2256.2,55.1,144.54,95.9,18.8,90.6,33.3,1016.5,Clay Loam,HIGH_RISK
6,26.1492,91.7034,493.2,32.3,128.0,95.1,23.3,94.5,25.0,953.8,Clay Loam,HIGH_RISK
1,9.6868,76.8978,837.5,34.3,14.9,46.6,25.5,49.3,8.6,997.1,Laterite,SAFE
1,11.4007,76.114,786.2,42.7,164.28,79.3,23.0,46.3,15.2,897.9,Laterite,HIGH_RISK
5,10.1696,77.0238,1811.3,34.1,42.62,53.3,20.6,81.6,11.1,923.7,Weathered Granite,MODERATE_RISK
6,9.6877,76.928,772.3,43.3,167.92,83.6,19.8,97.2,5.1,934.1,Laterite,HIGH_RISK
9,10.1402,77.0229,1643.7,33.1,54.1,58.2,17.3,84.1,12.7,936.7,Weathered Granite,MODERATE_RISK
7,30.5444,79.5728,1907.1,45.0,16.7,27.1,24.5,77.5,6.2,1002.1,Weathered Granite,SAFE
7,17.9736,73.5994,665.5,12.5,36.52,58.5,26.6,75.2,22.8,958.7,Colluvium,SAFE
2,30.5424,79.5473,1866.4,36.3,47.4,63.6,20.8,59.1,33.7,896.2,Colluvium,MODERATE_RISK
8,11.546,76.1412,997.2,47.6,10.5,42.2,14.8,72.0,12.8,1047.8,Colluvium,SAFE
9,11.3715,76.6971,1901.8,41.3,109.78,75.4,19.4,65.1,15.1,1030.3,Weathered Granite,HIGH_RISK
10,17.9313,73.6671,1341.3,15.5,16.06,43.7,24.7,88.8,28.9,961.5,Clay Loam,SAFE
7,17.9286,73.6497,1371.2,38.0,152.5,85.2,20.5,64.2,26.4,976.0,Laterite,HIGH_RISK
9,10.1486,77.008,1808.3,46.1,168.41,71.3,16.1,85.9,7.7,933.8,Laterite,HIGH_RISK
9,11.5073,76.1439,1094.1,45.4,14.6,41.2,18.2,49.0,27.7,912.2,Weathered Granite,SAFE
10,32.2337,77.1781,2038.0,4.3,20.4,30.9,18.4,75.5,21.5,996.4,Colluvium,SAFE
1,31.0881,77.1559,2302.4,55.1,94.22,72.3,21.1,82.2,17.0,963.1,Clay Loam,HIGH_RISK
7,10.1686,77.0241,1669.6,41.4,146.19,90.6,11.3,84.9,32.7,853.6,Colluvium,HIGH_RISK
7,11.3981,76.6931,1921.8,37.8,38.39,71.3,23.8,59.8,16.8,916.8,Weathered Granite,MODERATE_RISK
2,10.1438,77.0332,1808.6,45.3,119.9,93.6,15.1,75.1,11.7,980.9,Weathered Granite,HIGH_RISK
4,30.5411,79.5636,1889.7,36.4,50.27,47.4,15.2,94.0,17.7,908.9,Weathered Granite,MODERATE_RISK
6,17.948,73.5745,580.6,6.8,30.31,36.3,28.1,97.0,15.7,888.0,Laterite,SAFE
5,30.5477,79.5646,1906.4,41.4,170.01,71.0,20.7,95.4,23.4,918.3,Weathered Granite,HIGH_RISK
5,26.1783,91.6899,423.7,25.3,7.37,12.9,20.4,69.6,10.3,927.5,Clay Loam,SAFE
2,11.5643,76.1133,901.3,40.3,9.0,41.1,28.0,49.7,17.5,1031.1,Colluvium,SAFE
2,10.1702,77.0315,1803.5,50.5,144.6,84.7,26.0,65.4,8.2,914.3,Weathered Granite,HIGH_RISK
3,12.4134,75.7461,1198.0,32.9,16.45,29.1,15.7,76.5,22.6,897.3,Residual Soil,SAFE
2,17.9118,73.6545,1321.4,31.7,51.7,68.7,15.3,95.0,8.0,915.3,Laterite,MODERATE_RISK
7,11.3724,76.7984,1878.0,34.8,56.2,64.8,21.5,88.5,19.4,874.2,Weathered Granite,MODERATE_RISK
5,10.1369,77.0084,1684.9,36.7,50.99,57.2,22.8,80.1,14.6,937.9,Colluvium,MODERATE_RISK
10,10.1429,77.0118,1805.2,46.5,125.23,78.4,22.2,95.0,28.8,967.9,Weathered Granite,HIGH_RISK
3,31.0885,77.1786,2215.1,53.2,134.4,77.2,20.5,48.3,10.5,879.9,Clay Loam,HIGH_RISK
6,11.4033,76.7254,1899.3,26.3,39.05,67.3,20.1,90.8,21.0,981.2,Weathered Granite,MODERATE_RISK
2,32.2404,77.1778,2099.8,48.1,145.6,82.9,23.2,72.3,33.0,925.1,Colluvium,HIGH_RISK
8,12.4182,75.7485,1151.3,43.3,131.8,82.4,21.7,84.9,34.5,928.9,Residual Soil,HIGH_RISK
1,31.0916,77.163,2235.5,54.7,128.43,78.9,17.6,75.8,12.1,990.7,Clay Loam,HIGH_RISK
5,11.5652,76.1242,879.1,35.3,15.0,24.6,26.6,64.8,20.4,1001.0,Colluvium,SAFE
2,31.099,77.1669,2258.7,54.8,166.59,85.6,20.6,51.6,27.8,960.0,Weathered Granite,HIGH_RISK
9,31.1233,77.1697,2243.4,46.1,112.92,87.0,16.2,53.8,8.8,945.2,Weathered Granite,HIGH_RISK
4,11.5367,76.1486,1001.5,51.8,161.6,86.8,18.4,64.8,20.2,928.5,Weathered Granite,HIGH_RISK
1,17.9201,73.6607,1315.9,43.4,107.86,91.7,20.6,78.3,25.4,983.1,Laterite,HIGH_RISK
2,32.2499,77.1928,2021.7,44.1,2.5,27.6,20.7,63.7,29.4,977.0,Colluvium,SAFE
2,10.1329,77.0341,1640.2,15.2,40.26,23.4,18.0,94.3,29.1,964.9,Laterite,SAFE
2,9.6637,76.9284,867.6,39.2,16.3,22.3,20.3,81.3,32.4,1006.1,Laterite,SAFE
8,32.2594,77.2024,2123.7,32.9,48.68,68.3,17.9,93.8,17.1,906.7,Colluvium,MODERATE_RISK
9,11.3352,76.7757,1842.1,36.6,49.8,69.4,15.8,47.3,27.1,955.5,Weathered Granite,MODERATE_RISK
5,26.8854,88.1856,1713.5,37.4,15.3,43.7,23.2,63.9,28.3,888.4,Laterite,SAFE
9,11.5487,76.14,972.0,46.0,141.4,82.5,21.7,95.7,16.2,913.0,Colluvium,HIGH_RISK
1,9.6686,76.9166,848.4,44.5,145.59,82.0,11.2,68.9,23.0,951.9,Laterite,HIGH_RISK
10,31.0951,77.168,2215.7,46.2,11.4,44.8,22.5,88.2,15.3,908.6,Clay Loam,SAFE
4,12.4321,75.7198,1216.7,8.5,22.9,26.2,21.9,94.9,22.1,976.4,Sandy Loam,SAFE
7,11.3955,76.1053,789.0,13.0,40.32,54.5,22.7,60.8,20.1,956.4,Sandy Loam,SAFE
9,10.136,77.0154,1667.4,47.6,8.09,28.3,20.5,60.2,30.2,922.2,Colluvium,SAFE
2,11.377,76.7039,1919.4,35.3,42.7,52.5,22.1,49.3,8.0,949.6,Weathered Granite,MODERATE_RISK
4,11.3525,76.7827,1835.6,34.8,48.1,65.0,20.5,83.4,28.7,891.1,Weathered Granite,MODERATE_RISK
1,26.1687,91.6981,440.0,38.2,164.84,89.2,16.2,73.7,9.4,940.3,Clay Loam,HIGH_RISK
7,11.3442,76.8116,1826.5,9.3,43.2,63.6,25.0,61.1,24.3,980.5,Residual Soil,SAFE
10,30.5523,79.5584,1812.7,9.8,33.2,31.0,24.1,47.4,16.4,973.2,Sandy Loam,SAFE
8,11.4173,76.1105,759.8,30.9,7.32,33.2,23.7,85.8,18.2,929.4,Laterite,SAFE
8,11.4114,76.0979,751.7,40.7,99.72,74.5,26.1,92.4,11.3,944.4,Laterite,HIGH_RISK
2,9.6644,76.9146,830.4,44.2,96.5,91.7,19.6,46.0,34.3,934.0,Laterite,HIGH_RISK
4,30.5592,79.5757,1917.6,33.7,41.47,65.5,24.3,83.1,5.6,955.1,Weathered Granite,MODERATE_RISK
10,17.9621,73.5865,649.9,16.6,38.66,51.3,17.5,50.8,22.1,979.9,Colluvium,SAFE
5,30.54,79.5538,1818.3,42.8,13.0,37.7,22.1,51.7,19.5,1025.3,Weathered Granite,SAFE
6,17.9498,73.5819,618.3,43.8,15.51,15.1,19.1,86.4,6.0,906.9,Colluvium,SAFE
2,31.1081,77.1619,2268.3,49.2,128.8,85.9,23.3,64.1,30.3,920.6,Clay Loam,HIGH_RISK
7,32.2317,77.1713,2072.9,36.9,55.1,70.3,18.7,55.2,34.2,938.9,Colluvium,MODERATE_RISK
3,10.1486,77.024,1665.5,44.7,145.26,93.4,25.1,81.2,21.1,883.8,Colluvium,HIGH_RISK
2,11.5466,76.1127,997.6,35.5,49.5,52.9,22.3,91.8,10.7,903.4,Colluvium,MODERATE_RISK
5,30.5535,79.5496,1886.9,17.8,23.3,35.8,20.5,69.6,23.7,944.0,Sandy Loam,SAFE
6,30.5461,79.5727,1901.3,37.3,48.68,63.6,14.0,74.9,11.9,960.6,Weathered Granite,MODERATE_RISK
3,17.9079,73.6506,1367.3,37.1,46.86,57.4,23.5,91.7,21.6,886.2,Weathered Granite,MODERATE_RISK
3,10.167,77.005,1588.4,45.5,137.9,80.0,20.7,45.7,5.9,890.0,Colluvium,HIGH_RISK
6,10.1429,77.0094,1798.2,50.1,169.68,86.5,25.3,94.0,19.6,982.3,Colluvium,HIGH_RISK
8,11.5391,76.1411,1085.1,36.6,56.9,60.2,26.3,55.1,5.3,965.0,Laterite,MODERATE_RISK
9,30.5597,79.5857,1853.3,41.5,11.28,22.8,19.5,83.3,29.9,977.3,Weathered Granite,SAFE
7,11.3772,76.6946,1966.6,46.9,165.0,95.7,13.8,54.7,23.1,942.2,Weathered Granite,HIGH_RISK
3,11.5617,76.1262,927.6,14.0,39.8,25.1,21.0,60.1,19.4,924.0,Sandy Loam,SAFE
6,11.369,76.7058,1867.2,37.9,17.8,40.1,25.0,70.8,14.8,914.3,Weathered Granite,SAFE
3,10.1476,77.0167,1795.2,36.0,56.1,57.2,20.4,82.3,16.8,976.8,Weathered Granite,MODERATE_RISK
9,26.1741,91.6934,390.7,23.6,11.3,33.3,17.7,70.1,23.6,947.6,Clay Loam,SAFE
7,11.4215,76.0911,791.8,36.4,174.7,94.4,18.4,57.0,18.3,898.8,Laterite,HIGH_RISK
6,26.8863,88.1689,1718.2,37.0,57.2,53.6,26.5,66.4,8.5,944.3,Laterite,MODERATE_RISK
1,10.147,77.0133,1650.1,37.1,45.82,53.5,15.4,82.0,8.1,932.0,Colluvium,MODERATE_RISK
4,9.6967,76.9185,882.1,43.1,12.98,37.3,23.4,68.3,25.4,978.1,Laterite,SAFE
3,10.167,77.0335,1693.9,17.1,36.52,44.3,24.0,86.1,29.3,913.9,Sandy Loam,SAFE
6,11.3566,76.8004,1857.1,36.4,44.72,64.8,27.6,78.7,23.8,1006.0,Weathered Granite,MODERATE_RISK
3,11.5349,76.1619,1046.1,36.1,56.6,62.1,16.7,87.4,31.2,970.5,Weathered Granite,MODERATE_RISK
7,30.5723,79.5734,1902.5,46.8,90.0,88.1,22.2,82.6,22.2,933.7,Weathered Granite,HIGH_RISK
10,10.1375,77.0101,1666.4,34.9,46.97,45.9,24.3,86.6,26.8,905.8,Sandy Loam,MODERATE_RISK
8,11.3746,76.7279,1959.7,34.0,56.6,66.6,17.3,74.1,29.3,957.4,Weathered Granite,MODERATE_RISK
9,26.1777,91.7099,470.3,33.1,9.8,37.3,22.6,48.1,28.1,900.2,Clay Loam,SAFE
4,30.5359,79.55,1858.5,39.4,168.0,80.8,21.6,55.3,34.2,975.8,Clay Loam,HIGH_RISK
8,10.168,77.0051,1797.2,37.2,51.7,58.1,14.5,87.7,14.3,912.7,Weathered Granite,MODERATE_RISK
4,11.5367,76.1448,970.9,47.5,143.2,79.2,18.5,59.0,19.7,971.7,Colluvium,HIGH_RISK
1,32.246,77.1895,2017.2,41.4,172.5,90.7,19.4,83.3,13.0,958.7,Laterite,HIGH_RISK
5,12.4277,75.7405,1126.9,14.4,45.5,40.9,18.4,56.8,31.7,998.0,Weathered Granite,SAFE
6,17.9125,73.6731,1382.5,33.9,7.5,14.6,21.7,74.0,33.5,997.0,Laterite,SAFE
7,9.6859,76.9125,825.5,36.5,36.1,66.7,16.2,97.8,17.4,895.6,Laterite,MODERATE_RISK
9,10.1627,77.0065,1643.6,36.7,33.9,48.0,12.3,96.4,13.2,966.2,Colluvium,MODERATE_RISK
3,30.564,79.5612,1865.9,36.7,46.4,65.0,25.3,68.0,16.0,971.1,Weathered Granite,MODERATE_RISK
1,11.5491,76.1266,989.3,14.5,39.7,35.9,18.3,58.9,26.0,956.9,Residual Soil,SAFE
1,10.1619,77.0073,1792.5,12.2,24.53,22.2,22.8,51.2,18.7,978.7,Colluvium,SAFE
2,32.2385,77.2055,2085.9,30.1,55.3,56.6,16.5,86.6,22.9,967.8,Weathered Granite,MODERATE_RISK
10,11.3764,76.7167,1940.0,45.7,150.15,79.6,20.4,70.6,30.7,974.2,Weathered Granite,HIGH_RISK
3,31.0977,77.1829,2203.0,53.3,173.6,80.8,21.1,56.7,5.0,879.5,Colluvium,HIGH_RISK
5,17.9621,73.596,635.4,31.3,52.3,69.7,24.4,92.5,19.4,959.1,Colluvium,MODERATE_RISK
3,32.2268,77.1986,2037.7,49.2,9.74,23.5,16.9,89.3,33.1,1063.4,Colluvium,SAFE
3,11.5029,76.1546,1037.5,43.8,13.5,32.2,17.1,61.7,15.5,956.1,Weathered Granite,SAFE
1,32.2514,77.1845,2052.5,48.7,131.07,74.0,15.8,79.4,19.4,907.0,Colluvium,HIGH_RISK
4,11.3766,76.7187,1901.1,37.5,52.3,68.8,26.3,79.4,12.9,912.0,Laterite,MODERATE_RISK
5,10.1362,77.0216,1598.4,44.9,15.79,16.2,11.5,63.6,17.4,936.0,Colluvium,SAFE
2,17.9408,73.6759,1332.5,37.9,12.3,16.3,18.2,96.3,5.7,877.4,Laterite,SAFE
6,26.1615,91.6847,414.2,33.2,57.1,55.8,15.0,96.7,31.8,984.4,Clay Loam,MODERATE_RISK
4,17.9608,73.5942,637.5,51.3,93.72,80.0,17.8,69.5,19.5,953.6,Colluvium,HIGH_RISK
2,11.4127,76.1225,799.0,36.3,16.45,20.7,22.5,68.1,16.6,909.2,Laterite,SAFE
4,11.364,76.809,1780.7,33.7,51.26,49.0,18.5,91.0,17.5,956.0,Weathered Granite,MODERATE_RISK
9,31.0991,77.1901,2308.8,52.7,102.5,74.5,23.9,83.9,19.7,955.6,Clay Loam,HIGH_RISK
6,30.5533,79.5503,1918.1,44.0,10.23,39.2,19.1,49.2,23.2,1020.1,Weathered Granite,SAFE
7,10.1513,76.9979,1603.4,36.7,56.2,66.9,18.5,84.1,23.5,1005.3,Colluvium,MODERATE_RISK
7,26.9048,88.2028,1716.4,36.5,46.4,61.6,23.2,94.7,6.6,911.2,Laterite,MODERATE_RISK
9,31.0964,77.1933,2308.7,54.8,105.6,80.2,14.8,82.9,6.8,956.1,Clay Loam,HIGH_RISK
8,12.4411,75.7531,1174.7,34.1,56.3,70.0,15.1,66.9,22.5,978.4,Clay Loam,MODERATE_RISK
4,11.5072,76.1556,996.5,46.0,171.71,88.1,23.5,82.5,32.6,957.2,Weathered Granite,HIGH_RISK
6,32.2308,77.2087,2049.2,47.0,173.47,77.9,24.6,74.3,13.0,953.5,Colluvium,HIGH_RISK
4,11.4007,76.1094,831.9,34.5,47.1,68.5,17.1,83.8,17.9,979.1,Laterite,MODERATE_RISK
6,11.3503,76.8006,1783.0,37.5,51.7,71.9,17.7,56.1,9.7,974.3,Clay Loam,MODERATE_RISK
1,9.6757,76.9326,855.2,37.8,36.3,63.5,17.2,81.9,15.0,1026.5,Laterite,MODERATE_RISK
9,26.8756,88.1739,1706.8,7.0,41.58,29.0,27.0,64.9,32.8,931.9,Clay Loam,SAFE
6,10.1591,77.0069,1628.4,40.8,8.0,46.8,18.4,73.1,7.9,905.4,Colluvium,SAFE
8,12.4315,75.7381,1136.0,34.8,144.98,77.3,30.1,89.9,32.5,908.2,Colluvium,HIGH_RISK
2,10.1574,77.0343,1764.5,29.8,45.38,64.0,15.3,92.6,18.4,975.7,Weathered Granite,MODERATE_RISK
8,10.1499,77.0124,1561.5,46.0,170.23,95.5,18.3,76.0,6.3,839.7,Colluvium,HIGH_RISK
1,32.2548,77.1793,2053.5,50.9,182.05,86.7,27.3,85.2,11.0,994.0,Weathered Granite,HIGH_RISK
5,10.1668,77.0226,1656.8,35.3,43.62,69.6,14.5,86.4,28.1,937.3,Clay Loam,MODERATE_RISK
5,26.1724,91.6878,481.0,32.4,152.96,86.4,21.6,80.1,23.3,914.1,Clay Loam,HIGH_RISK
8,17.9276,73.6712,1322.6,37.1,16.9,39.0,16.4,96.5,33.5,939.3,Laterite,SAFE
10,11.5324,76.1365,1001.4,45.0,12.4,41.6,18.6,92.1,21.0,897.4,Colluvium,SAFE
5,11.5212,76.1337,960.3,45.2,161.0,81.1,18.4,72.1,16.1,904.6,Colluvium,HIGH_RISK
2,17.9582,73.5867,620.0,6.5,47.1,27.7,22.1,69.0,20.5,913.3,Weathered Granite,SAFE
9,11.5362,76.1416,1025.7,47.9,129.75,91.6,18.1,56.5,16.7,961.3,Colluvium,HIGH_RISK
3,11.3334,76.8144,1840.4,37.3,15.1,44.6,15.7,46.6,14.3,979.2,Weathered Granite,SAFE
5,31.1099,77.1716,2317.6,49.6,154.4,83.4,21.4,78.0,34.9,883.1,Clay Loam,HIGH_RISK
2,17.9469,73.5804,611.1,41.3,115.0,91.9,22.8,90.3,15.2,944.1,Weathered Granite,HIGH_RISK
10,11.5426,76.1245,953.8,42.3,9.8,10.4,17.2,63.2,9.4,892.4,Colluvium,SAFE
5,10.1548,77.0334,1766.4,54.0,99.7,81.9,14.3,56.3,13.7,1046.8,Weathered Granite,HIGH_RISK
3,17.9188,73.654,1404.5,34.8,51.54,60.9,29.3,87.1,28.3,875.8,Laterite,MODERATE_RISK
5,30.556,79.5582,1860.2,37.4,52.0,45.3,18.7,95.9,23.2,908.4,Weathered Granite,MODERATE_RISK
7,10.1673,77.0214,1635.9,47.6,180.4,78.7,16.6,48.1,14.9,915.3,Colluvium,HIGH_RISK
3,11.4,76.7143,1911.7,33.2,39.1,67.8,17.1,90.0,15.3,959.1,Colluvium,MODERATE_RISK
4,31.1124,77.1777,2264.5,52.0,157.03,72.0,20.4,67.9,27.2,933.2,Clay Loam,HIGH_RISK
2,12.4416,75.7235,1171.3,34.4,5.3,29.1,21.3,58.8,7.0,958.6,Residual Soil,SAFE
4,32.261,77.2089,2066.3,35.1,50.6,59.3,15.0,87.7,25.6,930.6,Weathered Granite,MODERATE_RISK
9,26.1806,91.7104,501.7,28.0,14.4,20.0,17.5,54.9,8.3,881.0,Clay Loam,SAFE
3,11.5281,76.1248,969.7,9.5,15.29,32.7,25.1,79.2,30.0,1035.0,Colluvium,SAFE
5,11.5452,76.1155,900.2,35.5,41.58,60.1,18.5,97.7,28.9,914.0,Colluvium,MODERATE_RISK
7,17.935,73.6556,1335.9,16.4,34.98,53.3,19.3,87.2,23.7,946.2,Colluvium,SAFE
9,10.1543,77.0285,1649.6,42.2,177.59,72.1,18.8,81.0,29.4,911.9,Colluvium,HIGH_RISK
6,10.1443,77.0151,1779.1,50.4,143.06,72.3,20.1,89.0,12.0,914.1,Weathered Granite,HIGH_RISK
4,9.683,76.9146,808.5,43.0,17.9,31.9,27.4,79.9,19.7,999.4,Laterite,SAFE
8,30.5558,79.5723,1862.6,37.8,48.73,54.6,22.2,62.8,18.5,1072.6,Weathered Granite,MODERATE_RISK
7,17.9715,73.5767,630.1,45.9,135.41,72.0,17.3,66.7,8.0,931.8,Colluvium,HIGH_RISK
1,30.5471,79.5551,1872.2,31.6,53.5,71.0,22.2,83.0,18.5,947.0,Sandy Loam,MODERATE_RISK
6,11.5518,76.1398,924.0,35.2,38.5,51.1,11.5,93.4,9.8,909.9,Colluvium,MODERATE_RISK
3,32.2546,77.1969,2043.5,6.5,41.5,29.1,20.5,76.3,27.6,940.3,Colluvium,SAFE
10,9.6973,76.9156,824.2,34.2,56.8,57.6,18.9,93.7,7.5,971.5,Laterite,MODERATE_RISK
1,31.1233,77.1895,2341.1,4.2,43.6,51.7,25.3,86.1,14.2,987.0,Laterite,SAFE
6,17.9591,73.6005,608.3,10.7,18.43,46.9,28.5,76.0,12.2,881.8,Colluvium,SAFE
2,11.3726,76.7152,1901.6,38.0,45.3,67.5,16.0,45.8,16.8,927.5,Weathered Granite,MODERATE_RISK
9,31.0857,77.1672,2239.6,54.5,149.49,73.8,21.5,81.3,33.7,894.9,Clay Loam,HIGH_RISK
4,26.1865,91.7084,475.7,36.6,52.0,48.2,17.1,60.5,14.1,962.3,Weathered Granite,MODERATE_RISK
1,11.3457,76.8075,1792.7,31.2,14.5,30.7,29.2,90.9,19.3,963.4,Weathered Granite,SAFE
1,11.5472,76.1158,936.3,36.9,55.5,61.6,19.4,90.8,5.4,949.3,Colluvium,MODERATE_RISK
10,31.0943,77.1724,2255.3,55.4,147.7,70.5,24.9,45.7,12.5,987.4,Clay Loam,HIGH_RISK
2,11.4064,76.0869,809.2,36.8,109.2,91.8,22.7,91.0,25.0,998.9,Laterite,HIGH_RISK
1,17.9691,73.5716,610.1,49.8,112.0,93.6,14.5,77.9,28.0,927.4,Colluvium,HIGH_RISK
8,11.4272,76.113,808.3,35.3,116.38,85.4,22.8,55.5,27.7,978.3,Laterite,HIGH_RISK
4,30.5684,79.5853,1895.6,34.2,52.2,67.3,19.9,81.5,9.6,963.9,Weathered Granite,MODERATE_RISK
7,10.1539,77.033,1799.9,48.4,138.7,79.9,22.4,60.4,6.0,895.4,Weathered Granite,HIGH_RISK
6,11.3355,76.79,1827.1,10.5,45.9,43.4,21.8,97.0,28.6,982.7,Sandy Loam,SAFE
7,11.3482,76.8099,1812.9,36.6,15.5,15.6,25.1,81.2,5.6,946.2,Weathered Granite,SAFE
7,11.4011,76.1083,795.0,39.9,112.2,91.4,13.8,88.8,10.3,969.4,Laterite,HIGH_RISK
1,10.1748,77.0352,1801.3,33.0,52.9,51.0,28.6,82.2,6.6,911.2,Weathered Granite,MODERATE_RISK
3,11.5051,76.1608,1015.9,32.6,51.43,59.7,20.1,95.2,26.2,945.7,Colluvium,MODERATE_RISK
7,26.1808,91.7019,453.6,35.6,45.1,50.2,24.9,77.9,7.9,935.4,Weathered Granite,MODERATE_RISK
8,12.4322,75.7281,1122.0,31.1,10.6,34.0,17.7,94.6,30.5,920.7,Residual Soil,SAFE
4,17.9703,73.5652,570.0,44.9,133.71,73.3,24.4,45.9,6.9,928.6,Colluvium,HIGH_RISK
5,11.5462,76.1451,934.3,38.8,161.21,94.1,19.0,82.3,34.8,912.0,Colluvium,HIGH_RISK
3,11.5345,76.1498,1053.8,36.7,57.5,56.5,23.1,45.7,29.6,926.3,Weathered Granite,MODERATE_RISK
9,12.423,75.7477,1102.7,4.7,49.2,16.8,20.9,63.5,11.3,941.6,Residual Soil,SAFE
2,11.3678,76.782,1868.7,35.5,57.4,56.3,15.7,85.5,6.3,983.6,Weathered Granite,MODERATE_RISK
5,11.5295,76.1269,1064.7,36.6,51.9,59.0,26.9,88.0,21.5,927.8,Weathered Granite,MODERATE_RISK
3,11.3964,76.7074,1937.6,36.7,50.22,51.5,20.0,86.1,7.8,914.6,Weathered Granite,MODERATE_RISK
2,11.3616,76.7813,1802.7,36.0,47.1,51.7,12.4,81.9,21.2,962.4,Weathered Granite,MODERATE_RISK
5,12.4395,75.7214,1186.3,34.9,15.6,16.2,24.6,75.9,11.9,978.8,Residual Soil,SAFE
8,26.88,88.1906,1722.1,38.7,124.69,87.1,16.3,91.4,24.3,953.6,Laterite,HIGH_RISK
3,9.6922,76.9232,855.4,6.3,42.57,36.2,17.2,89.6,24.2,883.0,Weathered Granite,SAFE
1,17.9075,73.6627,1388.2,6.3,35.3,27.9,19.0,93.1,13.6,922.6,Weathered Granite,SAFE
8,31.0988,77.1772,2295.3,48.6,148.5,90.4,23.4,71.3,10.8,979.5,Clay Loam,HIGH_RISK
6,32.2312,77.2023,2040.3,47.2,10.56,29.8,28.0,93.5,16.8,978.8,Colluvium,SAFE
8,11.5457,76.1413,926.2,6.2,40.26,33.3,25.6,64.3,30.9,927.0,Colluvium,SAFE
7,9.6854,76.9249,839.0,42.4,10.8,19.8,16.9,64.1,34.8,970.4,Laterite,SAFE
1,30.5381,79.5856,1876.6,47.7,168.9,94.9,16.6,51.1,30.6,905.3,Weathered Granite,HIGH_RISK
3,11.3934,76.719,1889.5,4.1,19.7,29.8,18.8,71.5,31.7,894.2,Residual Soil,SAFE
8,30.5358,79.5857,1855.9,43.7,14.63,23.1,16.5,69.0,8.6,943.3,Weathered Granite,SAFE
9,17.9488,73.5633,636.9,43.4,5.83,38.1,23.8,73.0,17.2,938.2,Colluvium,SAFE
7,17.9399,73.601,611.6,36.3,32.9,71.2,23.8,83.8,30.9,918.4,Weathered Granite,MODERATE_RISK
10,26.1515,91.6853,446.5,32.9,179.5,93.7,23.1,71.9,13.6,905.9,Clay Loam,HIGH_RISK
10,11.5342,76.1316,1069.7,37.5,40.7,69.8,24.3,91.0,28.2,954.8,Weathered Granite,MODERATE_RISK
5,9.7021,76.9289,769.3,34.6,54.3,47.6,21.0,82.7,19.9,984.2,Laterite,MODERATE_RISK
6,11.3404,76.8148,1850.6,43.6,136.95,72.6,29.2,61.2,18.4,982.6,Weathered Granite,HIGH_RISK
7,11.3919,76.7031,1893.7,43.4,141.0,78.4,22.9,83.6,11.2,983.9,Weathered Granite,HIGH_RISK
7,11.545,76.1502,960.4,14.2,29.7,59.1,18.1,58.7,6.8,955.9,Sandy Loam,SAFE
10,30.5649,79.554,1910.8,34.1,57.5,71.8,15.8,49.4,26.2,913.1,Weathered Granite,MODERATE_RISK
7,9.6754,76.9071,800.2,39.0,6.71,41.4,15.8,96.2,30.7,1001.2,Laterite,SAFE
2,17.9405,73.5934,645.5,37.9,44.4,66.2,15.2,92.9,29.6,926.2,Colluvium,MODERATE_RISK
8,17.9544,73.575,686.5,36.9,50.6,70.3,16.7,84.8,8.7,932.6,Sandy Loam,MODERATE_RISK
2,30.5589,79.5518,1857.6,15.4,7.59,46.1,13.8,94.9,31.5,919.7,Laterite,SAFE
8,11.5406,76.1276,977.0,7.4,11.8,24.3,18.7,63.3,18.5,1011.2,Weathered Granite,SAFE
2,17.9456,73.5955,651.3,42.5,156.37,72.7,28.3,84.7,17.2,1004.2,Colluvium,HIGH_RISK
1,26.9015,88.1971,1667.7,35.6,51.48,71.9,11.9,79.4,17.5,958.1,Laterite,MODERATE_RISK
5,26.8814,88.1723,1659.3,32.6,8.86,39.5,29.9,45.5,28.4,955.4,Laterite,SAFE
4,11.411,76.1119,791.8,37.5,47.0,60.1,26.1,95.3,21.6,924.6,Laterite,MODERATE_RISK
1,17.9273,73.6396,1389.4,42.4,170.7,79.4,19.3,68.2,25.2,936.3,Laterite,HIGH_RISK
7,10.1333,77.0083,1687.9,40.2,185.41,74.7,16.2,63.6,12.8,944.4,Colluvium,HIGH_RISK
4,11.3366,76.8137,1816.7,39.3,11.83,40.7,26.2,78.0,33.6,946.0,Weathered Granite,SAFE
5,30.5483,79.5629,1852.1,38.2,142.51,93.5,22.6,83.1,21.0,898.7,Weathered Granite,HIGH_RISK
2,10.1781,77.0119,1826.3,45.6,131.23,95.8,22.2,88.8,18.5,968.7,Weathered Granite,HIGH_RISK
6,26.8832,88.1812,1707.0,10.4,23.93,30.4,19.6,58.7,12.3,965.1,Clay Loam,SAFE
5,17.9671,73.5809,635.1,44.3,7.1,46.1,22.1,56.1,33.5,980.7,Colluvium,SAFE
7,26.9034,88.1923,1712.7,28.5,47.5,69.1,21.5,84.8,31.8,858.3,Laterite,MODERATE_RISK
9,11.5282,76.1366,996.7,41.5,166.0,95.0,17.4,57.8,31.0,967.1,Colluvium,HIGH_RISK
10,31.1125,77.1785,2301.3,35.9,57.3,58.3,18.5,90.1,21.6,971.2,Clay Loam,MODERATE_RISK
7,26.1514,91.6918,452.2,29.6,12.54,40.1,16.3,90.0,14.4,980.8,Clay Loam,SAFE
7,11.5263,76.1334,1054.3,52.2,127.27,87.8,19.2,80.4,22.5,933.5,Weathered Granite,HIGH_RISK
4,26.8968,88.1872,1722.7,37.3,16.8,41.9,18.6,88.1,23.6,928.2,Laterite,SAFE
1,17.9329,73.666,1300.0,35.6,139.98,78.5,17.9,86.2,15.8,978.2,Laterite,HIGH_RISK
9,11.3758,76.7219,1985.8,31.5,57.2,66.8,13.2,60.4,24.4,985.7,Weathered Granite,MODERATE_RISK
5,11.3657,76.7813,1905.2,17.5,43.67,28.4,17.4,97.6,17.3,962.7,Colluvium,SAFE
5,11.5475,76.13,1007.4,37.4,7.7,33.7,18.0,66.9,29.8,903.2,Colluvium,SAFE
6,17.9362,73.6514,1362.9,36.1,35.8,64.2,23.4,92.9,24.6,959.3,Weathered Granite,MODERATE_RISK
7,32.2357,77.1826,2044.1,9.3,19.14,38.4,17.6,59.4,6.7,1033.4,Clay Loam,SAFE
2,26.1734,91.6958,388.9,34.2,12.2,46.0,18.7,65.2,9.5,943.6,Clay Loam,SAFE
2,11.4149,76.1128,779.3,11.1,40.0,28.4,23.7,77.2,24.1,898.6,Colluvium,SAFE
3,26.8994,88.173,1710.5,30.2,157.91,90.6,23.8,74.7,8.0,885.7,Colluvium,HIGH_RISK
9,10.1589,77.0329,1773.2,4.2,41.7,61.8,21.5,52.7,12.3,963.6,Sandy Loam,SAFE
4,26.9032,88.201,1639.8,37.8,54.1,64.1,21.2,80.2,18.1,995.5,Laterite,MODERATE_RISK
10,11.3331,76.792,1819.3,35.9,56.8,68.2,19.4,60.3,14.5,979.7,Weathered Granite,MODERATE_RISK
3,10.1677,77.0215,1627.7,50.0,86.3,91.2,18.6,65.8,8.1,1032.7,Colluvium,HIGH_RISK
7,11.5073,76.1488,1102.0,35.6,52.0,68.9,16.0,73.1,11.4,957.7,Weathered Granite,MODERATE_RISK
9,11.3746,76.7157,1926.3,36.7,42.52,55.6,24.1,66.5,18.7,1002.9,Weathered Granite,MODERATE_RISK
6,10.1646,77.0295,1628.7,15.1,24.53,24.1,18.3,53.3,34.1,938.9,Residual Soil,SAFE
3,17.9219,73.6613,1356.9,37.1,37.84,46.3,21.5,86.1,22.0,953.8,Weathered Granite,MODERATE_RISK
10,10.1649,77.008,1806.4,54.2,145.4,95.3,19.8,78.5,6.2,979.0,Weathered Granite,HIGH_RISK
6,10.146,77.0319,1812.2,6.5,43.8,38.9,24.4,68.6,11.1,975.1,Sandy Loam,SAFE
4,17.9136,73.6477,1359.8,17.1,48.6,34.4,16.8,86.9,15.0,1033.9,Weathered Granite,SAFE
4,11.3346,76.8083,1879.2,37.1,49.8,67.5,18.1,53.0,8.2,937.6,Clay Loam,MODERATE_RISK
7,17.9502,73.5887,606.6,13.7,41.1,54.4,24.0,60.7,15.3,924.3,Residual Soil,SAFE
1,11.5481,76.1409,919.3,35.2,14.9,25.0,14.7,89.8,19.8,987.6,Colluvium,SAFE
1,10.158,77.0366,1673.5,47.6,9.02,36.3,18.9,65.2,25.7,926.8,Colluvium,SAFE
10,10.1577,76.997,1668.5,42.3,158.9,92.0,18.6,71.3,7.1,955.4,Colluvium,HIGH_RISK
5,11.5715,76.1327,946.8,35.2,16.6,36.9,19.0,75.7,18.6,941.5,Colluvium,SAFE
10,11.3688,76.776,1889.1,41.4,11.1,42.0,16.4,49.2,10.5,1005.3,Weathered Granite,SAFE
3,11.5183,76.1462,976.8,15.5,43.4,44.1,23.5,59.9,9.2,904.1,Sandy Loam,SAFE
7,9.6714,76.9187,818.0,41.5,167.03,75.2,21.4,49.0,17.2,1005.2,Laterite,HIGH_RISK
10,30.5676,79.5843,1840.2,38.7,170.7,84.9,23.0,61.6,18.6,971.5,Weathered Granite,HIGH_RISK
8,9.6689,76.8977,893.3,42.2,158.02,90.5,26.5,57.0,25.5,1001.4,Laterite,HIGH_RISK
9,11.4196,76.1204,786.7,35.1,43.6,71.7,19.8,65.2,34.7,909.9,Laterite,MODERATE_RISK
9,32.2396,77.1999,2055.7,36.2,48.9,52.6,16.8,90.0,22.6,968.5,Colluvium,MODERATE_RISK
3,30.5461,79.5586,1904.7,36.2,52.2,49.3,14.8,84.6,21.4,928.2,Weathered Granite,MODERATE_RISK
8,30.55,79.5535,1843.3,33.2,49.34,63.6,20.9,84.9,23.8,892.4,Weathered Granite,MODERATE_RISK
8,12.412,75.7211,1197.3,37.2,48.0,69.7,19.4,83.4,32.1,936.3,Colluvium,MODERATE_RISK
6,10.1587,77.007,1784.9,53.4,186.78,88.4,17.7,74.2,32.1,965.6,Weathered Granite,HIGH_RISK
3,30.5356,79.5857,1833.4,11.1,31.13,25.2,15.1,52.7,30.7,961.8,Colluvium,SAFE
9,11.5691,76.1214,896.7,41.8,135.8,92.4,20.9,65.3,14.6,925.2,Colluvium,HIGH_RISK
6,10.1659,77.0006,1670.6,35.2,28.6,63.0,22.4,83.0,18.1,883.7,Colluvium,MODERATE_RISK
10,30.5677,79.568,1878.0,46.1,181.89,90.2,17.5,87.7,29.5,953.2,Weathered Granite,HIGH_RISK
1,11.5515,76.1168,1001.6,9.6,25.91,26.1,23.7,57.6,5.9,904.2,Colluvium,SAFE
9,30.5475,79.5726,1843.8,38.0,52.2,54.7,19.7,52.5,14.1,892.0,Weathered Granite,MODERATE_RISK
4,11.5323,76.1558,1033.4,45.8,128.0,74.3,24.3,78.4,7.4,1004.0,Weathered Granite,HIGH_RISK
8,11.4258,76.116,769.3,15.8,37.9,28.6,23.4,65.6,20.0,935.0,Laterite,SAFE
8,11.5344,76.1488,980.9,36.9,3.3,18.6,20.8,90.0,33.6,913.3,Colluvium,SAFE
4,32.2421,77.191,2049.2,37.4,41.0,64.6,22.2,95.9,10.2,971.0,Colluvium,MODERATE_RISK
9,32.2543,77.1702,2151.2,44.8,17.9,46.4,18.8,47.2,14.4,946.4,Colluvium,SAFE
3,10.1571,77.0247,1754.7,13.1,10.5,36.5,17.8,97.8,16.0,905.3,Sandy Loam,SAFE
3,10.1539,77.0213,1632.0,40.3,10.8,28.5,17.7,69.6,33.9,976.7,Colluvium,SAFE
5,11.5339,76.1454,967.5,41.0,179.85,87.8,29.7,66.2,28.1,975.5,Colluvium,HIGH_RISK
1,31.1053,77.1698,2259.8,13.2,37.62,47.0,23.1,93.6,11.9,955.5,Sandy Loam,SAFE
1,17.9541,73.5832,631.9,37.6,46.04,52.0,20.5,87.7,22.3,916.0,Colluvium,MODERATE_RISK
3,11.5348,76.1263,975.2,37.1,27.94,62.5,19.6,91.1,15.3,982.1,Colluvium,MODERATE_RISK
5,11.4003,76.6952,1962.6,33.5,48.45,48.4,21.4,84.9,30.7,921.7,Weathered Granite,MODERATE_RISK
6,10.1555,77.0334,1645.6,34.1,55.6,47.8,21.8,86.8,15.4,950.6,Colluvium,MODERATE_RISK
5,11.3354,76.7853,1808.8,33.5,48.2,50.3,25.5,95.1,6.4,966.6,Weathered Granite,MODERATE_RISK
4,11.3541,76.8102,1794.4,34.2,56.6,50.9,19.8,87.5,19.7,917.7,Weathered Granite,MODERATE_RISK
1,9.7027,76.9142,837.5,41.3,164.3,77.4,17.7,73.9,13.2,972.3,Laterite,HIGH_RISK
6,10.154,77.0335,1679.4,51.8,153.3,90.6,20.3,90.5,27.3,911.9,Colluvium,HIGH_RISK
6,11.5137,76.1558,1043.4,51.6,150.26,87.2,23.6,73.8,26.1,896.4,Weathered Granite,HIGH_RISK
2,11.4247,76.0978,846.6,40.6,133.82,83.7,21.8,77.6,23.0,961.4,Colluvium,HIGH_RISK
7,11.5386,76.1287,979.0,40.6,15.3,15.3,25.1,45.3,12.9,882.8,Colluvium,SAFE
6,9.6966,76.9307,851.3,38.0,13.64,30.9,19.8,65.2,29.9,1006.5,Laterite,SAFE
1,11.5703,76.1131,893.0,10.4,19.75,24.6,18.6,97.5,19.2,998.6,Residual Soil,SAFE
8,11.5102,76.1433,1038.8,30.3,49.2,68.8,11.5,91.2,16.9,955.8,Weathered Granite,MODERATE_RISK
4,10.1664,77.0041,1669.3,48.4,177.9,85.9,15.6,53.7,29.7,958.3,Colluvium,HIGH_RISK
8,30.5739,79.5497,1905.8,32.3,51.76,57.1,11.8,75.3,7.5,957.0,Weathered Granite,MODERATE_RISK
8,26.1481,91.7195,440.4,37.2,10.0,27.0,18.2,47.7,24.2,925.0,Clay Loam,SAFE
7,11.5224,76.1459,1040.4,29.8,56.8,67.8,21.0,86.4,12.6,984.5,Colluvium,MODERATE_RISK
9,11.5403,76.133,938.7,43.3,15.68,43.6,19.9,67.4,14.2,922.0,Colluvium,SAFE
1,17.9447,73.5626,559.9,37.8,50.99,49.2,19.0,71.6,17.2,960.5,Colluvium,MODERATE_RISK
7,11.5181,76.1209,925.5,38.6,141.0,95.0,27.9,77.8,29.4,965.0,Colluvium,HIGH_RISK
9,12.4392,75.7548,1170.1,43.6,159.34,80.7,18.9,78.6,26.8,960.5,Weathered Granite,HIGH_RISK
4,10.1393,76.9982,1615.1,37.0,56.3,71.9,12.7,76.1,26.4,888.1,Weathered Granite,MODERATE_RISK
5,32.2244,77.1777,2070.1,49.4,156.8,95.8,15.9,96.7,20.9,962.2,Colluvium,HIGH_RISK
5,32.2295,77.1714,2026.4,41.1,144.2,77.9,26.8,61.6,27.9,963.6,Colluvium,HIGH_RISK
8,11.4094,76.1076,758.3,41.2,173.53,74.7,24.8,80.7,23.0,923.5,Weathered Granite,HIGH_RISK
9,11.535,76.1147,942.6,38.0,44.0,53.2,19.6,97.0,5.4,957.7,Colluvium,MODERATE_RISK
2,11.3644,76.7866,1855.7,37.9,47.9,70.0,23.9,82.3,16.9,900.6,Weathered Granite,MODERATE_RISK
2,17.9327,73.662,1320.8,38.8,5.5,45.4,22.9,96.8,26.5,953.0,Laterite,SAFE
6,9.7032,76.9094,845.5,35.9,50.88,68.6,23.4,78.8,24.3,918.3,Weathered Granite,MODERATE_RISK
1,11.3956,76.7311,1909.0,42.3,16.6,12.0,16.7,70.1,12.1,949.2,Weathered Granite,SAFE
8,31.0919,77.1657,2293.2,48.2,150.5,72.4,20.6,87.1,6.2,1003.1,Clay Loam,HIGH_RISK
3,11.521,76.1346,989.3,46.3,163.3,82.9,21.4,54.0,6.3,940.5,Colluvium,HIGH_RISK
6,26.8796,88.1994,1731.1,34.8,10.67,10.2,18.8,88.2,12.2,954.5,Laterite,SAFE
7,11.5237,76.1613,1052.8,37.4,27.06,66.9,18.7,94.6,20.3,891.4,Weathered Granite,MODERATE_RISK
1,12.4099,75.7205,1210.7,31.5,13.86,31.4,16.0,62.5,26.5,937.8,Residual Soil,SAFE
8,11.5171,76.1582,1049.6,52.5,136.51,82.7,18.6,69.4,22.6,995.4,Weathered Granite,HIGH_RISK
9,9.6853,76.9181,842.0,11.0,25.9,58.1,22.7,71.1,6.2,971.8,Residual Soil,SAFE
10,17.9482,73.5691,620.7,45.5,169.3,77.0,12.4,51.4,17.2,912.6,Colluvium,HIGH_RISK
6,11.3365,76.7776,1802.3,8.4,49.4,19.8,19.6,62.0,19.3,989.1,Laterite,SAFE
5,26.8852,88.1706,1659.0,9.1,44.2,24.0,22.4,50.6,6.5,947.8,Sandy Loam,SAFE
5,26.9061,88.1857,1720.7,33.8,46.42,59.8,21.0,47.0,33.7,939.0,Weathered Granite,MODERATE_RISK
1,17.945,73.6727,1371.7,43.1,143.1,86.4,11.6,57.7,22.2,990.3,Laterite,HIGH_RISK
1,26.1819,91.6857,489.7,27.3,13.4,33.1,23.1,59.0,5.8,1056.0,Clay Loam,SAFE
9,26.8771,88.1674,1669.4,40.1,154.44,87.7,13.5,63.3,9.5,907.7,Laterite,HIGH_RISK
5,31.1097,77.1837,2240.2,51.7,16.7,25.3,20.9,61.9,21.7,948.3,Clay Loam,SAFE
5,10.1494,77.0231,1767.7,47.0,14.96,20.5,15.9,53.2,9.7,971.4,Weathered Granite,SAFE
7,9.6738,76.9287,820.4,38.7,181.39,80.3,23.2,47.3,22.2,950.7,Laterite,HIGH_RISK
9,30.567,79.5493,1903.2,44.0,131.5,75.0,24.1,89.2,5.3,873.9,Weathered Granite,HIGH_RISK
3,17.9735,73.5961,642.7,6.9,17.71,47.8,19.2,63.2,25.0,946.2,Colluvium,SAFE
3,17.9511,73.5794,615.3,41.1,167.2,95.1,11.7,47.8,25.1,959.7,Clay Loam,HIGH_RISK
10,31.085,77.1886,2260.7,49.2,4.1,17.8,19.0,49.6,21.7,944.4,Clay Loam,SAFE
8,17.9611,73.5786,561.8,32.5,50.6,46.1,21.7,97.8,21.3,981.8,Colluvium,MODERATE_RISK
1,17.9164,73.6484,1304.4,29.1,4.02,14.2,22.7,88.4,14.8,916.4,Laterite,SAFE
1,10.1751,77.0116,1780.6,47.8,155.21,92.3,20.4,50.1,16.3,903.7,Weathered Granite,HIGH_RISK
10,11.5132,76.1549,1015.4,12.0,49.1,37.4,21.8,76.7,26.2,893.7,Laterite,SAFE
6,11.519,76.1234,917.8,41.4,159.61,84.3,23.8,91.2,31.5,859.6,Colluvium,HIGH_RISK
9,26.1714,91.6815,493.6,37.7,50.8,65.9,24.5,89.7,22.1,949.2,Clay Loam,MODERATE_RISK
1,12.4047,75.7391,1158.8,33.0,11.4,17.9,21.9,62.2,28.0,971.3,Residual Soil,SAFE
6,11.5598,76.1367,915.9,45.9,128.1,92.2,22.3,63.5,20.6,912.7,Weathered Granite,HIGH_RISK
2,10.1361,77.0207,1590.1,45.4,143.77,74.2,16.6,69.2,18.5,941.9,Colluvium,HIGH_RISK
4,11.3904,76.7149,1906.1,36.0,178.6,89.5,24.5,66.9,8.4,926.7,Weathered Granite,HIGH_RISK
5,17.9264,73.6454,1349.1,34.6,2.4,26.2,21.3,86.9,31.2,889.3,Laterite,SAFE
7,11.3439,76.7884,1843.6,32.8,15.35,19.9,23.1,87.9,6.2,1016.9,Weathered Granite,SAFE
9,30.5641,79.5845,1869.2,36.9,46.64,66.4,15.6,49.4,11.9,1015.8,Weathered Granite,MODERATE_RISK
5,10.1676,77.0301,1732.7,30.6,43.56,55.4,20.1,90.9,28.9,880.7,Weathered Granite,MODERATE_RISK
8,11.5701,76.1162,930.7,37.2,17.7,46.8,17.3,64.7,14.5,902.1,Colluvium,SAFE
9,10.1524,76.9978,1647.6,45.2,4.7,18.3,20.9,81.8,29.3,988.2,Colluvium,SAFE
6,30.5734,79.5807,1883.7,49.7,166.1,88.2,9.4,91.4,12.7,907.7,Colluvium,HIGH_RISK
4,17.9404,73.5701,646.2,36.8,55.9,57.2,24.3,96.9,27.1,958.5,Colluvium,MODERATE_RISK
8,11.5685,76.1224,919.7,38.5,185.57,89.3,23.2,82.3,28.1,948.3,Colluvium,HIGH_RISK
4,11.3731,76.6991,1875.4,36.8,57.6,51.4,16.9,90.4,17.2,953.5,Weathered Granite,MODERATE_RISK
9,10.1472,77.035,1865.7,35.3,54.1,69.9,23.4,93.7,20.8,943.9,Weathered Granite,MODERATE_RISK
5,31.0885,77.1698,2315.0,55.3,9.2,38.6,18.1,61.8,12.8,927.3,Clay Loam,SAFE
6,17.9714,73.5987,628.9,43.0,117.98,72.7,24.4,67.0,23.4,995.9,Colluvium,HIGH_RISK
3,31.102,77.1881,2215.0,46.3,161.87,82.5,17.0,84.1,27.5,961.1,Clay Loam,HIGH_RISK
4,11.5355,76.1448,1016.1,45.9,182.49,93.5,22.8,55.0,6.6,901.2,Laterite,HIGH_RISK
10,32.2491,77.1985,2037.5,37.0,42.9,59.6,19.5,85.9,15.7,972.2,Colluvium,MODERATE_RISK
5,11.383,76.7068,1899.4,42.7,141.57,94.6,24.8,55.1,19.8,929.3,Weathered Granite,HIGH_RISK
5,30.5451,79.5717,1842.6,40.3,102.74,80.7,24.0,47.5,9.2,901.2,Weathered Granite,HIGH_RISK
7,12.4442,75.7337,1144.0,34.9,2.3,35.7,18.9,84.9,11.6,971.8,Residual Soil,SAFE
10,26.895,88.1908,1712.9,36.0,52.6,55.7,18.3,66.1,23.8,888.6,Laterite,MODERATE_RISK
1,26.1759,91.7142,423.2,33.1,52.1,66.7,14.3,56.8,25.0,947.9,Weathered Granite,MODERATE_RISK
2,11.5116,76.1542,966.0,6.2,34.8,26.9,22.2,61.6,23.2,949.2,Clay Loam,SAFE
8,11.5626,76.1206,926.7,9.3,40.43,63.7,25.3,69.3,15.7,945.3,Clay Loam,SAFE
8,11.4195,76.0976,841.3,43.4,178.4,91.7,20.1,61.2,28.9,986.9,Laterite,HIGH_RISK
7,10.1378,77.0114,1645.7,34.8,30.9,65.4,20.9,95.9,12.4,944.3,Colluvium,MODERATE_RISK
6,17.9123,73.6393,1359.9,39.3,171.05,93.0,22.2,95.0,28.3,1006.3,Laterite,HIGH_RISK
10,11.4172,76.1143,823.6,41.0,129.4,76.2,26.2,78.3,23.9,908.7,Laterite,HIGH_RISK
10,30.544,79.5845,1919.1,37.3,36.96,71.4,16.5,73.5,18.0,972.9,Weathered Granite,MODERATE_RISK
6,31.12,77.1784,2257.7,49.1,11.44,17.7,18.7,69.2,11.6,988.5,Clay Loam,SAFE
3,10.1579,77.0212,1680.1,32.3,52.2,49.0,17.8,80.4,13.8,953.2,Colluvium,MODERATE_RISK
2,26.1602,91.7193,456.9,34.9,129.97,82.0,19.3,67.6,26.1,934.3,Clay Loam,HIGH_RISK
8,17.9632,73.5869,591.3,50.5,175.94,86.2,14.1,53.5,16.9,890.2,Clay Loam,HIGH_RISK
5,11.3688,76.7808,1846.9,34.3,24.7,61.1,19.1,93.5,19.4,963.4,Weathered Granite,MODERATE_RISK
4,17.9522,73.5624,663.9,8.7,32.1,42.3,13.0,75.2,27.5,901.7,Laterite,SAFE
1,10.1675,77.0063,1635.8,14.1,27.72,33.0,21.5,74.9,14.8,919.9,Colluvium,SAFE
5,11.3364,76.8103,1841.5,40.6,116.77,91.6,22.2,79.5,18.1,934.5,Clay Loam,HIGH_RISK
3,26.8884,88.1747,1699.4,40.2,161.5,85.2,17.1,50.3,34.7,1016.5,Laterite,HIGH_RISK
6,9.6903,76.9325,850.2,17.3,26.07,63.1,14.0,75.1,34.5,946.7,Sandy Loam,SAFE
10,30.5641,79.5711,1877.6,44.9,164.94,78.5,19.3,63.7,21.4,928.8,Weathered Granite,HIGH_RISK
8,17.9111,73.6462,1383.9,10.8,38.3,25.7,20.2,97.5,24.7,941.8,Sandy Loam,SAFE
7,30.5473,79.5813,1909.1,38.0,42.3,58.8,12.7,85.2,24.2,972.9,Weathered Granite,MODERATE_RISK
6,30.5507,79.5643,1875.9,41.1,173.42,77.7,26.2,53.3,14.4,964.6,Weathered Granite,HIGH_RISK
8,17.9411,73.5903,601.0,36.1,51.1,68.6,17.0,91.4,22.0,925.6,Colluvium,MODERATE_RISK
3,17.9586,73.5938,648.6,36.0,51.3,56.1,18.9,73.5,21.0,963.5,Colluvium,MODERATE_RISK
6,26.8949,88.1937,1725.8,31.4,13.2,46.2,21.7,93.9,20.6,976.2,Laterite,SAFE
4,11.5393,76.1128,983.3,30.8,14.2,37.3,16.2,88.7,11.3,921.6,Colluvium,SAFE
7,10.1622,77.0112,1749.2,55.1,141.29,91.0,10.6,59.0,34.9,936.4,Weathered Granite,HIGH_RISK
2,10.1467,77.0303,1787.4,46.5,167.2,91.8,15.6,91.0,10.7,979.0,Colluvium,HIGH_RISK
8,9.6987,76.8999,841.5,46.8,133.82,94.7,23.9,94.6,31.9,975.0,Laterite,HIGH_RISK
5,11.5113,76.1425,1038.2,49.5,180.62,77.8,12.4,47.7,11.1,951.6,Weathered Granite,HIGH_RISK
3,11.3485,76.8082,1850.5,38.8,8.69,20.1,21.6,77.5,10.6,997.7,Weathered Granite,SAFE
10,31.1133,77.181,2229.4,52.3,175.9,72.8,12.0,84.3,7.9,988.3,Clay Loam,HIGH_RISK
5,17.9685,73.5668,591.6,45.0,117.59,72.9,18.8,74.0,16.7,969.0,Colluvium,HIGH_RISK
8,11.5422,76.1412,940.0,35.9,159.1,77.7,15.3,86.5,7.6,988.1,Colluvium,HIGH_RISK
2,11.5058,76.133,1051.8,43.8,9.41,19.9,28.6,87.3,25.9,986.0,Weathered Granite,SAFE
2,10.1765,77.0421,1782.9,33.3,41.5,71.1,17.0,58.6,12.4,987.8,Weathered Granite,MODERATE_RISK
10,30.5696,79.5702,1910.4,40.3,17.2,19.2,18.5,91.1,13.5,921.4,Weathered Granite,SAFE
8,11.4069,76.1115,795.7,38.8,123.5,76.4,25.9,75.2,13.9,957.3,Colluvium,HIGH_RISK
3,11.5381,76.1271,926.0,40.7,13.3,28.9,17.4,78.9,12.7,961.9,Colluvium,SAFE
9,11.3403,76.7894,1882.6,35.3,55.8,47.0,19.5,86.1,19.6,916.9,Weathered Granite,MODERATE_RISK
2,9.6892,76.9336,785.0,36.5,39.7,52.5,20.5,81.5,16.0,926.1,Clay Loam,MODERATE_RISK
4,10.17,77.0275,1652.4,36.5,44.88,68.2,21.6,80.6,6.7,898.3,Colluvium,MODERATE_RISK
6,32.2433,77.1869,2058.0,47.9,162.3,86.1,20.5,95.4,15.0,903.8,Colluvium,HIGH_RISK
7,17.9473,73.5739,595.9,36.8,49.55,61.1,28.4,71.9,20.8,940.0,Colluvium,MODERATE_RISK
2,11.3896,76.7263,1917.1,37.1,54.4,70.3,12.9,69.3,12.9,920.2,Weathered Granite,MODERATE_RISK
1,11.3955,76.7278,1909.7,41.9,172.1,80.8,16.5,49.8,5.2,981.7,Weathered Granite,HIGH_RISK
2,17.9373,73.6546,1322.7,42.9,181.12,79.9,27.7,65.0,34.1,944.5,Laterite,HIGH_RISK
9,11.3968,76.0979,724.4,40.0,161.4,87.5,24.9,51.5,9.5,927.1,Colluvium,HIGH_RISK
3,11.5678,76.1131,931.3,16.5,25.0,43.8,21.2,53.0,30.5,886.3,Clay Loam,SAFE
9,26.1863,91.7064,433.6,37.3,113.0,93.9,17.7,74.0,14.2,1002.8,Clay Loam,HIGH_RISK
2,26.9077,88.1869,1679.6,37.9,57.3,60.3,20.7,80.8,32.6,968.5,Laterite,MODERATE_RISK
6,17.9699,73.5959,673.4,45.1,155.2,90.9,16.6,87.3,21.2,1007.4,Colluvium,HIGH_RISK
9,11.547,76.1264,1020.3,37.5,37.0,63.2,22.9,82.5,32.7,900.3,Colluvium,MODERATE_RISK
7,32.2523,77.1805,2006.3,45.5,7.4,27.1,16.8,75.2,33.8,965.4,Colluvium,SAFE
9,32.249,77.1985,2057.3,32.8,56.1,68.0,17.1,84.2,8.2,932.2,Sandy Loam,MODERATE_RISK
3,31.1027,77.1628,2275.8,34.3,49.6,62.8,26.3,92.5,21.7,925.8,Weathered Granite,MODERATE_RISK
6,11.352,76.7986,1884.8,10.6,31.1,37.5,20.5,47.6,30.0,930.6,Laterite,SAFE
2,11.5075,76.1576,986.0,35.8,57.6,57.9,12.6,96.9,24.8,923.9,Weathered Granite,MODERATE_RISK
10,26.8878,88.1938,1667.3,37.5,50.0,65.0,25.4,97.6,32.6,993.6,Weathered Granite,MODERATE_RISK
7,17.9362,73.5652,671.2,7.1,35.3,55.0,16.7,50.0,16.7,916.0,Clay Loam,SAFE
7,11.506,76.1284,1033.4,16.4,21.6,58.7,17.3,96.2,19.3,1025.0,Residual Soil,SAFE
4,9.7033,76.9185,856.1,44.6,143.5,71.5,18.2,67.2,28.3,945.0,Laterite,HIGH_RISK
1,11.3924,76.7074,1929.0,47.8,98.7,94.0,23.9,50.6,11.0,907.9,Colluvium,HIGH_RISK
8,31.0887,77.1673,2241.9,55.3,176.6,85.2,23.3,82.6,34.7,936.0,Clay Loam,HIGH_RISK
1,10.1348,77.031,1689.4,36.9,55.5,71.8,17.7,96.5,7.8,925.4,Colluvium,MODERATE_RISK
3,17.9395,73.6604,1396.5,42.1,174.62,76.2,20.8,49.7,26.7,885.8,Laterite,HIGH_RISK
7,26.8863,88.1844,1745.7,38.6,15.6,11.2,21.2,52.2,34.0,855.3,Laterite,SAFE
7,17.9684,73.5691,675.1,49.4,148.28,83.6,17.6,77.8,20.0,955.1,Weathered Granite,HIGH_RISK
3,11.5543,76.1245,944.1,36.8,50.93,61.1,19.9,45.4,13.9,931.2,Colluvium,MODERATE_RISK
3,32.2328,77.184,2037.3,44.3,148.17,93.4,19.0,64.2,17.8,973.8,Colluvium,HIGH_RISK
4,11.5143,76.1371,1055.6,34.1,50.5,57.1,23.0,89.6,23.8,936.7,Weathered Granite,MODERATE_RISK
6,11.5196,76.1383,1059.4,44.0,11.72,35.2,19.1,73.9,18.4,916.6,Weathered Granite,SAFE
3,11.5325,76.1467,971.9,45.7,174.3,70.5,17.8,46.0,16.7,876.4,Colluvium,HIGH_RISK
3,11.5574,76.1337,902.6,41.8,183.21,95.4,21.8,77.6,17.0,936.2,Colluvium,HIGH_RISK
1,10.1597,77.018,1811.8,35.1,50.6,59.4,16.2,97.9,26.8,956.2,Weathered Granite,MODERATE_RISK
7,26.8764,88.1897,1650.4,29.9,54.6,66.7,13.5,80.4,25.1,981.4,Laterite,MODERATE_RISK
8,10.1637,77.0314,1711.8,44.0,5.1,12.6,20.9,82.7,19.3,964.6,Colluvium,SAFE
9,11.5104,76.1582,1103.6,18.0,46.9,56.3,15.6,65.0,20.2,980.2,Sandy Loam,SAFE
7,11.5041,76.1513,1080.4,8.8,35.5,34.9,9.9,58.4,34.5,990.2,Colluvium,SAFE
3,10.1445,77.0208,1771.7,37.2,37.0,56.8,18.5,89.4,27.8,878.7,Weathered Granite,MODERATE_RISK
7,26.8824,88.1746,1715.3,34.9,55.4,55.0,18.6,78.6,34.5,893.5,Weathered Granite,MODERATE_RISK
2,10.1678,77.0362,1737.6,37.1,43.67,70.7,16.2,93.6,9.4,923.0,Colluvium,MODERATE_RISK
10,11.5403,76.1386,982.3,33.0,44.2,61.9,15.4,86.9,26.5,949.5,Colluvium,MODERATE_RISK
5,12.4308,75.7391,1168.1,39.5,15.84,30.9,18.6,60.9,27.4,925.4,Residual Soil,SAFE
6,30.5728,79.5826,1882.5,42.1,17.2,41.6,20.6,86.6,17.1,923.5,Weathered Granite,SAFE
1,11.5399,76.1254,894.5,39.7,114.51,86.6,25.4,80.6,19.3,991.1,Colluvium,HIGH_RISK
8,31.1106,77.1856,2250.2,45.4,124.85,95.0,21.9,71.5,25.0,912.7,Clay Loam,HIGH_RISK
6,10.1457,77.0417,1828.0,5.1,24.2,15.1,14.7,73.7,31.2,941.0,Laterite,SAFE
9,11.52,76.139,992.8,11.0,33.4,44.4,23.9,74.4,26.5,934.5,Clay Loam,SAFE
3,11.514,76.1339,970.6,41.2,15.35,28.5,22.1,70.0,14.7,977.5,Colluvium,SAFE
9,11.3604,76.7956,1843.4,39.8,101.2,90.3,9.5,90.3,24.2,963.2,Weathered Granite,HIGH_RISK
2,9.7001,76.8976,800.0,35.4,36.2,71.4,23.3,95.4,20.2,924.7,Laterite,MODERATE_RISK
7,10.1617,77.0393,1761.8,44.8,14.4,38.2,17.1,48.3,9.4,935.4,Weathered Granite,SAFE
8,32.2391,77.2043,2030.3,46.9,152.5,77.4,20.8,65.9,24.5,908.9,Laterite,HIGH_RISK
3,32.2568,77.1992,2001.8,34.4,49.3,47.3,19.0,88.8,24.7,887.9,Colluvium,MODERATE_RISK
5,11.4192,76.1016,720.6,36.0,8.2,26.9,24.6,84.7,19.1,989.4,Laterite,SAFE
4,12.4264,75.724,1135.8,35.6,50.88,66.6,23.1,94.7,19.4,947.4,Laterite,MODERATE_RISK
9,10.1779,77.0252,1787.9,10.9,21.7,37.4,20.0,78.7,29.2,901.9,Laterite,SAFE
4,17.9286,73.6702,1290.5,37.3,28.49,54.6,22.2,84.4,35.0,882.7,Weathered Granite,MODERATE_RISK
9,17.9349,73.6532,1342.9,39.0,150.09,72.3,20.9,67.8,21.1,931.1,Colluvium,HIGH_RISK
4,10.1514,77.0064,1780.9,53.9,88.72,81.5,16.9,51.7,7.0,966.7,Weathered Granite,HIGH_RISK
1,10.1759,77.0071,1784.4,29.4,45.93,66.8,21.3,80.5,13.9,982.5,Weathered Granite,MODERATE_RISK
7,10.149,77.0275,1608.7,49.9,173.4,80.3,16.7,94.9,17.4,936.8,Colluvium,HIGH_RISK
9,10.1566,77.0065,1601.8,51.9,99.1,75.8,18.6,79.1,20.0,934.3,Colluvium,HIGH_RISK
8,30.5359,79.5468,1884.7,37.3,56.4,49.2,25.4,90.1,23.1,945.5,Weathered Granite,MODERATE_RISK
1,11.4027,76.695,1964.3,29.2,53.8,66.7,33.0,92.8,15.7,951.2,Weathered Granite,MODERATE_RISK
6,32.224,77.1924,2036.0,45.1,178.2,86.7,26.3,50.8,15.3,1055.7,Colluvium,HIGH_RISK
1,11.3782,76.702,1950.2,37.2,137.61,88.6,23.2,88.4,33.6,973.4,Weathered Granite,HIGH_RISK
4,26.8757,88.1899,1694.5,4.3,27.5,22.2,23.2,92.3,25.7,910.3,Residual Soil,SAFE
4,10.1561,76.9978,1630.1,4.2,35.8,44.1,21.0,85.4,21.3,932.2,Colluvium,SAFE
4,26.8719,88.1833,1703.0,35.9,15.4,26.8,24.1,75.9,32.3,976.1,Laterite,SAFE
7,10.1321,77.0111,1680.2,37.7,51.7,60.2,13.4,76.7,5.4,946.2,Colluvium,MODERATE_RISK
2,17.9288,73.649,1301.5,37.8,39.66,54.8,22.2,81.1,21.0,938.7,Laterite,MODERATE_RISK
8,11.4078,76.0987,771.9,36.0,50.9,59.3,23.7,87.6,11.3,931.7,Laterite,MODERATE_RISK
1,11.3956,76.6988,1917.1,37.4,12.4,34.0,18.9,65.7,30.1,979.3,Weathered Granite,SAFE
1,11.4145,76.1151,780.6,40.0,183.09,93.0,16.5,96.4,10.9,955.0,Clay Loam,HIGH_RISK
6,11.5091,76.1363,1086.4,29.3,51.7,67.9,16.1,84.0,23.8,918.4,Colluvium,MODERATE_RISK
1,11.5491,76.1226,959.0,40.5,109.78,81.9,22.4,67.6,16.3,943.3,Colluvium,HIGH_RISK
7,32.2255,77.1928,2087.3,36.2,52.03,46.7,19.6,55.2,6.0,1018.9,Colluvium,MODERATE_RISK
1,26.1686,91.7048,473.8,37.1,55.6,58.8,19.9,55.2,14.3,1002.2,Clay Loam,MODERATE_RISK
8,31.1221,77.1884,2313.5,37.3,49.72,60.5,24.2,82.9,34.0,956.8,Weathered Granite,MODERATE_RISK
2,9.6949,76.909,816.6,45.5,131.12,81.3,18.5,48.1,31.9,980.8,Weathered Granite,HIGH_RISK
2,11.4,76.1165,764.2,37.5,14.47,15.0,22.0,91.1,24.0,978.2,Laterite,SAFE
9,11.4043,76.1025,744.0,34.3,41.91,47.8,21.0,93.5,7.7,934.3,Colluvium,MODERATE_RISK
7,10.1377,77.0265,1661.2,5.7,28.6,58.2,16.3,61.3,19.3,976.9,Laterite,SAFE
7,10.1698,76.9969,1672.5,14.7,42.9,33.1,18.2,75.5,11.9,962.3,Weathered Granite,SAFE
8,11.3486,76.8039,1881.8,15.3,31.96,26.0,22.4,91.0,29.6,875.7,Clay Loam,SAFE
3,11.5394,76.1185,936.9,38.5,178.31,95.1,16.6,84.0,33.4,941.4,Colluvium,HIGH_RISK
2,31.0897,77.1806,2244.3,47.7,171.49,81.5,12.6,48.3,23.7,1019.8,Clay Loam,HIGH_RISK
2,10.1599,77.0159,1768.4,50.5,163.2,72.6,19.0,78.1,33.6,945.3,Weathered Granite,HIGH_RISK
8,11.5213,76.1177,969.3,37.8,47.9,64.9,18.2,88.8,8.0,966.5,Colluvium,MODERATE_RISK
2,11.3387,76.8147,1812.7,36.5,50.4,71.8,20.7,55.2,17.8,946.2,Weathered Granite,MODERATE_RISK
1,11.5341,76.1382,1066.7,33.5,52.7,58.3,20.0,96.2,28.0,890.0,Weathered Granite,MODERATE_RISK
9,17.9577,73.5711,688.7,37.5,38.4,63.0,12.7,97.6,17.8,948.1,Colluvium,MODERATE_RISK
1,10.1466,77.0078,1673.0,36.4,51.3,69.5,20.0,80.5,33.7,901.0,Colluvium,MODERATE_RISK
1,11.3644,76.7986,1807.6,33.4,34.98,69.7,16.5,90.7,5.0,972.1,Weathered Granite,MODERATE_RISK
1,30.5483,79.5715,1896.4,40.8,6.4,19.8,21.1,88.1,19.3,939.4,Weathered Granite,SAFE
5,10.1507,77.0171,1697.9,29.1,50.8,57.9,14.3,82.3,18.1,980.6,Weathered Granite,MODERATE_RISK
7,12.4049,75.7395,1170.2,10.0,35.5,50.1,32.6,61.7,17.8,923.5,Colluvium,SAFE
9,11.5142,76.1638,1065.5,16.1,38.7,34.8,19.9,95.0,12.8,955.4,Laterite,SAFE
10,11.389,76.7172,1952.7,36.1,49.17,70.1,23.9,56.9,30.9,916.2,Weathered Granite,MODERATE_RISK
1,11.5426,76.1457,947.6,37.9,51.76,60.7,12.6,53.4,28.5,965.9,Colluvium,MODERATE_RISK
10,11.5272,76.1646,1025.0,32.9,49.45,70.4,23.0,72.3,16.4,925.3,Weathered Granite,MODERATE_RISK
2,30.5697,79.5809,1843.8,36.9,52.25,62.2,12.2,66.5,34.1,1021.1,Weathered Granite,MODERATE_RISK
6,30.5606,79.5511,1839.1,40.2,121.17,78.0,14.0,47.7,19.0,981.7,Laterite,HIGH_RISK
5,17.9419,73.6458,1332.8,30.4,54.6,52.7,21.3,97.2,18.4,901.3,Laterite,MODERATE_RISK
2,9.6762,76.9296,838.0,37.3,29.48,68.2,22.7,81.2,9.3,916.2,Laterite,MODERATE_RISK
10,11.368,76.8022,1882.0,37.5,16.39,15.8,11.5,61.1,25.2,910.7,Weathered Granite,SAFE
3,9.6761,76.931,816.3,38.6,14.25,25.9,14.9,91.5,6.5,972.4,Laterite,SAFE
10,11.3699,76.6925,1887.2,34.3,39.0,61.4,20.7,85.8,24.6,980.9,Weathered Granite,MODERATE_RISK
3,10.1512,77.0369,1753.1,45.1,8.4,40.5,26.5,55.3,8.9,1001.3,Weathered Granite,SAFE
8,9.6885,76.909,844.4,31.6,40.2,71.3,17.7,96.9,21.8,925.2,Weathered Granite,MODERATE_RISK
8,30.5538,79.5644,1920.5,38.3,14.74,44.9,26.8,87.7,19.3,909.1,Weathered Granite,SAFE
4,17.9385,73.6007,605.0,36.0,43.78,64.2,21.1,90.6,19.6,948.5,Colluvium,MODERATE_RISK
3,11.3499,76.7877,1840.2,35.9,52.14,51.1,19.3,94.1,17.6,900.8,Weathered Granite,MODERATE_RISK
1,10.168,77.0445,1767.3,48.0,13.7,28.9,23.7,67.9,32.8,878.6,Weathered Granite,SAFE
1,11.408,76.0912,780.9,41.4,164.4,81.3,21.7,51.2,14.4,966.1,Weathered Granite,HIGH_RISK
1,12.4194,75.7509,1161.9,36.6,41.53,52.2,24.7,83.4,23.7,932.5,Weathered Granite,MODERATE_RISK
8,10.1331,77.0098,1625.1,15.3,29.87,57.7,20.2,55.7,26.7,1004.7,Colluvium,SAFE
5,11.367,76.7254,1918.0,29.4,52.14,61.8,22.0,94.1,13.9,976.5,Weathered Granite,MODERATE_RISK
8,31.093,77.1682,2275.7,32.0,43.7,64.9,27.6,91.5,17.6,947.9,Weathered Granite,MODERATE_RISK
6,11.3785,76.6963,1899.4,30.5,52.8,57.8,17.8,91.4,8.7,983.2,Weathered Granite,MODERATE_RISK
8,17.9068,73.671,1351.9,39.9,116.2,80.5,22.6,90.9,13.2,944.9,Laterite,HIGH_RISK
9,26.1772,91.694,451.7,34.3,53.5,69.9,13.5,83.1,24.8,995.7,Laterite,MODERATE_RISK
2,31.105,77.1722,2312.7,34.9,42.1,56.8,17.3,95.5,17.4,889.6,Clay Loam,MODERATE_RISK
2,11.3628,76.8079,1852.9,12.7,34.5,35.5,25.4,51.8,8.0,960.0,Clay Loam,SAFE
10,26.9035,88.1726,1762.2,41.0,139.21,82.5,18.6,85.4,17.7,901.6,Laterite,HIGH_RISK
5,11.5031,76.134,1020.6,48.6,116.8,72.7,11.5,85.5,7.7,881.9,Laterite,HIGH_RISK
3,10.1695,77.0339,1804.3,30.4,37.9,66.6,27.4,82.1,8.1,926.9,Weathered Granite,MODERATE_RISK
1,32.251,77.1903,2010.8,43.6,126.7,85.9,24.9,78.4,27.4,1055.5,Colluvium,HIGH_RISK
2,9.6913,76.906,843.5,36.8,48.51,49.1,22.5,88.2,31.9,981.0,Laterite,MODERATE_RISK
8,31.0983,77.164,2249.3,53.6,112.64,87.1,21.6,74.3,10.9,960.7,Clay Loam,HIGH_RISK
2,11.5546,76.1317,972.8,33.5,51.6,69.9,18.5,84.1,31.5,874.7,Colluvium,MODERATE_RISK
2,10.1513,77.0195,1798.3,51.7,184.86,73.8,16.9,66.2,20.3,902.0,Weathered Granite,HIGH_RISK
2,17.9314,73.6522,1370.6,44.8,173.3,76.9,18.2,87.6,27.0,955.7,Laterite,HIGH_RISK
2,11.5473,76.143,922.1,36.0,52.2,56.9,21.5,95.3,34.0,976.1,Colluvium,MODERATE_RISK
3,32.2246,77.2034,2058.9,47.9,154.72,71.5,19.4,92.2,17.3,900.5,Colluvium,HIGH_RISK
1,11.4136,76.0984,812.4,37.1,44.5,59.7,19.4,57.2,18.4,923.7,Laterite,MODERATE_RISK
5,17.9569,73.5982,600.5,51.8,170.7,82.9,14.8,92.8,8.3,889.3,Colluvium,HIGH_RISK
4,11.5026,76.159,1001.4,37.7,47.1,57.1,18.9,65.5,20.3,915.7,Weathered Granite,MODERATE_RISK
7,17.9596,73.5907,601.3,32.8,54.8,58.8,19.1,63.3,8.3,946.3,Colluvium,MODERATE_RISK
3,32.2498,77.1917,2059.5,42.3,10.23,10.0,24.1,93.1,22.5,996.5,Colluvium,SAFE
5,10.1797,77.0303,1788.1,50.7,4.6,19.2,16.8,54.3,31.6,979.6,Weathered Granite,SAFE
5,32.2387,77.1821,2026.1,46.1,13.4,34.0,18.0,92.2,5.5,1020.6,Colluvium,SAFE
10,9.6846,76.9008,803.8,36.6,57.4,68.8,21.4,95.7,31.8,943.3,Laterite,MODERATE_RISK
5,30.5742,79.584,1889.8,36.1,56.5,61.5,22.4,89.0,27.0,950.5,Weathered Granite,MODERATE_RISK
1,11.5248,76.139,1025.4,40.3,172.7,92.3,20.8,89.0,33.6,961.9,Clay Loam,HIGH_RISK
9,26.1595,91.7084,472.9,35.2,55.3,51.4,25.9,96.1,7.8,918.3,Clay Loam,MODERATE_RISK
2,10.1463,76.9974,1646.5,33.8,44.9,64.8,13.1,80.9,9.7,914.2,Colluvium,MODERATE_RISK
1,11.5604,76.1153,931.8,43.5,101.8,80.8,20.5,81.4,12.4,950.8,Laterite,HIGH_RISK
8,9.6816,76.9176,874.2,40.1,90.2,90.1,20.2,66.5,33.6,925.5,Laterite,HIGH_RISK
8,17.9367,73.5695,592.0,47.6,12.76,10.6,21.4,92.7,5.9,1011.4,Colluvium,SAFE
7,30.5432,79.5785,1911.6,38.8,184.64,89.0,16.4,61.7,30.3,931.6,Weathered Granite,HIGH_RISK
4,11.5188,76.1382,1081.3,34.7,36.7,48.1,10.7,82.9,16.0,923.5,Weathered Granite,MODERATE_RISK
1,11.5741,76.1457,956.5,36.5,15.62,46.7,24.1,51.5,31.2,943.3,Colluvium,SAFE
8,9.7002,76.9149,853.3,40.3,131.18,90.5,23.7,86.6,23.1,897.3,Weathered Granite,HIGH_RISK
6,11.3871,76.7142,1940.5,40.4,139.9,80.3,19.0,73.4,17.8,929.9,Weathered Granite,HIGH_RISK
10,17.9364,73.5896,649.1,44.3,12.3,40.3,15.2,54.0,6.7,995.9,Colluvium,SAFE
7,11.391,76.702,1889.9,43.8,168.96,75.5,21.1,75.2,21.5,897.3,Clay Loam,HIGH_RISK
10,10.1316,77.0031,1635.6,37.6,52.1,69.5,13.2,83.9,9.3,957.8,Colluvium,MODERATE_RISK
10,9.6701,76.9085,839.8,39.8,11.1,14.9,17.5,64.3,17.2,900.2,Laterite,SAFE
4,11.5488,76.1322,994.4,43.5,151.4,76.0,23.6,64.4,32.0,993.4,Colluvium,HIGH_RISK
6,11.3394,76.779,1830.0,41.6,129.2,78.8,12.6,67.1,29.0,999.0,Weathered Granite,HIGH_RISK
7,10.1733,77.0195,1735.9,32.5,40.37,60.5,19.0,88.8,24.0,944.9,Weathered Granite,MODERATE_RISK
5,31.0939,77.1874,2301.0,35.3,55.5,59.2,13.6,49.3,23.2,935.0,Weathered Granite,MODERATE_RISK
6,11.3538,76.8041,1858.2,37.9,46.15,71.0,12.4,45.6,8.4,893.6,Weathered Granite,MODERATE_RISK
10,11.3519,76.7841,1846.7,32.4,50.05,64.3,13.1,95.0,12.7,917.6,Weathered Granite,MODERATE_RISK
7,11.5265,76.1405,1027.2,12.9,33.3,49.2,19.5,46.7,25.9,1019.9,Weathered Granite,SAFE
4,31.1054,77.1574,2312.4,44.8,129.53,71.7,19.6,55.6,30.0,962.4,Clay Loam,HIGH_RISK
9,31.0932,77.1586,2308.4,50.4,16.39,19.8,21.2,79.4,15.4,977.2,Clay Loam,SAFE
8,11.38,76.7092,1874.3,37.1,48.95,55.4,17.5,62.2,20.9,955.3,Weathered Granite,MODERATE_RISK
1,11.5213,76.1242,1014.8,37.6,39.6,48.7,19.0,87.3,32.0,939.5,Weathered Granite,MODERATE_RISK
6,11.5338,76.1504,1020.4,34.3,45.6,61.3,27.1,88.8,23.0,937.8,Weathered Granite,MODERATE_RISK
9,10.1695,76.9979,1639.5,38.0,42.19,66.4,19.6,96.2,31.3,959.1,Weathered Granite,MODERATE_RISK
10,30.5589,79.5522,1858.4,34.7,57.4,69.6,16.6,45.2,18.1,902.3,Laterite,MODERATE_RISK
7,11.5213,76.1354,973.1,43.6,180.07,91.3,18.8,65.8,20.6,974.1,Colluvium,HIGH_RISK
7,17.9435,73.6472,1341.1,38.7,133.0,78.1,33.6,82.6,19.1,947.6,Laterite,HIGH_RISK
1,11.5397,76.1389,1013.1,37.0,57.7,57.3,21.5,68.6,32.2,952.5,Colluvium,MODERATE_RISK
1,11.4301,76.1122,747.5,29.8,56.7,67.9,20.5,59.7,12.4,948.7,Weathered Granite,MODERATE_RISK
1,10.1617,77.0153,1670.2,42.1,3.5,28.0,23.8,55.3,20.3,866.8,Colluvium,SAFE
10,10.137,77.0057,1650.1,37.4,42.52,61.4,19.4,45.9,33.5,951.1,Weathered Granite,MODERATE_RISK
1,11.3983,76.698,1923.5,44.5,159.89,72.2,13.8,78.6,27.0,957.5,Weathered Granite,HIGH_RISK
9,11.5161,76.1346,1027.5,46.0,158.02,79.1,23.2,69.5,26.7,965.6,Colluvium,HIGH_RISK
1,11.4239,76.1118,794.2,34.8,16.9,38.5,12.4,79.2,27.1,937.8,Laterite,SAFE
6,9.6657,76.9079,818.1,42.7,129.1,85.4,22.7,53.7,33.7,942.6,Laterite,HIGH_RISK
5,30.552,79.566,1905.6,13.7,23.49,43.6,19.3,62.2,33.4,937.0,Weathered Granite,SAFE
5,11.368,76.7317,1871.7,38.3,17.9,42.8,17.2,74.6,14.1,999.0,Weathered Granite,SAFE
6,11.5169,76.1285,1042.1,47.4,88.7,89.8,20.5,74.5,29.1,975.1,Colluvium,HIGH_RISK
3,32.232,77.2044,2079.3,48.6,111.38,91.5,14.3,86.8,22.3,976.6,Colluvium,HIGH_RISK
5,30.5711,79.5802,1835.5,39.1,177.6,85.4,25.1,88.1,6.9,998.5,Weathered Granite,HIGH_RISK
4,26.1773,91.6831,481.9,29.8,15.1,38.3,24.9,77.3,25.9,1037.8,Clay Loam,SAFE
4,10.1728,77.0144,1748.3,52.0,143.6,70.3,21.0,78.7,22.2,931.3,Weathered Granite,HIGH_RISK
5,32.2288,77.1922,2096.2,35.3,48.57,68.9,20.1,85.6,24.6,974.8,Colluvium,MODERATE_RISK
8,11.3831,76.6926,1944.3,43.3,186.28,74.4,26.5,61.2,26.0,895.8,Weathered Granite,HIGH_RISK
1,30.5405,79.5574,1917.1,34.7,51.0,64.7,23.0,64.3,22.2,974.0,Weathered Granite,MODERATE_RISK
6,11.506,76.1599,1014.9,46.9,13.14,19.7,18.7,87.2,11.0,1000.4,Weathered Granite,SAFE
9,10.1571,76.9979,1627.1,34.4,51.15,67.1,21.8,94.4,16.6,948.8,Colluvium,MODERATE_RISK
10,32.2277,77.1923,2043.3,32.4,53.2,45.4,22.8,90.0,19.2,938.4,Colluvium,MODERATE_RISK
6,10.1692,77.023,1663.5,40.5,177.1,91.1,20.6,93.6,16.9,948.7,Colluvium,HIGH_RISK
4,31.0981,77.1812,2334.3,47.8,10.0,29.6,22.1,64.1,10.8,933.4,Clay Loam,SAFE
7,31.1072,77.1726,2291.2,51.6,112.8,70.1,19.9,74.5,25.1,942.3,Clay Loam,HIGH_RISK
6,12.4109,75.7208,1163.9,31.7,14.52,36.9,22.8,51.5,19.1,890.3,Residual Soil,SAFE
5,30.5518,79.5798,1862.0,32.9,47.3,56.6,23.7,90.3,32.6,923.8,Weathered Granite,MODERATE_RISK
9,10.1447,77.0243,1668.2,37.0,36.1,63.3,21.0,97.7,10.1,956.5,Clay Loam,MODERATE_RISK
10,11.4009,76.7169,1877.1,32.9,55.1,69.1,20.8,68.2,19.7,905.7,Weathered Granite,MODERATE_RISK
10,26.8831,88.1733,1692.5,40.0,185.41,82.0,21.3,83.1,34.6,947.0,Laterite,HIGH_RISK
2,9.6938,76.9272,802.6,16.4,30.75,43.7,17.1,52.5,7.4,892.0,Colluvium,SAFE
10,26.9049,88.1886,1662.9,32.4,14.79,30.1,14.7,83.5,31.9,960.0,Laterite,SAFE
7,32.2261,77.1747,2026.9,51.9,166.65,80.6,28.6,96.7,12.6,934.9,Colluvium,HIGH_RISK
9,31.119,77.1877,2253.8,51.3,12.8,47.3,18.4,69.1,19.9,984.7,Clay Loam,SAFE
5,17.9217,73.6763,1342.9,32.9,44.44,68.1,17.4,83.9,34.5,975.7,Laterite,MODERATE_RISK
6,10.1466,77.033,1640.6,51.3,5.28,12.3,19.2,61.9,8.1,958.2,Colluvium,SAFE
7,11.5595,76.1292,924.0,37.9,50.6,55.5,19.6,79.4,13.2,977.3,Colluvium,MODERATE_RISK
4,11.5194,76.1378,991.1,32.5,36.0,65.1,19.1,81.9,21.4,969.9,Weathered Granite,MODERATE_RISK
5,10.1344,77.006,1655.5,44.6,6.93,19.9,24.1,59.2,33.3,924.9,Colluvium,SAFE
5,17.9358,73.6558,1385.6,37.3,39.5,47.1,21.0,85.0,14.1,901.4,Laterite,MODERATE_RISK
2,12.4321,75.7517,1216.6,41.5,17.2,35.5,16.1,55.1,34.6,1000.2,Residual Soil,SAFE
9,17.9278,73.6429,1371.7,36.8,172.5,90.8,17.7,85.5,23.5,919.6,Laterite,HIGH_RISK
5,11.3529,76.7921,1859.6,37.5,17.4,36.2,24.6,51.9,26.5,895.4,Weathered Granite,SAFE
10,31.1112,77.1843,2303.3,43.6,14.3,14.3,19.9,68.2,31.8,884.7,Clay Loam,SAFE
1,31.0995,77.1613,2259.5,46.2,183.48,91.2,19.6,72.4,34.2,973.4,Clay Loam,HIGH_RISK
2,26.1606,91.6809,379.8,33.4,50.05,71.9,21.3,84.2,20.7,898.7,Weathered Granite,MODERATE_RISK
3,11.3504,76.7837,1787.8,33.1,37.0,58.0,17.5,86.8,31.4,899.3,Weathered Granite,MODERATE_RISK
1,11.5618,76.1344,921.1,32.0,52.2,69.1,14.5,83.0,21.0,977.0,Colluvium,MODERATE_RISK
3,31.1172,77.1641,2304.5,31.6,55.4,64.9,18.3,87.3,26.2,891.1,Colluvium,MODERATE_RISK
3,11.5567,76.1325,894.5,34.4,47.2,62.2,26.7,49.2,28.5,970.1,Weathered Granite,MODERATE_RISK
3,9.6692,76.9318,817.6,37.1,50.0,64.7,20.7,77.2,5.8,892.0,Laterite,MODERATE_RISK
6,9.69,76.9258,795.0,41.7,10.2,35.3,19.6,56.6,21.3,1059.8,Laterite,SAFE
6,11.5232,76.1383,956.3,35.8,41.2,66.5,18.0,50.3,18.0,1036.4,Colluvium,MODERATE_RISK
5,11.3703,76.7263,1914.2,34.9,33.61,66.0,23.0,83.6,27.3,972.8,Weathered Granite,MODERATE_RISK
2,26.1588,91.6905,479.0,30.0,136.3,95.6,20.7,45.6,15.1,971.3,Clay Loam,HIGH_RISK
10,32.245,77.1905,2056.5,46.1,5.2,13.4,18.1,78.1,10.7,1021.3,Colluvium,SAFE
4,10.1809,77.0063,1784.7,37.1,44.9,62.6,22.7,95.5,28.4,915.3,Weathered Granite,MODERATE_RISK
6,11.4005,76.103,785.8,8.8,46.3,37.4,19.3,56.2,15.1,978.5,Residual Soil,SAFE
10,12.4299,75.7467,1175.4,32.6,14.2,13.5,24.2,54.3,9.3,1002.6,Residual Soil,SAFE
10,26.8939,88.1771,1709.4,32.0,56.9,66.9,12.2,80.5,25.5,917.2,Weathered Granite,MODERATE_RISK
8,32.2292,77.1818,2065.0,47.6,171.99,91.2,22.6,47.0,17.4,926.4,Colluvium,HIGH_RISK
9,11.4115,76.1225,785.4,35.9,50.2,58.0,21.8,92.1,29.5,895.6,Laterite,MODERATE_RISK
8,31.0913,77.1891,2263.0,8.5,49.2,36.9,26.2,75.9,33.1,932.9,Sandy Loam,SAFE
6,10.1386,77.0166,1623.0,33.2,51.8,48.4,15.9,83.5,14.1,956.4,Colluvium,MODERATE_RISK
2,11.5255,76.1498,991.0,46.7,112.15,87.4,27.0,50.5,16.4,1041.5,Colluvium,HIGH_RISK
10,26.1867,91.7142,445.7,34.7,166.04,81.9,23.4,92.9,22.6,983.2,Colluvium,HIGH_RISK
4,11.3883,76.724,1881.3,37.9,50.8,69.4,23.3,77.3,14.7,1035.1,Weathered Granite,MODERATE_RISK
4,10.1437,77.0217,1760.2,44.2,172.76,88.3,17.1,97.8,20.1,925.5,Weathered Granite,HIGH_RISK
6,10.1475,77.0142,1809.9,50.5,144.65,78.0,16.4,45.4,33.7,951.1,Weathered Granite,HIGH_RISK
4,30.5392,79.556,1855.7,17.9,37.79,26.8,22.9,48.3,6.5,916.6,Colluvium,SAFE
5,9.6898,76.9026,880.1,34.3,53.1,60.9,18.7,82.4,24.4,924.3,Colluvium,MODERATE_RISK
5,17.9728,73.5978,654.2,51.7,98.62,91.8,19.8,60.0,23.7,927.2,Colluvium,HIGH_RISK
3,26.872,88.1982,1604.3,37.0,123.7,85.1,20.6,76.6,19.7,997.2,Laterite,HIGH_RISK
4,17.9324,73.6524,1320.8,11.1,39.7,38.7,18.0,71.6,22.4,993.6,Residual Soil,SAFE
1,10.1311,76.9976,1731.0,7.3,27.0,49.2,25.1,47.0,25.1,949.4,Residual Soil,SAFE
4,11.5279,76.1441,1045.0,47.2,173.7,83.5,22.6,93.3,18.8,920.4,Weathered Granite,HIGH_RISK
9,10.1665,77.0107,1607.3,49.8,123.7,91.7,16.4,71.1,17.0,874.0,Colluvium,HIGH_RISK
5,10.152,77.0422,1733.9,10.3,33.72,58.2,13.8,81.9,19.0,911.7,Residual Soil,SAFE
8,26.8803,88.1688,1684.6,37.4,102.3,93.9,19.7,73.2,15.8,908.0,Laterite,HIGH_RISK
6,11.5699,76.1264,968.3,28.4,52.7,68.5,18.5,95.2,18.4,922.5,Colluvium,MODERATE_RISK
7,11.3824,76.7064,1912.3,40.6,7.43,11.2,25.7,62.7,11.1,892.4,Weathered Granite,SAFE
7,11.5663,76.1173,961.2,14.8,32.9,55.1,23.4,76.1,11.3,947.4,Colluvium,SAFE
1,11.3647,76.8133,1871.0,36.8,38.34,63.8,24.5,86.5,20.3,982.0,Weathered Granite,MODERATE_RISK
3,26.9005,88.197,1692.4,38.5,138.8,86.6,26.0,60.2,17.4,940.0,Laterite,HIGH_RISK
9,11.5211,76.144,993.3,35.7,57.3,46.0,13.9,81.4,19.2,875.8,Colluvium,MODERATE_RISK
4,9.6634,76.9084,839.1,46.3,177.65,86.1,24.2,97.2,6.5,997.9,Weathered Granite,HIGH_RISK
6,11.3621,76.7791,1822.0,37.8,115.28,95.6,21.6,63.6,29.1,916.2,Clay Loam,HIGH_RISK
6,11.5252,76.1518,979.9,36.7,35.3,69.5,23.6,83.8,31.3,956.4,Colluvium,MODERATE_RISK
1,32.2364,77.1739,2081.0,32.7,48.9,53.8,20.0,81.4,19.1,929.9,Colluvium,MODERATE_RISK
3,9.6846,76.9358,814.5,40.5,12.7,42.8,24.9,54.1,8.7,902.7,Laterite,SAFE
7,11.5186,76.15,986.0,35.5,49.55,47.5,16.7,97.6,9.6,922.6,Colluvium,MODERATE_RISK
5,11.5343,76.1604,1084.4,43.4,177.65,73.5,20.9,96.7,5.2,974.4,Weathered Granite,HIGH_RISK
6,30.557,79.5827,1903.2,16.3,34.1,50.4,23.5,92.0,32.2,999.8,Sandy Loam,SAFE
4,10.1335,77.021,1606.4,39.8,17.9,28.0,19.9,73.2,10.1,965.9,Colluvium,SAFE
10,9.6715,76.9302,840.9,37.5,54.9,64.3,24.7,86.0,12.1,974.4,Laterite,MODERATE_RISK
9,11.3363,76.7959,1881.1,36.5,12.27,31.5,20.5,77.7,32.2,990.0,Weathered Granite,SAFE
4,31.0863,77.1706,2261.6,48.1,13.9,45.2,20.1,47.1,23.4,939.1,Clay Loam,SAFE
7,26.1533,91.7142,505.1,35.5,38.6,67.9,18.4,80.5,14.1,962.0,Laterite,MODERATE_RISK
2,11.5513,76.143,898.7,32.4,16.39,16.3,19.9,77.9,22.4,973.7,Colluvium,SAFE
5,9.6791,76.9247,827.5,38.9,16.8,14.7,18.0,96.6,21.1,895.2,Laterite,SAFE
5,31.0972,77.1574,2274.3,47.9,13.0,40.8,23.1,97.0,19.8,928.9,Clay Loam,SAFE
9,11.5723,76.1387,913.4,40.6,130.46,77.0,21.1,51.3,19.5,1013.6,Colluvium,HIGH_RISK
1,9.6814,76.9302,841.5,34.5,49.06,67.7,26.2,85.1,19.3,953.1,Laterite,MODERATE_RISK
3,11.4093,76.1218,799.5,8.6,40.4,20.1,16.1,79.3,17.0,944.0,Clay Loam,SAFE
1,11.5304,76.14,972.0,38.9,175.62,86.1,14.0,69.2,23.6,1034.8,Colluvium,HIGH_RISK
7,11.3908,76.7093,1928.9,39.7,148.61,89.6,17.8,78.5,16.5,884.9,Colluvium,HIGH_RISK
7,17.9604,73.5735,599.0,41.1,166.43,92.3,21.7,55.4,9.1,944.6,Colluvium,HIGH_RISK
8,9.695,76.9257,741.6,40.2,135.7,83.3,13.7,65.5,29.1,930.4,Laterite,HIGH_RISK
10,11.3959,76.6996,1841.5,32.3,57.9,70.8,12.2,56.1,23.6,955.8,Laterite,MODERATE_RISK
4,10.1475,77.0183,1604.4,46.4,111.48,92.0,21.5,82.0,9.6,895.8,Colluvium,HIGH_RISK
10,17.9646,73.5684,587.9,41.9,5.45,40.8,19.1,57.5,13.6,984.9,Colluvium,SAFE
3,30.5364,79.5593,1856.1,39.4,173.31,78.2,19.4,61.4,9.5,951.2,Weathered Granite,HIGH_RISK
10,11.3626,76.7841,1847.4,37.3,56.6,67.5,27.1,49.5,22.3,937.5,Weathered Granite,MODERATE_RISK
9,30.5653,79.5764,1873.6,37.0,43.67,60.6,15.5,86.8,6.3,1004.7,Weathered Granite,MODERATE_RISK
9,9.6803,76.924,768.1,37.5,38.1,71.0,20.2,48.7,24.1,933.7,Laterite,MODERATE_RISK
4,32.2562,77.1724,2109.5,50.9,138.7,83.8,18.5,86.1,19.7,964.0,Colluvium,HIGH_RISK
6,32.2242,77.1904,2058.8,46.0,150.4,74.8,15.8,95.6,24.2,933.1,Colluvium,HIGH_RISK
7,11.528,76.148,992.6,33.7,48.18,71.5,21.1,96.4,25.4,947.1,Weathered Granite,MODERATE_RISK
7,30.56,79.5687,1879.4,45.6,138.5,89.2,21.5,72.1,33.1,911.4,Weathered Granite,HIGH_RISK
2,12.4159,75.7334,1182.2,35.3,44.9,69.9,24.6,90.9,28.6,961.3,Laterite,MODERATE_RISK
4,11.5364,76.1187,972.5,8.7,39.38,40.7,23.8,85.2,30.2,855.9,Weathered Granite,SAFE
9,11.5258,76.1207,924.0,33.4,51.32,71.2,27.9,93.2,19.0,963.7,Colluvium,MODERATE_RISK
1,30.5608,79.5593,1871.6,36.7,15.13,21.6,10.8,80.7,22.5,957.2,Weathered Granite,SAFE
7,9.6808,76.9094,814.2,33.9,10.73,28.7,27.7,90.0,27.6,1015.8,Laterite,SAFE
10,11.5044,76.1432,1099.6,37.5,50.1,50.9,17.7,58.8,18.9,914.4,Weathered Granite,MODERATE_RISK
2,30.5608,79.5782,1865.3,9.3,44.5,45.6,20.9,49.5,12.8,910.5,Laterite,SAFE
10,32.2388,77.1749,2044.3,47.3,128.48,84.7,16.8,81.1,27.5,953.8,Colluvium,HIGH_RISK
8,9.6745,76.9128,793.4,39.4,152.6,89.7,19.6,52.4,10.1,948.3,Laterite,HIGH_RISK
5,17.9348,73.5646,626.8,11.3,35.7,36.4,26.7,53.4,13.1,938.0,Sandy Loam,SAFE
3,30.5563,79.5498,1826.4,34.2,57.0,62.5,16.1,84.1,31.3,936.8,Weathered Granite,MODERATE_RISK
5,17.9662,73.5665,649.9,36.2,48.95,69.2,16.0,69.6,34.1,914.8,Colluvium,MODERATE_RISK
3,11.5351,76.1288,1076.4,53.6,154.4,88.4,16.4,58.2,34.8,944.5,Weathered Granite,HIGH_RISK
3,30.5376,79.5572,1866.1,47.0,161.3,88.9,18.5,53.9,21.3,970.9,Weathered Granite,HIGH_RISK
2,10.1621,77.0112,1649.6,46.2,156.26,94.6,16.3,85.2,27.5,916.8,Laterite,HIGH_RISK
1,11.4299,76.0888,756.1,42.4,177.93,92.0,19.3,75.5,29.3,1002.6,Laterite,HIGH_RISK
9,11.5261,76.1405,953.4,41.5,109.67,89.4,27.4,65.7,23.7,925.0,Colluvium,HIGH_RISK
1,11.5348,76.15,1035.8,53.1,103.1,85.1,24.7,81.0,31.4,941.2,Weathered Granite,HIGH_RISK
9,9.6752,76.9359,830.3,44.8,106.53,79.1,21.4,79.4,16.0,932.4,Laterite,HIGH_RISK
2,10.1773,77.0288,1834.6,33.2,54.3,50.7,20.2,93.8,17.9,899.3,Laterite,MODERATE_RISK
3,11.3647,76.8149,1884.8,36.7,54.5,69.2,21.7,92.1,30.5,930.0,Weathered Granite,MODERATE_RISK
1,26.9077,88.1859,1753.8,14.2,20.4,53.3,19.0,62.5,11.4,909.5,Sandy Loam,SAFE
10,10.1302,77.0325,1680.1,49.1,183.65,72.2,22.9,80.5,17.0,927.6,Colluvium,HIGH_RISK
2,10.1382,77.0148,1684.0,9.0,38.9,30.9,17.8,53.9,23.0,969.5,Colluvium,SAFE
8,17.9388,73.5763,609.2,47.0,161.3,75.9,19.1,46.7,32.7,913.2,Laterite,HIGH_RISK
6,10.1725,77.014,1723.6,55.0,146.96,90.4,22.4,63.5,27.2,949.3,Weathered Granite,HIGH_RISK
4,12.4398,75.7383,1141.3,35.9,55.3,57.6,27.4,97.2,8.1,949.5,Colluvium,MODERATE_RISK
2,11.5724,76.1456,903.1,34.0,16.45,11.4,22.5,73.2,11.7,976.7,Colluvium,SAFE
4,11.5227,76.1163,984.9,33.8,38.9,66.3,19.9,80.4,6.3,969.6,Colluvium,MODERATE_RISK
3,31.086,77.1877,2253.7,49.4,15.5,11.1,25.7,62.4,19.4,934.4,Clay Loam,SAFE
7,11.5125,76.1242,1006.2,37.3,57.9,64.4,19.7,79.2,7.5,945.6,Colluvium,MODERATE_RISK
10,10.1313,77.0208,1659.2,41.4,14.96,47.8,17.3,81.7,11.6,952.5,Colluvium,SAFE
4,26.8847,88.184,1715.0,9.5,38.94,61.5,23.0,64.6,24.6,909.3,Sandy Loam,SAFE
2,11.5272,76.1524,1031.9,33.1,44.83,62.0,19.0,83.7,11.2,929.9,Weathered Granite,MODERATE_RISK
2,32.2303,77.1886,2011.0,34.9,41.36,55.5,23.1,96.7,24.0,943.5,Weathered Granite,MODERATE_RISK
7,10.146,77.0431,1717.8,34.3,42.62,50.8,18.3,82.2,26.8,913.7,Weathered Granite,MODERATE_RISK
2,11.5403,76.1135,981.8,33.6,44.16,55.1,26.6,97.4,11.5,920.2,Colluvium,MODERATE_RISK
1,17.9709,73.5814,608.2,42.6,155.16,82.3,21.6,47.9,17.3,845.4,Colluvium,HIGH_RISK
1,11.3778,76.719,1880.2,33.6,56.2,61.1,13.7,78.4,32.3,923.2,Weathered Granite,MODERATE_RISK
5,32.2321,77.1732,2056.0,46.8,159.23,87.8,18.2,96.1,5.4,929.0,Colluvium,HIGH_RISK
5,11.3787,76.7224,1883.7,25.2,51.4,71.6,22.5,83.1,34.6,891.2,Laterite,MODERATE_RISK
1,30.5614,79.5615,1857.7,36.1,36.6,70.5,27.2,80.3,24.3,904.4,Weathered Granite,MODERATE_RISK
9,30.5663,79.5611,1808.8,44.1,143.11,70.3,22.6,93.5,34.9,917.0,Weathered Granite,HIGH_RISK
10,9.6772,76.8999,820.6,34.4,56.3,71.6,23.4,94.8,30.4,961.5,Laterite,MODERATE_RISK
2,30.5665,79.5772,1876.9,37.2,39.4,50.6,25.6,92.4,28.9,932.5,Weathered Granite,MODERATE_RISK
5,32.2347,77.2005,2089.5,46.9,171.82,70.5,20.4,86.3,7.3,972.5,Laterite,HIGH_RISK
6,10.1474,77.0229,1654.2,35.1,48.2,65.5,19.7,86.8,23.7,948.7,Sandy Loam,MODERATE_RISK
2,17.9434,73.6744,1341.1,36.0,55.6,49.3,21.6,81.0,6.6,901.1,Laterite,MODERATE_RISK
1,17.9417,73.5651,597.7,29.9,50.82,62.9,19.6,93.4,11.4,967.7,Colluvium,MODERATE_RISK
7,11.5139,76.1135,986.6,36.0,9.13,30.3,20.8,66.6,19.8,931.0,Colluvium,SAFE
3,26.1491,91.6987,460.2,15.6,36.0,53.1,26.7,62.2,7.7,976.6,Residual Soil,SAFE
9,17.9539,73.597,667.3,44.2,156.8,89.8,24.6,48.6,32.6,937.1,Colluvium,HIGH_RISK
8,11.3534,76.8119,1890.0,14.8,13.1,55.0,24.6,78.1,23.7,955.7,Residual Soil,SAFE
7,10.1361,77.0145,1688.5,41.5,10.6,21.3,18.2,91.3,30.9,1008.9,Colluvium,SAFE
2,31.1071,77.1545,2242.7,36.2,52.9,55.0,17.1,47.5,24.3,934.0,Weathered Granite,MODERATE_RISK
9,17.943,73.6625,1345.5,34.6,47.8,53.0,24.3,61.3,29.7,931.8,Laterite,MODERATE_RISK
1,10.1315,76.9984,1689.7,45.8,145.2,83.0,18.6,89.6,25.0,975.4,Colluvium,HIGH_RISK
3,11.55,76.1422,988.1,35.3,43.4,60.1,20.8,97.4,11.1,931.9,Colluvium,MODERATE_RISK
2,11.3509,76.8137,1848.6,34.6,52.0,72.0,25.9,90.0,22.9,924.2,Weathered Granite,MODERATE_RISK
7,26.8779,88.1965,1733.1,36.3,44.11,59.9,27.1,87.3,31.1,891.2,Laterite,MODERATE_RISK
3,9.6753,76.9363,849.3,42.5,149.5,79.1,19.1,75.7,5.1,1002.3,Laterite,HIGH_RISK
1,10.149,77.0339,1827.1,35.3,52.2,56.8,26.2,93.3,27.6,926.9,Weathered Granite,MODERATE_RISK
6,10.1494,77.0237,1770.8,54.3,170.23,88.8,15.6,79.7,29.0,991.4,Weathered Granite,HIGH_RISK
8,30.5554,79.5478,1871.3,43.4,140.53,92.6,23.0,79.8,25.7,858.2,Weathered Granite,HIGH_RISK
7,26.1671,91.7164,487.8,34.9,50.05,70.3,25.0,86.5,23.8,950.3,Clay Loam,MODERATE_RISK
3,11.5575,76.1286,898.8,40.8,6.49,18.5,23.5,47.4,9.0,989.0,Colluvium,SAFE
8,11.536,76.1494,964.0,10.7,41.0,38.5,21.7,54.2,8.0,985.6,Sandy Loam,SAFE
2,11.5489,76.1447,990.0,39.7,181.17,91.0,20.0,52.8,31.9,957.0,Colluvium,HIGH_RISK
3,11.4038,76.1045,777.9,35.3,11.1,36.7,17.0,69.3,5.9,1018.8,Laterite,SAFE
1,11.5713,76.1158,964.2,34.5,51.92,66.3,17.4,80.4,24.9,962.6,Weathered Granite,MODERATE_RISK
2,11.516,76.1411,1073.1,35.6,56.6,50.4,20.7,96.3,7.5,924.9,Weathered Granite,MODERATE_RISK
3,11.3411,76.8015,1883.5,34.5,119.8,91.9,12.8,95.2,25.7,924.9,Weathered Granite,HIGH_RISK
10,11.5261,76.1353,960.0,46.2,136.68,87.1,29.8,59.3,8.9,990.6,Colluvium,HIGH_RISK
6,11.5361,76.1307,904.0,40.0,15.6,21.8,21.5,57.1,31.5,845.2,Colluvium,SAFE
7,26.9082,88.1816,1704.1,37.8,37.62,71.0,21.1,89.4,26.3,891.8,Laterite,MODERATE_RISK
4,26.8902,88.2026,1712.5,30.9,133.6,93.3,21.7,87.8,29.7,943.1,Laterite,HIGH_RISK
3,11.5288,76.1262,1019.4,33.2,50.82,59.2,16.2,84.5,12.7,941.0,Weathered Granite,MODERATE_RISK
6,11.4095,76.123,762.3,33.0,14.1,33.8,26.8,68.7,29.5,980.6,Laterite,SAFE
6,32.2451,77.1837,2050.8,52.1,183.32,89.4,22.4,57.4,26.8,911.8,Colluvium,HIGH_RISK
8,10.1451,77.0053,1723.1,45.2,179.14,77.4,28.1,88.7,9.9,934.1,Colluvium,HIGH_RISK
8,11.3523,76.7863,1858.0,32.8,48.62,49.0,27.4,89.3,7.6,871.3,Weathered Granite,MODERATE_RISK
9,11.3682,76.8,1825.4,37.0,56.8,50.5,18.7,87.1,6.2,995.1,Laterite,MODERATE_RISK
5,11.5434,76.1395,995.3,12.0,16.8,55.7,18.2,90.5,31.5,923.5,Colluvium,SAFE
9,11.5171,76.1296,1002.5,48.6,161.9,88.3,29.4,86.5,10.6,918.1,Colluvium,HIGH_RISK
5,17.9418,73.5887,586.3,36.2,49.06,46.7,21.6,95.3,9.8,939.8,Colluvium,MODERATE_RISK
7,10.1449,77.0217,1782.3,11.2,26.18,21.0,16.0,61.6,20.4,997.4,Sandy Loam,SAFE
1,26.8817,88.2022,1711.1,32.9,11.9,29.6,22.3,69.2,18.5,1016.3,Laterite,SAFE
8,32.2369,77.1853,2034.5,36.5,56.5,54.5,16.8,94.3,5.1,973.0,Colluvium,MODERATE_RISK
7,11.5432,76.1255,972.1,37.9,54.7,68.8,15.4,77.3,14.4,1028.0,Colluvium,MODERATE_RISK
10,11.3764,76.7182,1943.3,37.4,184.58,92.8,15.6,59.9,32.7,943.7,Clay Loam,HIGH_RISK
4,12.4089,75.731,1149.8,36.4,4.3,20.7,22.9,50.9,33.5,926.8,Residual Soil,SAFE
5,17.9075,73.6446,1289.6,37.9,53.9,63.0,24.3,94.1,12.1,895.9,Laterite,MODERATE_RISK
4,10.1678,77.0399,1734.8,34.1,42.5,61.8,17.9,92.6,9.8,933.9,Weathered Granite,MODERATE_RISK
2,12.4182,75.7405,1199.3,38.9,5.0,28.2,27.0,83.0,12.1,969.5,Residual Soil,SAFE
10,11.3433,76.7866,1834.2,36.3,53.6,64.9,22.3,54.0,31.9,916.0,Weathered Granite,MODERATE_RISK
3,26.8859,88.1777,1659.1,33.3,18.0,37.7,16.6,97.0,31.1,903.9,Laterite,SAFE
7,12.4302,75.7196,1187.1,38.5,17.8,44.5,15.1,47.4,8.1,974.5,Residual Soil,SAFE
8,26.902,88.1645,1704.6,32.8,16.1,27.3,11.9,79.5,33.6,928.3,Laterite,SAFE
5,26.8832,88.1858,1669.7,32.4,9.79,24.4,20.0,86.8,26.0,1013.0,Laterite,SAFE
9,11.5643,76.1195,881.5,36.7,42.46,54.0,14.6,87.3,8.0,994.6,Colluvium,MODERATE_RISK
8,10.1408,77.0033,1709.8,40.2,150.0,86.6,29.0,94.3,23.5,1006.0,Weathered Granite,HIGH_RISK
1,26.8714,88.1702,1721.6,37.9,156.9,80.8,23.5,82.5,7.8,965.1,Laterite,HIGH_RISK
5,11.3949,76.7126,1881.3,35.4,44.9,69.3,25.0,92.7,21.0,878.8,Weathered Granite,MODERATE_RISK
9,11.5285,76.1501,959.8,35.7,15.79,21.1,19.7,80.7,18.0,1002.5,Colluvium,SAFE
8,30.5644,79.5763,1841.8,35.7,54.2,57.1,15.6,91.0,25.5,931.8,Weathered Granite,MODERATE_RISK
4,10.1427,77.0066,1656.2,37.5,50.16,69.0,26.8,65.6,10.0,939.0,Colluvium,MODERATE_RISK
3,26.8757,88.1762,1736.9,11.4,37.95,29.2,19.1,94.3,23.9,891.8,Colluvium,SAFE
9,31.0939,77.1709,2255.1,51.2,167.9,92.0,16.9,50.7,6.0,965.5,Clay Loam,HIGH_RISK
9,11.5623,76.1252,931.4,42.1,158.46,72.8,19.3,75.5,10.8,971.3,Colluvium,HIGH_RISK
6,26.8758,88.195,1726.1,36.6,27.7,62.8,22.9,92.0,19.6,996.9,Weathered Granite,MODERATE_RISK
9,11.5617,76.1477,931.8,34.7,47.91,68.8,19.5,75.9,13.6,897.5,Colluvium,MODERATE_RISK
6,32.231,77.1738,2042.9,11.0,43.0,46.9,23.4,96.4,28.2,980.3,Residual Soil,SAFE
8,11.5175,76.1397,1035.2,47.1,6.0,37.3,23.9,67.1,6.8,913.2,Weathered Granite,SAFE
5,11.3996,76.7277,1913.1,43.9,13.5,35.7,20.4,60.5,15.1,949.7,Weathered Granite,SAFE
9,11.5258,76.1576,1024.0,50.2,156.7,90.6,17.6,70.2,8.0,925.3,Weathered Granite,HIGH_RISK
7,11.5143,76.1233,954.3,48.4,163.62,78.2,14.7,58.5,15.1,957.6,Colluvium,HIGH_RISK
8,30.5431,79.5489,1875.9,6.7,25.25,25.7,15.4,89.0,15.5,908.8,Sandy Loam,SAFE
2,32.241,77.1899,2053.3,52.0,148.12,80.1,24.3,89.3,5.8,947.6,Colluvium,HIGH_RISK
8,10.1459,77.0176,1674.0,49.6,135.74,77.3,15.3,62.9,19.6,919.0,Colluvium,HIGH_RISK
9,32.2529,77.1748,2037.2,37.9,49.2,58.8,16.8,82.0,33.1,940.6,Colluvium,MODERATE_RISK
8,11.3828,76.7235,1918.1,45.5,103.84,84.8,29.0,65.0,20.1,981.8,Weathered Granite,HIGH_RISK
9,11.5462,76.1415,947.3,40.6,150.43,79.1,18.8,66.2,22.2,909.7,Colluvium,HIGH_RISK
3,12.4348,75.7359,1086.1,38.3,125.57,92.4,18.5,88.2,33.3,932.0,Residual Soil,HIGH_RISK
3,17.9506,73.5912,585.9,4.3,35.2,57.0,22.8,53.6,28.5,954.0,Laterite,SAFE
6,30.5692,79.5534,1802.0,47.4,154.28,72.0,15.0,51.0,30.8,985.8,Weathered Granite,HIGH_RISK
9,10.1724,77.0252,1739.7,48.0,143.66,81.6,27.1,46.8,23.5,1007.3,Weathered Granite,HIGH_RISK
4,11.4087,76.0866,794.3,34.9,13.2,14.0,22.0,56.8,23.4,940.6,Laterite,SAFE
7,10.1541,77.0069,1794.8,34.0,57.3,54.6,17.5,81.3,27.0,884.2,Weathered Granite,MODERATE_RISK
8,11.3966,76.0977,766.1,37.8,33.1,61.9,27.0,93.3,22.9,979.9,Weathered Granite,MODERATE_RISK
7,32.2508,77.1786,2028.0,52.7,76.62,94.2,26.0,57.7,27.1,878.5,Colluvium,HIGH_RISK
1,10.1446,77.0186,1800.4,34.4,51.48,59.2,19.9,48.7,25.7,974.5,Weathered Granite,MODERATE_RISK
4,11.5713,76.1143,967.8,25.2,57.9,67.2,14.7,89.7,24.5,903.2,Colluvium,MODERATE_RISK
7,11.5325,76.1499,1048.1,15.4,35.5,57.3,21.9,76.7,33.8,975.3,Weathered Granite,SAFE
4,11.3838,76.7141,1951.1,40.9,7.3,32.7,15.2,86.5,27.0,957.0,Weathered Granite,SAFE
7,11.5343,76.1308,939.0,37.3,56.2,69.6,11.0,61.6,17.3,951.4,Weathered Granite,MODERATE_RISK
3,26.9007,88.1986,1637.2,33.8,111.2,93.5,20.6,84.0,24.1,904.1,Laterite,HIGH_RISK
8,11.3566,76.805,1902.7,34.7,42.52,53.2,22.7,82.7,26.5,905.0,Weathered Granite,MODERATE_RISK
3,31.0927,77.1871,2336.3,36.8,45.6,71.4,19.8,96.7,22.7,941.9,Clay Loam,MODERATE_RISK
9,11.4013,76.0885,756.7,32.8,15.35,41.3,19.5,57.2,34.8,878.7,Laterite,SAFE
3,31.1246,77.182,2264.5,36.5,49.89,56.1,13.8,90.3,30.9,952.4,Clay Loam,MODERATE_RISK
1,10.1569,77.0004,1648.5,32.7,51.1,58.4,16.5,93.4,34.8,925.9,Weathered Granite,MODERATE_RISK
1,32.2233,77.2021,2039.0,51.9,75.68,71.1,22.8,83.6,30.3,905.5,Colluvium,HIGH_RISK
8,10.1769,77.0436,1809.8,4.1,31.5,30.8,24.0,81.8,30.6,1007.6,Colluvium,SAFE
4,11.5147,76.1304,1117.6,32.0,51.1,68.5,22.0,94.3,11.0,958.9,Colluvium,MODERATE_RISK
4,9.6938,76.9318,847.4,43.3,168.5,81.8,19.4,50.8,28.8,938.5,Laterite,HIGH_RISK
8,11.3462,76.7858,1787.5,40.7,12.7,29.4,22.9,73.6,17.2,1022.4,Weathered Granite,SAFE
2,10.1778,77.0125,1801.2,17.3,23.4,61.0,16.0,76.1,32.6,884.5,Sandy Loam,SAFE
4,17.9729,73.5853,642.4,31.2,45.8,71.3,24.4,94.0,29.9,977.8,Colluvium,MODERATE_RISK
8,17.9566,73.565,625.5,47.6,141.74,87.8,22.0,69.8,5.1,990.2,Colluvium,HIGH_RISK
9,11.3775,76.7092,1908.9,36.2,56.6,66.1,20.4,94.3,24.4,907.0,Laterite,MODERATE_RISK
8,11.3505,76.7775,1863.6,34.9,120.5,92.3,15.5,47.1,20.0,889.3,Weathered Granite,HIGH_RISK
10,11.4061,76.1207,780.8,42.8,7.98,17.0,19.2,84.9,8.1,960.9,Laterite,SAFE
10,30.5392,79.55,1910.5,48.6,179.91,84.3,25.6,94.1,20.7,956.2,Weathered Granite,HIGH_RISK
2,26.9076,88.2011,1698.6,36.0,51.48,70.6,18.0,81.0,13.8,878.8,Clay Loam,MODERATE_RISK
1,11.55,76.1247,956.8,41.1,146.5,81.9,24.7,76.1,18.2,943.8,Colluvium,HIGH_RISK
8,31.0986,77.1856,2232.4,46.7,168.58,87.7,23.8,93.6,26.5,1025.7,Clay Loam,HIGH_RISK
9,30.5582,79.5739,1867.3,41.6,93.06,89.6,26.7,90.6,21.8,873.5,Weathered Granite,HIGH_RISK
4,11.531,76.1393,1053.8,49.2,146.1,95.0,18.5,74.3,20.9,961.0,Weathered Granite,HIGH_RISK
10,11.3523,76.8012,1843.7,36.3,11.0,28.1,18.2,53.4,10.2,957.2,Weathered Granite,SAFE
6,11.5303,76.1386,1073.5,37.3,49.5,70.6,17.3,89.1,7.6,928.4,Sandy Loam,MODERATE_RISK
1,12.4338,75.7432,1169.6,31.6,57.2,70.6,19.2,90.7,16.0,894.9,Residual Soil,MODERATE_RISK
4,11.4104,76.1032,753.6,42.4,90.1,93.1,20.4,92.7,22.9,972.9,Laterite,HIGH_RISK
10,10.1607,77.0026,1646.6,11.9,43.95,47.4,22.3,96.9,7.0,944.7,Residual Soil,SAFE
6,9.6673,76.9169,830.7,36.8,45.5,49.9,22.8,82.6,26.0,875.2,Laterite,MODERATE_RISK
2,10.1489,77.0374,1785.7,36.3,52.3,67.1,15.2,68.7,33.5,913.5,Weathered Granite,MODERATE_RISK
3,32.2346,77.1714,2057.8,45.1,185.74,87.0,22.5,68.4,28.2,933.6,Colluvium,HIGH_RISK
3,10.1531,77.0121,1636.0,35.3,52.2,66.3,15.3,84.9,27.6,865.4,Colluvium,MODERATE_RISK
10,32.2561,77.1727,1967.4,51.5,176.8,82.9,23.1,52.9,15.3,916.8,Colluvium,HIGH_RISK
2,11.5358,76.1271,917.1,34.4,57.4,60.7,24.3,90.5,32.3,941.2,Colluvium,MODERATE_RISK
8,10.1586,77.0079,1779.2,52.5,169.73,91.5,22.4,52.2,22.1,898.1,Laterite,HIGH_RISK
5,11.4028,76.6937,1959.6,33.3,43.0,57.9,17.5,90.2,12.9,976.7,Weathered Granite,MODERATE_RISK
10,11.394,76.7158,1917.7,42.5,15.35,37.4,11.7,76.0,28.1,998.2,Weathered Granite,SAFE
8,11.5487,76.1371,1024.7,37.0,43.73,51.3,18.2,81.4,32.0,922.7,Colluvium,MODERATE_RISK
8,31.0869,77.1699,2276.4,54.1,184.09,94.1,18.3,89.6,28.4,1023.5,Clay Loam,HIGH_RISK
2,10.1609,77.0401,1728.0,54.8,85.1,95.2,18.2,76.3,28.5,925.2,Weathered Granite,HIGH_RISK
2,11.5552,76.1269,887.2,45.5,109.6,71.2,17.5,97.1,32.8,962.1,Colluvium,HIGH_RISK
2,26.9009,88.1774,1658.9,37.5,14.8,46.5,19.7,70.7,20.5,988.2,Laterite,SAFE
1,11.4044,76.1152,748.3,36.8,124.7,82.0,17.1,78.8,12.9,937.2,Laterite,HIGH_RISK
9,17.9628,73.5803,607.5,33.4,50.33,56.4,26.9,93.1,6.9,924.2,Colluvium,MODERATE_RISK
4,32.2632,77.1826,2078.2,52.7,159.23,95.7,13.0,97.4,8.0,879.0,Colluvium,HIGH_RISK
5,11.5421,76.1125,1004.3,40.1,7.0,25.8,17.0,51.8,13.3,932.6,Colluvium,SAFE
4,11.5024,76.1372,1075.7,35.8,51.6,63.3,22.7,84.6,16.6,977.7,Weathered Granite,MODERATE_RISK
7,17.9388,73.6662,1301.4,38.8,9.96,47.7,20.4,68.0,23.6,1005.4,Laterite,SAFE
10,32.2545,77.1881,2056.8,40.4,9.13,16.6,17.3,87.6,13.5,937.8,Colluvium,SAFE
10,17.9362,73.6498,1353.3,34.3,49.28,47.8,14.6,67.6,16.2,957.5,Colluvium,MODERATE_RISK
8,11.4037,76.7264,1905.0,13.7,21.7,63.3,20.4,97.3,19.9,960.6,Residual Soil,SAFE
1,11.5338,76.1375,1096.9,50.7,91.1,81.7,26.7,72.7,8.7,919.7,Laterite,HIGH_RISK
7,10.1661,77.0301,1758.1,46.4,134.2,87.9,23.4,97.1,5.2,953.0,Weathered Granite,HIGH_RISK
5,11.385,76.6951,1924.5,37.1,39.8,70.3,24.3,85.9,21.8,899.4,Weathered Granite,MODERATE_RISK
1,26.1534,91.7082,419.2,5.7,39.2,43.5,16.1,57.6,31.3,963.3,Laterite,SAFE
3,32.2575,77.194,2031.2,46.6,145.8,83.7,18.4,74.5,6.3,891.7,Colluvium,HIGH_RISK
1,11.3518,76.7769,1837.9,28.7,52.7,68.7,16.2,83.6,17.3,1001.6,Weathered Granite,MODERATE_RISK
4,10.142,77.0095,1675.8,5.0,16.2,61.6,19.2,46.3,23.7,941.9,Weathered Granite,SAFE
5,17.9456,73.6482,1345.8,37.1,56.4,48.5,29.4,82.4,21.2,951.9,Laterite,MODERATE_RISK
3,11.3989,76.1042,771.7,6.6,27.4,29.1,24.4,50.7,6.5,936.7,Colluvium,SAFE
10,26.8891,88.1891,1710.4,32.1,9.74,25.5,24.3,70.5,7.4,958.7,Laterite,SAFE
8,11.3663,76.8139,1810.1,32.9,51.0,56.8,19.5,87.0,15.9,969.3,Weathered Granite,MODERATE_RISK
6,30.5544,79.5721,1914.2,38.0,54.6,69.2,21.5,68.6,10.1,940.8,Colluvium,MODERATE_RISK
2,17.9662,73.5852,588.2,50.6,115.45,75.9,11.8,86.1,15.5,905.3,Colluvium,HIGH_RISK
3,9.6827,76.9089,749.0,40.6,14.36,11.5,21.4,74.9,8.4,1002.6,Laterite,SAFE
2,32.2558,77.1791,2066.4,10.9,19.31,61.1,27.6,53.4,27.1,916.1,Residual Soil,SAFE
5,32.2439,77.201,2053.2,16.6,5.28,41.7,28.2,88.9,11.8,928.8,Laterite,SAFE
5,10.1809,77.0168,1799.7,48.0,90.2,87.7,20.5,74.5,32.7,980.2,Weathered Granite,HIGH_RISK
2,11.3657,76.8076,1856.0,12.7,17.93,50.3,16.9,70.6,33.4,911.9,Residual Soil,SAFE
9,11.4004,76.1241,799.5,42.2,126.56,91.1,18.4,64.8,19.2,948.6,Laterite,HIGH_RISK
1,11.4201,76.1077,727.7,37.3,15.0,27.4,23.6,69.5,7.3,1005.0,Laterite,SAFE
9,11.3821,76.7229,1903.1,5.3,42.79,63.0,23.5,80.2,16.8,947.0,Colluvium,SAFE
10,9.6859,76.9035,857.5,33.4,51.9,65.9,21.1,97.3,31.3,948.3,Sandy Loam,MODERATE_RISK
9,30.5702,79.5709,1869.8,48.5,117.3,81.9,16.8,57.0,16.3,977.3,Weathered Granite,HIGH_RISK
3,32.2472,77.2084,2084.4,51.2,169.8,77.5,20.6,62.5,30.0,966.5,Colluvium,HIGH_RISK
2,17.9707,73.58,608.2,49.1,165.0,70.7,27.6,83.9,18.2,951.9,Colluvium,HIGH_RISK
8,30.5427,79.5588,1835.2,33.3,49.06,66.8,18.8,82.2,21.3,992.7,Weathered Granite,MODERATE_RISK
1,11.5231,76.1296,1020.9,5.8,21.3,53.0,10.8,90.0,27.8,883.2,Clay Loam,SAFE
2,11.3489,76.7769,1840.8,42.2,132.5,80.7,21.8,45.2,26.6,947.8,Weathered Granite,HIGH_RISK
3,11.3588,76.7824,1828.6,32.1,33.0,54.2,15.7,97.9,12.5,912.6,Weathered Granite,MODERATE_RISK
8,11.5725,76.1097,923.2,40.2,151.6,84.6,21.9,90.5,5.5,951.2,Colluvium,HIGH_RISK
4,17.939,73.5694,667.4,43.2,179.8,94.0,24.3,86.2,30.6,953.5,Colluvium,HIGH_RISK
6,11.3946,76.7233,1950.7,38.6,9.41,12.4,20.5,77.9,29.6,873.3,Weathered Granite,SAFE
6,11.5311,76.1269,1033.4,35.2,55.0,67.0,17.9,74.8,11.0,964.8,Weathered Granite,MODERATE_RISK
10,17.9092,73.6496,1355.4,34.2,45.8,57.2,20.6,89.2,34.8,903.7,Colluvium,MODERATE_RISK
8,11.395,76.6936,1929.4,35.2,56.3,62.5,9.4,69.0,33.4,1043.8,Weathered Granite,MODERATE_RISK
10,11.3437,76.8102,1841.1,35.6,46.86,61.3,22.7,94.2,6.0,942.4,Weathered Granite,MODERATE_RISK
7,26.8743,88.1835,1696.2,32.2,51.5,48.2,27.2,80.4,29.5,966.2,Laterite,MODERATE_RISK
3,26.874,88.1748,1724.8,37.8,53.3,53.8,23.1,66.0,34.6,951.7,Laterite,MODERATE_RISK
8,11.5172,76.145,985.9,33.2,53.7,61.5,24.0,94.4,32.6,950.9,Colluvium,MODERATE_RISK
4,26.1579,91.7138,458.6,34.2,161.59,88.4,27.5,74.1,31.8,928.4,Clay Loam,HIGH_RISK
7,17.9545,73.5833,681.0,44.5,10.34,47.2,19.0,75.3,34.6,928.1,Colluvium,SAFE
10,30.5716,79.5759,1894.8,37.4,57.1,62.6,20.3,45.1,23.3,1007.8,Weathered Granite,MODERATE_RISK
6,11.5297,76.1636,1064.4,31.4,46.86,63.2,29.8,87.3,20.7,891.8,Weathered Granite,MODERATE_RISK
3,11.3654,76.6993,1895.7,37.2,44.1,66.9,25.7,80.5,5.7,953.0,Weathered Granite,MODERATE_RISK
5,11.5219,76.1421,1030.6,47.1,13.9,38.9,20.3,61.7,20.3,938.0,Weathered Granite,SAFE
2,17.9159,73.663,1371.1,39.1,12.2,43.1,17.4,66.2,33.6,1009.9,Laterite,SAFE
2,11.3405,76.8143,1854.1,31.7,52.8,63.7,21.7,83.0,17.6,913.4,Weathered Granite,MODERATE_RISK
5,11.4063,76.1241,779.7,38.3,14.2,10.3,20.6,84.5,16.7,891.3,Laterite,SAFE
3,11.3978,76.0909,785.6,42.9,132.61,70.3,20.5,61.4,17.1,943.4,Laterite,HIGH_RISK
2,10.1469,77.0266,1658.9,40.1,14.2,14.5,10.6,58.3,8.7,985.5,Colluvium,SAFE
5,31.0876,77.1803,2250.5,43.8,5.4,22.1,17.4,70.5,23.6,990.0,Clay Loam,SAFE
8,10.1491,77.0328,1833.1,36.0,43.1,70.3,18.2,91.9,17.4,921.4,Weathered Granite,MODERATE_RISK
8,11.3922,76.0929,843.5,38.8,142.3,93.5,8.9,94.7,28.1,898.7,Laterite,HIGH_RISK
10,26.8697,88.2023,1662.2,34.3,52.1,67.3,10.5,95.0,6.0,977.0,Laterite,MODERATE_RISK
8,17.9382,73.6568,1297.1,34.7,46.26,65.2,21.6,83.4,5.5,944.8,Laterite,MODERATE_RISK
4,11.3957,76.0853,756.6,31.0,51.2,58.8,19.8,46.0,28.9,901.7,Laterite,MODERATE_RISK
9,10.1414,77.0207,1639.8,40.4,11.06,11.3,11.8,55.6,5.5,914.6,Colluvium,SAFE
4,17.9325,73.6741,1363.8,41.8,155.8,89.3,16.3,59.4,6.0,982.5,Laterite,HIGH_RISK
5,17.9436,73.5687,622.4,41.0,11.88,41.5,21.3,97.0,15.1,910.5,Colluvium,SAFE
10,32.2312,77.2075,2070.0,43.5,12.3,13.2,24.1,85.0,17.4,993.0,Colluvium,SAFE
7,10.1563,77.0282,1797.0,34.9,46.2,64.3,18.4,92.5,22.4,940.1,Weathered Granite,MODERATE_RISK
4,31.1077,77.1541,2251.6,46.9,4.12,32.4,17.0,58.2,21.1,983.4,Clay Loam,SAFE
5,10.1509,77.0021,1636.0,46.2,127.71,82.8,25.0,83.1,23.7,914.4,Colluvium,HIGH_RISK
7,30.5541,79.5735,1900.2,49.8,178.86,72.9,17.1,90.9,9.6,910.9,Weathered Granite,HIGH_RISK
10,30.5364,79.5527,1901.9,35.9,55.2,57.0,17.1,73.2,29.7,981.3,Weathered Granite,MODERATE_RISK
9,11.5521,76.1263,911.5,44.1,181.94,89.1,18.4,74.9,5.9,992.6,Weathered Granite,HIGH_RISK
5,17.9119,73.6631,1361.1,37.7,47.8,56.2,13.6,94.0,29.7,925.2,Laterite,MODERATE_RISK
3,12.4153,75.7262,1226.1,37.3,44.33,50.5,19.0,83.7,13.7,935.6,Laterite,MODERATE_RISK
4,17.9403,73.6709,1310.4,36.5,147.78,91.0,23.3,96.2,22.7,953.8,Laterite,HIGH_RISK
4,17.9196,73.6532,1394.4,36.6,150.7,82.4,24.2,71.2,29.8,883.7,Laterite,HIGH_RISK
6,30.5572,79.5607,1830.6,37.6,47.4,48.0,16.7,82.9,22.7,879.7,Weathered Granite,MODERATE_RISK
4,11.5291,76.1639,1052.8,45.4,101.09,88.9,14.0,83.2,12.7,1000.1,Weathered Granite,HIGH_RISK
6,10.1672,77.0438,1758.7,35.2,55.3,67.5,23.3,52.4,18.0,951.9,Weathered Granite,MODERATE_RISK
9,17.9202,73.6755,1320.9,37.7,13.14,24.1,25.2,45.4,29.1,920.9,Laterite,SAFE
1,17.9471,73.5706,639.8,34.2,54.0,64.6,22.3,56.7,8.0,970.7,Colluvium,MODERATE_RISK
3,11.3433,76.8036,1818.0,36.4,57.9,46.4,20.9,55.5,34.6,890.2,Weathered Granite,MODERATE_RISK
1,12.4283,75.721,1133.6,36.5,17.6,12.3,23.7,61.4,15.1,939.9,Residual Soil,SAFE
6,32.2465,77.1753,2019.1,35.1,53.3,57.6,13.5,87.4,18.3,944.5,Weathered Granite,MODERATE_RISK
2,10.1435,77.0311,1637.5,37.5,56.8,69.3,11.7,75.7,24.6,996.8,Colluvium,MODERATE_RISK
7,17.9394,73.5967,608.7,44.1,143.4,95.3,22.1,46.8,18.1,943.6,Colluvium,HIGH_RISK
8,11.5395,76.1468,975.2,48.5,146.96,77.7,26.2,56.7,31.2,1014.6,Colluvium,HIGH_RISK
2,30.5617,79.5823,1807.4,37.9,14.25,33.6,15.4,89.3,27.0,995.9,Weathered Granite,SAFE
7,11.5456,76.1279,978.1,33.0,48.8,67.6,12.9,80.6,28.2,895.7,Sandy Loam,MODERATE_RISK
8,11.4196,76.1204,769.2,14.0,41.8,51.1,22.5,50.6,8.4,983.1,Laterite,SAFE
7,32.2318,77.1845,2032.4,13.3,14.5,53.4,23.2,45.2,15.2,925.6,Residual Soil,SAFE
2,11.4263,76.1165,781.7,36.2,39.93,54.4,22.5,81.9,25.2,957.1,Laterite,MODERATE_RISK
7,26.9023,88.184,1705.9,37.0,53.5,61.9,22.6,88.3,17.3,906.1,Laterite,MODERATE_RISK
7,17.9433,73.5681,676.3,34.4,56.5,60.8,11.4,65.9,19.5,900.3,Colluvium,MODERATE_RISK
4,11.5392,76.1147,931.4,27.3,55.2,67.1,19.8,96.3,16.9,955.4,Colluvium,MODERATE_RISK
1,11.5235,76.1172,1015.0,34.5,53.1,61.3,18.7,85.8,22.5,936.0,Colluvium,MODERATE_RISK
7,9.665,76.9313,793.1,43.0,130.3,73.5,10.9,66.0,33.2,929.6,Clay Loam,HIGH_RISK
8,11.3511,76.8014,1844.8,37.6,143.61,83.8,17.3,50.5,25.2,1015.2,Laterite,HIGH_RISK
5,10.1651,77.0321,1795.8,8.5,36.5,64.6,17.0,52.7,33.6,994.0,Colluvium,SAFE
10,9.6949,76.9172,866.8,40.4,12.16,32.3,14.4,58.0,32.1,956.7,Laterite,SAFE
10,17.9475,73.5992,608.1,45.5,159.4,87.6,24.5,57.3,32.9,903.6,Colluvium,HIGH_RISK
5,17.9672,73.5913,660.8,10.1,43.18,44.7,16.0,65.9,33.6,946.3,Residual Soil,SAFE
7,11.5657,76.1411,926.4,34.0,39.33,50.8,14.0,80.8,21.5,917.0,Colluvium,MODERATE_RISK
10,11.3579,76.781,1845.0,38.6,17.8,24.2,18.9,48.6,24.8,877.2,Weathered Granite,SAFE
7,17.9457,73.5925,660.0,12.8,26.2,43.8,19.2,83.0,18.5,1014.7,Colluvium,SAFE
4,32.255,77.1925,2004.7,43.9,167.53,79.4,19.8,72.4,11.0,902.4,Colluvium,HIGH_RISK
5,11.518,76.1225,1050.3,37.7,36.8,62.5,15.3,87.0,5.3,948.3,Colluvium,MODERATE_RISK
6,11.3802,76.7299,1931.6,36.9,49.5,68.2,15.6,95.5,22.5,977.8,Weathered Granite,MODERATE_RISK
4,30.5423,79.5844,1881.6,13.8,43.89,37.1,23.9,87.3,19.1,887.0,Colluvium,SAFE
4,26.1529,91.685,488.2,17.9,32.0,51.9,19.8,84.8,31.4,928.4,Clay Loam,SAFE
6,9.6927,76.9315,853.2,41.6,8.75,20.0,21.3,73.3,21.1,950.7,Laterite,SAFE
3,32.2618,77.1952,2025.4,37.8,53.9,56.0,22.4,64.8,8.1,898.8,Colluvium,MODERATE_RISK
10,26.8939,88.18,1640.7,36.1,8.8,36.7,26.7,96.2,23.1,943.4,Laterite,SAFE
10,11.5333,76.1427,907.2,37.8,39.0,50.2,26.7,83.9,23.0,929.8,Colluvium,MODERATE_RISK
5,10.1644,77.0257,1642.3,34.6,48.35,65.5,24.6,75.3,22.2,927.8,Laterite,MODERATE_RISK
7,26.9063,88.1771,1685.5,32.9,9.41,44.2,10.6,59.2,31.7,905.8,Laterite,SAFE
8,10.1332,77.0302,1670.7,51.1,153.1,70.0,21.1,80.0,5.1,1039.5,Colluvium,HIGH_RISK
10,26.8783,88.1922,1663.1,36.6,121.17,83.8,9.5,70.2,28.1,936.9,Laterite,HIGH_RISK
5,30.5482,79.5663,1904.2,36.5,5.2,46.3,24.6,97.3,32.7,963.0,Weathered Granite,SAFE
8,26.889,88.1943,1712.3,34.6,16.8,28.7,14.1,97.9,13.4,972.0,Laterite,SAFE
7,9.6936,76.907,857.3,47.1,165.0,83.5,16.7,70.5,18.1,909.4,Laterite,HIGH_RISK
3,12.4223,75.7581,1165.3,33.7,51.26,69.9,19.8,50.5,18.8,931.3,Weathered Granite,MODERATE_RISK
6,11.5587,76.1221,930.7,39.7,12.2,41.3,16.4,85.7,10.7,849.5,Colluvium,SAFE
1,12.4046,75.7257,1116.9,12.0,27.3,32.8,17.2,85.4,30.0,952.0,Weathered Granite,SAFE
3,10.1536,76.9979,1630.8,45.7,117.0,82.4,20.1,76.1,16.9,971.8,Colluvium,HIGH_RISK
1,11.528,76.1305,1004.2,40.7,12.1,24.8,26.6,91.0,16.4,1025.0,Weathered Granite,SAFE
2,9.6904,76.8988,801.3,41.9,167.0,83.3,16.8,91.5,17.8,925.3,Laterite,HIGH_RISK
9,32.2344,77.1953,2043.1,34.7,43.9,68.1,19.6,50.8,25.8,936.6,Colluvium,MODERATE_RISK
10,10.1557,76.9994,1666.7,43.0,15.9,44.0,13.5,82.1,24.6,971.9,Colluvium,SAFE
9,9.6683,76.9316,789.7,43.8,118.0,78.6,14.4,55.5,5.2,895.0,Laterite,HIGH_RISK
7,26.1564,91.709,456.4,29.8,13.2,21.3,19.3,87.9,34.0,1020.5,Clay Loam,SAFE
2,26.1471,91.7105,416.8,30.7,12.93,33.0,19.4,73.4,19.3,987.5,Clay Loam,SAFE
1,17.9521,73.5718,665.7,43.9,15.07,16.0,20.9,73.4,25.2,938.5,Colluvium,SAFE
1,17.9292,73.6538,1340.5,34.8,140.8,90.6,17.5,54.6,13.6,973.8,Laterite,HIGH_RISK
1,32.2544,77.195,2085.5,16.8,47.9,42.8,18.8,52.4,31.4,914.8,Residual Soil,SAFE
8,11.5091,76.1554,1101.2,44.6,143.99,90.5,10.5,49.9,19.4,905.5,Colluvium,HIGH_RISK
5,30.5744,79.5571,1843.8,37.1,15.24,12.9,29.6,74.0,21.0,936.3,Weathered Granite,SAFE
10,31.0943,77.1832,2333.1,51.4,9.13,39.2,17.7,90.2,21.1,996.4,Clay Loam,SAFE
7,32.2441,77.1869,2091.4,43.5,85.14,87.0,17.7,48.6,27.0,966.2,Colluvium,HIGH_RISK
6,11.5236,76.1275,998.8,8.4,28.49,61.6,20.4,76.8,9.4,893.1,Weathered Granite,SAFE
6,10.1518,77.0136,1615.4,47.0,118.0,81.9,19.0,60.2,16.0,962.8,Colluvium,HIGH_RISK
10,17.91,73.6542,1361.3,35.9,44.44,58.4,19.2,80.7,32.1,901.7,Laterite,MODERATE_RISK
9,26.1789,91.68,412.9,35.1,142.2,85.4,21.8,82.5,15.6,896.6,Clay Loam,HIGH_RISK
10,11.5306,76.1615,1071.4,36.1,51.4,70.9,17.6,87.4,22.5,1003.0,Weathered Granite,MODERATE_RISK
3,11.5175,76.1555,1076.8,48.3,134.86,71.8,17.8,49.7,11.7,1016.6,Weathered Granite,HIGH_RISK
3,11.3414,76.801,1787.4,35.7,38.2,51.9,22.8,89.6,17.7,935.7,Weathered Granite,MODERATE_RISK
4,11.379,76.7252,1914.8,37.7,28.33,54.0,21.9,68.5,35.0,948.5,Weathered Granite,MODERATE_RISK
8,17.9464,73.5875,617.1,52.8,143.17,89.3,13.7,73.4,6.7,880.3,Colluvium,HIGH_RISK
7,26.8909,88.1831,1701.9,37.6,50.38,50.6,18.2,88.0,5.5,939.4,Laterite,MODERATE_RISK
10,17.9453,73.6616,1385.5,44.0,168.79,77.2,23.2,74.7,14.4,923.7,Laterite,HIGH_RISK
1,9.6917,76.9199,816.0,36.1,48.24,58.6,23.2,90.0,16.2,914.1,Laterite,MODERATE_RISK
2,11.5145,76.1311,968.7,40.0,175.2,76.7,16.4,88.0,19.6,883.3,Clay Loam,HIGH_RISK
3,26.8934,88.1697,1613.5,29.2,55.8,59.3,22.7,92.0,23.0,884.6,Colluvium,MODERATE_RISK
4,26.1593,91.6929,498.3,36.2,55.4,69.9,25.5,73.4,12.2,893.4,Clay Loam,MODERATE_RISK
6,26.891,88.172,1725.7,13.3,36.4,58.5,17.3,93.3,21.4,911.7,Clay Loam,SAFE
5,11.3993,76.0953,790.0,16.4,31.6,29.8,15.7,78.8,19.8,988.8,Residual Soil,SAFE
6,10.1352,77.0072,1634.4,36.5,49.78,67.8,21.2,91.5,5.3,967.2,Colluvium,MODERATE_RISK
8,10.1626,77.0363,1801.3,47.2,183.53,73.0,13.9,45.8,14.0,945.1,Weathered Granite,HIGH_RISK
5,11.5375,76.1283,957.9,43.9,168.3,70.8,20.3,87.9,23.3,969.0,Colluvium,HIGH_RISK
7,31.0916,77.1648,2299.7,9.6,28.5,32.9,18.0,76.7,7.5,992.0,Weathered Granite,SAFE
4,30.5702,79.5497,1878.9,7.8,35.4,39.7,21.1,72.5,10.1,909.0,Sandy Loam,SAFE
4,31.1133,77.1922,2293.9,33.9,49.3,67.0,10.1,88.4,11.3,911.4,Laterite,MODERATE_RISK
6,11.5602,76.1383,972.9,16.0,46.7,38.4,24.2,63.0,12.7,925.2,Residual Soil,SAFE
7,17.9409,73.6753,1407.8,6.0,44.7,51.8,21.1,51.6,15.7,958.3,Clay Loam,SAFE
1,10.1414,77.0135,1669.2,50.1,167.5,70.1,21.9,59.3,22.0,972.7,Colluvium,HIGH_RISK
7,26.8808,88.1672,1698.7,40.2,138.22,93.4,23.8,56.6,13.3,910.6,Laterite,HIGH_RISK
6,9.683,76.9041,760.8,41.7,127.9,82.7,19.2,75.7,31.7,953.9,Laterite,HIGH_RISK
8,11.5174,76.1236,963.9,38.6,180.78,86.5,21.0,69.1,16.6,965.7,Colluvium,HIGH_RISK
7,31.0913,77.1609,2294.4,48.8,146.7,94.3,23.8,67.3,30.6,974.7,Clay Loam,HIGH_RISK
6,10.1348,77.0272,1636.6,37.1,57.7,65.5,16.9,49.7,24.3,981.6,Colluvium,MODERATE_RISK
7,11.549,76.1195,870.5,34.1,53.5,63.5,21.9,73.8,28.5,1011.0,Colluvium,MODERATE_RISK
9,11.3808,76.6933,1918.3,40.5,13.48,32.2,15.3,58.2,32.3,968.8,Weathered Granite,SAFE
6,11.5251,76.1382,1023.7,32.5,47.69,68.4,14.1,53.3,12.2,934.6,Colluvium,MODERATE_RISK
10,10.1812,77.0376,1824.3,44.3,176.3,77.1,32.9,54.4,25.7,919.9,Weathered Granite,HIGH_RISK
8,32.2408,77.1701,2095.0,40.8,5.1,34.1,20.6,51.0,29.5,952.6,Colluvium,SAFE
2,12.4352,75.7403,1194.6,37.9,54.8,72.0,25.7,45.3,33.0,955.6,Colluvium,MODERATE_RISK
3,11.5404,76.1232,864.9,38.4,164.8,93.4,23.5,53.8,12.7,972.5,Colluvium,HIGH_RISK
4,11.3669,76.7857,1857.9,28.4,57.8,63.0,18.4,94.1,10.5,889.3,Weathered Granite,MODERATE_RISK
5,9.6868,76.9148,793.5,35.8,41.8,50.2,20.3,87.9,14.3,907.4,Laterite,MODERATE_RISK
10,17.9514,73.5822,651.5,37.0,54.6,57.0,17.6,87.1,16.2,930.3,Colluvium,MODERATE_RISK
3,11.3959,76.1093,771.2,37.5,115.6,86.9,17.1,77.6,13.2,1019.1,Laterite,HIGH_RISK
7,11.5415,76.1391,892.2,42.5,8.3,44.2,22.4,67.7,34.9,926.0,Colluvium,SAFE
7,11.5368,76.152,1042.0,43.6,183.7,82.6,22.6,61.2,6.4,927.2,Laterite,HIGH_RISK
10,10.1582,76.9987,1671.5,41.3,15.0,35.2,19.8,59.5,6.5,877.3,Colluvium,SAFE
4,10.1597,77.0365,1775.3,34.9,56.2,67.1,21.5,49.8,34.7,939.7,Weathered Granite,MODERATE_RISK
4,10.1668,77.01,1824.9,37.5,42.24,70.7,24.8,60.3,8.1,925.5,Weathered Granite,MODERATE_RISK
2,26.8836,88.1934,1659.6,32.3,9.74,21.7,17.2,77.2,27.4,1021.6,Laterite,SAFE
1,10.1646,77.0422,1754.7,44.4,8.7,21.1,16.3,76.6,19.8,927.6,Weathered Granite,SAFE
9,11.5275,76.1324,1067.3,17.4,15.4,51.9,24.7,59.0,5.6,978.8,Weathered Granite,SAFE
8,10.1301,77.0163,1596.2,41.7,112.4,74.0,14.0,54.5,6.3,960.8,Colluvium,HIGH_RISK
8,17.9593,73.5808,580.0,49.7,12.7,27.6,21.0,47.9,15.7,986.1,Colluvium,SAFE
6,10.168,77.03,1613.8,42.6,98.51,94.6,22.6,69.2,7.7,1025.1,Colluvium,HIGH_RISK
6,26.8782,88.1687,1728.2,40.7,171.71,74.9,28.4,46.1,33.0,961.5,Laterite,HIGH_RISK
10,11.4109,76.1141,784.8,37.3,57.8,70.4,23.8,50.7,33.5,950.4,Laterite,MODERATE_RISK
8,11.5381,76.1503,969.1,39.6,123.53,89.6,23.8,91.5,21.7,896.6,Colluvium,HIGH_RISK
10,12.4163,75.7182,1215.4,31.1,44.88,69.3,26.5,87.9,10.0,984.7,Colluvium,MODERATE_RISK
9,10.1636,77.0179,1735.7,9.3,17.9,18.5,21.0,46.3,23.1,975.8,Clay Loam,SAFE
9,30.5494,79.5682,1883.3,48.3,178.81,78.4,20.8,87.4,25.1,883.7,Weathered Granite,HIGH_RISK
4,11.5311,76.1323,974.5,49.1,119.9,78.5,16.7,94.9,7.2,977.6,Colluvium,HIGH_RISK
8,26.9047,88.189,1707.8,34.5,40.48,57.6,15.3,62.9,28.8,1009.5,Weathered Granite,MODERATE_RISK
6,32.2465,77.1889,2018.3,36.1,57.1,53.6,18.1,73.0,15.6,829.9,Weathered Granite,MODERATE_RISK
10,10.1678,77.0309,1684.8,37.8,50.5,64.9,19.4,77.3,5.2,965.3,Colluvium,MODERATE_RISK
5,31.1156,77.1631,2276.9,46.6,14.14,28.3,29.1,92.8,24.1,1036.9,Clay Loam,SAFE
6,30.5468,79.5597,1868.1,45.6,15.51,23.4,23.7,89.4,13.5,962.4,Weathered Granite,SAFE
5,17.9225,73.6595,1365.0,42.3,186.62,95.7,27.9,56.8,24.7,919.4,Laterite,HIGH_RISK
1,11.4011,76.6971,1921.7,37.8,14.91,40.9,23.7,59.2,23.3,943.1,Weathered Granite,SAFE
1,17.9444,73.6424,1412.0,36.5,50.11,71.7,24.3,84.0,27.6,894.1,Laterite,MODERATE_RISK
9,30.5425,79.5604,1882.2,47.5,146.63,74.0,19.6,81.1,25.4,939.3,Weathered Granite,HIGH_RISK
9,11.3938,76.0922,759.2,30.8,55.6,54.1,18.8,90.5,28.3,974.1,Laterite,MODERATE_RISK
9,17.9629,73.5804,600.2,42.1,15.46,40.4,18.9,88.5,10.1,1040.2,Colluvium,SAFE
9,30.539,79.5691,1855.9,33.8,57.4,62.6,25.3,92.7,21.7,1001.4,Weathered Granite,MODERATE_RISK
4,11.3703,76.6948,1932.5,30.5,54.4,68.4,21.8,90.4,5.4,971.5,Weathered Granite,MODERATE_RISK
10,17.9414,73.6757,1374.8,9.3,41.3,30.8,16.3,77.3,27.0,985.6,Laterite,SAFE
9,32.2335,77.1732,2045.3,45.7,143.6,92.8,33.2,47.1,7.6,902.1,Clay Loam,HIGH_RISK
6,26.8704,88.1767,1697.5,41.5,176.0,85.2,17.5,45.4,14.6,993.6,Laterite,HIGH_RISK
4,30.5525,79.5687,1883.7,47.0,144.7,94.4,22.7,82.6,34.4,1027.4,Weathered Granite,HIGH_RISK
3,9.6681,76.9092,831.2,40.3,11.6,22.6,21.2,52.3,33.6,997.7,Laterite,SAFE
2,11.3846,76.7304,1892.1,37.3,130.74,81.7,23.6,52.7,22.0,951.1,Weathered Granite,HIGH_RISK
2,11.5384,76.1355,991.2,30.4,44.11,72.0,25.4,96.1,9.7,943.4,Weathered Granite,MODERATE_RISK
5,30.5412,79.5696,1863.1,35.2,57.5,52.4,23.1,84.4,15.7,938.7,Weathered Granite,MODERATE_RISK
7,9.674,76.9162,821.5,37.0,48.5,70.1,9.9,71.3,30.5,927.7,Laterite,MODERATE_RISK
1,11.5212,76.1323,1081.3,49.3,95.1,71.5,16.7,80.3,15.2,979.6,Weathered Granite,HIGH_RISK
6,17.9133,73.6714,1346.1,33.5,150.0,94.6,27.7,80.7,28.5,929.4,Laterite,HIGH_RISK
3,12.4249,75.7563,1175.1,5.5,39.38,15.0,20.0,52.5,30.9,932.8,Clay Loam,SAFE
7,11.3435,76.7806,1856.6,36.4,48.13,52.9,25.4,53.4,31.0,916.1,Weathered Granite,MODERATE_RISK
7,11.3945,76.1038,816.6,34.5,120.6,74.1,31.4,86.9,8.1,904.0,Laterite,HIGH_RISK
6,17.9632,73.5915,609.9,10.7,43.95,17.5,19.5,93.3,7.5,934.7,Sandy Loam,SAFE
5,17.9625,73.5633,643.9,37.8,44.0,55.5,22.1,93.5,31.9,919.3,Colluvium,MODERATE_RISK
10,26.8867,88.1805,1728.4,36.9,53.6,62.6,25.7,71.6,13.6,973.9,Laterite,MODERATE_RISK
10,11.5712,76.1223,886.1,16.3,30.03,53.1,21.7,85.3,34.3,970.7,Clay Loam,SAFE
7,11.4072,76.1218,799.2,29.9,16.01,10.7,18.0,94.4,10.1,958.6,Laterite,SAFE
1,17.9465,73.5916,620.7,49.0,146.1,78.6,22.8,94.4,7.2,926.0,Colluvium,HIGH_RISK
4,12.4183,75.7422,1150.0,4.5,45.8,34.9,19.4,95.2,15.1,900.4,Residual Soil,SAFE
5,10.1553,77.0336,1656.2,45.7,15.0,33.5,22.2,45.4,8.1,923.1,Colluvium,SAFE
2,30.5739,79.5743,1914.6,5.2,47.0,51.9,18.4,77.3,31.3,988.4,Laterite,SAFE
2,11.3398,76.8111,1859.2,41.6,157.96,72.2,21.3,91.0,9.7,917.2,Clay Loam,HIGH_RISK
9,11.372,76.8,1870.7,40.2,175.2,73.6,21.0,94.4,23.7,903.8,Weathered Granite,HIGH_RISK
7,11.3356,76.7872,1916.9,36.7,11.0,28.4,13.4,79.5,10.9,929.4,Weathered Granite,SAFE
2,10.1754,77.0366,1780.9,52.5,112.37,75.5,16.1,54.8,23.3,979.2,Weathered Granite,HIGH_RISK
7,9.6902,76.9367,808.2,34.0,40.2,56.2,16.3,80.3,5.5,957.2,Laterite,MODERATE_RISK
9,11.4008,76.7003,1912.1,34.1,50.6,70.4,17.7,63.8,29.1,886.9,Weathered Granite,MODERATE_RISK
2,32.2614,77.201,2059.5,36.8,5.8,26.4,18.1,66.4,33.1,995.2,Colluvium,SAFE
10,26.1489,91.7081,458.5,35.3,5.5,19.8,23.3,94.7,8.9,959.3,Clay Loam,SAFE
7,11.3413,76.7904,1865.3,34.7,151.03,87.7,17.5,75.2,16.4,955.7,Laterite,HIGH_RISK
2,11.5734,76.1365,983.8,7.1,42.08,41.6,15.0,85.7,27.0,959.6,Colluvium,SAFE
10,11.5449,76.1442,1011.6,45.6,143.7,92.3,15.4,59.4,11.7,915.7,Colluvium,HIGH_RISK
3,10.1579,77.0345,1603.5,37.8,41.69,50.5,21.0,92.6,14.0,958.0,Colluvium,MODERATE_RISK
10,11.5409,76.1292,928.2,46.1,169.12,89.3,23.4,62.7,21.0,940.5,Colluvium,HIGH_RISK
5,31.1209,77.1774,2249.6,52.8,170.7,82.7,23.7,73.3,21.4,939.4,Clay Loam,HIGH_RISK
1,11.3729,76.7872,1843.3,45.9,160.9,79.4,22.0,83.5,7.1,990.8,Laterite,HIGH_RISK
8,11.5326,76.139,994.9,36.9,34.8,53.0,22.9,85.3,28.2,926.0,Weathered Granite,MODERATE_RISK
1,30.5699,79.5545,1861.9,13.8,28.2,41.9,24.9,70.7,22.8,969.2,Weathered Granite,SAFE
6,11.5361,76.1195,974.5,35.2,46.31,68.1,12.6,95.2,34.5,936.8,Clay Loam,MODERATE_RISK
8,31.1042,77.1655,2237.1,6.9,38.06,55.5,25.4,52.3,22.4,961.3,Clay Loam,SAFE
8,11.3654,76.8023,1834.5,37.3,40.1,67.3,25.8,53.9,13.6,929.7,Weathered Granite,MODERATE_RISK
2,10.1609,76.9972,1631.4,44.0,10.29,24.5,17.8,82.0,18.7,965.1,Colluvium,SAFE
5,26.1504,91.6972,474.2,36.0,167.26,90.3,24.4,63.7,9.8,959.5,Clay Loam,HIGH_RISK
8,11.5248,76.1365,1035.8,46.1,5.0,22.1,20.0,62.7,8.6,966.8,Colluvium,SAFE
10,11.5194,76.1646,1022.9,36.4,30.41,71.5,17.6,88.3,17.6,925.9,Weathered Granite,MODERATE_RISK
9,11.348,76.8042,1830.5,38.9,151.5,81.4,21.6,70.7,28.9,937.0,Clay Loam,HIGH_RISK
9,11.5541,76.1356,925.3,35.3,51.5,59.6,15.1,84.7,30.6,983.5,Colluvium,MODERATE_RISK
8,26.8698,88.1915,1737.7,36.9,178.92,73.8,20.4,92.7,33.6,973.2,Laterite,HIGH_RISK
3,10.1601,77.0216,1632.6,13.4,43.7,26.0,20.5,65.0,12.0,965.4,Clay Loam,SAFE
1,11.389,76.7012,1918.3,46.1,17.6,41.1,25.1,76.9,16.1,905.3,Weathered Granite,SAFE
2,9.6827,76.9148,808.6,35.6,57.3,57.2,17.1,65.4,14.6,954.8,Weathered Granite,MODERATE_RISK
6,10.1486,77.0231,1701.4,37.4,52.2,63.1,14.9,72.5,32.4,923.9,Colluvium,MODERATE_RISK
6,26.1498,91.6849,442.8,34.3,150.3,85.9,21.3,94.5,18.8,983.6,Clay Loam,HIGH_RISK
2,11.5302,76.1516,954.8,31.8,38.5,69.5,23.2,90.9,31.8,950.5,Colluvium,MODERATE_RISK
10,26.8915,88.1741,1762.4,35.1,174.3,87.1,21.7,60.0,26.4,1016.9,Colluvium,HIGH_RISK
8,26.1831,91.7154,446.8,6.5,32.7,16.4,18.4,89.3,22.3,900.6,Weathered Granite,SAFE
3,11.5236,76.1265,987.2,36.1,34.27,65.4,18.3,97.5,25.9,899.3,Colluvium,MODERATE_RISK
10,11.5404,76.1228,954.4,34.7,46.8,61.1,19.5,54.7,23.9,918.1,Colluvium,MODERATE_RISK
7,30.5603,79.5801,1882.8,41.6,172.53,72.3,21.7,84.6,27.3,966.9,Clay Loam,HIGH_RISK
9,10.1331,76.9979,1694.3,36.1,51.4,57.1,18.8,75.2,13.6,975.7,Colluvium,MODERATE_RISK
5,9.6939,76.9322,826.4,37.5,158.7,73.3,20.2,57.6,27.0,952.5,Laterite,HIGH_RISK
6,26.8766,88.1959,1721.0,37.5,39.0,58.0,12.2,57.8,7.8,909.5,Laterite,MODERATE_RISK
5,30.5749,79.5602,1878.0,39.5,135.25,92.2,17.6,82.1,6.4,991.1,Laterite,HIGH_RISK
5,32.2328,77.1781,2067.7,5.0,41.9,62.2,21.4,93.7,20.3,903.6,Residual Soil,SAFE
8,10.1523,77.0145,1652.3,37.3,56.2,68.2,20.6,90.3,34.1,956.1,Colluvium,MODERATE_RISK
3,11.4032,76.1247,788.6,43.7,110.33,88.0,17.7,65.2,33.3,992.4,Laterite,HIGH_RISK
9,30.5602,79.5739,1888.4,41.3,11.88,29.2,14.6,81.3,11.5,907.0,Weathered Granite,SAFE
5,11.4136,76.1151,801.9,44.0,131.12,75.1,21.8,88.7,12.3,990.4,Laterite,HIGH_RISK
2,30.5634,79.5645,1892.0,43.1,138.77,91.3,25.8,76.0,28.7,881.3,Weathered Granite,HIGH_RISK
7,17.9355,73.6565,1382.1,16.0,34.1,37.9,21.8,50.5,28.0,979.4,Laterite,SAFE
7,11.4092,76.0904,789.1,35.4,9.13,31.6,19.1,91.2,6.0,971.2,Laterite,SAFE
1,31.0883,77.1595,2278.9,33.4,56.6,67.2,18.8,78.2,33.3,948.6,Laterite,MODERATE_RISK
5,32.2413,77.1812,2034.1,29.5,42.02,66.9,20.0,84.1,15.5,915.3,Laterite,MODERATE_RISK
10,17.9441,73.572,661.8,51.3,157.96,87.7,24.8,66.9,22.4,909.7,Colluvium,HIGH_RISK
2,9.673,76.9305,881.2,37.8,6.4,41.5,21.7,87.7,25.0,960.8,Laterite,SAFE
2,11.3354,76.8093,1844.5,15.8,14.8,17.8,22.2,66.2,27.4,933.9,Sandy Loam,SAFE
6,17.9237,73.6504,1351.2,37.6,32.29,50.2,23.0,98.0,24.5,928.5,Laterite,MODERATE_RISK
4,31.0934,77.1718,2288.9,7.8,43.5,44.8,12.8,75.5,10.1,981.6,Clay Loam,SAFE
3,17.9159,73.6657,1362.3,37.7,45.6,61.1,22.1,88.5,23.0,941.4,Laterite,MODERATE_RISK
4,26.1471,91.7103,470.4,32.5,6.99,12.2,22.8,59.9,19.9,947.9,Clay Loam,SAFE
5,11.3864,76.7084,1919.8,42.7,12.76,12.5,23.8,77.5,34.6,1009.9,Weathered Granite,SAFE
6,12.4083,75.754,1192.3,39.0,13.0,24.9,24.5,48.1,29.5,1003.9,Residual Soil,SAFE
8,9.6967,76.9156,825.2,42.2,123.2,74.5,24.5,85.1,26.5,966.8,Laterite,HIGH_RISK
5,10.1593,77.0303,1838.8,32.9,49.55,49.3,25.5,85.7,6.5,989.0,Weathered Granite,MODERATE_RISK
9,11.3693,76.7959,1875.1,9.5,27.89,34.7,18.1,52.1,28.2,901.3,Sandy Loam,SAFE
4,11.4044,76.1097,767.6,33.3,5.4,18.9,14.0,53.7,12.1,957.2,Laterite,SAFE
9,11.4002,76.1143,778.0,30.0,13.97,14.6,16.1,94.2,7.2,988.9,Laterite,SAFE
4,11.3522,76.7923,1867.0,37.7,38.5,67.5,19.4,50.6,11.6,948.8,Weathered Granite,MODERATE_RISK
1,26.8798,88.1817,1669.2,36.1,53.6,59.5,21.7,60.1,26.9,953.2,Laterite,MODERATE_RISK
6,26.1642,91.714,455.0,38.0,55.0,62.6,15.1,87.4,17.7,916.2,Weathered Granite,MODERATE_RISK
2,10.1786,77.0314,1773.8,48.4,108.9,79.3,13.8,81.8,28.0,968.3,Weathered Granite,HIGH_RISK
7,32.2247,77.1869,2066.0,32.7,49.72,52.4,17.1,94.7,27.5,925.4,Colluvium,MODERATE_RISK
5,11.5083,76.1536,1032.6,52.3,179.6,82.4,28.1,49.1,19.6,919.6,Weathered Granite,HIGH_RISK
5,30.566,79.549,1867.6,34.3,45.6,71.1,20.7,77.7,7.8,932.2,Weathered Granite,MODERATE_RISK
8,10.1769,77.0433,1758.7,51.8,168.08,91.6,22.3,47.6,8.8,901.1,Weathered Granite,HIGH_RISK
7,11.5137,76.1576,970.3,36.5,57.8,48.7,21.7,77.8,18.7,949.6,Weathered Granite,MODERATE_RISK
7,17.9714,73.5716,619.4,9.8,21.39,32.2,22.8,51.1,19.6,910.1,Sandy Loam,SAFE
3,11.3419,76.789,1849.5,28.1,56.6,63.2,22.3,95.0,34.5,908.6,Weathered Granite,MODERATE_RISK
10,32.2236,77.1775,2097.7,47.4,78.2,75.6,24.3,85.2,23.6,950.5,Colluvium,HIGH_RISK
5,17.9396,73.6753,1329.0,39.4,152.13,82.2,16.2,51.3,30.2,928.1,Laterite,HIGH_RISK
3,11.3739,76.7282,1938.3,29.2,42.2,70.6,16.8,95.5,21.7,971.1,Weathered Granite,MODERATE_RISK
1,10.1759,77.0171,1800.2,48.4,127.4,93.8,20.7,90.5,24.2,951.2,Weathered Granite,HIGH_RISK
2,9.671,76.9178,769.1,38.4,150.98,79.3,16.2,78.3,16.5,952.9,Laterite,HIGH_RISK
4,12.4398,75.7533,1122.5,41.0,8.91,36.1,18.6,56.9,6.0,930.5,Residual Soil,SAFE
1,10.1459,77.0214,1793.3,31.6,43.45,65.9,25.9,85.2,15.9,895.5,Weathered Granite,MODERATE_RISK
6,11.5194,76.1441,1069.9,44.1,179.52,93.1,18.1,62.1,6.3,929.9,Weathered Granite,HIGH_RISK
10,11.3361,76.7767,1829.0,44.7,172.48,90.3,18.4,94.5,6.4,914.0,Clay Loam,HIGH_RISK
8,30.5722,79.5498,1856.6,15.7,26.4,61.8,24.9,60.6,30.2,903.2,Sandy Loam,SAFE
4,26.1573,91.6904,480.3,31.1,9.0,41.9,15.1,54.3,5.3,959.1,Clay Loam,SAFE
3,11.5078,76.1514,1053.5,50.9,182.22,78.4,27.3,53.9,20.1,969.1,Weathered Granite,HIGH_RISK
10,9.6919,76.9118,829.8,43.6,141.7,91.8,15.3,65.4,8.6,928.3,Laterite,HIGH_RISK
2,11.4031,76.725,1925.4,46.3,121.4,93.8,22.4,58.4,12.1,913.5,Weathered Granite,HIGH_RISK
8,9.69,76.9255,797.3,45.7,102.63,83.5,17.0,54.4,11.7,925.0,Laterite,HIGH_RISK
6,30.5526,79.5752,1891.1,36.7,56.2,60.1,12.0,49.7,8.1,907.2,Weathered Granite,MODERATE_RISK
8,26.1804,91.7123,452.6,28.4,9.79,35.0,20.6,71.5,10.2,938.3,Clay Loam,SAFE
7,11.3895,76.7085,1891.1,47.5,163.08,72.6,22.4,79.3,34.3,971.6,Clay Loam,HIGH_RISK
5,9.6711,76.9261,839.4,47.2,175.8,94.6,20.8,83.5,32.3,978.3,Laterite,HIGH_RISK
9,10.1612,77.0125,1777.4,37.2,50.05,70.6,25.8,51.9,22.5,883.5,Weathered Granite,MODERATE_RISK
10,11.3601,76.7935,1861.2,8.4,31.13,60.1,24.5,47.7,31.5,942.1,Residual Soil,SAFE
7,10.1502,77.0397,1759.9,35.3,39.4,65.6,13.0,79.4,34.0,949.2,Weathered Granite,MODERATE_RISK
3,17.9453,73.6626,1355.2,37.2,14.08,40.2,19.3,73.5,26.4,966.6,Laterite,SAFE
9,10.1674,77.0049,1640.9,40.2,17.6,10.8,20.8,51.0,22.5,972.3,Colluvium,SAFE
3,11.4057,76.1052,798.2,33.5,48.8,68.8,22.5,87.0,22.5,921.0,Laterite,MODERATE_RISK
5,11.367,76.7292,1918.9,31.5,51.1,62.9,20.2,67.7,11.2,951.7,Weathered Granite,MODERATE_RISK
5,11.5455,76.1189,947.8,36.8,51.9,65.5,15.8,92.9,18.6,927.2,Colluvium,MODERATE_RISK
8,11.4029,76.1014,765.0,14.1,20.3,27.4,21.1,85.0,8.3,940.7,Colluvium,SAFE
10,11.3783,76.7144,1938.8,30.5,50.2,70.4,16.1,87.1,18.8,972.9,Weathered Granite,MODERATE_RISK
7,17.9533,73.5897,612.3,33.6,57.8,55.0,10.5,86.2,31.9,971.4,Colluvium,MODERATE_RISK
6,11.3569,76.807,1817.8,40.3,138.0,76.2,23.1,59.5,31.2,914.6,Weathered Granite,HIGH_RISK
9,10.1446,77.0148,1642.6,37.7,42.8,57.8,19.7,94.0,17.0,961.5,Colluvium,MODERATE_RISK
1,10.1473,77.0027,1649.4,7.5,26.1,17.3,26.1,55.1,31.8,957.6,Residual Soil,SAFE
4,11.4087,76.1196,777.2,33.8,15.18,28.4,18.7,54.3,17.3,921.9,Laterite,SAFE
9,31.1221,77.1753,2310.6,36.4,54.0,59.5,25.8,57.4,15.2,923.6,Weathered Granite,MODERATE_RISK
5,10.1437,77.0054,1675.9,44.0,5.6,35.9,18.7,47.8,27.7,967.5,Colluvium,SAFE
6,17.92,73.6583,1374.8,35.8,38.5,67.1,23.5,94.5,10.6,952.7,Laterite,MODERATE_RISK
2,11.5045,76.148,1076.2,36.7,45.7,63.4,22.3,57.9,14.3,1025.0,Weathered Granite,MODERATE_RISK
8,26.165,91.7074,442.9,36.2,56.0,55.3,23.3,92.2,25.4,936.8,Weathered Granite,MODERATE_RISK
5,10.1517,77.0223,1807.6,33.1,48.07,70.2,30.0,97.1,14.7,946.2,Weathered Granite,MODERATE_RISK
7,9.6771,76.8979,822.8,8.5,12.43,52.5,21.0,94.5,13.0,1013.1,Weathered Granite,SAFE
9,31.1024,77.1923,2327.4,36.8,44.44,67.1,21.4,92.2,28.3,956.9,Clay Loam,MODERATE_RISK
9,32.2337,77.1816,2062.6,36.1,57.5,66.3,17.0,92.0,28.2,960.7,Colluvium,MODERATE_RISK
3,32.2265,77.1942,2061.1,51.0,178.1,90.7,18.1,61.9,27.3,970.7,Clay Loam,HIGH_RISK
1,11.3374,76.8027,1826.0,35.6,48.79,48.8,22.7,95.5,33.9,983.3,Weathered Granite,MODERATE_RISK
3,9.7001,76.8987,853.5,39.5,9.62,45.9,20.9,57.8,31.3,957.8,Laterite,SAFE
6,17.9666,73.5962,645.0,30.9,54.8,66.5,26.0,90.0,9.6,959.4,Colluvium,MODERATE_RISK
9,11.4106,76.113,805.2,38.4,15.68,36.6,24.9,74.0,31.4,922.1,Laterite,SAFE
1,11.4052,76.0903,754.3,12.3,46.8,60.9,14.5,52.6,14.1,932.1,Colluvium,SAFE
3,11.3697,76.7957,1833.7,34.8,147.07,90.4,19.8,63.4,15.2,947.3,Weathered Granite,HIGH_RISK
1,32.2242,77.1878,2073.1,43.8,157.2,95.5,21.6,46.2,7.1,897.0,Colluvium,HIGH_RISK
7,11.3942,76.1071,783.3,31.8,57.4,64.0,21.6,85.0,10.3,912.8,Laterite,MODERATE_RISK
3,11.5194,76.112,973.4,46.6,131.84,75.7,15.7,58.2,20.8,962.2,Colluvium,HIGH_RISK
5,17.9193,73.6589,1356.1,44.6,150.5,76.0,28.4,56.3,9.0,962.4,Laterite,HIGH_RISK
6,32.2441,77.1854,2002.1,51.9,121.5,89.3,22.7,56.2,19.4,970.2,Colluvium,HIGH_RISK
2,26.9074,88.1743,1697.8,15.3,46.0,38.4,17.7,94.0,17.8,968.7,Sandy Loam,SAFE
7,30.5621,79.5558,1876.3,44.5,115.0,94.3,17.7,71.1,28.2,952.9,Weathered Granite,HIGH_RISK
8,11.5319,76.1577,1025.7,43.6,133.1,74.6,17.7,97.4,6.2,885.1,Weathered Granite,HIGH_RISK
5,11.5397,76.1253,1022.7,14.4,6.3,21.6,28.0,65.1,29.0,909.0,Weathered Granite,SAFE
6,30.544,79.5622,1915.7,36.2,52.9,46.4,24.0,63.8,23.3,935.3,Weathered Granite,MODERATE_RISK
5,11.5434,76.12,986.3,12.8,40.59,59.4,18.3,93.0,31.8,1064.8,Weathered Granite,SAFE
3,10.1578,77.0161,1738.7,44.6,178.0,77.8,18.4,52.3,14.8,910.3,Weathered Granite,HIGH_RISK
9,11.5277,76.1242,1014.4,30.4,50.2,69.2,21.9,90.5,23.7,953.0,Colluvium,MODERATE_RISK
10,12.4287,75.7569,1159.1,15.5,47.3,36.4,21.0,67.4,29.6,905.2,Weathered Granite,SAFE
5,17.914,73.6452,1327.7,37.8,48.1,48.1,22.9,93.4,25.4,916.5,Laterite,MODERATE_RISK
1,10.1408,77.0321,1681.0,48.6,151.91,94.3,18.3,90.9,9.6,987.8,Colluvium,HIGH_RISK
2,11.3657,76.7115,1947.8,12.1,41.41,61.5,15.4,58.0,22.0,988.6,Residual Soil,SAFE
3,10.1372,77.007,1610.3,36.6,51.6,67.8,14.0,80.2,34.6,914.7,Colluvium,MODERATE_RISK
2,31.0924,77.1842,2254.3,48.6,7.8,22.9,23.5,55.9,14.7,919.2,Clay Loam,SAFE
7,17.9611,73.5913,679.5,36.1,52.4,47.4,17.1,91.3,30.3,980.0,Laterite,MODERATE_RISK
9,9.6678,76.8976,807.9,34.8,51.59,71.8,20.0,82.0,11.7,1018.1,Laterite,MODERATE_RISK
9,11.4005,76.1006,780.2,32.9,57.0,62.7,17.4,85.6,10.4,961.4,Laterite,MODERATE_RISK
8,9.6718,76.9102,819.2,37.8,153.67,84.9,14.9,92.5,18.1,967.7,Laterite,HIGH_RISK
6,11.4197,76.1152,739.6,35.3,5.6,28.3,24.2,70.6,5.6,992.6,Laterite,SAFE
8,11.5024,76.1424,1065.9,14.4,26.62,44.0,18.8,60.5,13.8,943.7,Colluvium,SAFE
4,26.878,88.1812,1683.7,34.5,56.4,63.0,21.3,84.0,8.2,924.5,Colluvium,MODERATE_RISK
9,11.3441,76.7896,1857.0,5.6,24.1,27.7,19.1,74.4,7.9,914.5,Laterite,SAFE
7,11.523,76.1353,1071.1,42.5,173.7,84.9,13.5,92.4,28.2,923.7,Weathered Granite,HIGH_RISK
5,10.1461,77.0425,1766.6,48.6,15.4,46.6,20.8,61.0,26.2,955.3,Weathered Granite,SAFE
3,10.1511,77.0215,1816.9,9.9,22.4,50.6,14.8,97.2,29.4,963.2,Laterite,SAFE
7,11.378,76.7307,1885.8,37.8,51.59,67.1,25.1,75.5,9.1,942.1,Laterite,MODERATE_RISK
9,26.8727,88.2,1683.2,33.3,41.03,58.8,16.6,73.6,20.5,900.4,Weathered Granite,MODERATE_RISK
5,26.8763,88.1663,1711.4,35.9,100.8,94.0,27.1,90.6,29.4,981.1,Weathered Granite,HIGH_RISK
2,30.552,79.5528,1875.6,49.7,176.2,82.1,18.3,92.8,6.6,923.8,Weathered Granite,HIGH_RISK
2,11.5219,76.1489,1071.1,37.9,43.0,50.2,20.7,89.2,5.1,949.5,Weathered Granite,MODERATE_RISK
10,11.3677,76.7959,1883.5,32.2,53.6,57.6,22.0,91.5,29.7,934.6,Colluvium,MODERATE_RISK
8,10.1477,77.0248,1623.1,37.4,56.0,68.3,18.0,78.6,33.1,1023.5,Colluvium,MODERATE_RISK
9,11.3682,76.7114,1907.0,44.7,176.61,89.0,19.7,46.1,5.3,841.3,Weathered Granite,HIGH_RISK
9,17.913,73.6599,1326.9,38.1,14.14,34.8,18.7,47.6,21.7,935.2,Laterite,SAFE
10,31.105,77.1854,2283.5,44.9,154.33,72.9,21.1,57.7,17.2,967.6,Clay Loam,HIGH_RISK
7,12.4173,75.7304,1146.2,34.7,40.81,59.1,14.9,85.7,31.9,934.4,Weathered Granite,MODERATE_RISK
4,10.1411,77.0006,1654.1,31.8,52.6,50.9,18.2,97.2,22.3,938.5,Colluvium,MODERATE_RISK
3,17.9447,73.5681,581.9,33.4,56.7,59.3,14.2,82.9,11.9,894.9,Colluvium,MODERATE_RISK
10,11.5226,76.1353,996.4,37.6,48.8,45.6,20.4,84.0,22.9,961.4,Colluvium,MODERATE_RISK
10,11.5204,76.158,1047.2,32.2,51.8,71.5,17.3,96.3,13.5,880.0,Weathered Granite,MODERATE_RISK
7,11.3936,76.7007,1905.8,41.1,7.8,18.9,15.7,79.6,12.0,848.2,Weathered Granite,SAFE
8,26.8711,88.1745,1732.9,35.6,185.52,86.6,20.2,69.9,17.9,939.9,Clay Loam,HIGH_RISK
10,11.5532,76.1193,934.6,38.0,45.49,70.3,24.2,68.9,12.0,932.7,Colluvium,MODERATE_RISK
5,10.1716,77.0276,1792.4,52.8,84.8,81.6,14.5,88.1,29.5,943.2,Weathered Granite,HIGH_RISK
6,17.9734,73.5761,573.7,40.7,7.37,31.1,16.3,48.5,31.1,964.7,Colluvium,SAFE
4,17.9462,73.5896,574.9,44.1,143.5,79.0,16.0,61.1,33.8,938.9,Colluvium,HIGH_RISK
8,26.1591,91.6908,395.1,37.5,48.68,62.8,20.6,97.4,19.6,882.7,Weathered Granite,MODERATE_RISK
2,26.1848,91.6817,398.4,9.8,22.77,52.7,22.6,60.7,26.4,889.9,Sandy Loam,SAFE
6,9.6959,76.9319,807.3,32.5,41.75,50.9,20.2,93.5,8.5,952.9,Weathered Granite,MODERATE_RISK
4,11.5436,76.1136,908.1,35.1,46.6,70.5,14.5,83.6,30.5,944.6,Colluvium,MODERATE_RISK
3,11.3999,76.7104,1899.0,36.1,110.0,87.4,14.5,63.4,28.5,970.8,Weathered Granite,HIGH_RISK
10,11.4072,76.1157,792.2,31.1,57.3,69.2,19.3,94.6,34.6,971.1,Laterite,MODERATE_RISK
4,11.3839,76.7162,1943.2,42.3,15.2,39.1,12.5,90.6,29.1,941.0,Weathered Granite,SAFE
6,11.515,76.1197,982.8,44.6,167.4,89.4,16.8,48.8,25.8,884.3,Weathered Granite,HIGH_RISK
4,17.927,73.6594,1352.4,38.2,140.8,92.3,13.7,94.0,16.5,945.7,Clay Loam,HIGH_RISK
2,11.5228,76.1473,985.7,44.2,13.37,14.0,27.8,64.5,28.5,979.7,Colluvium,SAFE
4,10.1685,77.0099,1771.5,43.8,10.51,23.8,24.4,79.5,7.7,917.0,Weathered Granite,SAFE
6,30.5737,79.579,1902.6,37.9,32.89,48.9,19.5,89.4,16.5,920.9,Weathered Granite,MODERATE_RISK
4,11.5475,76.1301,919.1,42.9,4.5,15.8,20.7,67.6,6.8,923.4,Colluvium,SAFE
6,10.1574,77.0115,1789.0,11.1,29.7,40.7,25.0,49.9,24.5,1001.9,Laterite,SAFE
8,11.5517,76.1473,926.5,42.2,129.63,93.1,14.8,46.7,7.3,890.8,Clay Loam,HIGH_RISK
3,17.9459,73.6744,1380.2,8.6,34.76,52.9,15.1,46.6,9.6,938.5,Sandy Loam,SAFE
7,31.1063,77.1599,2259.0,50.2,164.51,76.0,17.0,61.4,32.6,939.6,Clay Loam,HIGH_RISK
6,11.3499,76.7973,1849.8,36.8,12.3,15.6,18.7,52.1,19.7,979.3,Weathered Granite,SAFE
9,11.5131,76.1501,931.3,47.0,149.33,85.9,20.3,89.1,27.0,1002.1,Colluvium,HIGH_RISK
1,10.1376,77.0132,1638.1,43.4,154.7,88.4,18.3,52.0,21.1,878.5,Colluvium,HIGH_RISK
10,11.387,76.7136,1931.5,34.9,48.45,57.2,13.8,89.3,18.7,976.1,Weathered Granite,MODERATE_RISK
7,9.6862,76.9186,811.9,34.2,53.3,71.5,17.6,62.9,10.1,1015.0,Laterite,MODERATE_RISK
6,26.1573,91.6866,429.3,35.8,45.8,54.6,14.0,94.6,14.2,907.8,Colluvium,MODERATE_RISK
6,11.3553,76.7949,1823.2,36.1,126.17,82.1,22.0,95.1,24.7,903.9,Weathered Granite,HIGH_RISK
2,11.5336,76.1276,1091.2,28.3,35.09,55.5,20.5,89.3,29.1,955.8,Weathered Granite,MODERATE_RISK
3,12.4093,75.7403,1199.9,36.6,10.39,46.2,16.4,51.7,15.7,910.7,Residual Soil,SAFE
4,11.3392,76.8073,1856.3,36.9,48.84,69.4,18.3,73.3,15.2,917.9,Weathered Granite,MODERATE_RISK
7,32.2467,77.2029,2045.2,41.0,156.0,80.6,16.4,86.2,34.5,860.8,Colluvium,HIGH_RISK
4,30.5467,79.5674,1888.3,43.4,168.79,94.6,27.3,56.5,9.1,931.2,Colluvium,HIGH_RISK
4,11.3736,76.7316,1916.1,47.3,177.27,81.8,31.2,89.3,32.4,956.3,Laterite,HIGH_RISK
4,17.9166,73.6467,1333.6,37.6,184.64,87.5,20.7,89.3,6.9,976.3,Laterite,HIGH_RISK
6,11.5424,76.1335,938.3,49.3,176.5,95.8,21.2,87.3,20.5,986.2,Colluvium,HIGH_RISK
3,26.8718,88.1909,1703.1,41.5,142.7,82.5,17.9,60.8,15.3,993.2,Laterite,HIGH_RISK
8,10.1428,77.0329,1658.6,45.9,140.42,80.5,18.7,72.9,26.1,973.4,Laterite,HIGH_RISK
4,30.5695,79.5791,1949.8,33.1,52.7,68.2,24.0,80.1,31.0,980.0,Weathered Granite,MODERATE_RISK
1,30.5501,79.554,1897.2,48.4,103.0,74.2,20.7,60.2,29.0,948.1,Weathered Granite,HIGH_RISK
9,11.5675,76.1479,894.7,42.5,168.2,78.1,22.9,53.4,29.5,910.2,Colluvium,HIGH_RISK
1,17.9637,73.5647,619.3,12.9,35.5,39.8,17.5,59.5,31.4,926.2,Weathered Granite,SAFE
7,26.1502,91.6976,441.1,30.0,9.1,13.8,15.2,77.2,25.2,899.1,Clay Loam,SAFE
5,30.5749,79.5524,1885.4,46.3,131.2,77.0,25.2,73.3,26.5,929.0,Weathered Granite,HIGH_RISK
9,11.3962,76.72,1999.1,43.6,8.36,42.2,21.4,77.8,13.2,883.6,Weathered Granite,SAFE
8,26.1722,91.7046,419.8,35.3,12.9,22.8,12.5,61.9,35.0,916.3,Clay Loam,SAFE
5,10.1711,77.0153,1796.9,36.8,51.37,57.7,21.3,67.9,11.2,962.6,Weathered Granite,MODERATE_RISK
10,11.3931,76.1103,771.3,29.2,14.3,30.9,17.8,52.4,9.1,941.2,Laterite,SAFE
9,9.6815,76.9043,816.9,34.0,47.0,71.3,15.5,89.1,34.2,917.2,Laterite,MODERATE_RISK
6,17.9373,73.6,610.8,10.5,31.79,40.2,23.2,58.0,23.9,949.8,Colluvium,SAFE
5,30.5515,79.5562,1871.0,12.6,23.43,18.7,15.6,76.9,34.2,915.0,Weathered Granite,SAFE
10,31.0941,77.154,2294.7,4.3,28.3,33.0,25.3,85.4,6.2,965.5,Laterite,SAFE
9,17.9528,73.5852,614.8,49.5,158.5,95.8,21.7,46.1,10.3,961.8,Colluvium,HIGH_RISK
8,10.1549,77.0278,1631.4,49.0,154.6,90.4,21.9,71.9,12.5,969.9,Colluvium,HIGH_RISK
8,11.5215,76.1639,1061.9,9.3,49.2,22.2,18.6,58.6,12.5,914.4,Colluvium,SAFE
8,32.2586,77.1942,2045.1,12.0,16.7,54.2,19.9,91.9,26.4,928.5,Colluvium,SAFE
10,11.5704,76.1434,916.2,32.2,56.1,70.3,14.3,88.8,29.3,912.6,Colluvium,MODERATE_RISK
9,11.3439,76.7936,1858.9,7.2,43.9,42.7,25.9,80.0,13.4,953.7,Clay Loam,SAFE
5,30.5636,79.55,1845.5,44.5,173.09,78.7,17.0,51.0,24.1,924.9,Weathered Granite,HIGH_RISK
7,10.1611,77.0108,1754.1,51.7,135.4,91.1,22.0,96.6,9.7,984.9,Weathered Granite,HIGH_RISK
7,17.9606,73.5626,618.0,44.0,126.94,89.6,20.8,57.4,14.4,998.0,Colluvium,HIGH_RISK
7,10.1438,77.0255,1767.6,37.7,46.37,48.0,22.1,96.5,25.0,878.8,Laterite,MODERATE_RISK
6,30.5587,79.5475,1825.6,11.5,22.5,31.3,23.6,89.1,23.0,924.4,Laterite,SAFE
6,12.4178,75.7567,1124.8,37.8,51.54,50.0,21.2,88.9,24.1,962.9,Sandy Loam,MODERATE_RISK
5,10.1769,77.0351,1776.5,51.7,5.7,23.0,22.6,71.8,19.2,950.1,Weathered Granite,SAFE
1,32.2281,77.1847,2011.7,35.9,49.4,50.8,18.5,84.2,31.1,939.9,Colluvium,MODERATE_RISK
2,30.5576,79.551,1914.5,35.4,49.7,47.1,19.3,91.5,27.4,932.2,Weathered Granite,MODERATE_RISK
2,17.967,73.5952,626.8,34.3,46.8,66.3,22.3,66.0,24.1,964.1,Colluvium,MODERATE_RISK
4,32.2447,77.1824,2063.5,5.7,27.5,18.7,23.0,56.8,29.6,908.8,Weathered Granite,SAFE
10,17.9312,73.6569,1312.4,37.3,56.0,70.6,27.0,90.9,13.2,921.7,Weathered Granite,MODERATE_RISK
4,11.4252,76.1098,758.8,39.8,127.6,76.4,28.5,49.7,28.2,936.0,Laterite,HIGH_RISK
10,11.5382,76.1525,1027.1,13.2,40.92,23.2,15.9,90.3,10.8,925.6,Colluvium,SAFE
6,10.1691,77.0156,1737.2,40.3,14.9,39.2,14.5,51.5,7.9,1028.6,Weathered Granite,SAFE
3,11.3601,76.7809,1879.2,45.5,166.2,83.4,16.2,46.3,5.7,990.7,Weathered Granite,HIGH_RISK
2,10.1632,77.0333,1618.5,48.2,156.5,79.5,28.3,57.8,24.8,1029.5,Colluvium,HIGH_RISK
4,17.9735,73.5788,591.7,50.4,110.28,70.5,18.2,65.5,19.4,932.8,Clay Loam,HIGH_RISK
7,10.158,77.0254,1618.1,43.0,132.1,72.9,21.0,62.6,17.2,959.8,Clay Loam,HIGH_RISK
9,11.3999,76.1226,803.2,37.0,43.6,64.7,21.3,81.1,14.3,938.2,Laterite,MODERATE_RISK
7,26.1828,91.6999,434.5,36.2,30.7,64.3,19.7,54.9,8.5,964.7,Weathered Granite,MODERATE_RISK
7,30.5592,79.5506,1929.6,42.2,13.14,30.0,21.7,87.0,23.9,968.9,Weathered Granite,SAFE
6,11.5128,76.1413,1002.8,38.0,42.02,57.7,24.1,72.8,23.9,984.4,Weathered Granite,MODERATE_RISK
5,11.3972,76.7193,1916.1,36.9,47.0,71.9,19.7,71.5,34.2,1009.4,Clay Loam,MODERATE_RISK
5,10.1574,77.0158,1670.7,42.0,159.61,79.2,18.0,56.9,11.9,964.4,Colluvium,HIGH_RISK
5,9.686,76.9358,817.1,46.5,114.2,89.4,18.4,73.7,16.3,1039.7,Laterite,HIGH_RISK
2,11.5316,76.134,1027.6,37.9,50.0,47.1,21.5,96.1,15.2,928.4,Weathered Granite,MODERATE_RISK
1,10.168,77.0394,1778.3,29.2,56.7,65.7,23.1,89.9,30.0,950.9,Weathered Granite,MODERATE_RISK
1,11.4016,76.089,749.9,13.4,11.0,26.8,21.3,95.1,33.0,972.2,Laterite,SAFE
1,17.9091,73.6596,1367.5,37.6,53.5,64.5,21.2,64.8,22.9,870.2,Laterite,MODERATE_RISK
