source,event_id,latitude,longitude,event_date,elevation,slope_angle,rainfall,rainfall_1h,rainfall_24h,rainfall_72h,soil_moisture,temperature,humidity,wind_speed,pressure,soil_type,risk_level,monitoring_site_id
E-PAO,GLC_7374,25.1122,94.3591,08/01/2015,999.2,16.09,57.04,0.0,4.1,103.7,41.3,15.8,99.0,3.6,817.5,Clay Loam,HIGH_RISK,1
Matched_NonEvent_FlatControl,CONTROL_FLAT_937,33.173,-116.955,12/17/2008,380.1,10.8,35.91,2.1,24.4,65.3,43.1,8.3,89.0,20.6,982.9,Clay Loam,SAFE,2
newsinfo.inquirer,GLC_2914,7.9046,123.7227,12/30/2010,432.5,5.11,23.21,0.0,11.9,42.2,50.2,24.5,94.0,2.0,1007.4,Sandy Loam,HIGH_RISK,3
Matched_NonEvent_FlatControl,CONTROL_FLAT_8899,27.5659,87.8409,07/10/2016,647.7,4.8,31.02,2.8,26.3,56.4,42.9,23.0,98.0,0.5,897.4,Weathered Granite,SAFE,4
Matched_NonEvent_DryControl,CONTROL_DRY_6819,37.6322,-82.0927,2014-09-05,1360.7,27.0,10.89,0.0,0.6,19.8,36.3,26.2,84.0,7.6,977.3,Colluvium,SAFE,5
Matched_NonEvent_DryControl,CONTROL_DRY_1223,16.402,120.597,2009-04-08,826.1,8.55,2.59,0.0,1.6,4.7,37.0,17.0,87.0,4.1,853.6,Laterite,SAFE,6
Matched_NonEvent_FlatControl,CONTROL_FLAT_10727,11.4994,76.9995,05/07/2017,1236.0,4.8,6.0,0.0,5.7,10.9,27.4,21.0,93.0,3.6,899.7,Sandy Loam,SAFE,7
Matched_NonEvent_DryControl,CONTROL_DRY_1256,32.5383,-96.9854,2009-04-15,957.1,0.6,0.0,0.0,0.0,0.0,36.0,22.6,40.0,19.7,986.8,Colluvium,SAFE,8
latino.foxnews,GLC_3795,16.1863,-95.1924,07/17/2011,442.6,5.94,76.89,0.2,30.9,139.8,40.5,26.9,80.0,4.3,997.8,Colluvium,HIGH_RISK,9
Matched_NonEvent_FlatControl,CONTROL_FLAT_1172,11.4195,76.3727,09/19/2009,1225.7,11.6,57.8,0.2,18.9,105.1,49.7,23.8,87.0,1.6,1007.8,Laterite,SAFE,10
Matched_NonEvent_DryControl,CONTROL_DRY_1465,-1.3833,-78.3167,2009-08-07,1152.3,42.8,4.02,0.0,1.0,7.3,44.5,14.4,90.0,1.5,783.4,Laterite,SAFE,1
Matched_NonEvent_FlatControl,CONTROL_FLAT_2996,21.6282,-157.9,01/13/2011,406.6,5.0,21.3,0.2,21.3,35.3,37.0,22.8,83.0,23.1,986.0,Laterite,SAFE,2
Matched_NonEvent_FlatControl,CONTROL_FLAT_153,10.5158,124.0397,08/02/2007,157.2,8.6,9.85,0.0,1.9,17.9,46.8,26.3,81.0,11.2,993.3,Residual Soil,SAFE,3
Matched_NonEvent_FlatControl,CONTROL_FLAT_7051,38.4467,-105.1206,05/19/2015,762.1,8.2,31.5,0.7,31.5,35.9,42.9,7.5,80.0,10.0,769.1,Weathered Granite,SAFE,4
Matched_NonEvent_FlatControl,CONTROL_FLAT_5334,32.5073,77.4552,08/15/2013,790.9,10.4,25.14,0.1,18.4,45.7,42.4,8.5,89.0,2.6,675.4,Sandy Loam,SAFE,5
Matched_NonEvent_FlatControl,CONTROL_FLAT_4203,10.8504,125.1168,02/16/2012,184.7,7.3,51.81,0.0,10.4,94.2,42.0,24.8,95.0,8.0,1007.3,Clay Loam,SAFE,6
Matched_NonEvent_DryControl,CONTROL_DRY_10529,46.4831,-116.1725,2016-09-19,1462.4,17.74,6.71,0.0,0.2,12.2,26.9,19.1,38.0,12.5,932.9,Colluvium,SAFE,7
www.sunad.com,GLC_5433,39.9575,-111.2445,09/02/2013,1185.4,27.06,4.24,0.0,4.1,7.7,30.2,26.0,41.0,12.5,817.1,Colluvium,HIGH_RISK,8
Matched_NonEvent_FlatControl,CONTROL_FLAT_2870,40.9159,-122.9534,12/19/2010,707.3,10.7,20.7,0.7,20.7,37.5,50.5,5.0,93.0,10.5,941.9,Laterite,SAFE,9
Matched_NonEvent_FlatControl,CONTROL_FLAT_1792,42.0055,44.8729,04/28/2010,940.0,8.8,8.09,0.2,7.2,14.7,41.6,5.8,98.0,5.9,965.6,Weathered Granite,SAFE,10
Matched_NonEvent_DryControl,CONTROL_DRY_1123,10.3454,123.8998,2009-02-25,556.3,6.81,5.5,0.0,4.5,10.0,45.0,25.8,88.0,14.2,991.3,Residual Soil,SAFE,1
Matched_NonEvent_DryControl,CONTROL_DRY_239,27.0667,89.5833,2007-03-11,1049.2,25.88,0.0,0.0,0.0,0.0,33.7,9.2,88.0,1.1,818.2,Colluvium,SAFE,2
Lake County News,GLC_10225,39.3444,-122.6655,01/08/2017,1040.6,10.89,69.7,1.9,69.7,99.1,50.1,10.3,98.0,10.1,937.3,Colluvium,HIGH_RISK,3
Matched_NonEvent_FlatControl,CONTROL_FLAT_10986,25.9786,92.0267,07/06/2017,610.2,5.7,40.15,0.1,4.7,73.0,49.4,23.3,93.0,6.9,937.0,Laterite,SAFE,4
Nepali Times,GLC_818,29.118,80.6777,09/20/2008,1062.7,17.46,241.8,5.4,241.8,417.4,46.5,19.3,94.0,4.8,870.3,Residual Soil,HIGH_RISK,5
doomdaily,GLC_1321,40.9792,39.7365,11/21/2009,1246.3,3.97,34.87,0.2,25.7,63.4,42.3,7.1,87.0,11.2,993.0,Residual Soil,HIGH_RISK,6
Matched_NonEvent_DryControl,CONTROL_DRY_5005,26.72,95.029,2013-01-02,1086.3,7.02,0.0,0.0,0.0,0.0,31.9,11.1,91.0,2.4,930.9,Laterite,SAFE,7
Matched_NonEvent_DryControl,CONTROL_DRY_1796,41.2092,48.6742,2009-10-31,1347.2,11.08,7.6,0.2,7.6,11.3,37.8,7.2,96.0,7.7,945.7,Sandy Loam,SAFE,8
Matched_NonEvent_DryControl,CONTROL_DRY_3017,46.3822,-122.0125,2010-07-20,1399.0,20.11,0.0,0.0,0.0,0.0,19.8,19.8,50.0,7.9,891.0,Residual Soil,SAFE,9
Matched_NonEvent_FlatControl,CONTROL_FLAT_9143,33.3834,-86.3792,12/28/2015,696.4,10.1,24.8,2.8,24.8,26.4,48.3,18.7,98.0,22.0,991.7,Residual Soil,SAFE,10
The Seattle Times,GLC_10607,47.5351,-122.3475,02/15/2017,1453.3,1.17,26.8,3.5,26.8,26.8,43.9,10.1,88.0,15.9,987.6,Residual Soil,HIGH_RISK,1
fortunatimes.com,GLC_2685,8.6117,-83.1,11/04/2010,700.4,11.37,74.2,1.8,73.3,134.9,43.7,20.6,98.0,8.2,973.2,Clay Loam,HIGH_RISK,2
Matched_NonEvent_DryControl,CONTROL_DRY_9112,37.9979,-108.0336,2016-01-22,1119.6,6.3,3.74,0.0,0.0,6.8,29.9,1.8,63.0,5.9,776.8,Weathered Granite,SAFE,3
Matched_NonEvent_DryControl,CONTROL_DRY_9035,29.5679,82.283,2016-01-18,1101.2,21.38,0.0,0.0,0.0,0.0,28.1,-3.6,39.0,7.7,741.3,Residual Soil,SAFE,4
Matched_NonEvent_FlatControl,CONTROL_FLAT_4565,31.1726,77.2529,09/18/2012,722.2,7.8,24.31,3.0,21.1,44.2,43.5,15.8,97.0,1.1,833.9,Clay Loam,SAFE,5
Matched_NonEvent_FlatControl,CONTROL_FLAT_10229,40.7851,-122.5839,01/22/2017,704.4,9.0,51.76,0.4,43.8,94.1,49.2,1.1,83.0,7.6,885.7,Weathered Granite,SAFE,6
Matched_NonEvent_DryControl,CONTROL_DRY_993,-6.084,145.208,2008-09-05,1447.9,4.03,1.16,0.0,0.0,2.1,37.5,19.8,69.0,6.0,822.5,Colluvium,SAFE,7
Matched_NonEvent_DryControl,CONTROL_DRY_1368,30.6207,34.8149,2009-06-25,679.2,27.91,0.0,0.0,0.0,0.0,0.0,20.6,85.0,9.9,917.7,Residual Soil,SAFE,8
irishcentral,GLC_4417,52.2351,-10.2545,06/17/2012,1309.2,9.08,8.3,0.0,1.8,15.1,27.2,3.3,88.0,4.9,906.4,Laterite,HIGH_RISK,9
Q13,GLC_6638,46.9795,-123.8439,01/06/2015,1410.5,14.5,55.88,0.0,0.3,101.6,39.0,11.5,88.0,9.4,1019.9,Clay Loam,HIGH_RISK,10
Matched_NonEvent_DryControl,CONTROL_DRY_4208,10.71,125.01,2011-08-21,585.6,1.1,24.75,0.4,18.7,45.0,42.5,25.1,94.0,7.6,1008.3,Sandy Loam,SAFE,1
Kathmandu Post,GLC_10886,27.5688,85.5049,07/09/2017,1033.5,13.73,76.7,3.9,76.7,125.8,43.0,17.8,99.0,6.2,825.8,Weathered Granite,HIGH_RISK,2
Matched_NonEvent_FlatControl,CONTROL_FLAT_10339,39.7884,-94.9973,09/15/2016,930.4,6.8,28.66,0.0,5.3,52.1,38.4,26.8,66.0,12.2,979.1,Weathered Granite,SAFE,3
Matched_NonEvent_FlatControl,CONTROL_FLAT_4965,50.296,-116.8067,06/19/2013,1237.7,10.2,13.2,2.4,13.2,15.0,43.7,18.6,95.0,1.8,943.6,Colluvium,SAFE,4
Matched_NonEvent_DryControl,CONTROL_DRY_1314,48.766,-123.7024,2009-05-24,1501.3,3.76,0.0,0.0,0.0,0.0,30.5,21.5,48.0,3.9,1016.0,Clay Loam,SAFE,5
Matched_NonEvent_DryControl,CONTROL_DRY_10156,37.0168,-122.0628,2016-07-08,930.2,14.23,0.0,0.0,0.0,0.0,14.8,16.4,71.0,22.1,995.5,Laterite,SAFE,6
Matched_NonEvent_DryControl,CONTROL_DRY_1689,-22.9117,-43.0744,2009-10-08,376.3,9.4,17.4,2.5,17.4,17.6,35.7,20.3,93.0,15.8,1009.5,Laterite,SAFE,7
Matched_NonEvent_DryControl,CONTROL_DRY_10197,37.9496,-122.5133,2016-08-12,972.3,7.95,0.0,0.0,0.0,0.0,13.4,20.8,57.0,14.4,1009.1,Sandy Loam,SAFE,8
mynorthwest,GLC_627,47.54,-122.1,07/03/2008,1456.0,8.51,7.7,0.0,7.7,7.7,28.6,20.2,65.0,3.8,959.5,Residual Soil,HIGH_RISK,9
Matched_NonEvent_DryControl,CONTROL_DRY_1414,47.7632,-122.321,2009-07-23,1464.9,1.18,0.0,0.0,0.0,0.0,14.1,20.8,57.0,7.3,1003.6,Weathered Granite,SAFE,10
Matched_NonEvent_FlatControl,CONTROL_FLAT_2025,25.7228,92.035,06/28/2010,597.5,7.1,95.2,0.7,68.7,173.1,44.5,20.0,97.0,6.2,845.1,Residual Soil,SAFE,1
Matched_NonEvent_FlatControl,CONTROL_FLAT_1514,32.8169,-16.774,02/20/2010,1364.1,9.8,49.7,0.0,49.7,77.8,42.2,16.2,87.0,14.5,967.0,Clay Loam,SAFE,2
The Northern Advocate,GLC_11069,-35.8166,173.7165,02/17/2017,353.7,7.57,43.07,0.2,0.8,78.3,39.1,21.6,80.0,4.5,1007.5,Sandy Loam,HIGH_RISK,3
Matched_NonEvent_FlatControl,CONTROL_FLAT_4483,10.157,76.8605,08/17/2012,1167.5,8.8,36.2,1.4,36.2,56.3,47.2,21.9,100.0,2.6,1004.3,Laterite,SAFE,4
Trinidad and Tobago's Newsday,GLC_391,11.3,-60.644,12/11/2007,341.4,4.57,12.7,1.2,12.7,12.8,27.8,25.3,85.0,29.7,999.7,Sandy Loam,HIGH_RISK,5
KHON,GLC_6778,21.4007,-157.8224,02/14/2015,808.2,43.33,11.9,2.3,11.9,12.8,23.8,20.7,85.0,18.8,959.3,Laterite,HIGH_RISK,6
Matched_NonEvent_FlatControl,CONTROL_FLAT_9498,21.0439,-156.4964,09/15/2016,421.8,9.6,1.54,0.1,0.3,2.8,25.5,27.3,64.0,24.3,965.3,Sandy Loam,SAFE,7
Kompas,GLC_9676,3.5887,125.4939,06/22/2016,1734.4,13.69,95.48,1.2,22.2,173.6,43.7,25.5,87.0,20.6,988.8,Residual Soil,HIGH_RISK,8
Deseret News,GLC_6185,39.7153,-111.769,07/28/2014,1168.1,5.24,1.6,0.4,1.6,1.6,13.7,26.2,37.0,5.6,844.1,Clay Loam,HIGH_RISK,9
Matched_NonEvent_FlatControl,CONTROL_FLAT_7319,28.4387,84.0474,08/17/2015,653.4,10.0,85.75,0.5,25.7,155.9,42.7,21.5,92.0,2.5,882.3,Colluvium,SAFE,10
Matched_NonEvent_FlatControl,CONTROL_FLAT_779,42.378,-72.479,09/06/2008,1285.1,7.8,24.7,7.5,24.7,24.8,43.1,22.2,100.0,9.4,999.6,Weathered Granite,SAFE,1
Matched_NonEvent_DryControl,CONTROL_DRY_4542,-30.05,30.8833,2012-03-10,1493.7,6.97,1.2,0.2,1.2,1.5,34.1,22.8,88.0,23.7,1016.1,Residual Soil,SAFE,2
Matched_NonEvent_FlatControl,CONTROL_FLAT_4332,1.9019,-75.4329,04/22/2012,568.2,6.1,11.0,0.0,6.9,20.0,47.7,24.1,86.0,1.8,938.8,Sandy Loam,SAFE,3
Matched_NonEvent_FlatControl,CONTROL_FLAT_9142,26.4685,94.6747,06/14/2016,661.2,7.3,35.91,0.0,8.5,65.3,49.2,20.0,94.0,3.9,876.6,Clay Loam,SAFE,4
Matched_NonEvent_FlatControl,CONTROL_FLAT_5913,-6.45,106.95,03/02/2014,638.0,6.4,29.92,0.0,20.2,54.4,43.0,21.0,99.0,2.9,981.5,Sandy Loam,SAFE,5
Matched_NonEvent_FlatControl,CONTROL_FLAT_9123,36.1781,-94.7713,12/27/2015,752.2,7.2,137.4,7.3,137.4,175.2,51.0,3.3,100.0,20.0,982.0,Weathered Granite,SAFE,6
Matched_NonEvent_FlatControl,CONTROL_FLAT_7094,46.0392,6.9433,05/02/2015,762.4,9.6,54.4,2.5,25.3,98.9,41.5,9.1,84.0,7.3,899.3,Clay Loam,SAFE,7
Matched_NonEvent_DryControl,CONTROL_DRY_2437,23.7527,92.694,2010-03-20,914.6,22.8,0.33,0.0,0.0,0.6,15.0,16.6,75.0,2.9,921.4,Colluvium,SAFE,8
www.asianage.com,GLC_4947,19.0811,73.0226,06/18/2013,484.3,2.38,108.9,1.8,28.6,198.0,40.7,24.9,94.0,14.5,999.0,Residual Soil,HIGH_RISK,9
Matched_NonEvent_FlatControl,CONTROL_FLAT_1522,37.1956,-121.7896,02/24/2010,532.9,8.8,31.2,0.0,31.2,36.2,41.5,13.8,83.0,16.7,1008.0,Laterite,SAFE,10
TriCities,GLC_6845,36.9186,-82.7256,03/07/2015,1318.7,10.57,18.76,0.0,0.0,34.1,40.6,5.5,60.0,12.9,952.7,Sandy Loam,HIGH_RISK,1
NBC11.com,GLC_306,37.5789,-122.5168,10/12/2007,953.8,42.35,15.29,0.4,12.3,27.8,35.3,15.0,90.0,11.6,1007.4,Weathered Granite,HIGH_RISK,2
Matched_NonEvent_FlatControl,CONTROL_FLAT_6334,36.4165,74.7506,09/11/2014,959.3,6.9,2.48,0.0,1.3,4.5,36.7,3.9,99.0,3.8,759.9,Residual Soil,SAFE,3
Matched_NonEvent_DryControl,CONTROL_DRY_4345,24.8121,113.5977,2011-11-04,1176.6,6.47,10.7,0.0,10.7,13.1,40.9,20.0,95.0,3.2,1008.4,Weathered Granite,SAFE,4
Matched_NonEvent_DryControl,CONTROL_DRY_6375,-6.8463,106.7234,2014-05-09,1024.9,9.79,24.31,0.0,4.1,44.2,46.8,22.9,100.0,1.5,959.5,Laterite,SAFE,5
independent,GLC_503,54.417,13.4343,04/19/2008,1655.2,1.36,4.02,0.0,0.0,7.3,37.6,4.0,90.0,16.7,1001.3,Residual Soil,HIGH_RISK,6
thelevisalazer,GLC_1826,37.0945,-83.1006,05/03/2010,1323.7,17.1,24.0,0.0,24.0,30.2,38.7,22.9,64.0,9.0,971.4,Residual Soil,HIGH_RISK,7
Matched_NonEvent_DryControl,CONTROL_DRY_6178,-7.2643,108.2036,2014-01-25,1018.8,1.16,7.92,0.0,4.7,14.4,36.7,20.1,98.0,3.2,963.3,Residual Soil,SAFE,8
www.nagalandpost.com,GLC_5005,26.72,95.029,07/01/2013,1086.3,7.02,41.03,0.7,17.2,74.6,51.0,22.7,95.0,2.4,921.3,Laterite,HIGH_RISK,9
Los Angeles Times,GLC_10443,34.099,-116.9345,02/16/2017,835.6,32.24,0.11,0.0,0.0,0.2,41.7,9.7,49.0,11.2,819.5,Laterite,HIGH_RISK,10
america.aljazeera.com,GLC_5539,18.5938,-98.5539,09/16/2013,355.8,1.12,47.19,2.0,30.1,85.8,42.2,20.7,87.0,4.2,879.0,Clay Loam,HIGH_RISK,1
The Indian Express,GLC_7261,33.616,77.7652,07/21/2015,1258.5,13.75,16.72,0.9,8.5,30.4,38.9,6.0,96.0,1.1,617.3,Residual Soil,HIGH_RISK,2
Matched_NonEvent_FlatControl,CONTROL_FLAT_10443,34.249,-116.7845,02/16/2017,435.6,11.9,0.11,0.0,0.0,0.2,41.7,9.7,49.0,11.2,819.5,Laterite,SAFE,3
Matched_NonEvent_FlatControl,CONTROL_FLAT_2027,38.8775,-106.017,06/28/2010,774.7,8.0,2.37,0.0,0.2,4.3,21.2,22.6,27.0,8.0,764.0,Residual Soil,SAFE,4
Channel 1 News Now,GLC_11076,-36.8979,174.6562,03/11/2017,398.3,2.31,30.96,0.2,20.1,56.3,42.5,22.0,88.0,6.9,993.8,Laterite,HIGH_RISK,5
Matched_NonEvent_DryControl,CONTROL_DRY_3226,-22.5814,17.1399,2010-09-16,1257.7,3.16,0.0,0.0,0.0,0.0,12.8,18.3,42.0,6.1,832.3,Sandy Loam,SAFE,6
Matched_NonEvent_DryControl,CONTROL_DRY_4638,51.0934,-3.0193,2012-06-01,1324.5,1.81,0.61,0.0,0.0,1.1,33.2,16.3,92.0,4.0,1012.2,Clay Loam,SAFE,7
Matched_NonEvent_DryControl,CONTROL_DRY_7226,32.2239,76.3226,2015-01-19,1174.4,15.27,0.0,0.0,0.0,0.0,35.5,1.6,59.0,6.6,849.5,Laterite,SAFE,8
Matched_NonEvent_FlatControl,CONTROL_FLAT_9035,29.7179,82.433,07/16/2016,701.2,11.3,29.15,0.2,18.5,53.0,42.5,16.7,86.0,1.0,751.9,Residual Soil,SAFE,9
Matched_NonEvent_DryControl,CONTROL_DRY_3347,6.2379,-75.5283,2010-10-12,743.4,26.67,0.72,0.0,0.3,1.3,34.5,20.4,71.0,1.0,810.1,Weathered Granite,SAFE,10
Matched_NonEvent_DryControl,CONTROL_DRY_1271,56.5622,-2.5808,2009-05-05,1602.3,1.03,4.24,0.0,2.9,7.7,36.5,7.6,82.0,16.3,1004.1,Residual Soil,SAFE,1
Assam Times,GLC_8339,26.1666,91.7042,09/23/2015,1025.4,14.85,41.36,0.2,18.0,75.2,49.0,23.3,99.0,3.3,976.2,Residual Soil,HIGH_RISK,2
Matched_NonEvent_DryControl,CONTROL_DRY_3382,47.989,-122.363,2010-10-21,1475.8,25.25,0.2,0.2,0.2,0.2,31.5,14.2,75.0,17.4,1002.1,Clay Loam,SAFE,3
Matched_NonEvent_FlatControl,CONTROL_FLAT_3917,31.8577,77.0813,08/13/2011,754.7,4.9,52.4,2.3,52.4,74.7,43.9,21.5,90.0,4.8,922.0,Sandy Loam,SAFE,4
Matched_NonEvent_FlatControl,CONTROL_FLAT_954,45.527,-121.9204,01/01/2009,948.1,11.6,59.6,5.7,59.6,82.0,43.2,7.4,100.0,16.8,969.9,Weathered Granite,SAFE,5
Matched_NonEvent_DryControl,CONTROL_DRY_10640,48.6238,-122.4483,2016-09-16,1506.7,27.67,0.0,0.0,0.0,0.0,24.2,19.3,65.0,8.2,1004.4,Clay Loam,SAFE,6
Matched_NonEvent_DryControl,CONTROL_DRY_7261,33.616,77.7652,2015-01-22,1258.5,13.75,3.19,0.3,2.5,5.8,10.5,-16.1,85.0,2.9,595.5,Residual Soil,SAFE,7
Matched_NonEvent_FlatControl,CONTROL_FLAT_3055,49.1896,-122.705,01/24/2011,1123.4,6.8,12.6,0.9,12.6,14.3,43.0,6.9,99.0,7.2,1004.9,Weathered Granite,SAFE,8
Matched_NonEvent_DryControl,CONTROL_DRY_4583,1.8702,-76.2146,2012-04-10,968.6,25.97,38.89,0.8,28.4,70.7,42.6,17.2,97.0,2.9,848.1,Clay Loam,SAFE,9
Matched_NonEvent_DryControl,CONTROL_DRY_4139,33.2407,75.2373,2011-07-16,1214.4,14.22,12.32,0.0,4.8,22.4,47.8,20.5,95.0,5.7,927.4,Residual Soil,SAFE,10
The Oregonian,GLC_10581,45.5063,-122.7166,03/09/2017,1348.1,8.83,17.33,0.7,8.8,31.5,43.4,11.3,98.0,22.4,995.5,Laterite,HIGH_RISK,1
Matched_NonEvent_DryControl,CONTROL_DRY_1160,17.27,121.0536,2009-03-16,874.0,18.33,4.12,0.0,0.0,7.5,28.8,13.5,98.0,4.1,824.3,Residual Soil,SAFE,2
Matched_NonEvent_DryControl,CONTROL_DRY_6736,52.2396,-1.448,2014-08-04,1397.5,3.82,3.41,0.0,1.1,6.2,39.0,14.7,77.0,7.4,1003.8,Sandy Loam,SAFE,3
Matched_NonEvent_DryControl,CONTROL_DRY_7329,32.0275,77.3446,2015-02-19,1174.8,37.73,18.3,0.8,18.3,22.4,38.0,3.3,81.0,4.7,821.6,Weathered Granite,SAFE,4
Matched_NonEvent_DryControl,CONTROL_DRY_2903,36.8242,-119.7847,2010-06-29,943.4,1.5,0.0,0.0,0.0,0.0,11.2,37.0,16.0,14.9,995.5,Laterite,SAFE,5
Matched_NonEvent_FlatControl,CONTROL_FLAT_1550,38.3447,15.6906,03/10/2010,465.1,9.9,41.2,0.0,21.4,74.9,41.3,9.3,60.0,7.8,1003.1,Weathered Granite,SAFE,6
Matched_NonEvent_DryControl,CONTROL_DRY_6468,38.5095,-105.9679,2014-02-11,1165.8,4.39,6.22,0.0,1.0,11.3,21.7,-0.1,48.0,8.7,781.7,Clay Loam,SAFE,7
The Shillong Times,GLC_6969,25.5114,90.215,06/16/2015,977.7,14.01,30.8,0.0,21.8,56.0,44.6,23.7,97.0,9.3,968.7,Clay Loam,HIGH_RISK,8
Matched_NonEvent_FlatControl,CONTROL_FLAT_2940,33.5945,-117.4864,01/06/2011,395.9,10.4,1.38,0.0,0.0,2.5,37.2,17.4,60.0,3.1,1014.9,Colluvium,SAFE,9
TDN,GLC_10557,46.0315,-122.6604,04/09/2017,1375.0,9.47,21.61,0.0,1.3,39.3,39.6,11.4,45.0,11.6,996.0,Weathered Granite,HIGH_RISK,10
Matched_NonEvent_FlatControl,CONTROL_FLAT_5077,39.0134,-104.767,07/10/2013,794.0,7.0,2.64,0.1,1.7,4.8,22.1,25.1,43.0,1.9,814.2,Weathered Granite,SAFE,1
Matched_NonEvent_DryControl,CONTROL_DRY_10229,40.6351,-122.7339,2016-07-26,1104.4,13.08,0.0,0.0,0.0,0.0,25.3,37.1,10.0,6.7,903.6,Weathered Granite,SAFE,2
Matched_NonEvent_DryControl,CONTROL_DRY_4574,51.3512,-2.9735,2012-03-30,1337.8,6.25,0.0,0.0,0.0,0.0,34.1,8.0,92.0,7.5,1019.2,Colluvium,SAFE,3
Matched_NonEvent_DryControl,CONTROL_DRY_5740,52.267,-7.1194,2013-07-04,1342.2,21.12,2.37,0.0,0.0,4.3,26.4,13.5,70.0,8.7,1020.3,Residual Soil,SAFE,4
Matched_NonEvent_FlatControl,CONTROL_FLAT_3325,47.7975,-115.9667,03/30/2011,1121.2,9.8,17.9,0.6,17.9,27.2,43.8,8.3,93.0,15.9,933.1,Colluvium,SAFE,5
Matched_NonEvent_FlatControl,CONTROL_FLAT_915,3.3369,101.923,12/06/2008,1077.1,8.5,57.6,1.2,57.6,76.7,47.4,22.8,99.0,4.3,999.6,Weathered Granite,SAFE,6
Matched_NonEvent_FlatControl,CONTROL_FLAT_3967,40.7883,-74.3507,09/08/2011,1186.9,5.0,54.4,0.0,29.4,98.9,45.3,22.8,89.0,8.7,998.0,Weathered Granite,SAFE,7
Matched_NonEvent_FlatControl,CONTROL_FLAT_1576,42.2933,-71.0665,03/15/2010,1295.0,10.4,67.43,1.3,35.7,122.6,42.6,3.1,100.0,26.3,1000.1,Laterite,SAFE,8
Matched_NonEvent_DryControl,CONTROL_DRY_2940,33.4445,-117.6364,2010-07-10,795.9,1.92,0.0,0.0,0.0,0.0,9.3,21.9,63.0,11.4,1010.6,Colluvium,SAFE,9
Matched_NonEvent_DryControl,CONTROL_DRY_4488,9.5527,76.9299,2012-02-19,1546.9,27.38,0.39,0.0,0.0,0.7,32.9,19.9,93.0,4.8,970.4,Sandy Loam,SAFE,10
Matched_NonEvent_DryControl,CONTROL_DRY_9570,-7.3627,108.5865,2016-04-12,1017.7,5.18,17.88,0.0,14.4,32.5,42.2,24.4,93.0,2.9,1008.1,Sandy Loam,SAFE,1
Jakarta Post,GLC_6175,-7.3379,108.2004,07/22/2014,1015.1,1.89,4.51,0.0,3.6,8.2,33.5,21.0,99.0,0.4,971.3,Sandy Loam,HIGH_RISK,2
Matched_NonEvent_DryControl,CONTROL_DRY_4989,40.6864,-76.1962,2012-12-29,1572.4,1.78,9.74,0.1,8.2,17.7,37.8,-1.2,96.0,8.5,978.9,Colluvium,SAFE,3
The Fiji Times Online,GLC_10714,-18.0844,178.4603,01/05/2017,1180.4,7.47,22.88,0.4,19.2,41.6,28.6,29.0,83.0,6.6,993.3,Laterite,HIGH_RISK,4
Matched_NonEvent_DryControl,CONTROL_DRY_5071,38.8759,-104.9362,2013-01-11,1194.4,4.69,0.5,0.0,0.5,0.5,30.6,-5.9,33.0,15.9,773.9,Weathered Granite,SAFE,5
Matched_NonEvent_FlatControl,CONTROL_FLAT_6036,15.6451,73.9788,05/22/2014,50.0,8.4,6.66,0.0,0.9,12.1,17.6,25.9,87.0,1.1,1001.0,Colluvium,SAFE,6
Matched_NonEvent_DryControl,CONTROL_DRY_2911,13.1004,123.8421,2010-07-02,693.4,4.95,6.22,0.0,1.4,11.3,35.4,27.4,86.0,8.7,1006.3,Laterite,SAFE,7
Matched_NonEvent_DryControl,CONTROL_DRY_3932,25.83,94.13,2011-02-19,1032.8,9.52,1.54,0.0,0.4,2.8,32.5,8.8,86.0,1.8,901.9,Sandy Loam,SAFE,8
Matched_NonEvent_DryControl,CONTROL_DRY_1195,35.7102,-83.5554,2009-03-30,1250.0,5.97,5.5,0.0,0.0,10.0,43.5,11.6,52.0,5.6,920.5,Clay Loam,SAFE,9
Matched_NonEvent_DryControl,CONTROL_DRY_2674,44.1473,9.8792,2010-05-04,1106.2,8.47,26.6,0.0,26.6,47.0,42.1,12.3,91.0,3.5,985.5,Weathered Granite,SAFE,10
Matched_NonEvent_DryControl,CONTROL_DRY_654,28.9,80.87,2008-01-20,1053.7,27.89,7.65,0.0,0.7,13.9,31.2,3.4,96.0,4.1,883.8,Clay Loam,SAFE,1
National News Bureau of Thailand,GLC_6120,9.9077,98.6937,07/01/2014,1782.3,3.36,10.29,0.0,7.1,18.7,49.6,24.4,97.0,8.5,989.2,Residual Soil,HIGH_RISK,2
Matched_NonEvent_FlatControl,CONTROL_FLAT_3704,29.1896,81.4019,07/02/2011,664.5,9.6,55.88,0.0,14.0,101.6,42.1,21.4,91.0,3.3,899.4,Residual Soil,SAFE,3
Matched_NonEvent_FlatControl,CONTROL_FLAT_10156,37.1668,-121.9128,01/04/2017,530.2,9.8,89.8,0.0,89.8,121.2,41.6,13.1,93.0,3.5,993.9,Laterite,SAFE,4
Matched_NonEvent_DryControl,CONTROL_DRY_2171,35.3526,74.8683,2010-01-30,1316.3,17.17,14.03,0.0,0.0,25.5,51.5,-8.0,81.0,2.3,779.0,Laterite,SAFE,5
Matched_NonEvent_FlatControl,CONTROL_FLAT_3860,25.5692,94.258,07/29/2011,612.0,10.1,17.38,0.0,14.8,31.6,45.8,19.0,99.0,1.8,856.0,Colluvium,SAFE,6
dominicacentral,GLC_1745,15.2458,-61.2809,04/12/2010,449.5,15.12,14.69,0.0,10.0,26.7,32.6,25.1,86.0,26.8,1008.4,Weathered Granite,HIGH_RISK,7
Matched_NonEvent_FlatControl,CONTROL_FLAT_1268,-6.6036,111.1894,10/26/2009,672.7,8.0,5.5,0.0,5.5,7.4,39.4,25.1,92.0,7.9,1009.0,Weathered Granite,SAFE,8
Matched_NonEvent_FlatControl,CONTROL_FLAT_3085,-18.1383,146.1725,02/03/2011,445.8,11.7,107.69,1.0,35.3,195.8,50.5,24.7,95.0,5.8,1001.5,Colluvium,SAFE,9
Ironton Tribune,GLC_1831,38.6331,-82.5309,05/03/2010,1406.3,15.22,55.1,0.0,55.1,90.3,39.6,22.4,62.0,8.3,984.8,Clay Loam,HIGH_RISK,10
Matched_NonEvent_DryControl,CONTROL_DRY_10500,48.8831,-118.6001,2016-09-27,1558.2,35.0,0.0,0.0,0.0,0.0,19.3,21.5,31.0,9.7,955.5,Sandy Loam,SAFE,1
asianetindia,GLC_1172,11.2695,76.2227,09/19/2009,1625.7,2.44,57.8,0.2,18.9,105.1,49.7,23.8,87.0,1.6,1007.8,Laterite,HIGH_RISK,2
Matched_NonEvent_FlatControl,CONTROL_FLAT_277,14.7729,-90.3816,09/22/2007,74.2,8.8,26.3,1.1,26.3,46.6,46.0,19.7,85.0,2.5,851.3,Weathered Granite,SAFE,3
Frankston Leader,GLC_1779,-38.1951,145.134,04/25/2010,758.4,6.97,11.72,0.0,0.4,21.3,23.0,13.0,79.0,11.2,1015.6,Laterite,HIGH_RISK,4
The Times of India,GLC_7038,26.8781,88.2807,07/01/2015,1026.7,26.93,26.4,0.2,26.4,47.3,42.3,17.9,100.0,2.5,845.7,Clay Loam,HIGH_RISK,5
Matched_NonEvent_FlatControl,CONTROL_FLAT_2088,35.628,137.2906,07/16/2010,50.0,6.8,20.02,0.0,3.7,36.4,43.4,25.6,83.0,1.8,1009.0,Residual Soil,SAFE,6
Matched_NonEvent_DryControl,CONTROL_DRY_306,37.5789,-122.5168,2007-04-15,953.8,42.35,1.93,0.0,0.0,3.5,23.8,14.0,64.0,32.0,1014.7,Weathered Granite,SAFE,7
Matched_NonEvent_FlatControl,CONTROL_FLAT_7813,44.542,-123.6845,12/28/1998,881.3,8.3,88.6,2.1,88.6,130.5,41.2,10.3,100.0,16.4,1017.6,Laterite,SAFE,8
maps.google.com,GLC_1635,-22.8852,-43.0631,04/06/2010,374.9,6.12,67.8,1.9,67.8,107.0,43.0,20.0,92.0,10.4,1001.9,Weathered Granite,HIGH_RISK,9
Matched_NonEvent_DryControl,CONTROL_DRY_1550,38.1947,15.5406,2009-09-11,865.1,7.86,0.33,0.0,0.0,0.6,12.9,21.5,73.0,6.3,1003.8,Weathered Granite,SAFE,10
Matched_NonEvent_FlatControl,CONTROL_FLAT_10937,34.7392,74.3964,04/18/2017,871.9,9.9,0.0,0.0,0.0,0.0,29.6,7.0,49.0,13.6,802.5,Colluvium,SAFE,1
Matched_NonEvent_DryControl,CONTROL_DRY_2317,11.6652,39.6515,2010-02-25,1279.8,24.92,11.7,0.0,11.7,14.9,47.3,15.4,89.0,2.9,828.4,Colluvium,SAFE,2
Matched_NonEvent_DryControl,CONTROL_DRY_2180,12.8715,74.8862,2010-02-01,1692.4,2.7,0.0,0.0,0.0,0.0,11.5,22.6,91.0,4.6,1007.8,Residual Soil,SAFE,3
Matched_NonEvent_DryControl,CONTROL_DRY_6508,43.1888,-110.9541,2014-02-15,1349.9,36.2,23.65,0.0,21.5,43.0,27.9,5.1,76.0,6.0,815.5,Laterite,SAFE,4
Matched_NonEvent_DryControl,CONTROL_DRY_11188,48.0244,24.1662,2016-08-06,1442.9,18.33,0.1,0.0,0.1,0.1,26.1,19.2,90.0,6.6,967.4,Colluvium,SAFE,5
Matched_NonEvent_DryControl,CONTROL_DRY_50,45.5113,-122.7069,2006-09-29,1348.5,20.63,0.0,0.0,0.0,0.0,17.3,26.2,34.0,8.0,992.0,Laterite,SAFE,6
Matched_NonEvent_FlatControl,CONTROL_FLAT_6091,12.5011,-84.6564,06/23/2014,130.5,11.8,15.51,0.1,12.8,28.2,42.1,22.6,99.0,10.5,978.3,Laterite,SAFE,7
Matched_NonEvent_FlatControl,CONTROL_FLAT_4059,39.3354,16.308,11/23/2011,520.8,10.3,7.87,0.0,2.9,14.3,35.9,8.9,89.0,5.8,906.7,Colluvium,SAFE,8
mindanews,GLC_4584,8.1469,125.137,10/09/2012,458.7,7.22,4.95,0.0,3.5,9.0,48.5,22.2,91.0,5.1,943.2,Laterite,HIGH_RISK,9
Matched_NonEvent_DryControl,CONTROL_DRY_7319,28.2887,83.8974,2015-02-18,1053.4,30.74,18.59,0.7,13.5,33.8,42.0,8.5,69.0,3.3,884.1,Colluvium,SAFE,10
WSAZ 3,GLC_10297,38.1855,-81.3248,04/05/2017,1396.0,23.33,8.53,0.0,0.8,15.5,39.0,21.0,57.0,20.1,972.3,Colluvium,HIGH_RISK,1
www.yourlocalguardian.co.uk,GLC_5716,51.2934,-0.1532,12/24/2013,1363.1,5.64,20.3,2.2,16.9,36.9,43.9,5.1,92.0,16.1,965.9,Laterite,HIGH_RISK,2
Matched_NonEvent_FlatControl,CONTROL_FLAT_6022,34.2393,74.1741,05/12/2014,844.7,9.3,35.2,0.9,35.2,57.8,42.7,12.2,92.0,5.0,860.0,Colluvium,SAFE,3
Matched_NonEvent_DryControl,CONTROL_DRY_2685,8.6117,-83.1,2010-05-08,700.4,11.37,12.21,0.0,2.6,22.2,39.7,24.7,89.0,5.4,972.8,Clay Loam,SAFE,4
Matched_NonEvent_DryControl,CONTROL_DRY_6550,27.8609,85.7763,2014-02-26,1050.8,21.41,1.1,0.0,1.1,1.4,37.2,6.8,58.0,4.1,837.8,Sandy Loam,SAFE,5
Matched_NonEvent_FlatControl,CONTROL_FLAT_7145,37.9561,-84.2476,04/14/2015,946.3,6.5,44.3,0.0,44.3,44.8,40.7,12.7,76.0,11.4,993.1,Residual Soil,SAFE,6
Matched_NonEvent_DryControl,CONTROL_DRY_41,2.943,101.698,2006-09-23,1464.1,6.83,8.09,0.0,3.8,14.7,44.9,23.3,98.0,1.6,1002.2,Residual Soil,SAFE,7
Matched_NonEvent_FlatControl,CONTROL_FLAT_10714,-17.9344,178.6103,01/05/2017,780.4,7.7,22.88,0.4,19.2,41.6,28.6,29.0,83.0,6.6,993.3,Laterite,SAFE,8
Matched_NonEvent_FlatControl,CONTROL_FLAT_9822,41.7514,72.8271,05/17/2017,1206.8,9.0,3.35,0.1,1.3,6.1,30.5,11.4,98.0,5.5,878.0,Laterite,SAFE,9
Channel 8 KPAX,GLC_10082,46.7712,-114.3533,02/21/2017,1495.0,12.99,9.08,0.2,8.4,16.5,40.5,5.0,70.0,8.5,875.9,Residual Soil,HIGH_RISK,10
aspendailynews,GLC_2272,39.1905,-107.2301,08/19/2010,1187.2,29.7,11.1,0.0,11.1,18.3,38.4,18.9,67.0,6.4,785.9,Laterite,HIGH_RISK,1
Matched_NonEvent_FlatControl,CONTROL_FLAT_7837,23.8769,92.8765,08/27/2015,513.6,8.0,12.04,0.0,3.8,21.9,41.0,20.2,89.0,3.7,908.0,Residual Soil,SAFE,2
Matched_NonEvent_FlatControl,CONTROL_FLAT_7947,28.3965,85.5144,06/28/2016,666.0,6.2,62.1,8.1,46.8,112.9,43.0,20.1,91.0,0.7,830.0,Weathered Granite,SAFE,3
Matched_NonEvent_FlatControl,CONTROL_FLAT_6778,21.5507,-157.6724,02/14/2015,408.2,8.8,11.9,2.3,11.9,12.8,23.8,20.7,85.0,18.8,959.3,Laterite,SAFE,4
Matched_NonEvent_FlatControl,CONTROL_FLAT_7374,25.2622,94.5091,08/01/2015,599.2,6.7,57.04,0.0,4.1,103.7,41.3,15.8,99.0,3.6,817.5,Clay Loam,SAFE,5
Matched_NonEvent_DryControl,CONTROL_DRY_10808,18.1266,-76.4535,2016-09-19,441.8,9.2,0.39,0.0,0.0,0.7,38.0,27.5,81.0,15.3,1006.2,Laterite,SAFE,6
Matched_NonEvent_FlatControl,CONTROL_FLAT_10634,46.8661,-122.0632,02/09/2017,1013.7,4.5,46.3,0.4,46.3,57.8,43.4,8.8,81.0,20.9,942.4,Laterite,SAFE,7
Matched_NonEvent_FlatControl,CONTROL_FLAT_7195,33.4004,75.3602,07/12/2015,814.6,5.8,33.5,1.0,3.4,60.9,49.0,24.6,89.0,5.5,928.0,Residual Soil,SAFE,8
Matched_NonEvent_FlatControl,CONTROL_FLAT_9046,38.0349,-80.1942,07/07/2016,990.8,7.9,14.91,0.2,6.8,27.1,44.5,22.5,92.0,5.2,942.7,Sandy Loam,SAFE,9
Matched_NonEvent_FlatControl,CONTROL_FLAT_2851,47.8858,-122.1361,12/13/2010,1063.9,10.0,47.14,0.1,8.1,85.7,40.9,11.0,84.0,11.5,1003.5,Weathered Granite,SAFE,10
Matched_NonEvent_DryControl,CONTROL_DRY_2585,47.3848,-122.4801,2010-04-13,1444.4,17.2,0.8,0.0,0.8,1.1,31.5,14.4,40.0,13.4,1007.9,Clay Loam,SAFE,1
kcra,GLC_2778,39.1312,-120.9276,12/01/2010,1047.3,7.77,0.0,0.0,0.0,0.0,50.6,10.9,54.0,1.8,922.3,Colluvium,HIGH_RISK,2
Matched_NonEvent_FlatControl,CONTROL_FLAT_1363,-11.7509,-76.5143,02/15/2009,1261.7,10.8,22.06,0.4,10.0,40.1,44.4,18.1,94.0,5.7,898.6,Clay Loam,SAFE,3
mercurynews,GLC_3275,37.5742,-122.5159,03/24/2011,953.6,29.58,28.6,1.1,28.6,47.8,42.9,9.5,79.0,18.2,991.1,Weathered Granite,HIGH_RISK,4
maps.google.com,GLC_1655,-22.82,-43.1789,04/06/2010,372.8,14.36,57.09,3.0,54.1,103.8,43.0,20.3,92.0,12.3,1007.1,Weathered Granite,HIGH_RISK,5
philstar,GLC_3540,13.6845,124.1177,05/26/2011,725.4,5.96,41.91,0.0,24.5,76.2,47.5,23.2,88.0,25.1,933.6,Laterite,HIGH_RISK,6
Matched_NonEvent_DryControl,CONTROL_DRY_9621,16.419,120.5832,2016-04-13,826.8,8.6,0.22,0.0,0.0,0.4,19.1,19.8,86.0,2.2,862.1,Laterite,SAFE,7
The Himalayan Times,GLC_9035,29.5679,82.283,07/16/2016,1101.2,21.38,29.15,0.2,18.5,53.0,42.5,16.7,86.0,1.0,751.9,Residual Soil,HIGH_RISK,8
Matched_NonEvent_DryControl,CONTROL_DRY_9880,41.0321,72.7303,2016-12-31,1578.9,1.06,2.53,0.0,0.0,4.6,36.1,-1.1,69.0,7.0,937.6,Clay Loam,SAFE,9
Matched_NonEvent_DryControl,CONTROL_DRY_10963,23.335,92.8541,2016-12-14,895.3,32.5,0.0,0.0,0.0,0.0,22.8,9.6,99.0,6.7,914.4,Laterite,SAFE,10
WSAZ NewsChannel 3 HD,GLC_10295,38.8301,-81.7635,03/01/2017,1423.9,14.85,21.12,0.0,17.2,38.4,42.2,14.3,76.0,25.3,978.7,Colluvium,HIGH_RISK,1
Matched_NonEvent_DryControl,CONTROL_DRY_1655,-22.82,-43.1789,2009-10-08,372.8,14.36,23.5,3.4,23.5,28.7,35.7,20.4,93.0,14.1,1011.2,Weathered Granite,SAFE,2
Matched_NonEvent_DryControl,CONTROL_DRY_3372,39.982,-75.2055,2010-10-18,1547.0,4.16,0.3,0.0,0.3,0.3,36.3,13.2,70.0,6.0,1011.9,Colluvium,SAFE,3
Matched_NonEvent_FlatControl,CONTROL_FLAT_6866,45.6771,-122.5548,03/15/2015,949.3,4.2,38.4,0.0,38.4,61.2,41.1,12.1,75.0,35.8,995.4,Laterite,SAFE,4
Matched_NonEvent_FlatControl,CONTROL_FLAT_2978,-22.2201,-42.8272,01/12/2011,50.0,9.3,20.85,0.5,14.5,37.9,46.4,22.1,92.0,7.5,911.0,Laterite,SAFE,5
laht.com,GLC_1361,-11.9431,-76.7094,12/16/2009,1664.2,4.26,0.66,0.0,0.6,1.2,1.9,21.5,64.0,4.1,917.1,Sandy Loam,HIGH_RISK,6
Vernon Morning Star,GLC_10489,50.1952,-119.4931,05/14/2017,1614.8,21.76,3.69,0.0,2.1,6.7,26.3,13.9,44.0,7.9,959.4,Sandy Loam,HIGH_RISK,7
latimes,GLC_2940,33.4445,-117.6364,01/06/2011,795.9,1.92,1.38,0.0,0.0,2.5,37.2,17.4,60.0,3.1,1014.9,Colluvium,HIGH_RISK,8
Matched_NonEvent_FlatControl,CONTROL_FLAT_9705,14.0507,74.8102,06/12/2017,1341.6,11.1,299.09,0.6,133.9,543.8,51.6,24.5,99.0,9.2,997.3,Clay Loam,SAFE,9
Matched_NonEvent_DryControl,CONTROL_DRY_2691,9.4425,-83.6293,2010-05-08,664.2,30.08,6.66,0.0,2.7,12.1,41.5,22.8,80.0,1.5,880.0,Sandy Loam,SAFE,10
Matched_NonEvent_FlatControl,CONTROL_FLAT_4772,52.1065,1.1166,03/13/2013,1007.5,5.7,2.3,0.0,2.3,2.7,40.5,-1.4,89.0,14.3,1008.0,Sandy Loam,SAFE,1
Matched_NonEvent_DryControl,CONTROL_DRY_4835,35.6194,-82.3219,2012-11-07,1257.8,2.95,1.8,0.0,1.8,3.0,46.7,5.2,83.0,8.7,926.8,Clay Loam,SAFE,2
Matched_NonEvent_DryControl,CONTROL_DRY_10209,38.6399,-122.7574,2016-07-14,1004.4,14.51,0.0,0.0,0.0,0.0,13.8,35.1,18.0,11.7,1003.2,Residual Soil,SAFE,3
Matched_NonEvent_FlatControl,CONTROL_FLAT_10593,48.1196,-122.2011,03/29/2017,1075.0,10.6,13.4,0.9,13.4,20.5,42.3,10.1,91.0,14.3,1009.2,Clay Loam,SAFE,4
Matched_NonEvent_FlatControl,CONTROL_FLAT_5027,35.7925,-82.3764,07/04/2013,856.9,7.4,23.49,1.1,20.9,42.7,46.8,19.8,98.0,13.3,944.6,Clay Loam,SAFE,5
Santa Cruz Sentinel,GLC_10156,37.0168,-122.0628,01/04/2017,930.2,14.23,89.8,0.0,89.8,121.2,41.6,13.1,93.0,3.5,993.9,Laterite,HIGH_RISK,6
Ooyuz,GLC_9416,37.844,-122.1239,03/14/2016,971.0,7.19,11.33,0.0,3.9,20.6,39.6,13.3,55.0,14.5,1001.4,Sandy Loam,HIGH_RISK,7
youtube,GLC_1900,40.7134,-111.8224,05/24/2010,1217.4,4.93,18.59,0.0,17.2,33.8,48.6,11.0,46.0,10.2,859.2,Weathered Granite,HIGH_RISK,8
www.solarnews.ph,GLC_5600,15.1718,120.7653,10/12/2013,766.2,3.94,57.15,0.0,26.2,103.9,43.5,24.6,95.0,3.5,1005.0,Laterite,HIGH_RISK,9
Matched_NonEvent_FlatControl,CONTROL_FLAT_3275,37.7242,-122.3659,03/24/2011,553.6,6.1,28.6,1.1,28.6,47.8,42.9,9.5,79.0,18.2,991.1,Weathered Granite,SAFE,10
Matched_NonEvent_FlatControl,CONTROL_FLAT_7556,38.5615,-122.7421,03/11/2016,591.7,7.5,35.37,0.6,29.1,64.3,40.8,11.6,87.0,11.4,990.6,Clay Loam,SAFE,1
thehimalayantimes,GLC_1229,29.2944,81.3,10/06/2009,1077.7,22.43,66.72,2.6,61.0,121.3,42.6,18.4,78.0,2.0,873.5,Laterite,HIGH_RISK,2
WYMT,GLC_10670,37.4878,-82.6527,04/23/2017,1347.9,26.13,37.45,1.0,28.1,68.1,43.5,10.6,100.0,12.6,979.4,Sandy Loam,HIGH_RISK,3
redding,GLC_2870,40.7659,-123.1034,12/19/2010,1107.3,23.74,20.7,0.7,20.7,37.5,50.5,5.0,93.0,10.5,941.9,Laterite,HIGH_RISK,4
www.sltrib.com,GLC_5478,40.4431,-111.7061,09/07/2013,1205.1,22.57,2.0,0.0,2.0,2.2,14.8,25.9,35.0,10.4,835.3,Sandy Loam,HIGH_RISK,5
Matched_NonEvent_FlatControl,CONTROL_FLAT_3795,16.3363,-95.0424,07/17/2011,50.0,9.9,76.89,0.2,30.9,139.8,40.5,26.9,80.0,4.3,997.8,Colluvium,SAFE,6
Matched_NonEvent_DryControl,CONTROL_DRY_9457,20.7818,-98.7292,2016-02-10,351.8,21.66,5.3,0.0,5.3,5.8,30.6,10.4,80.0,5.7,849.5,Weathered Granite,SAFE,7
beacononline.wordpress,GLC_1106,26.8992,88.1667,08/20/2009,1026.6,8.26,109.9,0.0,109.9,167.5,42.3,17.2,99.0,1.1,839.7,Clay Loam,HIGH_RISK,8
Matched_NonEvent_DryControl,CONTROL_DRY_1827,37.5339,-82.0999,2009-11-04,1355.7,9.07,0.8,0.1,0.8,0.8,37.7,10.1,68.0,5.9,987.5,Residual Soil,SAFE,9
Matched_NonEvent_DryControl,CONTROL_DRY_4,-22.0452,-42.6734,2006-07-09,329.0,9.16,0.0,0.0,0.0,0.0,22.6,22.8,52.0,1.6,975.4,Residual Soil,SAFE,10
Matched_NonEvent_FlatControl,CONTROL_FLAT_4468,11.555,76.1876,07/22/2012,1230.6,9.7,25.52,0.3,18.4,46.4,51.5,23.7,97.0,6.5,1000.7,Sandy Loam,SAFE,1
Matched_NonEvent_FlatControl,CONTROL_FLAT_4459,44.7058,38.213,07/12/2012,1008.4,4.2,0.83,0.0,0.0,1.5,24.2,20.8,98.0,5.4,1010.1,Clay Loam,SAFE,2
Matched_NonEvent_FlatControl,CONTROL_FLAT_555,39.5207,-106.6339,05/28/2008,800.7,6.7,0.11,0.0,0.0,0.2,42.1,14.4,37.0,8.3,761.0,Sandy Loam,SAFE,3
Globalnewspaper.inquirer,GLC_153,10.3658,123.8897,08/02/2007,557.2,4.22,9.85,0.0,1.9,17.9,46.8,26.3,81.0,11.2,993.3,Residual Soil,HIGH_RISK,4
Matched_NonEvent_DryControl,CONTROL_DRY_7309,30.7864,78.616,2015-02-16,1125.5,13.3,1.9,0.0,1.9,2.1,34.6,3.5,87.0,6.4,841.0,Laterite,SAFE,5
Matched_NonEvent_DryControl,CONTROL_DRY_1110,26.8841,88.2809,2009-02-21,1027.0,23.88,4.9,0.0,4.7,8.9,31.5,6.4,97.0,3.6,826.2,Clay Loam,SAFE,6
Matched_NonEvent_FlatControl,CONTROL_FLAT_9038,44.287,-123.4491,12/10/2014,870.9,10.8,22.6,5.2,22.6,31.2,43.8,12.3,100.0,26.7,980.2,Residual Soil,SAFE,7
The Daily Astorian,GLC_10534,45.7872,-123.9589,02/22/2017,1349.8,7.78,19.58,0.1,2.8,35.6,40.1,4.8,79.0,10.2,1005.2,Clay Loam,HIGH_RISK,8
newsinfo.inquirer,GLC_814,14.675,121.15,09/24/2008,745.2,1.18,27.72,0.2,14.9,50.4,48.2,23.4,95.0,5.6,986.4,Clay Loam,HIGH_RISK,9
Matched_NonEvent_DryControl,CONTROL_DRY_777,5.345,100.2487,2008-03-10,1569.7,21.14,38.17,0.0,13.1,69.4,48.1,23.3,93.0,3.5,980.8,Clay Loam,SAFE,10
kmph,GLC_1433,36.3969,-119.8086,01/21/2010,921.8,0.82,16.01,1.7,7.9,29.1,42.7,8.7,92.0,17.2,973.0,Sandy Loam,HIGH_RISK,1
Matched_NonEvent_FlatControl,CONTROL_FLAT_4208,10.86,125.16,02/17/2012,185.6,11.8,45.98,0.0,11.7,83.6,41.9,24.9,95.0,5.8,1008.5,Sandy Loam,SAFE,2
AKI Press,GLC_9880,41.0321,72.7303,06/29/2017,1578.9,1.06,4.9,0.0,0.0,8.9,17.9,19.5,47.0,11.9,923.2,Clay Loam,HIGH_RISK,3
Matched_NonEvent_DryControl,CONTROL_DRY_9046,37.8849,-80.3442,2016-01-09,1390.8,36.94,0.94,0.0,0.1,1.7,40.4,4.0,99.0,10.5,939.1,Sandy Loam,SAFE,4
Matched_NonEvent_DryControl,CONTROL_DRY_10555,46.4596,-122.7508,2016-07-22,1395.5,16.73,4.4,0.0,4.4,4.4,25.2,17.7,70.0,9.4,1014.8,Residual Soil,SAFE,5
Matched_NonEvent_DryControl,CONTROL_DRY_1635,-22.8852,-43.0631,2009-10-08,374.9,6.12,17.4,2.5,17.4,17.6,35.7,20.1,93.0,15.8,1005.8,Weathered Granite,SAFE,6
Fiji TV,GLC_10703,-18.0952,178.44,12/15/2016,1179.6,6.42,75.19,2.2,50.4,136.7,38.6,23.3,100.0,17.9,995.3,Laterite,HIGH_RISK,7
hindustantimes,GLC_3347,6.2379,-75.5283,04/10/2011,743.4,26.67,28.21,0.7,22.8,51.3,43.3,16.3,99.0,1.5,810.6,Weathered Granite,HIGH_RISK,8
maps.google.com,GLC_1718,-22.9766,-43.2903,04/06/2010,381.7,25.8,57.09,3.0,54.1,103.8,43.0,18.5,91.0,12.3,976.1,Clay Loam,HIGH_RISK,9
Times of India,GLC_7309,30.7864,78.616,08/15/2015,1125.5,13.3,17.6,0.0,5.1,32.0,41.4,20.5,95.0,3.6,844.7,Laterite,HIGH_RISK,10
Matched_NonEvent_DryControl,CONTROL_DRY_1268,-6.7536,111.0394,2009-04-29,1072.7,0.58,0.99,0.0,0.3,1.8,43.3,23.6,96.0,3.4,1009.6,Weathered Granite,SAFE,1
Matched_NonEvent_FlatControl,CONTROL_FLAT_5494,5.6161,100.4243,09/11/2013,1176.0,5.9,19.41,0.0,11.5,35.3,50.2,24.5,88.0,4.0,999.7,Sandy Loam,SAFE,2
kantipuronline,GLC_654,28.9,80.87,07/18/2008,1053.7,27.89,63.69,4.6,44.5,115.8,46.3,20.4,100.0,6.5,881.1,Clay Loam,HIGH_RISK,3
Matched_NonEvent_DryControl,CONTROL_DRY_10016,12.824,75.2116,2016-12-29,1693.3,11.93,0.0,0.0,0.0,0.0,27.5,19.7,82.0,6.6,999.3,Residual Soil,SAFE,4
ksl,GLC_2186,39.9243,-111.5443,08/01/2010,1180.8,8.85,0.22,0.0,0.2,0.4,14.2,30.5,27.0,11.2,839.5,Residual Soil,HIGH_RISK,5
Matched_NonEvent_DryControl,CONTROL_DRY_9309,25.6127,96.2961,2015-11-25,1043.6,6.19,0.0,0.0,0.0,0.0,30.5,14.8,89.0,4.3,973.5,Sandy Loam,SAFE,6
Matched_NonEvent_DryControl,CONTROL_DRY_10163,37.1176,-122.0859,2016-07-28,935.0,8.44,0.0,0.0,0.0,0.0,14.4,22.6,50.0,18.1,984.6,Clay Loam,SAFE,7
Ekantipur,GLC_9839,27.6835,86.1804,08/09/2016,1046.0,19.9,33.39,0.0,16.2,60.7,42.3,15.2,85.0,2.0,778.9,Clay Loam,HIGH_RISK,8
Matched_NonEvent_DryControl,CONTROL_DRY_11104,-7.5424,110.446,2016-04-29,1027.3,25.96,16.67,0.0,7.7,30.3,44.2,7.2,98.0,3.1,719.6,Residual Soil,SAFE,9
Matched_NonEvent_DryControl,CONTROL_DRY_3796,17.9484,-96.1674,2011-01-18,364.3,1.92,0.0,0.0,0.0,0.0,42.9,29.9,57.0,3.4,1003.6,Residual Soil,SAFE,10
WOWK,GLC_6819,37.6322,-82.0927,03/04/2015,1360.7,27.0,31.6,1.5,31.6,40.0,42.7,5.4,100.0,13.2,970.7,Colluvium,HIGH_RISK,1
Matched_NonEvent_FlatControl,CONTROL_FLAT_6220,56.3956,-4.7341,10/06/2014,1163.4,7.0,29.6,0.0,29.6,43.2,73.3,4.5,97.0,6.6,977.9,Residual Soil,SAFE,2
Matched_NonEvent_DryControl,CONTROL_DRY_7395,11.2529,124.9736,2010-09-18,612.4,0.94,9.41,0.0,7.4,17.1,41.2,26.7,87.0,1.4,1009.3,Clay Loam,SAFE,3
Matched_NonEvent_DryControl,CONTROL_DRY_9839,27.6835,86.1804,2016-02-11,1046.0,19.9,0.28,0.0,0.2,0.5,35.0,0.4,49.0,6.7,770.8,Clay Loam,SAFE,4
Matched_NonEvent_DryControl,CONTROL_DRY_3458,38.6487,-83.7193,2010-11-04,1395.2,19.46,0.2,0.0,0.2,0.2,22.4,8.9,63.0,11.0,976.7,Laterite,SAFE,5
The Denver Channel,GLC_9112,37.9979,-108.0336,07/20/2016,1119.6,6.3,4.5,0.0,4.5,7.1,25.7,25.2,43.0,12.9,792.8,Weathered Granite,HIGH_RISK,6
Matched_NonEvent_DryControl,CONTROL_DRY_3761,31.4733,-110.3475,2011-01-12,770.2,6.7,0.2,0.0,0.2,0.2,19.1,12.9,21.0,9.3,842.8,Colluvium,SAFE,7
Matched_NonEvent_FlatControl,CONTROL_FLAT_10354,41.2083,-123.9932,03/23/2017,711.5,6.3,26.57,0.2,0.9,48.3,39.8,11.7,64.0,17.5,1014.2,Sandy Loam,SAFE,8
CRI,GLC_108,38.9325,121.553,06/28/2007,462.2,8.6,21.01,0.0,0.0,38.2,33.7,21.5,86.0,14.5,994.9,Colluvium,HIGH_RISK,9
Matched_NonEvent_FlatControl,CONTROL_FLAT_1189,41.5139,41.8322,09/23/2009,885.0,10.8,30.2,1.8,30.2,48.7,43.2,16.5,98.0,5.0,1009.0,Residual Soil,SAFE,10
Matched_NonEvent_FlatControl,CONTROL_FLAT_6638,47.1295,-123.6939,01/06/2015,1010.5,7.2,55.88,0.0,0.3,101.6,39.0,11.5,88.0,9.4,1019.9,Clay Loam,SAFE,1
KRON Channel 4,GLC_10163,37.1176,-122.0859,01/24/2017,935.0,8.44,40.43,0.0,1.7,73.5,39.8,10.3,56.0,7.6,989.6,Clay Loam,HIGH_RISK,2
Matched_NonEvent_FlatControl,CONTROL_FLAT_2674,44.2973,10.0292,10/31/2010,706.2,8.2,80.2,2.4,80.2,81.8,42.8,14.8,95.0,17.4,984.7,Weathered Granite,SAFE,3
Matched_NonEvent_FlatControl,CONTROL_FLAT_6562,-7.1454,109.8688,12/11/2014,632.4,5.7,20.74,0.0,8.1,37.7,50.6,19.1,97.0,2.6,896.3,Colluvium,SAFE,4
Matched_NonEvent_FlatControl,CONTROL_FLAT_4086,56.378,-4.7072,12/05/2011,1162.8,5.4,8.63,0.1,1.9,15.7,71.3,-0.1,97.0,11.4,966.5,Residual Soil,SAFE,5
space,GLC_993,-6.084,145.208,03/04/2009,1447.9,4.03,35.09,0.0,18.2,63.8,42.0,18.1,89.0,3.3,822.7,Colluvium,HIGH_RISK,6
Matched_NonEvent_FlatControl,CONTROL_FLAT_11104,-7.3924,110.596,10/26/2016,627.3,9.8,26.7,0.1,26.7,37.1,45.7,7.6,98.0,0.8,720.9,Residual Soil,SAFE,7
Matched_NonEvent_FlatControl,CONTROL_FLAT_11196,46.6611,6.8082,02/19/2017,792.1,10.8,0.83,0.0,0.0,1.5,35.8,-0.3,82.0,4.8,972.8,Clay Loam,SAFE,8
Matched_NonEvent_DryControl,CONTROL_DRY_10339,39.6384,-95.1473,2016-03-19,1330.4,9.41,0.0,0.0,0.0,0.0,33.2,5.0,41.0,16.8,989.3,Weathered Granite,SAFE,9
Matched_NonEvent_DryControl,CONTROL_DRY_4772,51.9565,0.9666,2012-09-14,1407.5,1.99,2.09,0.0,0.3,3.8,32.0,12.3,75.0,17.1,1011.0,Sandy Loam,SAFE,10
Matched_NonEvent_FlatControl,CONTROL_FLAT_1008,40.9176,-111.6169,04/15/2009,820.7,10.0,13.8,0.3,13.8,18.0,42.8,4.7,50.0,2.2,823.9,Weathered Granite,SAFE,1
Matched_NonEvent_FlatControl,CONTROL_FLAT_700,51.567,-116.2984,08/09/2008,1306.4,9.1,2.0,1.5,2.0,2.3,14.5,19.8,66.0,7.9,873.9,Weathered Granite,SAFE,2
Matched_NonEvent_FlatControl,CONTROL_FLAT_9990,-36.8067,175.3844,07/01/2017,50.0,6.7,23.9,0.7,23.9,27.0,50.9,13.5,92.0,12.6,1006.8,Laterite,SAFE,3
Matched_NonEvent_FlatControl,CONTROL_FLAT_617,40.93,-74.12,06/29/2008,1196.3,10.8,12.7,0.0,12.7,15.5,37.7,24.0,89.0,6.1,989.3,Clay Loam,SAFE,4
KIRO,GLC_6634,47.3012,-122.1737,01/05/2015,1443.3,11.36,54.8,0.0,54.8,67.9,41.6,10.5,99.0,14.7,1021.8,Laterite,HIGH_RISK,5
Matched_NonEvent_FlatControl,CONTROL_FLAT_6260,50.7582,-118.6919,04/30/2014,1242.0,9.3,0.0,0.0,0.0,0.0,42.2,22.1,29.0,3.1,979.7,Clay Loam,SAFE,6
Record Searchlight,GLC_10229,40.6351,-122.7339,01/22/2017,1104.4,13.08,51.76,0.4,43.8,94.1,49.2,1.1,83.0,7.6,885.7,Weathered Granite,HIGH_RISK,7
The Local,GLC_7092,46.1906,7.4086,05/03/2015,1183.6,32.47,42.41,0.2,14.8,77.1,43.0,8.7,93.0,6.1,904.2,Weathered Granite,HIGH_RISK,8
Matched_NonEvent_FlatControl,CONTROL_FLAT_3629,15.4432,74.2947,06/19/2011,50.0,5.1,32.89,0.4,12.5,59.8,42.6,24.9,96.0,8.1,997.7,Residual Soil,SAFE,9
Matched_NonEvent_DryControl,CONTROL_DRY_1575,42.4135,-71.6974,2009-09-16,1703.7,6.4,0.0,0.0,0.0,0.0,18.3,13.4,80.0,11.3,1014.9,Sandy Loam,SAFE,10
Matched_NonEvent_FlatControl,CONTROL_FLAT_3679,28.1504,84.183,06/30/2011,640.3,7.0,90.81,10.1,87.1,165.1,42.5,19.3,98.0,6.9,896.3,Sandy Loam,SAFE,1
Matched_NonEvent_DryControl,CONTROL_DRY_7468,14.0592,-87.155,2014-12-15,468.6,3.84,0.0,0.0,0.0,0.0,19.6,21.4,58.0,9.5,889.7,Residual Soil,SAFE,2
Matched_NonEvent_DryControl,CONTROL_DRY_10534,45.7872,-123.9589,2016-08-26,1349.8,7.78,0.0,0.0,0.0,0.0,16.2,25.7,42.0,11.0,995.2,Clay Loam,SAFE,3
Matched_NonEvent_DryControl,CONTROL_DRY_10581,45.5063,-122.7166,2016-09-10,1348.1,8.83,0.0,0.0,0.0,0.0,19.3,26.8,39.0,10.6,996.2,Laterite,SAFE,4
reliefweb,GLC_2951,6.9769,80.7816,01/09/2011,1456.7,29.0,128.7,2.3,128.7,215.2,50.7,14.8,99.0,5.8,804.2,Colluvium,HIGH_RISK,5
Jamaica Observer,GLC_10806,18.1481,-76.8622,05/03/2017,438.8,8.25,5.5,0.3,2.8,10.0,37.0,22.8,94.0,3.6,963.3,Laterite,HIGH_RISK,6
Matched_NonEvent_DryControl,CONTROL_DRY_2371,27.59,86.1,2010-03-06,1040.5,31.06,0.0,0.0,0.0,0.0,22.4,12.1,56.0,5.0,841.5,Laterite,SAFE,7
Matched_NonEvent_FlatControl,CONTROL_FLAT_2807,47.7677,-122.1318,12/11/2010,1058.1,9.1,18.81,2.5,7.2,34.2,43.8,4.9,91.0,6.3,1008.1,Residual Soil,SAFE,8
Matched_NonEvent_DryControl,CONTROL_DRY_7669,3.1425,101.7805,2015-02-14,1474.9,2.08,0.7,0.0,0.7,0.8,31.5,22.5,92.0,5.4,1003.9,Weathered Granite,SAFE,9
Matched_NonEvent_FlatControl,CONTROL_FLAT_3502,40.8073,-79.6875,05/17/2011,1134.5,4.1,16.72,0.0,11.1,30.4,45.1,14.1,97.0,13.4,966.8,Laterite,SAFE,10
usatoday30.usatoday,GLC_4059,39.1854,16.158,11/23/2011,920.8,15.19,7.87,0.0,2.9,14.3,35.9,8.9,89.0,5.8,906.7,Colluvium,HIGH_RISK,1
Phuket Gazette,GLC_6511,7.8891,98.3075,08/15/2014,1677.5,13.52,16.78,1.4,13.6,30.5,51.7,24.6,90.0,17.5,995.4,Clay Loam,HIGH_RISK,2
Matched_NonEvent_FlatControl,CONTROL_FLAT_10697,20.1912,-155.2217,09/14/2016,451.7,11.5,10.34,1.2,9.7,18.8,39.3,24.1,85.0,6.7,988.7,Clay Loam,SAFE,3
SGGP,GLC_2713,15.4546,108.6849,11/11/2010,659.6,6.13,128.75,3.6,60.8,234.1,38.6,23.0,92.0,13.3,1009.3,Residual Soil,HIGH_RISK,4
The Spokesman,GLC_10502,48.6247,-118.0725,03/27/2017,1550.5,22.06,4.8,0.0,4.8,7.9,41.9,13.0,39.0,11.7,965.9,Laterite,HIGH_RISK,5
globalnation.inquirer,GLC_3089,10.4578,123.7756,02/05/2011,560.6,4.06,20.57,4.4,16.3,37.4,45.5,22.3,92.0,7.2,955.5,Colluvium,HIGH_RISK,6
Matched_NonEvent_FlatControl,CONTROL_FLAT_391,11.45,-60.494,12/11/2007,50.0,11.6,12.7,1.2,12.7,12.8,27.8,25.3,85.0,29.7,999.7,Sandy Loam,SAFE,7
Matched_NonEvent_FlatControl,CONTROL_FLAT_6504,-7.1612,109.9877,12/11/2014,632.8,10.2,20.74,0.0,8.1,37.7,45.4,19.6,97.0,2.6,890.9,Colluvium,SAFE,8
Matched_NonEvent_FlatControl,CONTROL_FLAT_974,5.181,115.2168,01/22/2009,1302.2,6.5,17.71,0.0,14.1,32.2,46.5,23.8,95.0,3.3,1008.0,Clay Loam,SAFE,9
Tribune,GLC_7126,33.8996,70.1048,04/23/2015,1196.0,2.08,0.0,0.0,0.0,0.0,30.7,8.2,71.0,4.1,822.2,Weathered Granite,HIGH_RISK,10
CBS SF Bay Area,GLC_10162,37.212,-122.0673,02/10/2017,939.9,11.78,30.8,0.9,30.8,51.1,51.1,9.1,80.0,6.1,918.2,Sandy Loam,HIGH_RISK,1
Matched_NonEvent_FlatControl,CONTROL_FLAT_10262,40.374,-79.8093,05/01/2017,1111.6,12.0,12.3,0.0,12.3,18.4,49.1,19.4,70.0,20.5,963.4,Sandy Loam,SAFE,2
Matched_NonEvent_FlatControl,CONTROL_FLAT_10489,50.3452,-119.3431,05/14/2017,1214.8,7.0,3.69,0.0,2.1,6.7,26.3,13.9,44.0,7.9,959.4,Sandy Loam,SAFE,3
Matched_NonEvent_FlatControl,CONTROL_FLAT_5041,40.5945,-111.5578,07/06/2013,805.1,6.3,1.43,0.0,0.9,2.6,14.1,30.7,18.0,9.7,831.0,Sandy Loam,SAFE,4
Matched_NonEvent_DryControl,CONTROL_DRY_5716,51.2934,-0.1532,2013-06-27,1363.1,5.64,3.2,0.0,3.2,3.3,26.7,12.3,94.0,10.1,1007.5,Laterite,SAFE,5
Matched_NonEvent_FlatControl,CONTROL_FLAT_3144,3.2165,101.7735,02/24/2011,1069.6,4.5,7.4,0.0,7.4,10.6,47.0,21.9,99.0,4.3,1001.7,Colluvium,SAFE,6
Matched_NonEvent_FlatControl,CONTROL_FLAT_7261,33.766,77.9152,07/21/2015,858.5,10.0,16.72,0.9,8.5,30.4,38.9,6.0,96.0,1.1,617.3,Residual Soil,SAFE,7
Matched_NonEvent_FlatControl,CONTROL_FLAT_7639,6.1962,116.7464,04/10/2015,1368.3,6.5,8.4,0.0,8.4,12.5,31.1,15.2,95.0,3.3,808.9,Clay Loam,SAFE,8
Matched_NonEvent_FlatControl,CONTROL_FLAT_1802,40.7031,46.1589,05/02/2010,887.7,4.5,12.1,0.1,12.1,18.9,42.5,2.4,99.0,1.3,850.9,Weathered Granite,SAFE,9
Matched_NonEvent_DryControl,CONTROL_DRY_4152,45.3828,-122.5715,2011-07-23,1343.4,9.27,1.71,0.0,0.0,3.1,22.7,27.6,35.0,10.2,1009.1,Weathered Granite,SAFE,10
Matched_NonEvent_DryControl,CONTROL_DRY_6215,57.2276,-2.2608,2014-04-10,1638.8,8.75,0.28,0.0,0.1,0.5,24.5,5.8,73.0,11.3,1012.9,Colluvium,SAFE,1
mysinchew,GLC_4380,5.4358,100.3032,06/02/2012,1574.8,0.58,14.36,0.0,5.0,26.1,47.7,25.6,93.0,3.1,1005.0,Sandy Loam,HIGH_RISK,2
Matched_NonEvent_DryControl,CONTROL_DRY_5518,43.7553,-115.975,2013-03-16,1328.0,5.04,0.0,0.0,0.0,0.0,42.8,10.6,46.0,7.6,891.7,Clay Loam,SAFE,3
Twin Cities,GLC_6073,44.9398,-93.1219,06/19/2014,1615.8,4.18,39.55,0.7,7.1,71.9,30.0,21.0,90.0,14.8,981.0,Laterite,HIGH_RISK,4
Yakima Herald,GLC_6483,46.6752,-121.0489,08/12/2014,1423.3,23.45,2.3,1.4,2.3,2.3,15.8,25.0,55.0,11.4,920.1,Clay Loam,HIGH_RISK,5
Matched_NonEvent_DryControl,CONTROL_DRY_3981,15.8076,-91.3148,2011-03-24,422.8,10.36,0.4,0.0,0.4,0.6,33.1,19.8,79.0,4.8,852.0,Colluvium,SAFE,6
Pittsburgh Post-Gazette,GLC_10280,40.1714,-80.2083,01/19/2017,1506.5,12.91,6.99,0.0,0.0,12.7,48.1,3.8,85.0,5.0,969.7,Clay Loam,HIGH_RISK,7
banning-beaumont.patch.com,GLC_5419,33.8426,-116.8648,08/30/2013,823.5,13.24,7.1,0.5,7.1,9.9,21.2,24.1,69.0,3.5,899.9,Residual Soil,HIGH_RISK,8
thelevisalazer,GLC_1828,37.3212,-82.3434,05/03/2010,1342.6,9.03,22.5,0.0,22.5,28.8,39.4,22.6,73.0,5.5,977.8,Laterite,HIGH_RISK,9
Matched_NonEvent_FlatControl,CONTROL_FLAT_7226,32.3739,76.4726,07/18/2015,774.4,10.2,73.76,0.0,5.1,134.1,45.3,19.0,91.0,4.1,845.6,Laterite,SAFE,10
Matched_NonEvent_FlatControl,CONTROL_FLAT_6548,47.0375,-113.7751,08/21/2014,1105.1,10.8,6.4,3.3,6.4,6.5,15.6,22.0,44.0,6.5,902.7,Colluvium,SAFE,1
Matched_NonEvent_DryControl,CONTROL_DRY_6175,-7.3379,108.2004,2014-01-23,1015.1,1.89,15.73,0.0,5.6,28.6,37.4,20.5,97.0,4.4,969.0,Sandy Loam,SAFE,2
Matched_NonEvent_FlatControl,CONTROL_FLAT_6701,9.2639,-79.4126,09/14/2014,239.9,9.8,18.15,0.5,10.1,33.0,43.1,24.0,99.0,4.3,994.5,Residual Soil,SAFE,3
Jamaica Observer,GLC_341,18.037,-76.7088,10/31/2007,434.8,6.54,14.03,0.5,13.0,25.5,42.5,23.8,94.0,16.9,958.4,Weathered Granite,HIGH_RISK,4
Brighter Kashmir,GLC_10823,33.4957,75.1813,02/18/2017,1226.6,10.71,5.8,0.2,5.8,8.2,42.8,6.3,81.0,6.5,792.3,Laterite,HIGH_RISK,5
Matched_NonEvent_FlatControl,CONTROL_FLAT_7,5.1333,115.067,01/08/2007,1298.3,4.4,8.3,0.0,0.4,15.1,27.9,23.7,93.0,4.5,1004.7,Laterite,SAFE,6
online.wsj,GLC_1131,23.0587,-109.6972,09/01/2009,356.0,1.12,54.3,3.8,54.3,56.9,40.3,27.7,85.0,50.7,1004.9,Colluvium,HIGH_RISK,7
samaa,GLC_2435,36.2744,74.7249,09/15/2010,1361.0,15.75,4.79,0.0,0.6,8.7,38.3,3.0,98.0,1.8,766.7,Residual Soil,HIGH_RISK,8
Matched_NonEvent_DryControl,CONTROL_DRY_2830,47.7371,-122.2869,2010-06-15,1464.0,8.88,3.5,0.0,3.5,3.5,38.0,13.8,57.0,6.8,1013.5,Weathered Granite,SAFE,9
Corvallis Gazette-Times,GLC_962,48.538,-121.75,01/07/2009,1509.4,2.65,85.4,3.0,85.4,152.7,42.8,6.5,100.0,6.4,997.5,Clay Loam,HIGH_RISK,10
Matched_NonEvent_DryControl,CONTROL_DRY_7289,31.7085,76.9297,2015-01-27,1154.7,3.15,12.21,0.0,6.0,22.2,40.2,0.1,90.0,5.4,926.0,Sandy Loam,SAFE,1
Matched_NonEvent_FlatControl,CONTROL_FLAT_1414,47.9132,-122.171,01/19/2010,1064.9,6.4,6.55,0.0,0.5,11.9,39.1,11.1,61.0,12.9,970.0,Weathered Granite,SAFE,2
Borneo Bulletin - Brunei Direct,GLC_7,4.9833,114.917,01/08/2007,1698.3,10.11,8.3,0.0,0.4,15.1,27.9,23.7,93.0,4.5,1004.7,Laterite,HIGH_RISK,3
Matched_NonEvent_FlatControl,CONTROL_FLAT_4297,48.5315,-116.2017,03/30/2012,1155.6,10.9,34.3,0.5,34.3,50.7,42.1,5.7,93.0,14.2,917.0,Weathered Granite,SAFE,4
Matched_NonEvent_FlatControl,CONTROL_FLAT_2139,31.2554,77.3227,07/25/2010,727.0,6.5,14.63,0.3,13.3,26.6,49.3,16.7,96.0,3.6,779.6,Sandy Loam,SAFE,5
Matched_NonEvent_FlatControl,CONTROL_FLAT_10103,7.3246,125.7563,01/05/2017,50.0,9.6,31.19,0.2,29.8,56.7,42.6,23.4,95.0,9.5,996.7,Residual Soil,SAFE,6
Matched_NonEvent_FlatControl,CONTROL_FLAT_2435,36.4244,74.8749,09/15/2010,961.0,7.1,4.79,0.0,0.6,8.7,38.3,3.0,98.0,1.8,766.7,Residual Soil,SAFE,7
The Press Democrat,GLC_10209,38.6399,-122.7574,01/10/2017,1004.4,14.51,85.64,1.9,45.0,155.7,43.9,12.4,97.0,21.2,995.8,Residual Soil,HIGH_RISK,8
Matched_NonEvent_FlatControl,CONTROL_FLAT_9880,41.1821,72.8803,06/29/2017,1178.9,9.8,4.9,0.0,0.0,8.9,17.9,19.5,47.0,11.9,923.2,Clay Loam,SAFE,9
Matched_NonEvent_FlatControl,CONTROL_FLAT_993,-5.934,145.358,03/04/2009,1047.9,9.6,35.09,0.0,18.2,63.8,42.0,18.1,89.0,3.3,822.7,Colluvium,SAFE,10
Matched_NonEvent_FlatControl,CONTROL_FLAT_4985,43.1766,-76.1802,06/26/2013,1288.0,11.4,11.66,0.0,4.0,21.2,37.9,24.6,83.0,5.1,990.6,Residual Soil,SAFE,1
ibnlive.in,GLC_3893,15.7067,73.9551,08/07/2011,324.9,2.43,42.74,0.6,31.6,77.7,45.0,24.4,96.0,9.4,1003.5,Clay Loam,HIGH_RISK,2
Matched_NonEvent_DryControl,CONTROL_DRY_5407,9.2087,125.5901,2013-02-28,516.3,10.76,1.59,0.0,0.0,2.9,37.2,23.6,94.0,3.8,984.9,Weathered Granite,SAFE,3
Matched_NonEvent_DryControl,CONTROL_DRY_1212,11.4477,75.8289,2009-04-06,1630.7,2.44,1.43,0.0,0.0,2.6,31.8,26.0,92.0,3.8,1004.8,Sandy Loam,SAFE,4
Matched_NonEvent_DryControl,CONTROL_DRY_401,2.011,112.943,2007-06-29,1530.0,3.93,9.6,0.0,9.6,15.1,41.8,23.1,100.0,3.6,1002.3,Weathered Granite,SAFE,5
GMA News,GLC_6262,7.6438,125.0284,09/23/2014,432.5,10.32,32.95,0.0,13.3,59.9,49.0,22.9,86.0,2.6,975.3,Clay Loam,HIGH_RISK,6
Sofia Globe,GLC_6881,42.3377,23.0879,03/17/2015,1147.8,12.72,0.0,0.0,0.0,0.0,41.7,0.5,76.0,6.9,950.2,Laterite,HIGH_RISK,7
Matched_NonEvent_FlatControl,CONTROL_FLAT_5740,52.417,-6.9694,12/31/2013,942.2,5.7,17.44,0.0,8.8,31.7,40.6,7.0,77.0,27.8,986.7,Residual Soil,SAFE,8
Matched_NonEvent_FlatControl,CONTROL_FLAT_9844,52.1269,-122.1293,06/19/2017,1276.1,9.4,0.0,0.0,0.0,0.0,13.9,21.2,44.0,10.1,956.9,Weathered Granite,SAFE,9
KITV,GLC_9248,21.3555,-157.854,07/24/2016,810.8,15.59,5.33,1.1,5.1,9.7,25.2,25.0,89.0,21.5,996.5,Weathered Granite,HIGH_RISK,10
Matched_NonEvent_DryControl,CONTROL_DRY_3401,47.9151,-122.4112,2010-10-25,1471.6,15.18,27.5,0.9,26.3,50.0,41.9,10.0,84.0,26.7,998.3,Laterite,SAFE,1
Matched_NonEvent_DryControl,CONTROL_DRY_9164,27.1979,87.0809,2016-01-26,1030.7,18.28,12.2,0.4,12.2,21.0,41.1,2.5,99.0,3.1,823.3,Residual Soil,SAFE,2
Matched_NonEvent_FlatControl,CONTROL_FLAT_9416,37.994,-121.9739,03/14/2016,571.0,7.3,11.33,0.0,3.9,20.6,39.6,13.3,55.0,14.5,1001.4,Sandy Loam,SAFE,3
Mundo,GLC_6675,13.4379,-88.2756,05/22/2014,510.9,24.67,17.55,0.0,8.0,31.9,44.8,18.8,69.0,4.6,825.3,Sandy Loam,HIGH_RISK,4
The Daily Examiner,GLC_11061,-29.4723,153.1432,04/04/2017,357.8,0.89,2.48,0.2,1.5,4.5,37.7,18.0,80.0,11.5,1023.1,Clay Loam,HIGH_RISK,5
bclocalnews,GLC_1314,48.766,-123.7024,11/20/2009,1501.3,3.76,48.45,0.2,36.9,88.1,41.6,7.6,86.0,7.8,996.2,Clay Loam,HIGH_RISK,6
Matched_NonEvent_DryControl,CONTROL_DRY_3893,15.7067,73.9551,2011-02-08,324.9,2.43,0.0,0.0,0.0,0.0,18.2,19.6,76.0,7.0,1004.7,Clay Loam,SAFE,7
Matched_NonEvent_FlatControl,CONTROL_FLAT_6375,-6.6963,106.8734,11/05/2014,624.9,6.3,38.6,0.0,38.6,39.2,42.4,22.5,98.0,3.1,961.6,Laterite,SAFE,8
Matched_NonEvent_FlatControl,CONTROL_FLAT_1575,42.5635,-71.5474,03/15/2010,1303.7,9.2,49.39,1.1,22.9,89.8,34.1,1.6,100.0,23.8,998.7,Sandy Loam,SAFE,9
ABS CBN,GLC_11135,10.329,123.877,11/05/2016,555.2,6.55,33.66,0.0,5.4,61.2,46.9,26.2,87.0,9.6,1000.6,Residual Soil,HIGH_RISK,10
mumbaimirror,GLC_2364,19.2179,73.1694,08/30/2010,492.6,0.6,76.4,0.6,30.7,138.9,47.2,24.7,96.0,13.7,1001.1,Weathered Granite,HIGH_RISK,1
Kashmir Times,GLC_7195,33.2504,75.2102,07/12/2015,1214.6,14.78,33.5,1.0,3.4,60.9,49.0,24.6,89.0,5.5,928.0,Residual Soil,HIGH_RISK,2
Matched_NonEvent_DryControl,CONTROL_DRY_1329,8.5008,124.4309,2009-05-28,469.3,19.07,6.99,0.0,2.3,12.7,39.3,26.2,83.0,3.3,997.7,Residual Soil,SAFE,3
Matched_NonEvent_FlatControl,CONTROL_FLAT_5433,40.1075,-111.0945,09/02/2013,785.4,11.5,4.24,0.0,4.1,7.7,30.2,26.0,41.0,12.5,817.1,Colluvium,SAFE,4
Matched_NonEvent_DryControl,CONTROL_DRY_1995,27.0765,88.4808,2009-12-18,1038.6,22.27,3.08,0.0,2.3,5.6,40.3,9.7,91.0,4.4,880.0,Residual Soil,SAFE,5
Matched_NonEvent_DryControl,CONTROL_DRY_1022,37.4514,-82.8836,2008-11-09,1343.7,14.16,3.74,0.0,0.0,6.8,29.3,7.0,57.0,9.5,975.3,Clay Loam,SAFE,6
Matched_NonEvent_DryControl,CONTROL_DRY_7813,44.392,-123.8345,1998-07-01,1281.3,6.94,0.0,0.0,0.0,0.0,27.9,17.8,74.0,7.8,1016.8,Laterite,SAFE,7
Matched_NonEvent_FlatControl,CONTROL_FLAT_11076,-36.7479,174.8062,03/11/2017,50.0,7.7,30.96,0.2,20.1,56.3,42.5,22.0,88.0,6.9,993.8,Laterite,SAFE,8
www.dawn.com,GLC_5322,27.4907,86.1078,08/13/2013,1035.6,27.85,18.1,0.0,12.7,32.9,41.8,23.7,87.0,1.6,938.2,Weathered Granite,HIGH_RISK,9
Jamaica Observer,GLC_9520,18.142,-76.9107,10/02/2016,438.0,18.34,5.88,0.1,3.7,10.7,36.9,24.1,81.0,10.1,955.6,Laterite,HIGH_RISK,10
Matched_NonEvent_DryControl,CONTROL_DRY_10823,33.4957,75.1813,2016-08-22,1226.6,10.71,1.21,0.0,0.5,2.2,20.2,15.4,81.0,4.0,793.8,Laterite,SAFE,1
Matched_NonEvent_DryControl,CONTROL_DRY_2807,47.6177,-122.2818,2010-06-14,1458.1,15.73,0.5,0.0,0.5,0.5,34.4,15.5,58.0,4.4,1016.0,Residual Soil,SAFE,2
Matched_NonEvent_DryControl,CONTROL_DRY_5033,40.5749,-111.6983,2013-01-06,1211.8,38.38,0.0,0.0,0.0,0.0,29.2,-3.7,61.0,6.2,768.8,Colluvium,SAFE,3
reliefweb,GLC_2562,34.6644,73.4637,10/07/2010,1267.9,33.86,0.4,0.0,0.4,0.4,34.2,13.0,67.0,4.3,863.4,Colluvium,HIGH_RISK,4
Matched_NonEvent_FlatControl,CONTROL_FLAT_1248,18.6505,120.9917,10/08/2009,533.4,10.9,131.12,0.1,39.1,238.4,42.3,25.8,90.0,11.7,988.9,Residual Soil,SAFE,5
tealeafnation,GLC_4521,23.37,116.7035,08/29/2012,1135.5,1.07,3.1,0.0,3.1,4.8,37.7,25.6,93.0,6.9,1006.0,Laterite,HIGH_RISK,6
www.ekantipur.com,GLC_5470,26.8722,87.3303,09/06/2013,1016.9,30.88,21.67,0.0,1.2,39.4,40.8,21.7,92.0,3.9,920.6,Laterite,HIGH_RISK,7
Matched_NonEvent_DryControl,CONTROL_DRY_10211,38.5906,-122.9583,2016-07-26,999.9,6.7,0.0,0.0,0.0,0.0,13.8,32.6,25.0,10.4,993.3,Sandy Loam,SAFE,8
Matched_NonEvent_FlatControl,CONTROL_FLAT_4303,-17.7892,178.3952,04/01/2012,785.5,11.1,75.35,0.9,24.0,137.0,51.4,24.1,100.0,15.1,979.4,Weathered Granite,SAFE,9
Matched_NonEvent_FlatControl,CONTROL_FLAT_1526,33.1597,75.0902,02/26/2010,799.9,7.2,4.1,0.0,4.1,4.3,46.6,6.4,75.0,8.3,856.5,Clay Loam,SAFE,10
Matched_NonEvent_DryControl,CONTROL_DRY_10477,50.7675,-119.3407,2016-05-23,1645.0,30.01,8.6,0.1,8.6,14.1,36.9,19.3,57.0,3.7,953.5,Sandy Loam,SAFE,1
Matched_NonEvent_FlatControl,CONTROL_FLAT_10557,46.1815,-122.5104,04/09/2017,975.0,11.8,21.61,0.0,1.3,39.3,39.6,11.4,45.0,11.6,996.0,Weathered Granite,SAFE,2
Castanet,GLC_6776,50.7401,-119.0225,02/16/2015,1646.8,17.46,2.42,0.0,0.0,4.4,38.7,5.4,64.0,2.3,984.5,Sandy Loam,HIGH_RISK,3
Matched_NonEvent_FlatControl,CONTROL_FLAT_401,2.161,113.093,12/26/2007,1130.0,5.6,31.08,1.1,19.8,56.5,43.0,22.9,100.0,4.9,997.5,Weathered Granite,SAFE,4
Matched_NonEvent_FlatControl,CONTROL_FLAT_5033,40.7249,-111.5483,07/05/2013,811.8,10.0,1.7,0.0,1.7,1.7,13.2,25.4,27.0,11.3,777.6,Colluvium,SAFE,5
Matched_NonEvent_FlatControl,CONTROL_FLAT_9484,17.1261,120.6781,08/16/2016,454.1,5.0,49.61,0.2,29.6,90.2,44.5,25.4,83.0,18.2,984.1,Laterite,SAFE,6
Jamaica Star,GLC_9423,18.0502,-76.3994,04/21/2016,438.5,11.03,29.8,0.8,29.8,32.4,41.2,23.4,92.0,14.8,983.3,Laterite,HIGH_RISK,7
Matched_NonEvent_DryControl,CONTROL_DRY_11162,26.5664,93.132,2017-01-10,1059.6,3.3,0.0,0.0,0.0,0.0,30.3,13.2,93.0,6.1,1003.1,Sandy Loam,SAFE,8
WKYT,GLC_6547,37.5715,-82.6473,08/22/2014,1352.1,9.83,5.5,0.3,4.9,10.0,39.8,26.8,93.0,5.8,991.2,Residual Soil,HIGH_RISK,9
Matched_NonEvent_FlatControl,CONTROL_FLAT_8230,52.204,-9.8268,09/17/2015,902.9,11.1,1.65,0.0,1.1,3.0,26.3,13.1,91.0,12.8,1008.4,Colluvium,SAFE,10
Matched_NonEvent_FlatControl,CONTROL_FLAT_3578,30.3914,79.058,06/07/2011,701.2,10.1,2.7,0.0,2.7,3.4,37.3,21.2,70.0,5.5,921.3,Clay Loam,SAFE,1
www.islandsbusiness.com,GLC_5621,-6.083,145.1667,11/02/2013,1447.5,7.5,19.75,0.8,13.2,35.9,42.7,17.2,100.0,1.6,836.8,Colluvium,HIGH_RISK,2
Matched_NonEvent_DryControl,CONTROL_DRY_954,45.377,-122.0704,2008-07-05,1348.1,7.5,2.2,0.3,2.2,2.9,22.0,20.4,71.0,12.0,982.7,Weathered Granite,SAFE,3
Focus Information Agency,GLC_1574,41.7396,20.9306,03/15/2010,1096.3,13.82,0.0,0.0,0.0,0.0,36.9,-2.4,83.0,4.1,950.9,Colluvium,HIGH_RISK,4
Matched_NonEvent_DryControl,CONTROL_DRY_6091,12.3511,-84.8064,2013-12-25,530.5,12.21,5.67,0.0,2.4,10.3,40.1,23.4,83.0,9.4,978.0,Laterite,SAFE,5
www.thesylvaherald.com,GLC_5008,35.4134,-83.1068,07/01/2013,1239.6,19.6,4.8,0.1,4.8,5.8,47.6,20.9,80.0,6.6,910.0,Weathered Granite,HIGH_RISK,6
Matched_NonEvent_FlatControl,CONTROL_FLAT_1995,27.2265,88.6308,06/16/2010,638.6,10.1,33.9,1.5,33.9,46.9,41.9,20.0,99.0,4.0,871.7,Residual Soil,SAFE,7
Matched_NonEvent_FlatControl,CONTROL_FLAT_4943,29.7487,79.8092,06/17/2013,676.5,9.9,192.61,0.7,144.5,350.2,44.8,16.7,99.0,0.8,833.8,Clay Loam,SAFE,8
Matched_NonEvent_FlatControl,CONTROL_FLAT_1998,40.6994,45.7949,06/18/2010,883.9,11.5,13.26,0.0,6.0,24.1,42.1,13.5,96.0,2.9,860.6,Weathered Granite,SAFE,9
Metro,GLC_6736,52.2396,-1.448,01/31/2015,1397.5,3.82,2.42,0.0,1.8,4.4,47.3,0.7,72.0,25.5,980.7,Sandy Loam,HIGH_RISK,10
Matched_NonEvent_FlatControl,CONTROL_FLAT_5000,-33.6734,151.1575,06/30/2013,81.1,12.0,15.46,0.0,1.5,28.1,38.7,11.5,80.0,7.4,1022.2,Weathered Granite,SAFE,1
www.citizen-times.com,GLC_4838,35.5429,-82.7938,05/06/2013,1249.2,14.95,32.29,0.0,21.1,58.7,48.3,12.7,59.0,11.9,912.7,Laterite,HIGH_RISK,2
Matched_NonEvent_DryControl,CONTROL_DRY_4459,44.5558,38.063,2012-01-14,1408.4,4.18,15.9,1.6,15.9,16.6,43.0,3.6,98.0,24.3,1007.1,Clay Loam,SAFE,3
Matched_NonEvent_FlatControl,CONTROL_FLAT_3372,40.132,-75.0555,04/16/2011,1147.0,6.6,19.8,4.1,19.8,19.8,44.7,13.9,95.0,30.0,1003.0,Colluvium,SAFE,4
Matched_NonEvent_FlatControl,CONTROL_FLAT_3426,-38.8912,177.5636,04/26/2011,77.9,9.6,67.5,0.0,67.5,104.6,41.4,14.5,96.0,22.5,1012.0,Laterite,SAFE,5
Matched_NonEvent_DryControl,CONTROL_DRY_3158,45.9873,-122.8728,2010-09-01,1370.6,20.61,19.1,0.0,19.1,29.3,24.8,20.8,52.0,6.8,1011.7,Weathered Granite,SAFE,6
Jamaica Observer,GLC_10808,18.1266,-76.4535,03/18/2017,441.8,9.2,201.8,0.0,125.4,366.9,41.9,24.4,84.0,4.1,1010.4,Laterite,HIGH_RISK,7
thenewstribune,GLC_2586,47.2906,-122.4942,10/10/2010,1439.6,22.49,18.76,0.2,16.1,34.1,29.2,13.8,78.0,2.5,1019.5,Laterite,HIGH_RISK,8
Matched_NonEvent_FlatControl,CONTROL_FLAT_8682,24.8497,85.7785,06/05/2016,491.3,4.1,0.33,0.0,0.0,0.6,15.1,28.6,70.0,11.5,979.0,Laterite,SAFE,9
m.newshunt,GLC_4483,10.007,76.7105,08/17/2012,1567.5,2.03,36.2,1.4,36.2,56.3,47.2,21.9,100.0,2.6,1004.3,Laterite,HIGH_RISK,10
Matched_NonEvent_FlatControl,CONTROL_FLAT_238,40.6113,-106.6795,09/06/2007,854.8,9.1,18.6,0.0,18.6,18.6,32.2,17.2,45.0,16.9,799.2,Clay Loam,SAFE,1
Matched_NonEvent_DryControl,CONTROL_DRY_9973,-6.5897,106.7912,2016-03-11,1038.4,3.15,24.86,0.0,10.9,45.2,48.1,24.1,98.0,1.3,984.5,Sandy Loam,SAFE,2
Matched_NonEvent_FlatControl,CONTROL_FLAT_4488,9.7027,77.0799,08/17/2012,1146.9,4.7,40.6,0.5,40.6,71.3,51.1,21.2,100.0,6.6,969.9,Sandy Loam,SAFE,3
bridgwatermercury,GLC_4638,51.0934,-3.0193,11/28/2012,1324.5,1.81,2.04,0.0,0.0,3.7,47.1,0.8,86.0,12.1,1012.6,Clay Loam,HIGH_RISK,4
Matched_NonEvent_FlatControl,CONTROL_FLAT_5005,26.87,95.179,07/01/2013,686.3,8.0,41.03,0.7,17.2,74.6,51.0,22.7,95.0,2.4,921.3,Laterite,SAFE,5
usa.chinadaily,GLC_4345,24.8121,113.5977,05/02/2012,1176.6,6.47,18.98,0.0,8.2,34.5,46.9,23.3,97.0,3.7,998.2,Weathered Granite,HIGH_RISK,6
Matched_NonEvent_DryControl,CONTROL_DRY_4695,1.0835,35.4707,2012-07-02,708.9,9.86,157.41,0.2,138.2,286.2,42.3,9.1,100.0,4.1,725.8,Sandy Loam,SAFE,7
Matched_NonEvent_FlatControl,CONTROL_FLAT_10626,47.438,-122.2577,03/14/2017,1040.3,10.3,19.2,0.2,15.1,34.9,41.3,13.7,80.0,24.0,1013.5,Laterite,SAFE,8
Philippine Star,GLC_9621,16.419,120.5832,10/10/2016,826.8,8.6,23.93,0.0,9.2,43.5,41.5,18.3,93.0,6.4,858.3,Laterite,HIGH_RISK,9
Fox News Latino,GLC_9367,6.2336,-75.1619,04/03/2016,739.9,2.14,54.7,0.4,54.7,91.7,43.0,17.9,90.0,1.9,815.9,Colluvium,HIGH_RISK,10
Matched_NonEvent_DryControl,CONTROL_DRY_2139,31.1054,77.1727,2010-01-26,1127.0,22.52,0.72,0.0,0.0,1.3,34.0,-2.4,81.0,3.2,778.9,Sandy Loam,SAFE,1
Kelowna Now,GLC_10490,49.7591,-119.7624,04/17/2017,1590.3,17.63,1.4,1.1,1.4,1.7,37.0,13.0,69.0,9.9,949.4,Residual Soil,HIGH_RISK,2
Matched_NonEvent_DryControl,CONTROL_DRY_4303,-17.9392,178.2452,2011-10-04,1185.5,12.17,3.0,0.0,3.0,4.7,47.3,27.3,75.0,12.3,984.2,Weathered Granite,SAFE,3
Matched_NonEvent_DryControl,CONTROL_DRY_5733,56.4679,-2.9977,2013-07-02,1593.4,4.86,5.8,0.1,5.8,6.2,33.9,11.8,97.0,8.0,987.5,Clay Loam,SAFE,4
Stuff,GLC_9990,-36.9567,175.2344,07/01/2017,395.5,11.69,23.9,0.7,23.9,27.0,50.9,13.5,92.0,12.6,1006.8,Laterite,HIGH_RISK,5
Matched_NonEvent_DryControl,CONTROL_DRY_3055,49.0396,-122.855,2010-07-28,1523.4,1.21,0.0,0.0,0.0,0.0,9.1,24.6,39.0,10.5,1002.4,Weathered Granite,SAFE,6
Matched_NonEvent_DryControl,CONTROL_DRY_6185,39.7153,-111.769,2014-01-29,1168.1,5.24,0.3,0.0,0.3,0.3,28.5,5.0,71.0,6.5,823.4,Clay Loam,SAFE,7
www.eadt.co.uk,GLC_4772,51.9565,0.9666,03/13/2013,1407.5,1.99,2.3,0.0,2.3,2.7,40.5,-1.4,89.0,14.3,1008.0,Sandy Loam,HIGH_RISK,8
Matched_NonEvent_FlatControl,CONTROL_FLAT_9839,27.8335,86.3304,08/09/2016,646.0,10.0,33.39,0.0,16.2,60.7,42.3,15.2,85.0,2.0,778.9,Clay Loam,SAFE,9
Dawn - English Pakistan Newpaper,GLC_65,-6.9667,110.4167,04/21/2007,1055.8,0.37,20.46,0.4,14.6,37.2,43.5,23.6,97.0,3.6,1010.5,Sandy Loam,HIGH_RISK,10
Matched_NonEvent_FlatControl,CONTROL_FLAT_1655,-22.67,-43.0289,04/06/2010,50.0,8.1,57.09,3.0,54.1,103.8,43.0,20.3,92.0,12.3,1007.1,Weathered Granite,SAFE,1
Matched_NonEvent_FlatControl,CONTROL_FLAT_41,3.093,101.848,03/22/2007,1064.1,7.4,25.2,0.2,25.2,38.8,44.6,22.9,99.0,1.4,1002.9,Residual Soil,SAFE,2
Matched_NonEvent_DryControl,CONTROL_DRY_4141,7.8173,126.0498,2011-07-17,451.4,1.73,0.17,0.0,0.0,0.3,41.4,25.3,87.0,4.5,1002.8,Colluvium,SAFE,3
Matched_NonEvent_FlatControl,CONTROL_FLAT_5008,35.5634,-82.9568,07/01/2013,839.6,6.3,4.8,0.1,4.8,5.8,47.6,20.9,80.0,6.6,910.0,Weathered Granite,SAFE,4
South Whidbey Record,GLC_10593,47.9696,-122.3511,03/29/2017,1475.0,8.34,13.4,0.9,13.4,20.5,42.3,10.1,91.0,14.3,1009.2,Clay Loam,HIGH_RISK,5
mrnewsbreaker,GLC_2171,35.3526,74.8683,07/29/2010,1316.3,17.17,25.91,0.9,11.1,47.1,66.1,18.7,98.0,2.7,786.8,Laterite,HIGH_RISK,6
Matched_NonEvent_FlatControl,CONTROL_FLAT_6468,38.6595,-105.8179,08/10/2014,765.8,9.8,2.7,0.0,2.7,2.7,25.4,20.9,56.0,4.8,804.4,Clay Loam,SAFE,7
Matched_NonEvent_FlatControl,CONTROL_FLAT_1948,40.5627,-79.8784,06/05/2010,1120.4,10.1,20.1,0.7,20.1,35.0,41.3,21.4,98.0,10.6,972.5,Colluvium,SAFE,8
Matched_NonEvent_DryControl,CONTROL_DRY_9123,36.0281,-94.9213,2015-06-30,1152.2,27.53,0.3,0.3,0.3,0.3,35.6,31.0,54.0,6.9,982.1,Weathered Granite,SAFE,9
Matched_NonEvent_FlatControl,CONTROL_FLAT_1404,48.1115,-122.0772,01/16/2010,1075.8,4.9,25.96,0.0,1.9,47.2,40.1,8.0,77.0,1.8,997.7,Clay Loam,SAFE,10
Matched_NonEvent_FlatControl,CONTROL_FLAT_9318,30.8507,78.0144,05/23/2016,713.7,5.5,23.9,0.0,23.9,23.9,33.0,13.7,79.0,5.4,789.9,Colluvium,SAFE,1
Matched_NonEvent_DryControl,CONTROL_DRY_10626,47.288,-122.4077,2016-09-15,1440.3,16.08,0.0,0.0,0.0,0.0,17.0,23.0,43.0,4.0,1018.6,Laterite,SAFE,2
Matched_NonEvent_FlatControl,CONTROL_FLAT_846,3.2449,101.896,10/15/2008,1072.2,9.7,21.12,0.0,10.2,38.4,48.2,22.3,99.0,3.6,994.5,Colluvium,SAFE,3
Matched_NonEvent_FlatControl,CONTROL_FLAT_7361,28.5353,83.6125,07/30/2015,653.9,11.6,74.9,4.0,74.9,131.3,42.8,21.7,99.0,4.7,891.4,Weathered Granite,SAFE,4
Matched_NonEvent_FlatControl,CONTROL_FLAT_1068,14.7546,121.3251,07/31/2009,342.0,10.6,22.99,0.6,18.5,41.8,45.2,24.0,95.0,6.5,976.8,Clay Loam,SAFE,5
Matched_NonEvent_DryControl,CONTROL_DRY_3799,37.9478,-107.8548,2011-01-19,1118.8,1.33,6.22,0.2,3.0,11.3,32.8,-2.6,80.0,9.4,732.3,Weathered Granite,SAFE,6
thestar.com,GLC_3144,3.0665,101.6235,02/24/2011,1469.6,4.95,7.4,0.0,7.4,10.6,47.0,21.9,99.0,4.3,1001.7,Colluvium,HIGH_RISK,7
oregonlive,GLC_4152,45.3828,-122.5715,01/19/2012,1343.4,9.27,68.09,1.9,56.6,123.8,43.0,9.8,99.0,16.4,997.0,Weathered Granite,HIGH_RISK,8
Matched_NonEvent_DryControl,CONTROL_DRY_153,10.3658,123.8897,2007-02-03,557.2,4.22,1.26,0.0,0.0,2.3,42.4,24.7,79.0,26.2,997.1,Residual Soil,SAFE,9
Matched_NonEvent_FlatControl,CONTROL_FLAT_1796,41.3592,48.8242,04/29/2010,947.2,4.1,2.7,0.0,0.1,4.9,38.8,4.6,95.0,4.8,945.9,Sandy Loam,SAFE,10
Mountain Mail,GLC_6468,38.5095,-105.9679,08/10/2014,1165.8,4.39,2.7,0.0,2.7,2.7,25.4,20.9,56.0,4.8,804.4,Clay Loam,HIGH_RISK,1
Matched_NonEvent_FlatControl,CONTROL_FLAT_2629,17.5647,121.2995,10/18/2010,482.2,11.0,220.5,2.0,220.5,236.4,46.4,20.1,95.0,11.2,885.5,Weathered Granite,SAFE,2
articles.boston,GLC_3844,13.2959,123.4848,07/26/2011,699.6,0.95,89.82,2.0,85.3,163.3,42.9,25.4,96.0,15.0,1002.7,Sandy Loam,HIGH_RISK,3
Matched_NonEvent_FlatControl,CONTROL_FLAT_939,10.866,-61.396,12/19/2008,50.0,9.1,23.05,0.2,22.9,41.9,49.8,24.3,88.0,18.2,997.0,Clay Loam,SAFE,4
cnnwire.blogs,GLC_591,14.651,-90.5403,06/18/2008,472.9,0.94,0.0,0.0,0.0,0.0,34.5,22.8,57.0,4.1,850.7,Weathered Granite,HIGH_RISK,5
Matched_NonEvent_DryControl,CONTROL_DRY_6823,38.1935,-81.3669,2014-09-05,1396.0,21.67,7.98,0.0,2.1,14.5,37.2,26.2,84.0,8.0,991.2,Colluvium,SAFE,6
Matched_NonEvent_FlatControl,CONTROL_FLAT_2946,-28.5104,153.427,01/09/2011,50.0,4.6,40.98,1.5,30.0,74.5,42.9,22.9,100.0,14.9,998.2,Weathered Granite,SAFE,7
Matched_NonEvent_DryControl,CONTROL_DRY_6012,6.5014,4.7797,2013-11-07,672.9,2.21,8.91,0.0,6.1,16.2,28.7,23.9,97.0,4.2,1008.7,Clay Loam,SAFE,8
Matched_NonEvent_FlatControl,CONTROL_FLAT_1508,38.168,14.749,02/15/2010,446.9,8.3,16.5,0.0,2.5,30.0,41.1,6.4,86.0,10.9,925.6,Sandy Loam,SAFE,9
Matched_NonEvent_DryControl,CONTROL_DRY_6778,21.4007,-157.8224,2014-08-18,808.2,43.33,0.99,0.0,0.3,1.8,16.7,25.6,62.0,18.2,969.5,Laterite,SAFE,10
Matched_NonEvent_DryControl,CONTROL_DRY_3298,38.5037,-122.9955,2010-09-26,995.2,4.1,0.0,0.0,0.0,0.0,15.1,31.5,24.0,12.3,1005.9,Sandy Loam,SAFE,1
Matched_NonEvent_DryControl,CONTROL_DRY_11158,25.6911,94.0948,2017-01-13,1025.5,11.97,2.97,0.0,0.0,5.4,41.2,5.3,54.0,6.2,858.1,Clay Loam,SAFE,2
Matched_NonEvent_DryControl,CONTROL_DRY_4943,29.5987,79.6592,2012-12-19,1076.5,16.87,0.0,0.0,0.0,0.0,33.5,4.6,88.0,0.7,834.8,Clay Loam,SAFE,3
Matched_NonEvent_FlatControl,CONTROL_FLAT_1913,28.26,83.83,05/29/2010,642.3,9.1,4.35,0.2,3.6,7.9,33.7,13.7,96.0,5.1,849.2,Sandy Loam,SAFE,4
Matched_NonEvent_DryControl,CONTROL_DRY_5085,39.0555,127.2536,2013-01-13,525.3,12.84,0.55,0.0,0.0,1.0,32.7,-13.1,71.0,11.5,924.9,Weathered Granite,SAFE,5
Matched_NonEvent_DryControl,CONTROL_DRY_11206,51.679,-2.0237,2016-07-13,1363.7,1.76,7.37,0.0,1.6,13.4,33.8,11.5,77.0,9.6,1008.8,Sandy Loam,SAFE,6
Matched_NonEvent_FlatControl,CONTROL_FLAT_3347,6.3879,-75.3783,04/10/2011,343.4,5.5,28.21,0.7,22.8,51.3,43.3,16.3,99.0,1.5,810.6,Weathered Granite,SAFE,7
colombiareports.com,GLC_5128,1.7417,-75.6568,07/18/2013,969.5,5.45,32.78,0.0,17.0,59.6,48.9,22.5,82.0,2.4,937.2,Sandy Loam,HIGH_RISK,8
Matched_NonEvent_DryControl,CONTROL_DRY_7273,30.2411,78.9014,2015-01-27,1101.1,28.92,3.58,0.0,2.0,6.5,48.1,8.2,86.0,3.3,941.0,Clay Loam,SAFE,9
Matched_NonEvent_DryControl,CONTROL_DRY_10988,25.826,91.8711,2017-01-10,1010.0,8.0,0.5,0.0,0.5,0.6,32.4,8.4,92.0,6.6,938.4,Laterite,SAFE,10
thestatesman,GLC_1110,26.8841,88.2809,08/20/2009,1027.0,23.88,109.9,0.0,109.9,167.5,42.3,17.6,99.0,1.1,834.1,Clay Loam,HIGH_RISK,1
mb,GLC_3058,9.7177,124.3378,01/25/2011,529.3,5.73,9.85,0.2,2.1,17.9,43.7,20.5,91.0,17.1,929.5,Residual Soil,HIGH_RISK,2
thestar,GLC_4433,49.9145,-116.9155,06/24/2012,1626.6,2.8,20.9,0.5,20.9,27.0,43.3,18.6,90.0,5.4,945.0,Sandy Loam,HIGH_RISK,3
vancouversun,GLC_1508,38.018,14.599,02/15/2010,846.9,2.76,16.5,0.0,2.5,30.0,41.1,6.4,86.0,10.9,925.6,Sandy Loam,HIGH_RISK,4
ABC News,GLC_6504,-7.3112,109.8377,12/11/2014,1032.8,8.14,20.74,0.0,8.1,37.7,45.4,19.6,97.0,2.6,890.9,Colluvium,HIGH_RISK,5
The Tribune,GLC_7159,29.3908,79.4552,07/10/2015,1064.1,5.52,38.94,0.0,35.4,70.8,50.0,16.5,98.0,0.5,801.0,Weathered Granite,HIGH_RISK,6
WYMT,GLC_9810,36.77,-83.7121,05/19/2017,1301.4,17.28,14.1,0.0,14.1,20.9,36.2,24.9,80.0,5.2,976.5,Weathered Granite,HIGH_RISK,7
Matched_NonEvent_DryControl,CONTROL_DRY_962,48.538,-121.75,2008-07-11,1509.4,2.65,0.55,0.0,0.0,1.0,28.6,25.6,40.0,6.5,1014.1,Clay Loam,SAFE,8
Matched_NonEvent_FlatControl,CONTROL_FLAT_4838,35.6929,-82.6438,05/06/2013,849.2,7.3,32.29,0.0,21.1,58.7,48.3,12.7,59.0,11.9,912.7,Laterite,SAFE,9
nbcsandiego,GLC_937,33.023,-117.105,12/17/2008,780.1,4.6,35.91,2.1,24.4,65.3,43.1,8.3,89.0,20.6,982.9,Clay Loam,HIGH_RISK,10
Matched_NonEvent_DryControl,CONTROL_DRY_3631,47.7851,-114.0149,2010-12-21,1549.1,16.88,1.65,0.0,0.0,3.0,36.0,-0.2,79.0,5.2,911.0,Clay Loam,SAFE,1
Matched_NonEvent_FlatControl,CONTROL_FLAT_4371,-43.0326,-71.7166,05/29/2012,1277.8,4.3,28.55,0.2,18.0,51.9,43.4,5.7,98.0,5.9,975.0,Residual Soil,SAFE,2
Matched_NonEvent_FlatControl,CONTROL_FLAT_2387,14.7332,-90.5879,09/04/2010,78.2,12.0,28.82,0.0,9.9,52.4,48.7,20.7,84.0,6.1,845.8,Weathered Granite,SAFE,3
Matched_NonEvent_DryControl,CONTROL_DRY_1522,37.0456,-121.9396,2009-08-28,932.9,16.25,0.0,0.0,0.0,0.0,14.2,27.8,33.0,16.5,1001.7,Laterite,SAFE,4
Matched_NonEvent_FlatControl,CONTROL_FLAT_5093,36.7351,109.6375,07/13/2013,1324.1,7.6,39.82,0.3,10.6,72.4,41.0,20.7,98.0,8.3,898.9,Weathered Granite,SAFE,5
Matched_NonEvent_DryControl,CONTROL_DRY_7852,47.6416,-122.2199,2006-06-17,1459.9,8.79,9.1,0.0,9.1,13.8,34.1,17.6,59.0,3.3,1019.2,Colluvium,SAFE,6
Matched_NonEvent_FlatControl,CONTROL_FLAT_2660,13.9991,-60.9156,10/31/2010,50.0,7.5,152.2,0.2,152.2,250.7,42.8,26.4,90.0,27.7,1011.5,Residual Soil,SAFE,7
Matched_NonEvent_FlatControl,CONTROL_FLAT_6471,37.5782,-105.2949,08/11/2014,717.0,8.2,3.35,1.0,3.0,6.1,26.1,18.8,60.0,9.7,777.3,Sandy Loam,SAFE,8
Matched_NonEvent_FlatControl,CONTROL_FLAT_3339,35.9973,-83.4203,04/05/2011,856.7,9.3,20.9,0.0,20.9,21.2,41.4,11.5,34.0,15.8,977.9,Sandy Loam,SAFE,9
Philstar,GLC_7190,16.2882,120.5875,07/13/2015,820.3,30.38,22.66,0.1,5.0,41.2,48.8,23.8,87.0,1.5,951.7,Weathered Granite,HIGH_RISK,10
Matched_NonEvent_DryControl,CONTROL_DRY_2142,38.0053,-108.0383,2010-01-27,1119.9,19.79,0.3,0.0,0.3,0.3,31.3,2.7,62.0,1.5,768.5,Laterite,SAFE,1
Matched_NonEvent_DryControl,CONTROL_DRY_6260,50.6082,-118.8419,2013-11-01,1642.0,12.1,1.43,0.0,0.1,2.6,34.7,9.5,87.0,3.9,971.0,Clay Loam,SAFE,2
Matched_NonEvent_DryControl,CONTROL_DRY_1779,-38.1951,145.134,2009-10-27,758.4,6.97,0.11,0.0,0.0,0.2,18.4,14.7,72.0,3.3,1017.6,Laterite,SAFE,3
Matched_NonEvent_DryControl,CONTROL_DRY_7778,23.8447,93.0514,2015-02-27,922.7,27.35,0.0,0.0,0.0,0.0,17.9,12.1,91.0,2.6,895.1,Weathered Granite,SAFE,4
Matched_NonEvent_DryControl,CONTROL_DRY_6353,43.7276,7.2325,2014-05-09,1058.7,13.69,0.11,0.0,0.0,0.2,26.0,14.0,91.0,2.8,989.9,Colluvium,SAFE,5
Matched_NonEvent_DryControl,CONTROL_DRY_6090,12.3521,-84.808,2013-12-25,530.5,17.51,5.67,0.0,2.4,10.3,40.1,23.6,83.0,9.4,981.7,Laterite,SAFE,6
Matched_NonEvent_DryControl,CONTROL_DRY_1230,16.4016,120.5967,2009-04-11,826.0,3.9,5.61,0.0,4.9,10.2,38.3,17.4,89.0,4.3,854.4,Laterite,SAFE,7
Matched_NonEvent_DryControl,CONTROL_DRY_4380,5.4358,100.3032,2011-12-05,1574.8,0.58,9.13,0.0,0.0,16.6,47.4,25.4,89.0,2.9,1007.5,Sandy Loam,SAFE,8
Matched_NonEvent_DryControl,CONTROL_DRY_6262,7.6438,125.0284,2014-03-27,432.5,10.32,4.1,0.0,4.1,7.1,48.0,22.9,90.0,7.6,975.9,Clay Loam,SAFE,9
Matched_NonEvent_DryControl,CONTROL_DRY_6776,50.7401,-119.0225,2014-08-20,1646.8,17.46,2.48,0.0,0.5,4.5,27.0,23.9,37.0,4.3,965.0,Sandy Loam,SAFE,10
Matched_NonEvent_FlatControl,CONTROL_FLAT_4989,40.8364,-76.0462,06/27/2013,1172.4,9.8,6.27,0.8,4.9,11.4,32.6,24.1,81.0,2.4,980.0,Colluvium,SAFE,1
Matched_NonEvent_DryControl,CONTROL_DRY_9924,32.2619,78.0685,2017-01-03,1193.8,6.42,1.8,0.3,1.8,1.8,5.8,-12.1,69.0,3.3,598.1,Sandy Loam,SAFE,2
Matched_NonEvent_FlatControl,CONTROL_FLAT_1229,29.4444,81.45,10/06/2009,677.7,9.2,66.72,2.6,61.0,121.3,42.6,18.4,78.0,2.0,873.5,Laterite,SAFE,3
AKIPress,GLC_9822,41.6014,72.6771,05/17/2017,1606.8,17.51,3.35,0.1,1.3,6.1,30.5,11.4,98.0,5.5,878.0,Laterite,HIGH_RISK,4
Matched_NonEvent_FlatControl,CONTROL_FLAT_4725,35.6778,-82.9492,01/18/2013,845.4,4.2,32.51,0.0,5.4,59.1,47.8,1.3,56.0,1.5,879.7,Laterite,SAFE,5
Matched_NonEvent_FlatControl,CONTROL_FLAT_1000,35.5061,-85.0814,04/08/2009,815.5,4.8,1.87,0.0,0.0,3.4,37.0,13.4,51.0,11.9,938.8,Sandy Loam,SAFE,6
Matched_NonEvent_FlatControl,CONTROL_FLAT_9112,38.1479,-107.8836,07/20/2016,719.6,5.8,4.5,0.0,4.5,7.1,25.7,25.2,43.0,12.9,792.8,Weathered Granite,SAFE,7
Matched_NonEvent_DryControl,CONTROL_DRY_411,-8.1955,111.1038,2007-07-10,1001.3,0.73,0.3,0.0,0.3,0.3,26.7,21.6,92.0,15.3,1011.6,Residual Soil,SAFE,8
Matched_NonEvent_DryControl,CONTROL_DRY_65,-6.9667,110.4167,2006-10-23,1055.8,0.37,0.11,0.0,0.1,0.2,19.8,24.3,84.0,8.4,1011.3,Sandy Loam,SAFE,9
Alaska Business,GLC_1181,56.5561,-132.7269,09/20/2009,300.5,8.16,26.24,0.9,6.5,47.7,42.3,10.2,97.0,22.2,1013.8,Colluvium,HIGH_RISK,10
Matched_NonEvent_FlatControl,CONTROL_FLAT_3497,46.9577,-120.7674,05/15/2011,1031.2,4.9,46.1,0.0,46.1,47.8,41.8,9.2,71.0,13.7,933.9,Residual Soil,SAFE,1
Matched_NonEvent_FlatControl,CONTROL_FLAT_4542,-29.9,31.0333,09/06/2012,1093.7,11.8,61.3,1.3,61.3,96.1,42.9,16.9,92.0,32.8,1023.5,Residual Soil,SAFE,2
Matched_NonEvent_FlatControl,CONTROL_FLAT_6052,45.035,-93.0127,06/10/2014,1212.6,4.3,0.11,0.0,0.0,0.2,23.0,23.3,42.0,6.8,982.0,Weathered Granite,SAFE,3
Indian Express,GLC_2139,31.1054,77.1727,07/25/2010,1127.0,22.52,14.63,0.3,13.3,26.6,49.3,16.7,96.0,3.6,779.6,Sandy Loam,HIGH_RISK,4
Matched_NonEvent_DryControl,CONTROL_DRY_7322,40.0101,-111.6393,2015-02-14,1184.1,25.86,0.0,0.0,0.0,0.0,38.1,13.2,44.0,2.0,820.1,Colluvium,SAFE,5
Matched_NonEvent_FlatControl,CONTROL_FLAT_10082,46.9212,-114.2033,02/21/2017,1095.0,4.5,9.08,0.2,8.4,16.5,40.5,5.0,70.0,8.5,875.9,Residual Soil,SAFE,6
Matched_NonEvent_FlatControl,CONTROL_FLAT_654,29.05,81.02,07/18/2008,653.7,6.9,63.69,4.6,44.5,115.8,46.3,20.4,100.0,6.5,881.1,Clay Loam,SAFE,7
Matched_NonEvent_FlatControl,CONTROL_FLAT_10475,50.9271,-119.0857,04/07/2017,1246.5,5.8,9.62,1.0,8.3,17.5,42.8,8.5,82.0,5.2,938.9,Sandy Loam,SAFE,8
Matched_NonEvent_DryControl,CONTROL_DRY_7230,33.098,-116.6468,2015-01-20,788.4,1.43,0.0,0.0,0.0,0.0,21.7,18.5,29.0,7.9,890.1,Sandy Loam,SAFE,9
The Jakarta Globe,GLC_6178,-7.2643,108.2036,07/24/2014,1018.8,1.16,6.3,0.2,6.3,11.2,35.6,21.2,97.0,0.4,964.1,Residual Soil,HIGH_RISK,10
BNO News,GLC_3981,15.8076,-91.3148,09/20/2011,422.8,10.36,52.2,0.7,52.2,78.7,43.0,18.5,99.0,4.5,852.5,Colluvium,HIGH_RISK,1
Matched_NonEvent_FlatControl,CONTROL_FLAT_4837,36.1474,-81.4884,05/06/2013,883.5,11.5,58.2,0.0,58.2,83.6,48.2,13.9,92.0,7.2,967.4,Laterite,SAFE,2
maps.google.com,GLC_1681,-22.9255,-43.2854,04/06/2010,379.1,12.07,57.09,3.0,54.1,103.8,43.0,18.8,91.0,12.3,981.4,Laterite,HIGH_RISK,3
Matched_NonEvent_DryControl,CONTROL_DRY_2051,31.1011,77.1793,2010-01-08,1126.8,26.03,0.5,0.0,0.5,0.5,36.0,-2.1,90.0,6.0,771.8,Sandy Loam,SAFE,4
Matched_NonEvent_FlatControl,CONTROL_FLAT_949,40.02,-121.461,12/24/2008,677.4,7.5,23.87,1.4,17.6,43.4,42.5,2.2,96.0,13.3,912.7,Weathered Granite,SAFE,5
irontontribune,GLC_1833,38.615,-82.4835,05/03/2010,1405.9,15.74,37.3,0.0,37.3,64.7,39.6,22.1,61.0,8.5,979.6,Clay Loam,HIGH_RISK,6
oshaunderground.blogspot,GLC_617,40.78,-74.27,06/29/2008,1596.3,10.55,12.7,0.0,12.7,15.5,37.7,24.0,89.0,6.1,989.3,Clay Loam,HIGH_RISK,7
Matched_NonEvent_DryControl,CONTROL_DRY_7690,20.8938,105.5845,2015-02-16,900.5,0.87,0.72,0.0,0.3,1.3,32.9,18.0,99.0,3.3,1014.0,Laterite,SAFE,8
Matched_NonEvent_FlatControl,CONTROL_FLAT_4141,7.9673,126.1998,01/13/2012,51.4,9.6,40.0,0.5,40.0,52.4,43.1,23.3,96.0,8.7,1004.9,Colluvium,SAFE,9
Matched_NonEvent_FlatControl,CONTROL_FLAT_7778,23.9947,93.2014,08/26/2015,522.7,6.4,18.98,0.0,17.4,34.5,42.8,20.2,100.0,2.6,891.3,Weathered Granite,SAFE,10
Star Online,GLC_7669,3.1425,101.7805,08/13/2015,1474.9,2.08,38.83,2.5,26.5,70.6,51.9,23.3,99.0,5.4,1004.9,Weathered Granite,HIGH_RISK,1
Matched_NonEvent_FlatControl,CONTROL_FLAT_3017,46.5322,-121.8625,01/16/2011,999.0,9.6,73.4,1.9,73.4,98.6,43.1,2.5,100.0,8.4,880.5,Residual Soil,SAFE,2
Matched_NonEvent_FlatControl,CONTROL_FLAT_4534,39.6979,-111.0188,09/02/2012,765.7,9.3,3.3,0.0,2.0,6.0,22.0,22.3,19.0,9.9,765.0,Laterite,SAFE,3
Matched_NonEvent_DryControl,CONTROL_DRY_1426,34.2239,-118.2002,2009-07-24,829.2,14.17,0.0,0.0,0.0,0.0,11.5,30.5,35.0,10.3,945.4,Laterite,SAFE,4
Sun Herald,GLC_7322,40.0101,-111.6393,08/13/2015,1184.1,25.86,0.55,0.0,0.1,1.0,18.7,29.9,25.0,3.3,826.5,Colluvium,HIGH_RISK,5
Matched_NonEvent_DryControl,CONTROL_DRY_2951,6.9769,80.7816,2010-07-13,1456.7,29.0,10.34,0.1,4.4,18.8,47.9,15.8,89.0,9.4,806.7,Colluvium,SAFE,6
Matched_NonEvent_FlatControl,CONTROL_FLAT_3918,27.8174,86.8674,08/13/2011,650.5,4.3,21.1,0.8,21.1,36.5,42.9,14.9,97.0,4.0,767.1,Clay Loam,SAFE,7
Kitsap Sun,GLC_7855,47.6024,-122.4998,01/21/2016,1455.1,17.42,28.5,1.1,28.5,39.9,34.7,9.1,99.0,6.0,1005.2,Residual Soil,HIGH_RISK,8
Matched_NonEvent_DryControl,CONTROL_DRY_4725,35.5278,-83.0992,2012-07-22,1245.4,32.9,9.02,0.0,0.0,16.4,45.7,23.7,63.0,4.4,881.4,Laterite,SAFE,9
Matched_NonEvent_FlatControl,CONTROL_FLAT_901,6.5167,116.5833,11/23/2008,1382.7,8.0,15.18,0.0,3.9,27.6,44.6,24.2,95.0,5.4,1008.0,Colluvium,SAFE,10
Matched_NonEvent_FlatControl,CONTROL_FLAT_4355,-1.0247,36.9804,05/07/2012,209.6,6.8,13.2,0.0,5.8,24.0,44.7,16.8,87.0,2.9,836.0,Weathered Granite,SAFE,1
Matched_NonEvent_DryControl,CONTROL_DRY_9919,28.2168,84.0062,2017-01-01,1050.9,20.24,0.6,0.0,0.6,0.6,23.6,7.1,85.0,6.0,914.4,Colluvium,SAFE,2
Matched_NonEvent_FlatControl,CONTROL_FLAT_2034,27.0212,88.4552,07/04/2010,626.6,10.5,52.53,1.0,10.1,95.5,43.0,20.2,100.0,0.0,886.0,Clay Loam,SAFE,3
mdn.mainichi,GLC_2088,35.478,137.1406,07/16/2010,445.3,1.4,20.02,0.0,3.7,36.4,43.4,25.6,83.0,1.8,1009.0,Residual Soil,HIGH_RISK,4
philstar,GLC_4596,14.5854,121.0709,10/25/2012,740.0,3.1,32.5,0.0,32.5,43.4,42.4,25.5,86.0,16.0,1006.9,Laterite,HIGH_RISK,5
Matched_NonEvent_DryControl,CONTROL_DRY_3637,25.5161,94.2341,2010-12-23,1018.1,21.01,0.0,0.0,0.0,0.0,39.1,6.0,90.0,2.3,834.7,Weathered Granite,SAFE,6
Matched_NonEvent_FlatControl,CONTROL_FLAT_9457,20.9318,-98.5792,08/08/2016,50.0,11.5,44.5,2.0,10.9,80.9,41.7,19.4,94.0,4.2,844.2,Weathered Granite,SAFE,7
Matched_NonEvent_FlatControl,CONTROL_FLAT_1241,14.7267,121.5932,10/08/2009,343.3,8.2,30.09,0.3,22.1,54.7,45.1,23.1,95.0,19.1,976.8,Clay Loam,SAFE,8
Matched_NonEvent_DryControl,CONTROL_DRY_6073,44.9398,-93.1219,2013-12-21,1615.8,4.18,1.21,0.0,0.0,2.2,20.0,-7.4,81.0,10.6,980.8,Laterite,SAFE,9
Matched_NonEvent_FlatControl,CONTROL_FLAT_5689,-22.7511,-43.2938,12/11/2013,50.0,6.8,37.4,0.9,37.4,37.6,42.6,22.0,96.0,13.0,998.2,Laterite,SAFE,10
Matched_NonEvent_FlatControl,CONTROL_FLAT_6736,52.3896,-1.298,01/31/2015,997.5,5.6,2.42,0.0,1.8,4.4,47.3,0.7,72.0,25.5,980.7,Sandy Loam,SAFE,1
Matched_NonEvent_FlatControl,CONTROL_FLAT_7395,11.4029,125.1236,03/17/2011,212.4,11.6,18.92,0.4,1.0,34.4,42.9,24.1,92.0,10.1,1011.3,Clay Loam,SAFE,2
Matched_NonEvent_FlatControl,CONTROL_FLAT_7322,40.1601,-111.4893,08/13/2015,784.1,6.4,0.55,0.0,0.1,1.0,18.7,29.9,25.0,3.3,826.5,Colluvium,SAFE,3
Irish Examiner,GLC_8230,52.054,-9.9768,09/17/2015,1302.9,2.11,1.65,0.0,1.1,3.0,26.3,13.1,91.0,12.8,1008.4,Colluvium,HIGH_RISK,4
myrepublica,GLC_1114,27.9504,84.3075,08/20/2009,1040.6,21.02,67.43,0.8,35.4,122.6,42.7,20.4,95.0,1.8,926.5,Clay Loam,HIGH_RISK,5
telluridewatch,GLC_2142,38.0053,-108.0383,07/26/2010,1119.9,19.79,1.1,0.5,1.1,1.1,28.3,24.3,45.0,4.1,784.9,Laterite,HIGH_RISK,6
Kashmir Times,GLC_10937,34.5892,74.2464,04/18/2017,1271.9,27.18,0.0,0.0,0.0,0.0,29.6,7.0,49.0,13.6,802.5,Colluvium,HIGH_RISK,7
Matched_NonEvent_FlatControl,CONTROL_FLAT_962,48.688,-121.6,01/07/2009,1109.4,11.8,85.4,3.0,85.4,152.7,42.8,6.5,100.0,6.4,997.5,Clay Loam,SAFE,8
mercurynews,GLC_1522,37.0456,-121.9396,02/24/2010,932.9,16.25,31.2,0.0,31.2,36.2,41.5,13.8,83.0,16.7,1008.0,Laterite,HIGH_RISK,9
Matched_NonEvent_FlatControl,CONTROL_FLAT_5263,10.1495,77.1809,08/04/2013,1170.3,5.1,116.5,5.6,116.5,151.5,52.0,18.1,99.0,12.2,907.2,Clay Loam,SAFE,10
Matched_NonEvent_DryControl,CONTROL_DRY_5093,36.5851,109.4875,2013-01-14,1724.1,18.74,0.0,0.0,0.0,0.0,28.5,-6.3,48.0,8.3,907.9,Weathered Granite,SAFE,1
The Himalayan Times,GLC_8677,27.2625,87.6017,10/08/2015,1039.1,30.13,0.11,0.0,0.0,0.2,33.4,7.8,93.0,3.1,803.1,Colluvium,HIGH_RISK,2
Matched_NonEvent_FlatControl,CONTROL_FLAT_2142,38.1553,-107.8883,07/26/2010,719.9,7.4,1.1,0.5,1.1,1.1,28.3,24.3,45.0,4.1,784.9,Laterite,SAFE,3
Matched_NonEvent_DryControl,CONTROL_DRY_5322,27.4907,86.1078,2013-02-14,1035.6,27.85,0.39,0.0,0.0,0.7,17.8,13.5,63.0,5.1,942.0,Weathered Granite,SAFE,4
Matched_NonEvent_DryControl,CONTROL_DRY_9346,46.9602,7.3968,2015-11-16,1222.0,4.15,0.17,0.0,0.0,0.3,33.5,5.9,80.0,2.5,953.5,Laterite,SAFE,5
Matched_NonEvent_DryControl,CONTROL_DRY_1404,47.9615,-122.2272,2009-07-20,1475.8,9.57,0.0,0.0,0.0,0.0,14.0,26.6,40.0,16.9,1005.0,Clay Loam,SAFE,6
Matched_NonEvent_DryControl,CONTROL_DRY_5120,5.9913,116.5754,2013-01-17,1765.3,6.47,12.16,0.0,10.0,22.1,41.5,18.8,97.0,3.2,880.9,Laterite,SAFE,7
Matched_NonEvent_DryControl,CONTROL_DRY_225,24.9531,-107.622,2007-03-06,471.4,1.92,0.0,0.0,0.0,0.0,14.2,30.0,30.0,11.5,1007.1,Clay Loam,SAFE,8
Matched_NonEvent_FlatControl,CONTROL_FLAT_6175,-7.1879,108.3504,07/22/2014,615.1,11.7,4.51,0.0,3.6,8.2,33.5,21.0,99.0,0.4,971.3,Sandy Loam,SAFE,9
Matched_NonEvent_FlatControl,CONTROL_FLAT_306,37.7289,-122.3668,10/12/2007,553.8,7.4,15.29,0.4,12.3,27.8,35.3,15.0,90.0,11.6,1007.4,Weathered Granite,SAFE,10
Bring Me The News,GLC_6052,44.885,-93.1627,06/10/2014,1612.6,11.16,0.11,0.0,0.0,0.2,23.0,23.3,42.0,6.8,982.0,Weathered Granite,HIGH_RISK,1
Matched_NonEvent_FlatControl,CONTROL_FLAT_10490,49.9091,-119.6124,04/17/2017,1190.3,11.2,1.4,1.1,1.4,1.7,37.0,13.0,69.0,9.9,949.4,Residual Soil,SAFE,2
Matched_NonEvent_DryControl,CONTROL_DRY_6089,12.3535,-84.8095,2013-12-25,530.4,5.06,5.67,0.0,2.4,10.3,40.1,23.8,83.0,9.4,985.7,Laterite,SAFE,3
Matched_NonEvent_DryControl,CONTROL_DRY_1189,41.3639,41.6822,2009-03-27,1285.0,19.79,1.2,0.3,1.2,1.3,42.0,7.6,98.0,4.8,999.1,Residual Soil,SAFE,4
Matched_NonEvent_DryControl,CONTROL_DRY_617,40.78,-74.27,2008-01-01,1596.3,10.55,7.92,0.0,4.2,14.4,41.0,2.7,67.0,14.4,988.3,Clay Loam,SAFE,5
latimesblogs.latimes,GLC_4491,34.0884,-116.9194,08/17/2012,835.2,6.72,0.55,0.0,0.4,1.0,42.6,25.1,58.0,5.5,843.2,Weathered Granite,HIGH_RISK,6
Matched_NonEvent_FlatControl,CONTROL_FLAT_11206,51.829,-1.8737,01/09/2017,963.7,8.0,3.3,0.0,3.3,5.0,38.7,2.9,91.0,16.2,997.8,Sandy Loam,SAFE,7
Matched_NonEvent_DryControl,CONTROL_DRY_10159,37.1739,-122.2348,2016-08-28,936.3,9.64,0.0,0.0,0.0,0.0,14.3,22.0,53.0,9.4,978.1,Clay Loam,SAFE,8
ventnorblog.com,GLC_1856,50.581,-1.2974,05/11/2010,1316.1,8.3,0.5,0.0,0.2,0.9,22.7,5.6,73.0,8.4,995.8,Colluvium,HIGH_RISK,9
en.apa,GLC_1998,40.5494,45.6449,06/18/2010,1283.9,6.13,13.26,0.0,6.0,24.1,42.1,13.5,96.0,2.9,860.6,Weathered Granite,HIGH_RISK,10
CNN,GLC_7686,17.1686,121.048,08/13/2015,868.9,31.84,40.26,0.0,25.3,73.2,42.9,24.1,91.0,1.0,927.7,Sandy Loam,HIGH_RISK,1
Valley News,GLC_9967,43.6586,-72.3411,07/01/2017,1759.5,7.97,8.75,0.2,6.4,15.9,28.9,23.2,96.0,10.7,996.9,Sandy Loam,HIGH_RISK,2
nj,GLC_3967,40.6383,-74.5007,09/08/2011,1586.9,3.55,54.4,0.0,29.4,98.9,45.3,22.8,89.0,8.7,998.0,Weathered Granite,HIGH_RISK,3
Matched_NonEvent_FlatControl,CONTROL_FLAT_4442,28.1026,84.377,06/28/2012,639.9,5.9,20.3,1.0,14.9,36.9,42.5,24.5,86.0,1.1,962.9,Clay Loam,SAFE,4
Matched_NonEvent_FlatControl,CONTROL_FLAT_1681,-22.7755,-43.1354,04/06/2010,50.0,10.6,57.09,3.0,54.1,103.8,43.0,18.8,91.0,12.3,981.4,Laterite,SAFE,5
Matched_NonEvent_FlatControl,CONTROL_FLAT_3796,18.0984,-96.0174,07/17/2011,50.0,4.3,75.46,1.4,55.6,137.2,49.4,28.2,80.0,5.9,1006.7,Residual Soil,SAFE,6
Matched_NonEvent_DryControl,CONTROL_DRY_5433,39.9575,-111.2445,2013-03-06,1185.4,27.06,0.77,0.0,0.0,1.4,27.5,7.6,45.0,11.3,800.6,Colluvium,SAFE,7
Matched_NonEvent_DryControl,CONTROL_DRY_4838,35.5429,-82.7938,2012-11-07,1249.2,14.95,4.9,0.0,4.9,7.5,49.2,3.4,92.0,11.3,914.0,Laterite,SAFE,8
himvani,GLC_2051,31.1011,77.1793,07/07/2010,1126.8,26.03,77.77,0.3,23.1,141.4,44.6,13.8,97.0,2.7,778.8,Sandy Loam,HIGH_RISK,9
santacruzsentinel,GLC_1259,37.0273,-121.8202,10/14/2009,933.2,35.0,56.65,0.0,34.8,103.0,40.7,18.0,78.0,6.0,991.6,Laterite,HIGH_RISK,10
Matched_NonEvent_FlatControl,CONTROL_FLAT_10197,38.0996,-122.3633,02/08/2017,572.3,5.9,33.94,0.4,9.4,61.7,42.7,14.0,100.0,22.1,1011.5,Sandy Loam,SAFE,1
e-pao.net,GLC_2566,25.4769,94.1351,10/08/2010,1015.2,20.74,39.82,0.7,25.2,72.4,50.7,15.0,100.0,5.7,825.8,Colluvium,HIGH_RISK,2
Matched_NonEvent_DryControl,CONTROL_DRY_4371,-43.1826,-71.8666,2011-12-01,1677.8,27.36,0.17,0.0,0.0,0.3,35.8,23.1,47.0,4.4,965.3,Residual Soil,SAFE,3
reliefweb.int,GLC_4316,-7.3901,109.3613,04/08/2012,1024.1,2.08,26.51,0.0,6.7,48.2,42.6,21.4,98.0,3.0,1004.2,Residual Soil,HIGH_RISK,4
Matched_NonEvent_DryControl,CONTROL_DRY_2435,36.2744,74.7249,2010-03-19,1361.0,15.75,0.0,0.0,0.0,0.0,30.8,-3.8,63.0,2.9,765.5,Residual Soil,SAFE,5
Matched_NonEvent_DryControl,CONTROL_DRY_6334,36.2665,74.6006,2014-03-15,1359.3,20.5,19.8,1.0,19.8,24.6,29.1,-1.2,90.0,1.8,758.6,Residual Soil,SAFE,6
sunstar,GLC_3924,10.3879,123.9179,08/14/2011,558.6,1.39,30.03,0.0,2.5,54.6,47.8,27.1,85.0,3.6,1006.2,Residual Soil,HIGH_RISK,7
Matched_NonEvent_DryControl,CONTROL_DRY_3275,37.5742,-122.5159,2010-09-25,953.6,29.58,0.0,0.0,0.0,0.0,12.4,22.6,49.0,8.9,996.7,Weathered Granite,SAFE,8
Matched_NonEvent_DryControl,CONTROL_DRY_6562,-7.2954,109.7188,2014-06-14,1032.4,20.02,17.8,0.0,17.8,27.4,48.9,17.8,99.0,2.3,895.5,Colluvium,SAFE,9
Matched_NonEvent_DryControl,CONTROL_DRY_5913,-6.6,106.8,2013-09-03,1038.0,5.95,5.61,0.0,5.6,10.2,46.2,22.2,93.0,5.6,981.5,Sandy Loam,SAFE,10
Matched_NonEvent_FlatControl,CONTROL_FLAT_1321,41.1292,39.8865,11/21/2009,846.3,9.6,34.87,0.2,25.7,63.4,42.3,7.1,87.0,11.2,993.0,Residual Soil,SAFE,1
Matched_NonEvent_DryControl,CONTROL_DRY_7301,21.0893,107.4603,2015-01-29,929.1,17.94,2.7,0.1,2.7,3.8,23.0,15.9,84.0,17.8,1010.5,Colluvium,SAFE,2
www.theborneopost.com,GLC_5120,5.9913,116.5754,07/16/2013,1765.3,6.47,27.78,0.0,3.1,50.5,41.0,17.3,88.0,1.6,877.5,Laterite,HIGH_RISK,3
Matched_NonEvent_DryControl,CONTROL_DRY_3578,30.2414,78.908,2010-12-09,1101.2,24.64,0.0,0.0,0.0,0.0,27.2,12.2,89.0,3.4,922.5,Clay Loam,SAFE,4
Matched_NonEvent_DryControl,CONTROL_DRY_627,47.54,-122.1,2008-01-05,1456.0,8.51,14.91,0.9,6.1,27.1,41.9,2.1,80.0,15.5,941.3,Residual Soil,SAFE,5
Matched_NonEvent_FlatControl,CONTROL_FLAT_50,45.6613,-122.5569,03/28/2007,948.5,5.0,4.02,0.0,0.0,7.3,38.5,11.1,48.0,5.0,1011.8,Laterite,SAFE,6
Business Recorder,GLC_5206,0.4257,123.2322,07/26/2013,1553.6,5.15,12.98,0.6,6.6,23.6,41.7,22.3,93.0,4.8,976.8,Weathered Granite,HIGH_RISK,7
thenewsofindia,GLC_3932,25.83,94.13,08/18/2011,1032.8,9.52,8.86,0.0,3.8,16.1,48.9,18.3,98.0,3.3,897.8,Sandy Loam,HIGH_RISK,8
Matched_NonEvent_DryControl,CONTROL_DRY_939,10.716,-61.546,2008-06-22,379.7,14.06,6.88,0.0,0.1,12.5,39.1,26.4,79.0,20.8,998.0,Clay Loam,SAFE,9
Matched_NonEvent_DryControl,CONTROL_DRY_2660,13.8491,-61.0656,2010-05-04,381.8,0.0,4.1,0.1,4.1,4.4,26.0,26.3,82.0,20.8,1013.2,Residual Soil,SAFE,10
Morung Express,GLC_3637,25.5161,94.2341,06/21/2011,1018.1,21.01,28.33,0.2,17.0,51.5,45.4,18.3,99.0,2.5,833.4,Weathered Granite,HIGH_RISK,1
The Spokesman Review,GLC_10500,48.8831,-118.6001,03/26/2017,1558.2,35.0,4.9,0.1,0.3,8.9,40.1,8.7,61.0,6.9,946.0,Sandy Loam,HIGH_RISK,2
Matched_NonEvent_FlatControl,CONTROL_FLAT_6916,6.1181,-75.8613,05/18/2015,361.7,4.7,15.35,0.3,4.5,27.9,41.1,19.2,78.0,1.6,821.7,Sandy Loam,SAFE,3
iht.com,GLC_161,32.677,109.0241,08/07/2007,1524.1,12.44,1.7,0.0,1.7,2.5,32.8,23.8,99.0,4.2,968.7,Clay Loam,HIGH_RISK,4
Matched_NonEvent_DryControl,CONTROL_DRY_1828,37.3212,-82.3434,2009-11-04,1342.6,9.03,0.0,0.0,0.0,0.0,37.2,10.7,72.0,3.1,987.2,Laterite,SAFE,5
Jakarta Post,GLC_6562,-7.2954,109.7188,12/11/2014,1032.4,20.02,20.74,0.0,8.1,37.7,50.6,19.1,97.0,2.6,896.3,Colluvium,HIGH_RISK,6
Matched_NonEvent_DryControl,CONTROL_DRY_1826,37.0945,-83.1006,2009-11-04,1323.7,17.1,0.0,0.0,0.0,0.0,37.1,11.0,70.0,5.4,979.6,Residual Soil,SAFE,7
cdrc-phil,GLC_2629,17.4147,121.1495,10/18/2010,882.2,22.38,220.5,2.0,220.5,236.4,46.4,20.1,95.0,11.2,885.5,Weathered Granite,HIGH_RISK,8
Matched_NonEvent_DryControl,CONTROL_DRY_4619,-6.9031,106.9516,2012-05-22,1024.4,2.2,18.1,0.0,0.0,32.9,45.9,19.6,98.0,2.1,930.8,Weathered Granite,SAFE,9
wspa,GLC_751,35.4213,-82.2,08/26/2008,1249.1,10.93,50.3,3.2,50.3,61.1,50.8,21.5,100.0,15.5,972.3,Laterite,HIGH_RISK,10
Matched_NonEvent_FlatControl,CONTROL_FLAT_4433,50.0645,-116.7655,06/24/2012,1226.6,5.2,20.9,0.5,20.9,27.0,43.3,18.6,90.0,5.4,945.0,Sandy Loam,SAFE,1
Matched_NonEvent_DryControl,CONTROL_DRY_9822,41.6014,72.6771,2016-11-18,1606.8,17.51,16.23,0.3,3.5,29.5,40.8,5.1,99.0,1.1,881.1,Laterite,SAFE,2
Matched_NonEvent_DryControl,CONTROL_DRY_10490,49.7591,-119.7624,2016-10-19,1590.3,17.63,8.25,0.0,1.3,15.0,39.4,12.5,58.0,12.2,964.4,Residual Soil,SAFE,3
Matched_NonEvent_FlatControl,CONTROL_FLAT_1635,-22.7352,-42.9131,04/06/2010,50.0,10.6,67.8,1.9,67.8,107.0,43.0,20.0,92.0,10.4,1001.9,Weathered Granite,SAFE,4
Matched_NonEvent_FlatControl,CONTROL_FLAT_1131,23.2087,-109.5472,09/01/2009,50.0,7.5,54.3,3.8,54.3,56.9,40.3,27.7,85.0,50.7,1004.9,Colluvium,SAFE,5
Matched_NonEvent_FlatControl,CONTROL_FLAT_6483,46.8252,-120.8989,08/12/2014,1023.3,5.6,2.3,1.4,2.3,2.3,15.8,25.0,55.0,11.4,920.1,Clay Loam,SAFE,6
Matched_NonEvent_FlatControl,CONTROL_FLAT_6683,13.6961,-88.8901,10/15/2014,113.1,9.5,30.09,1.2,23.3,54.7,44.3,23.7,96.0,2.5,989.9,Sandy Loam,SAFE,7
maysville-online,GLC_3458,38.6487,-83.7193,05/03/2011,1395.2,19.46,28.55,0.0,26.1,51.9,42.0,9.3,92.0,1.5,993.3,Laterite,HIGH_RISK,8
Matched_NonEvent_FlatControl,CONTROL_FLAT_6185,39.8653,-111.619,07/28/2014,768.1,9.3,1.6,0.4,1.6,1.6,13.7,26.2,37.0,5.6,844.1,Clay Loam,SAFE,9
The Register Guard,GLC_9118,42.9646,-123.8241,12/24/2015,1210.0,21.14,28.82,0.3,13.4,52.4,43.2,4.2,97.0,13.8,985.8,Residual Soil,HIGH_RISK,10
Matched_NonEvent_DryControl,CONTROL_DRY_10634,46.7161,-122.2132,2016-08-13,1413.7,7.07,0.0,0.0,0.0,0.0,23.9,28.8,41.0,8.6,963.5,Laterite,SAFE,1
Matched_NonEvent_FlatControl,CONTROL_FLAT_4835,35.7694,-82.1719,05/06/2013,857.8,6.9,48.13,0.0,40.9,87.5,47.5,14.0,58.0,10.5,926.1,Clay Loam,SAFE,2
Matched_NonEvent_DryControl,CONTROL_DRY_6701,9.1139,-79.5626,2014-03-18,639.9,3.81,0.17,0.0,0.1,0.3,15.9,28.6,64.0,10.0,992.0,Residual Soil,SAFE,3
Matched_NonEvent_FlatControl,CONTROL_FLAT_1271,56.7122,-2.4308,11/01/2009,1202.3,5.1,28.3,0.7,28.3,41.9,41.5,8.4,85.0,34.8,976.7,Residual Soil,SAFE,4
Matched_NonEvent_FlatControl,CONTROL_FLAT_10534,45.9372,-123.8089,02/22/2017,949.8,10.3,19.58,0.1,2.8,35.6,40.1,4.8,79.0,10.2,1005.2,Clay Loam,SAFE,5
Matched_NonEvent_DryControl,CONTROL_DRY_9940,26.2045,91.872,2017-01-04,1028.9,15.17,2.3,0.0,2.3,2.3,32.3,14.4,87.0,3.8,999.0,Residual Soil,SAFE,6
Matched_NonEvent_FlatControl,CONTROL_FLAT_9520,18.292,-76.7607,10/02/2016,50.0,4.4,5.88,0.1,3.7,10.7,36.9,24.1,81.0,10.1,955.6,Laterite,SAFE,7
San Francisco Chronicle,GLC_10159,37.1739,-122.2348,02/24/2017,936.3,9.64,3.85,0.0,0.0,7.0,36.8,8.8,54.0,15.0,983.3,Clay Loam,HIGH_RISK,8
KRON,GLC_7556,38.4115,-122.8921,03/11/2016,991.7,4.46,35.37,0.6,29.1,64.3,40.8,11.6,87.0,11.4,990.6,Clay Loam,HIGH_RISK,9
ibnlive.in.com,GLC_4943,29.5987,79.6592,06/17/2013,1076.5,16.87,192.61,0.7,144.5,350.2,44.8,16.7,99.0,0.8,833.8,Clay Loam,HIGH_RISK,10
hindustantimes,GLC_2025,25.5728,91.885,06/28/2010,997.5,4.13,95.2,0.7,68.7,173.1,44.5,20.0,97.0,6.2,845.1,Residual Soil,HIGH_RISK,1
Matched_NonEvent_FlatControl,CONTROL_FLAT_5054,31.8518,77.0924,07/07/2013,754.5,5.5,101.75,6.9,56.3,185.0,43.9,22.9,99.0,3.9,918.6,Clay Loam,SAFE,2
Matched_NonEvent_FlatControl,CONTROL_FLAT_11037,3.5169,101.7635,11/27/2016,1084.5,11.2,37.12,0.0,7.1,67.5,49.2,23.9,100.0,5.0,1003.6,Clay Loam,SAFE,3
en.apa,GLC_1802,40.5531,46.0089,05/02/2010,1287.7,10.46,12.1,0.1,12.1,18.9,42.5,2.4,99.0,1.3,850.9,Weathered Granite,HIGH_RISK,4
Matched_NonEvent_FlatControl,CONTROL_FLAT_751,35.5713,-82.05,08/26/2008,849.1,7.7,50.3,3.2,50.3,61.1,50.8,21.5,100.0,15.5,972.3,Laterite,SAFE,5
Uzhgorod.in,GLC_11188,48.0244,24.1662,02/02/2017,1442.9,18.33,13.9,1.3,13.9,13.9,43.9,3.7,88.0,11.7,963.2,Colluvium,HIGH_RISK,6
www.ekantipur.com,GLC_5444,28.2632,83.3482,09/03/2013,1046.6,48.36,67.05,0.0,63.9,121.9,41.8,16.9,91.0,2.5,818.4,Residual Soil,HIGH_RISK,7
Matched_NonEvent_DryControl,CONTROL_DRY_5008,35.4134,-83.1068,2013-01-02,1239.6,19.6,11.06,0.0,6.0,20.1,48.8,4.9,78.0,2.5,910.8,Weathered Granite,SAFE,8
telegram,GLC_1575,42.4135,-71.6974,03/15/2010,1703.7,6.4,49.39,1.1,22.9,89.8,34.1,1.6,100.0,23.8,998.7,Sandy Loam,HIGH_RISK,9
thestar.com,GLC_777,5.345,100.2487,09/06/2008,1569.7,21.14,35.7,0.8,28.0,64.9,49.1,23.2,89.0,6.5,982.3,Clay Loam,HIGH_RISK,10
Matched_NonEvent_FlatControl,CONTROL_FLAT_7424,14.7781,-90.3565,09/27/2015,73.7,11.8,17.38,0.6,12.3,31.6,51.8,20.2,90.0,2.9,851.8,Weathered Granite,SAFE,1
News Press Now,GLC_10339,39.6384,-95.1473,09/15/2016,1330.4,9.41,28.66,0.0,5.3,52.1,38.4,26.8,66.0,12.2,979.1,Weathered Granite,HIGH_RISK,2
ranabhola.blogspot,GLC_2327,27.2948,87.9377,08/24/2010,1044.1,30.33,63.14,0.0,23.1,114.8,42.4,15.7,88.0,1.6,799.1,Colluvium,HIGH_RISK,3
Matched_NonEvent_DryControl,CONTROL_DRY_7361,28.3853,83.4625,2015-01-31,1053.9,10.3,0.66,0.0,0.5,1.2,35.1,5.9,89.0,2.5,897.6,Weathered Granite,SAFE,4
KREM,GLC_10525,46.9559,-118.7099,02/16/2017,1460.7,0.76,16.5,0.9,16.5,20.9,43.1,8.7,89.0,15.8,949.6,Laterite,HIGH_RISK,5
Matched_NonEvent_DryControl,CONTROL_DRY_2270,39.191,-107.2774,2010-02-20,1186.8,22.08,14.6,0.6,14.6,23.6,30.3,-1.7,76.0,5.8,751.9,Laterite,SAFE,6
newsday.tt,GLC_4082,10.3828,-61.2984,12/02/2011,393.8,2.59,24.64,0.1,9.3,44.8,47.0,23.9,94.0,11.1,1001.7,Colluvium,HIGH_RISK,7
Matched_NonEvent_FlatControl,CONTROL_FLAT_2566,25.6269,94.2851,10/08/2010,615.2,4.4,39.82,0.7,25.2,72.4,50.7,15.0,100.0,5.7,825.8,Colluvium,SAFE,8
Matched_NonEvent_FlatControl,CONTROL_FLAT_7366,32.3741,76.4874,07/31/2015,774.6,11.8,36.69,0.6,25.7,66.7,45.7,18.3,98.0,4.6,838.4,Laterite,SAFE,9
Matched_NonEvent_DryControl,CONTROL_DRY_3965,24.808,93.117,2011-03-10,971.6,2.13,0.0,0.0,0.0,0.0,15.5,16.3,87.0,2.6,1006.2,Residual Soil,SAFE,10
Matched_NonEvent_FlatControl,CONTROL_FLAT_2247,26.298,94.9922,08/14/2010,655.8,9.8,21.73,2.5,19.4,39.5,44.2,19.3,98.0,1.8,848.7,Laterite,SAFE,1
Matched_NonEvent_DryControl,CONTROL_DRY_10443,34.099,-116.9345,2016-08-20,835.6,32.24,0.0,0.0,0.0,0.0,21.2,24.1,35.0,7.1,825.3,Laterite,SAFE,2
Matched_NonEvent_FlatControl,CONTROL_FLAT_10808,18.2766,-76.3035,03/18/2017,50.0,10.6,201.8,0.0,125.4,366.9,41.9,24.4,84.0,4.1,1010.4,Laterite,SAFE,3
ecr,GLC_4542,-30.05,30.8833,09/06/2012,1493.7,6.97,61.3,1.3,61.3,96.1,42.9,16.9,92.0,32.8,1023.5,Residual Soil,HIGH_RISK,4
Matched_NonEvent_DryControl,CONTROL_DRY_7094,45.8892,6.7933,2014-11-03,1162.4,18.96,0.0,0.0,0.0,0.0,37.8,4.5,83.0,10.7,888.2,Clay Loam,SAFE,5
Matched_NonEvent_DryControl,CONTROL_DRY_2387,14.5832,-90.7379,2010-03-08,478.2,24.76,0.11,0.0,0.0,0.2,25.4,27.1,28.0,6.5,846.3,Weathered Granite,SAFE,6
fresnobee,GLC_2903,36.8242,-119.7847,12/26/2010,943.4,1.5,20.0,0.0,20.0,20.0,39.9,14.0,57.0,12.1,1012.6,Laterite,HIGH_RISK,7
Matched_NonEvent_DryControl,CONTROL_DRY_9960,27.9439,83.8057,2016-03-07,1035.2,38.69,3.63,0.0,0.0,6.6,20.6,13.4,62.0,5.8,875.5,Clay Loam,SAFE,8
www.ktvb.com,GLC_5518,43.7553,-115.975,09/12/2013,1328.0,5.04,0.6,0.0,0.6,0.6,17.1,27.2,39.0,3.3,899.7,Clay Loam,HIGH_RISK,9
Matched_NonEvent_FlatControl,CONTROL_FLAT_5419,33.9926,-116.7148,08/30/2013,423.5,7.0,7.1,0.5,7.1,9.9,21.2,24.1,69.0,3.5,899.9,Residual Soil,SAFE,10
Matched_NonEvent_DryControl,CONTROL_DRY_7689,21.0324,105.7586,2015-02-16,909.2,0.87,3.41,0.0,0.0,6.2,33.7,17.3,99.0,4.6,1013.6,Sandy Loam,SAFE,1
The Shillong Times,GLC_10988,25.826,91.8711,07/09/2017,1010.0,8.0,10.56,0.9,9.1,19.2,51.4,21.7,99.0,5.7,935.2,Laterite,HIGH_RISK,2
KEYT,GLC_6535,34.4499,-119.8538,12/12/2014,824.0,3.29,42.9,0.1,42.9,43.3,39.4,14.2,79.0,13.1,1005.5,Laterite,HIGH_RISK,3
Matched_NonEvent_FlatControl,CONTROL_FLAT_4034,-6.4892,106.9843,11/03/2011,636.4,5.2,19.91,0.0,2.1,36.2,46.4,21.3,96.0,5.6,968.2,Sandy Loam,SAFE,4
Inquirer Mindanao,GLC_7587,7.0225,125.2242,08/05/2015,403.4,19.18,36.19,0.1,17.7,65.8,48.9,18.4,92.0,5.1,879.0,Clay Loam,HIGH_RISK,5
Matched_NonEvent_FlatControl,CONTROL_FLAT_2830,47.8871,-122.1369,12/12/2010,1064.0,7.5,72.0,0.6,72.0,85.1,42.5,11.0,98.0,19.7,1008.9,Weathered Granite,SAFE,6
Matched_NonEvent_FlatControl,CONTROL_FLAT_10297,38.3355,-81.1748,04/05/2017,996.0,8.5,8.53,0.0,0.8,15.5,39.0,21.0,57.0,20.1,972.3,Colluvium,SAFE,7
Matched_NonEvent_FlatControl,CONTROL_FLAT_5826,50.4222,-4.6391,01/26/2014,865.7,6.6,9.19,0.0,8.9,16.7,40.7,4.5,65.0,34.4,997.9,Residual Soil,SAFE,8
Matched_NonEvent_DryControl,CONTROL_DRY_10236,41.0805,-121.7981,2016-09-08,1136.0,14.85,0.0,0.0,0.0,0.0,25.2,27.0,12.0,5.6,844.8,Weathered Granite,SAFE,9
Matched_NonEvent_FlatControl,CONTROL_FLAT_1991,45.7186,-122.6213,06/15/2010,950.7,10.7,2.7,0.4,2.7,2.7,37.1,12.3,70.0,4.7,994.4,Laterite,SAFE,10
www.komonews.com,GLC_4878,48.0955,-122.4937,05/27/2013,1479.8,9.72,4.7,0.8,4.7,7.0,35.6,13.0,85.0,19.9,1005.1,Sandy Loam,HIGH_RISK,1
Matched_NonEvent_DryControl,CONTROL_DRY_11086,-37.8399,177.5959,2016-05-15,416.0,4.63,1.1,0.2,0.2,2.0,35.6,16.4,83.0,16.6,1014.3,Laterite,SAFE,2
Matched_NonEvent_DryControl,CONTROL_DRY_1000,35.3561,-85.2314,2008-10-10,1215.5,0.26,16.72,0.0,0.0,30.4,31.6,22.1,72.0,3.0,951.7,Sandy Loam,SAFE,3
Matched_NonEvent_FlatControl,CONTROL_FLAT_6507,36.1526,-114.6824,08/14/2014,551.8,8.5,0.61,0.0,0.0,1.1,2.9,35.9,22.0,17.1,926.7,Residual Soil,SAFE,4
Matched_NonEvent_DryControl,CONTROL_DRY_8677,27.2625,87.6017,2015-04-11,1039.1,30.13,4.5,0.0,4.5,6.0,35.4,7.2,77.0,6.0,809.6,Colluvium,SAFE,5
Matched_NonEvent_DryControl,CONTROL_DRY_10593,47.9696,-122.3511,2016-09-30,1475.0,8.34,0.0,0.0,0.0,0.0,24.0,16.4,56.0,2.9,1011.7,Clay Loam,SAFE,6
Matched_NonEvent_DryControl,CONTROL_DRY_9367,6.2336,-75.1619,2015-10-06,739.9,2.14,0.0,0.0,0.0,0.0,32.6,20.7,64.0,4.9,815.9,Colluvium,SAFE,7
Matched_NonEvent_DryControl,CONTROL_DRY_6707,19.9053,-70.963,2014-05-11,585.6,7.66,6.49,0.2,5.5,11.8,32.9,22.9,89.0,9.2,1011.3,Laterite,SAFE,8
sierravista-fthuachuca.kold,GLC_3761,31.4733,-110.3475,07/11/2011,770.2,6.7,7.9,0.0,7.9,13.1,28.1,23.7,55.0,7.6,842.3,Colluvium,HIGH_RISK,9
Matched_NonEvent_DryControl,CONTROL_DRY_811,31.0738,103.4929,2008-03-28,1388.6,26.74,20.9,1.1,20.9,32.1,42.6,8.3,98.0,4.6,861.7,Colluvium,SAFE,10
thaindian,GLC_1212,11.4477,75.8289,10/03/2009,1630.7,2.44,66.22,1.6,49.7,120.4,51.9,24.2,94.0,11.2,1006.6,Sandy Loam,HIGH_RISK,1
CONRED,GLC_7424,14.6281,-90.5065,09/27/2015,473.7,8.1,17.38,0.6,12.3,31.6,51.8,20.2,90.0,2.9,851.8,Weathered Granite,HIGH_RISK,2
klewtv,GLC_2807,47.6177,-122.2818,12/11/2010,1458.1,15.73,18.81,2.5,7.2,34.2,43.8,4.9,91.0,6.3,1008.1,Residual Soil,HIGH_RISK,3
Matched_NonEvent_FlatControl,CONTROL_FLAT_2488,31.1715,77.2538,09/22/2010,722.1,11.3,58.0,0.4,58.0,71.0,41.9,16.5,98.0,1.6,827.9,Clay Loam,SAFE,4
themapleleafer,GLC_2851,47.7358,-122.2861,12/13/2010,1463.9,13.95,47.14,0.1,8.1,85.7,40.9,11.0,84.0,11.5,1003.5,Weathered Granite,HIGH_RISK,5
Matched_NonEvent_FlatControl,CONTROL_FLAT_4152,45.5328,-122.4215,01/19/2012,943.4,10.7,68.09,1.9,56.6,123.8,43.0,9.8,99.0,16.4,997.0,Weathered Granite,SAFE,6
Philippine Information Agency,GLC_3461,6.1994,124.8566,05/04/2011,358.5,14.8,40.7,0.0,17.4,74.0,40.8,23.1,95.0,2.5,945.4,Colluvium,HIGH_RISK,7
keyt,GLC_3263,34.4399,-119.6615,03/21/2011,825.4,9.88,50.38,0.2,13.9,91.6,40.6,10.6,72.0,14.4,993.8,Laterite,HIGH_RISK,8
Matched_NonEvent_DryControl,CONTROL_DRY_10607,47.5351,-122.3475,2016-08-19,1453.3,1.17,0.0,0.0,0.0,0.0,11.2,33.2,22.0,12.5,1000.1,Residual Soil,SAFE,9
Matched_NonEvent_DryControl,CONTROL_DRY_6960,33.2907,-87.5506,2014-12-12,1089.0,3.97,0.0,0.0,0.0,0.0,35.4,10.1,51.0,5.9,1009.7,Residual Soil,SAFE,10
Matched_NonEvent_FlatControl,CONTROL_FLAT_5539,18.7438,-98.4039,09/16/2013,50.0,10.2,47.19,2.0,30.1,85.8,42.2,20.7,87.0,4.2,879.0,Clay Loam,SAFE,1
cbs3springfield,GLC_779,42.228,-72.629,09/06/2008,1685.1,3.86,24.7,7.5,24.7,24.8,43.1,22.2,100.0,9.4,999.6,Weathered Granite,HIGH_RISK,2
Correspondence with Wilfried Strauch,GLC_6091,12.3511,-84.8064,06/23/2014,530.5,12.21,15.51,0.1,12.8,28.2,42.1,22.6,99.0,10.5,978.3,Laterite,HIGH_RISK,3
Matched_NonEvent_DryControl,CONTROL_DRY_9038,44.137,-123.5991,2014-06-13,1270.9,5.4,4.3,0.0,4.3,7.1,27.0,16.4,65.0,15.3,1005.2,Residual Soil,SAFE,4
Crónica Diaria,GLC_225,24.9531,-107.622,09/02/2007,471.4,1.92,0.72,0.5,0.5,1.3,29.5,33.2,61.0,5.9,998.2,Clay Loam,HIGH_RISK,5
Matched_NonEvent_DryControl,CONTROL_DRY_591,14.651,-90.5403,2007-12-21,472.9,0.94,0.0,0.0,0.0,0.0,18.7,23.2,38.0,11.6,851.3,Weathered Granite,SAFE,6
Matched_NonEvent_DryControl,CONTROL_DRY_9844,51.9769,-122.2793,2016-12-21,1676.1,14.36,2.64,0.0,0.3,4.8,32.8,1.5,78.0,14.5,953.4,Weathered Granite,SAFE,7
Matched_NonEvent_DryControl,CONTROL_DRY_9382,-23.2789,-46.7392,2015-09-12,431.3,9.79,32.23,0.0,18.7,58.6,45.3,12.9,90.0,14.2,926.8,Clay Loam,SAFE,8
KSL,GLC_1008,40.7676,-111.7669,04/15/2009,1220.7,19.17,13.8,0.3,13.8,18.0,42.8,4.7,50.0,2.2,823.9,Weathered Granite,HIGH_RISK,9
Matched_NonEvent_FlatControl,CONTROL_FLAT_4380,5.5858,100.4532,06/02/2012,1174.8,7.1,14.36,0.0,5.0,26.1,47.7,25.6,93.0,3.1,1005.0,Sandy Loam,SAFE,10
Matched_NonEvent_DryControl,CONTROL_DRY_161,32.677,109.0241,2007-02-08,1524.1,12.44,1.5,0.0,1.5,2.0,26.0,2.1,99.0,4.2,988.8,Clay Loam,SAFE,1
Matched_NonEvent_DryControl,CONTROL_DRY_5000,-33.8234,151.0075,2013-01-01,481.1,0.4,0.06,0.0,0.0,0.1,16.3,21.6,67.0,9.4,1012.0,Weathered Granite,SAFE,2
Matched_NonEvent_FlatControl,CONTROL_FLAT_3971,57.7611,-152.1306,09/12/2011,1257.7,4.9,22.4,0.5,22.4,23.9,42.8,10.4,88.0,21.9,996.7,Clay Loam,SAFE,3
Matched_NonEvent_FlatControl,CONTROL_FLAT_2779,-27.981,153.4393,12/04/2010,50.0,9.2,15.5,2.5,15.5,26.5,49.1,20.9,92.0,2.4,989.2,Laterite,SAFE,4
translate.google,GLC_2978,-22.3701,-42.9772,01/12/2011,348.3,3.5,20.85,0.5,14.5,37.9,46.4,22.1,92.0,7.5,911.0,Laterite,HIGH_RISK,5
Matched_NonEvent_FlatControl,CONTROL_FLAT_3684,19.6926,-96.7637,07/01/2011,50.0,9.4,95.87,0.0,95.1,174.3,45.1,20.9,81.0,7.9,855.3,Laterite,SAFE,6
Matched_NonEvent_FlatControl,CONTROL_FLAT_4584,8.2969,125.287,10/09/2012,58.7,9.3,4.95,0.0,3.5,9.0,48.5,22.2,91.0,5.1,943.2,Laterite,SAFE,7
Matched_NonEvent_DryControl,CONTROL_DRY_6615,4.4982,101.3947,2014-07-03,1538.9,8.51,13.31,0.0,10.3,24.2,46.7,17.1,94.0,2.9,842.5,Laterite,SAFE,8
Matched_NonEvent_FlatControl,CONTROL_FLAT_4836,28.7333,112.5235,05/06/2013,952.9,6.7,30.4,1.0,30.4,47.3,48.5,21.3,97.0,6.5,1005.2,Laterite,SAFE,9
Matched_NonEvent_FlatControl,CONTROL_FLAT_9996,43.2559,-72.2945,06/19/2017,1330.9,4.6,10.3,1.1,10.3,11.6,26.8,21.7,100.0,13.7,990.8,Sandy Loam,SAFE,10
maps.google.com,GLC_1689,-22.9117,-43.0744,04/06/2010,376.3,9.4,67.8,1.9,67.8,107.0,43.0,20.2,92.0,10.4,1005.7,Laterite,HIGH_RISK,1
Matched_NonEvent_FlatControl,CONTROL_FLAT_6089,12.5035,-84.6595,06/23/2014,130.4,6.2,15.51,0.1,12.8,28.2,42.1,23.0,99.0,10.5,986.0,Laterite,SAFE,2
Matched_NonEvent_FlatControl,CONTROL_FLAT_5684,37.9286,-81.7895,12/10/2013,969.5,10.6,23.82,0.0,9.6,43.3,39.6,-1.2,64.0,11.8,995.4,Weathered Granite,SAFE,3
Matched_NonEvent_FlatControl,CONTROL_FLAT_6511,8.0391,98.4575,08/15/2014,1277.5,6.2,16.78,1.4,13.6,30.5,51.7,24.6,90.0,17.5,995.4,Clay Loam,SAFE,4
Herald,GLC_9046,37.8849,-80.3442,07/07/2016,1390.8,36.94,14.91,0.2,6.8,27.1,44.5,22.5,92.0,5.2,942.7,Sandy Loam,HIGH_RISK,5
Matched_NonEvent_FlatControl,CONTROL_FLAT_49,49.4466,-122.9857,03/28/2007,1133.5,5.2,1.21,0.0,0.0,2.2,27.6,9.9,57.0,6.2,1033.0,Clay Loam,SAFE,6
Matched_NonEvent_DryControl,CONTROL_DRY_846,3.0949,101.746,2008-04-18,1472.2,8.46,28.99,0.0,16.9,52.7,47.7,22.3,99.0,5.8,993.3,Colluvium,SAFE,7
Matched_NonEvent_DryControl,CONTROL_DRY_4440,46.3029,-67.5221,2011-12-30,439.9,1.15,3.85,0.0,0.0,7.0,39.8,-11.1,61.0,5.2,1012.8,Residual Soil,SAFE,8
Hindustan Times,GLC_7329,32.0275,77.3446,08/18/2015,1174.8,37.73,10.18,0.0,1.5,18.5,42.1,16.8,80.0,3.5,823.0,Weathered Granite,HIGH_RISK,9
New Norfolk News,GLC_1197,-42.8216,147.185,09/28/2009,969.2,31.3,26.51,0.0,0.5,48.2,39.8,7.5,69.0,7.6,976.6,Residual Soil,HIGH_RISK,10
Matched_NonEvent_DryControl,CONTROL_DRY_6446,38.4316,-106.1009,2014-02-02,1160.6,9.05,9.74,0.0,0.0,17.7,28.1,-9.5,42.0,4.9,728.3,Laterite,SAFE,1
Matched_NonEvent_FlatControl,CONTROL_FLAT_4417,52.3851,-10.1045,06/17/2012,909.2,9.7,8.3,0.0,1.8,15.1,27.2,3.3,88.0,4.9,906.4,Laterite,SAFE,2
Matched_NonEvent_DryControl,CONTROL_DRY_10151,37.0804,-121.9783,2016-07-13,934.2,7.91,0.0,0.0,0.0,0.0,14.4,24.1,46.0,19.2,977.7,Laterite,SAFE,3
Matched_NonEvent_FlatControl,CONTROL_FLAT_5518,43.9053,-115.825,09/12/2013,928.0,5.4,0.6,0.0,0.6,0.6,17.1,27.2,39.0,3.3,899.7,Clay Loam,SAFE,4
Matched_NonEvent_FlatControl,CONTROL_FLAT_7686,17.3186,121.198,08/13/2015,468.9,9.8,40.26,0.0,25.3,73.2,42.9,24.1,91.0,1.0,927.7,Sandy Loam,SAFE,5
aspendailynews,GLC_2270,39.191,-107.2774,08/19/2010,1186.8,22.08,11.1,0.0,11.1,18.3,39.8,17.7,69.0,6.4,773.6,Laterite,HIGH_RISK,6
San Rafael Patch,GLC_10197,37.9496,-122.5133,02/08/2017,972.3,7.95,33.94,0.4,9.4,61.7,42.7,14.0,100.0,22.1,1011.5,Sandy Loam,HIGH_RISK,7
thehindu,GLC_4139,33.2407,75.2373,01/12/2012,1214.4,14.22,0.0,0.0,0.0,0.0,41.2,-2.2,36.0,7.9,936.0,Residual Soil,HIGH_RISK,8
Matched_NonEvent_FlatControl,CONTROL_FLAT_7289,31.8585,77.0797,07/26/2015,754.7,10.9,23.21,0.0,14.7,42.2,41.5,23.9,81.0,4.0,922.6,Sandy Loam,SAFE,9
Matched_NonEvent_FlatControl,CONTROL_FLAT_377,48.0234,13.9688,12/01/2007,931.9,6.8,3.96,0.6,2.0,7.2,42.4,3.5,93.0,6.6,949.1,Colluvium,SAFE,10
www.cnycentral.com,GLC_4985,43.0266,-76.3302,06/26/2013,1688.0,16.22,11.66,0.0,4.0,21.2,37.9,24.6,83.0,5.1,990.6,Residual Soil,HIGH_RISK,1
Matched_NonEvent_DryControl,CONTROL_DRY_1638,-22.8999,-43.1227,2009-10-08,376.2,6.42,17.4,2.5,17.4,17.6,35.7,20.6,93.0,15.8,1014.7,Laterite,SAFE,2
Matched_NonEvent_DryControl,CONTROL_DRY_10759,41.5825,41.6626,2016-05-06,1295.7,0.43,21.89,1.2,16.1,39.8,42.9,13.8,98.0,3.3,1008.1,Weathered Granite,SAFE,3
Matched_NonEvent_FlatControl,CONTROL_FLAT_2569,25.4245,94.1712,10/08/2010,603.9,4.7,39.88,2.0,32.8,72.5,43.3,18.4,100.0,4.7,886.4,Sandy Loam,SAFE,4
Matched_NonEvent_FlatControl,CONTROL_FLAT_4491,34.2384,-116.7694,08/17/2012,435.2,11.4,0.55,0.0,0.4,1.0,42.6,25.1,58.0,5.5,843.2,Weathered Granite,SAFE,5
Matched_NonEvent_FlatControl,CONTROL_FLAT_9445,17.4671,-62.646,08/04/2016,137.9,6.4,4.2,0.2,4.2,5.2,32.4,28.0,79.0,37.1,1012.9,Laterite,SAFE,6
Matched_NonEvent_FlatControl,CONTROL_FLAT_1314,48.916,-123.5524,11/20/2009,1101.3,7.0,48.45,0.2,36.9,88.1,41.6,7.6,86.0,7.8,996.2,Clay Loam,SAFE,7
KOLO8 TV,GLC_6163,39.0369,-119.722,07/20/2014,1054.6,1.03,7.8,0.6,7.8,12.1,20.2,22.2,62.0,8.9,861.1,Colluvium,HIGH_RISK,8
Matched_NonEvent_DryControl,CONTROL_DRY_1008,40.7676,-111.7669,2008-10-17,1220.7,19.17,0.0,0.0,0.0,0.0,28.3,18.3,34.0,4.5,844.6,Weathered Granite,SAFE,9
Matched_NonEvent_FlatControl,CONTROL_FLAT_11150,24.9459,93.8739,03/30/2017,577.0,8.0,145.4,0.4,145.4,167.5,51.0,15.8,98.0,3.6,901.3,Residual Soil,SAFE,10
Matched_NonEvent_FlatControl,CONTROL_FLAT_1864,36.4585,74.9719,05/15/2010,963.6,9.2,2.15,0.2,0.6,3.9,31.3,4.7,96.0,1.0,760.7,Residual Soil,SAFE,1
WV Metro News,GLC_10299,38.1597,-81.2966,05/12/2017,1395.0,29.21,19.41,1.0,11.0,35.3,43.8,13.2,100.0,12.5,979.3,Colluvium,HIGH_RISK,2
wnep.com,GLC_4989,40.6864,-76.1962,06/27/2013,1572.4,1.78,6.27,0.8,4.9,11.4,32.6,24.1,81.0,2.4,980.0,Colluvium,HIGH_RISK,3
sunstar,GLC_3930,7.8998,123.7741,08/16/2011,432.7,0.58,25.9,0.0,25.9,36.1,43.0,24.8,91.0,1.3,1008.0,Sandy Loam,HIGH_RISK,4
Matched_NonEvent_DryControl,CONTROL_DRY_7833,47.91,-122.3209,2015-09-30,1472.3,6.9,0.0,0.0,0.0,0.0,25.9,19.3,61.0,5.6,1014.0,Laterite,SAFE,5
waff,GLC_1000,35.3561,-85.2314,04/08/2009,1215.5,0.26,1.87,0.0,0.0,3.4,37.0,13.4,51.0,11.9,938.8,Sandy Loam,HIGH_RISK,6
Matched_NonEvent_DryControl,CONTROL_DRY_4332,1.7519,-75.5829,2011-10-25,968.2,15.09,15.79,0.0,2.3,28.7,47.4,23.9,90.0,1.6,936.2,Sandy Loam,SAFE,7
thehimalayantimes,GLC_2371,27.59,86.1,09/02/2010,1040.5,31.06,27.83,0.8,12.5,50.6,42.8,19.2,95.0,0.4,843.9,Laterite,HIGH_RISK,8
Matched_NonEvent_DryControl,CONTROL_DRY_2570,24.837,93.9128,2010-04-11,981.0,9.91,0.0,0.0,0.0,0.0,32.2,18.7,93.0,5.2,916.8,Colluvium,SAFE,9
Matched_NonEvent_DryControl,CONTROL_DRY_8339,26.1666,91.7042,2015-03-27,1025.4,14.85,0.55,0.0,0.4,1.0,27.9,21.2,87.0,1.9,986.9,Residual Soil,SAFE,10
Matched_NonEvent_DryControl,CONTROL_DRY_6683,13.5461,-89.0401,2014-04-18,513.1,12.6,0.7,0.0,0.7,1.1,20.0,28.9,66.0,10.9,986.3,Sandy Loam,SAFE,1
spokesman,GLC_3497,46.8077,-120.9174,05/15/2011,1431.2,0.8,46.1,0.0,46.1,47.8,41.8,9.2,71.0,13.7,933.9,Residual Soil,HIGH_RISK,2
Matched_NonEvent_DryControl,CONTROL_DRY_10295,38.8301,-81.7635,2016-09-02,1423.9,14.85,1.32,0.0,0.0,2.4,27.3,23.3,51.0,13.3,992.3,Colluvium,SAFE,3
Matched_NonEvent_DryControl,CONTROL_DRY_2870,40.7659,-123.1034,2010-06-22,1107.3,23.74,0.0,0.0,0.0,0.0,31.2,28.5,31.0,6.7,963.3,Laterite,SAFE,4
Matched_NonEvent_FlatControl,CONTROL_FLAT_1698,-22.8599,-43.138,04/06/2010,50.0,11.2,54.4,4.5,54.4,85.9,43.0,19.8,91.0,27.4,999.6,Clay Loam,SAFE,5
canmoreleader,GLC_700,51.417,-116.4484,08/09/2008,1706.4,0.97,2.0,1.5,2.0,2.3,14.5,19.8,66.0,7.9,873.9,Weathered Granite,HIGH_RISK,6
Matched_NonEvent_DryControl,CONTROL_DRY_1856,50.581,-1.2974,2009-11-12,1316.1,8.3,10.3,0.0,10.3,16.8,40.1,12.0,86.0,30.7,981.9,Colluvium,SAFE,7
Matched_NonEvent_DryControl,CONTROL_DRY_10280,40.1714,-80.2083,2016-07-23,1506.5,12.91,2.5,0.9,2.5,3.6,37.0,26.8,83.0,5.0,971.0,Clay Loam,SAFE,8
Matched_NonEvent_DryControl,CONTROL_DRY_11076,-36.8979,174.6562,2016-09-12,398.3,2.31,0.0,0.0,0.0,0.0,32.3,15.3,59.0,13.2,1024.9,Laterite,SAFE,9
Matched_NonEvent_FlatControl,CONTROL_FLAT_9423,18.2002,-76.2494,04/21/2016,50.0,6.0,29.8,0.8,29.8,32.4,41.2,23.4,92.0,14.8,983.3,Laterite,SAFE,10
thenews,GLC_3796,17.9484,-96.1674,07/17/2011,364.3,1.92,75.46,1.4,55.6,137.2,49.4,28.2,80.0,5.9,1006.7,Residual Soil,HIGH_RISK,1
nbcdfw,GLC_1256,32.5383,-96.9854,10/12/2009,957.1,0.6,7.7,0.0,7.7,10.9,48.4,18.9,84.0,8.3,987.9,Colluvium,HIGH_RISK,2
slidingthought.wordpress,GLC_1063,48.5608,-120.7708,07/29/2009,1520.3,9.88,0.17,0.0,0.0,0.3,27.0,26.4,35.0,4.2,883.4,Sandy Loam,HIGH_RISK,3
bclocalnews,GLC_2814,48.4529,-123.4721,12/12/2010,1487.9,10.86,53.5,0.2,53.5,63.1,41.5,9.9,96.0,16.1,1003.6,Weathered Granite,HIGH_RISK,4
Matched_NonEvent_FlatControl,CONTROL_FLAT_10299,38.3097,-81.1466,05/12/2017,995.0,10.0,19.41,1.0,11.0,35.3,43.8,13.2,100.0,12.5,979.3,Colluvium,SAFE,5
www.eveningtelegraph.co.uk,GLC_5733,56.4679,-2.9977,12/29/2013,1593.4,4.86,10.51,1.1,2.2,19.1,41.9,4.8,90.0,21.8,990.4,Clay Loam,HIGH_RISK,6
Matched_NonEvent_FlatControl,CONTROL_FLAT_5120,6.1413,116.7254,07/16/2013,1365.3,10.1,27.78,0.0,3.1,50.5,41.0,17.3,88.0,1.6,877.5,Laterite,SAFE,7
Matched_NonEvent_DryControl,CONTROL_DRY_5478,40.4431,-111.7061,2013-03-11,1205.1,22.57,3.35,0.0,0.0,6.1,28.4,5.6,60.0,10.4,826.4,Sandy Loam,SAFE,8
Matched_NonEvent_DryControl,CONTROL_DRY_2845,-8.1578,115.113,2010-06-16,1043.2,3.12,18.0,0.0,18.0,30.9,28.5,23.1,95.0,3.3,986.9,Clay Loam,SAFE,9
Matched_NonEvent_DryControl,CONTROL_DRY_9990,-36.9567,175.2344,2017-01-02,395.5,11.69,4.35,0.3,3.1,7.9,33.5,22.2,82.0,24.9,1007.9,Laterite,SAFE,10
Matched_NonEvent_FlatControl,CONTROL_FLAT_9960,28.0939,83.9557,09/03/2016,635.2,5.7,117.8,0.0,117.8,136.0,42.6,19.8,96.0,4.4,871.3,Clay Loam,SAFE,1
Matched_NonEvent_FlatControl,CONTROL_FLAT_7329,32.1775,77.4946,08/18/2015,774.8,5.9,10.18,0.0,1.5,18.5,42.1,16.8,80.0,3.5,823.0,Weathered Granite,SAFE,2
fortunatimes.com,GLC_2691,9.4425,-83.6293,11/04/2010,664.2,30.08,165.17,4.2,137.3,300.3,43.8,18.3,99.0,2.6,877.7,Sandy Loam,HIGH_RISK,3
Sky News,GLC_2033,25.6875,-100.487,07/02/2010,579.5,2.72,169.34,0.1,42.4,307.9,40.8,25.7,87.0,12.3,928.5,Colluvium,HIGH_RISK,4
Matched_NonEvent_DryControl,CONTROL_DRY_6881,42.3377,23.0879,2014-09-18,1147.8,12.72,2.04,0.0,0.0,3.7,32.9,14.3,70.0,3.1,950.0,Laterite,SAFE,5
Matched_NonEvent_DryControl,CONTROL_DRY_277,14.6229,-90.5316,2007-03-26,474.2,2.96,0.0,0.0,0.0,0.0,25.7,25.5,28.0,9.7,852.0,Weathered Granite,SAFE,6
El Heraldo,GLC_7468,14.0592,-87.155,06/13/2015,468.6,3.84,48.79,0.2,28.8,88.7,42.6,22.0,93.0,2.9,888.0,Residual Soil,HIGH_RISK,7
Matched_NonEvent_DryControl,CONTROL_DRY_4291,41.88,-124.1308,2011-10-02,1152.7,14.68,4.4,0.3,4.4,5.0,24.3,15.0,87.0,26.0,1006.7,Colluvium,SAFE,8
forargyll.com,GLC_4086,56.228,-4.8572,12/05/2011,1562.8,12.37,8.63,0.1,1.9,15.7,71.3,-0.1,97.0,11.4,966.5,Residual Soil,HIGH_RISK,9
laht.com,GLC_1363,-11.9009,-76.6643,02/15/2009,1661.7,12.01,22.06,0.4,10.0,40.1,44.4,18.1,94.0,5.7,898.6,Clay Loam,HIGH_RISK,10
Matched_NonEvent_DryControl,CONTROL_DRY_10697,20.0412,-155.3717,2016-03-18,851.7,7.73,20.19,0.7,2.1,36.7,41.4,20.0,82.0,9.9,990.8,Clay Loam,SAFE,1
Matched_NonEvent_FlatControl,CONTROL_FLAT_5071,39.0259,-104.7862,07/10/2013,794.4,6.9,5.17,1.1,4.4,9.4,22.1,24.2,43.0,7.3,802.6,Weathered Granite,SAFE,2
Matched_NonEvent_DryControl,CONTROL_DRY_1384,33.0289,74.9489,2009-07-07,1200.9,29.29,0.0,0.0,0.0,0.0,17.3,17.6,49.0,4.7,818.0,Clay Loam,SAFE,3
Matched_NonEvent_FlatControl,CONTROL_FLAT_1022,37.6014,-82.7336,05/08/2009,943.7,4.3,19.64,0.0,5.1,35.7,40.3,22.1,83.0,12.2,968.8,Clay Loam,SAFE,4
Matched_NonEvent_FlatControl,CONTROL_FLAT_3631,47.9351,-113.8649,06/19/2011,1149.1,8.7,11.17,0.2,5.3,20.3,39.4,14.7,75.0,5.9,909.5,Clay Loam,SAFE,5
Matched_NonEvent_FlatControl,CONTROL_FLAT_6535,34.5999,-119.7038,12/12/2014,424.0,6.2,42.9,0.1,42.9,43.3,39.4,14.2,79.0,13.1,1005.5,Laterite,SAFE,6
dailyinterlake,GLC_3631,47.7851,-114.0149,06/19/2011,1549.1,16.88,11.17,0.2,5.3,20.3,39.4,14.7,75.0,5.9,909.5,Clay Loam,HIGH_RISK,7
Matched_NonEvent_FlatControl,CONTROL_FLAT_10209,38.7899,-122.6074,01/10/2017,604.4,10.1,85.64,1.9,45.0,155.7,43.9,12.4,97.0,21.2,995.8,Residual Soil,SAFE,8
Matched_NonEvent_FlatControl,CONTROL_FLAT_4574,51.5012,-2.8235,09/26/2012,937.8,10.0,17.49,0.0,7.2,31.8,45.6,10.3,89.0,21.3,998.1,Colluvium,SAFE,9
Matched_NonEvent_FlatControl,CONTROL_FLAT_1384,33.1789,75.0989,01/03/2010,800.9,7.3,5.3,0.0,5.3,5.3,31.6,-3.0,81.0,5.9,820.9,Clay Loam,SAFE,10
Matched_NonEvent_DryControl,CONTROL_DRY_4481,30.6594,79.5605,2012-02-19,1128.6,42.76,4.4,0.3,4.4,4.5,33.8,-8.1,68.0,4.3,680.8,Laterite,SAFE,1
Matched_NonEvent_FlatControl,CONTROL_FLAT_4345,24.9621,113.7477,05/02/2012,776.6,6.8,18.98,0.0,8.2,34.5,46.9,23.3,97.0,3.7,998.2,Weathered Granite,SAFE,2
GMA News,GLC_1068,14.6046,121.1751,07/31/2009,742.0,2.71,22.99,0.6,18.5,41.8,45.2,24.0,95.0,6.5,976.8,Clay Loam,HIGH_RISK,3
The Herald,GLC_7833,47.91,-122.3209,03/28/2016,1472.3,6.9,10.89,0.0,0.3,19.8,39.5,10.5,59.0,11.5,1022.0,Laterite,HIGH_RISK,4
Latin American Herald Tribune,GLC_1465,-1.3833,-78.3167,02/03/2010,1152.3,42.8,17.44,0.5,15.1,31.7,44.2,16.5,91.0,2.0,782.2,Laterite,HIGH_RISK,5
Matched_NonEvent_DryControl,CONTROL_DRY_2814,48.4529,-123.4721,2010-06-15,1487.9,10.86,2.9,0.2,2.9,2.9,32.5,13.3,78.0,4.7,1009.5,Weathered Granite,SAFE,6
The Williams Lake Tribune,GLC_9844,51.9769,-122.2793,06/19/2017,1676.1,14.36,0.0,0.0,0.0,0.0,13.9,21.2,44.0,10.1,956.9,Weathered Granite,HIGH_RISK,7
Matched_NonEvent_FlatControl,CONTROL_FLAT_3761,31.6233,-110.1975,07/11/2011,370.2,6.4,7.9,0.0,7.9,13.1,28.1,23.7,55.0,7.6,842.3,Colluvium,SAFE,8
Matched_NonEvent_DryControl,CONTROL_DRY_238,40.4613,-106.8295,2007-03-10,1254.8,12.04,6.8,0.2,6.8,12.3,32.3,2.3,87.0,6.6,793.5,Clay Loam,SAFE,9
seattlepi,GLC_3401,47.9151,-122.4112,04/23/2011,1471.6,15.18,2.75,0.0,0.0,5.0,33.3,16.1,34.0,3.1,1004.5,Laterite,HIGH_RISK,10
Matched_NonEvent_FlatControl,CONTROL_FLAT_10211,38.7406,-122.8083,01/22/2017,599.9,11.0,44.6,1.6,44.6,73.8,43.4,7.8,100.0,7.9,985.2,Sandy Loam,SAFE,1
Matched_NonEvent_DryControl,CONTROL_DRY_7126,33.8996,70.1048,2014-10-25,1196.0,2.08,5.61,0.0,1.7,10.2,19.4,10.8,75.0,2.5,830.8,Weathered Granite,SAFE,2
Matched_NonEvent_DryControl,CONTROL_DRY_1988,18.7624,73.3747,2009-12-17,471.9,34.31,0.1,0.0,0.1,0.1,25.3,17.3,98.0,3.8,954.4,Laterite,SAFE,3
Philippine Star,GLC_7395,11.2529,124.9736,03/17/2011,612.4,0.94,18.92,0.4,1.0,34.4,42.9,24.1,92.0,10.1,1011.3,Clay Loam,HIGH_RISK,4
Thanh Nien News,GLC_7301,21.0893,107.4603,07/28/2015,929.1,17.94,122.1,2.4,37.9,222.0,37.0,25.1,90.0,14.1,998.3,Colluvium,HIGH_RISK,5
Matched_NonEvent_FlatControl,CONTROL_FLAT_3298,38.6537,-122.8455,03/25/2011,595.2,9.4,35.91,0.2,9.4,65.3,41.5,11.5,66.0,15.0,1008.6,Sandy Loam,SAFE,6
Matched_NonEvent_DryControl,CONTROL_DRY_6675,13.4379,-88.2756,2013-11-23,510.9,24.67,6.0,0.0,6.0,6.9,45.5,16.4,84.0,3.1,823.4,Sandy Loam,SAFE,7
wbir,GLC_3339,35.8473,-83.5703,04/05/2011,1256.7,5.61,20.9,0.0,20.9,21.2,41.4,11.5,34.0,15.8,977.9,Sandy Loam,HIGH_RISK,8
Matched_NonEvent_DryControl,CONTROL_DRY_2900,-21.1313,148.4943,2010-06-28,728.4,8.07,0.0,0.0,0.0,0.0,37.5,16.6,90.0,5.8,941.8,Laterite,SAFE,9
Matched_NonEvent_FlatControl,CONTROL_FLAT_3181,40.5427,-79.9591,03/08/2011,1118.5,8.3,17.77,0.0,0.0,32.3,47.5,7.2,52.0,12.9,993.2,Residual Soil,SAFE,10
Matched_NonEvent_FlatControl,CONTROL_FLAT_9810,36.92,-83.5621,05/19/2017,901.4,6.5,14.1,0.0,14.1,20.9,36.2,24.9,80.0,5.2,976.5,Weathered Granite,SAFE,1
CBS Pittsburgh,GLC_10262,40.224,-79.9593,05/01/2017,1511.6,2.89,12.3,0.0,12.3,18.4,49.1,19.4,70.0,20.5,963.4,Sandy Loam,HIGH_RISK,2
maps.google.com,GLC_1735,-22.8929,-43.1124,04/06/2010,375.8,12.97,67.8,1.9,67.8,107.0,43.0,20.2,92.0,10.4,1006.5,Laterite,HIGH_RISK,3
Matched_NonEvent_FlatControl,CONTROL_FLAT_6819,37.7822,-81.9427,03/04/2015,960.7,7.7,31.6,1.5,31.6,40.0,42.7,5.4,100.0,13.2,970.7,Colluvium,SAFE,4
Matched_NonEvent_DryControl,CONTROL_DRY_7639,6.0462,116.5964,2014-10-12,1768.3,12.68,13.81,0.0,9.7,25.1,40.6,14.2,97.0,3.9,808.7,Clay Loam,SAFE,5
Matched_NonEvent_DryControl,CONTROL_DRY_6916,5.9681,-76.0113,2014-11-19,761.7,25.99,10.12,0.4,7.9,18.4,42.3,16.3,100.0,1.1,820.2,Sandy Loam,SAFE,6
Matched_NonEvent_DryControl,CONTROL_DRY_3860,25.4192,94.108,2011-01-30,1012.0,9.97,0.0,0.0,0.0,0.0,36.9,8.5,69.0,4.7,859.7,Colluvium,SAFE,7
Matched_NonEvent_FlatControl,CONTROL_FLAT_1735,-22.7429,-42.9624,04/06/2010,50.0,11.4,67.8,1.9,67.8,107.0,43.0,20.2,92.0,10.4,1006.5,Laterite,SAFE,8
Matched_NonEvent_DryControl,CONTROL_DRY_9967,43.6586,-72.3411,2017-01-02,1759.5,7.97,0.66,0.0,0.0,1.2,24.3,-2.0,78.0,7.2,1018.4,Sandy Loam,SAFE,9
Source: Matthew Crawford (KGS),GLC_1022,37.4514,-82.8836,05/08/2009,1343.7,14.16,19.64,0.0,5.1,35.7,40.3,22.1,83.0,12.2,968.8,Clay Loam,HIGH_RISK,10
Matched_NonEvent_DryControl,CONTROL_DRY_1432,33.6024,-117.4532,2009-07-25,805.6,6.76,0.0,0.0,0.0,0.0,9.8,30.1,45.0,8.9,961.3,Laterite,SAFE,1
SKNVibes,GLC_9445,17.3171,-62.796,08/04/2016,537.9,19.97,4.2,0.2,4.2,5.2,32.4,28.0,79.0,37.1,1012.9,Laterite,HIGH_RISK,2
Matched_NonEvent_DryControl,CONTROL_DRY_5077,38.8634,-104.917,2013-01-11,1194.0,7.08,0.0,0.0,0.0,0.0,30.6,-5.1,33.0,18.4,786.2,Weathered Granite,SAFE,3
Estrella de Panama,GLC_6701,9.1139,-79.5626,09/14/2014,639.9,3.81,18.15,0.5,10.1,33.0,43.1,24.0,99.0,4.3,994.5,Residual Soil,HIGH_RISK,4
email.brudirect,GLC_3126,4.9726,115.0182,02/16/2011,1698.8,9.53,16.0,0.0,16.0,23.8,48.1,23.5,94.0,3.7,1007.2,Laterite,HIGH_RISK,5
Matched_NonEvent_FlatControl,CONTROL_FLAT_1195,35.8602,-83.4054,09/26/2009,850.0,4.6,29.7,10.1,29.7,33.6,50.0,17.1,100.0,6.9,919.4,Clay Loam,SAFE,6
Matched_NonEvent_DryControl,CONTROL_DRY_814,14.675,121.15,2008-03-28,745.2,1.18,5.56,0.0,0.0,10.1,37.3,24.8,91.0,5.5,989.0,Clay Loam,SAFE,7
Matched_NonEvent_FlatControl,CONTROL_FLAT_3893,15.8567,74.1051,08/07/2011,50.0,9.4,42.74,0.6,31.6,77.7,45.0,24.4,96.0,9.4,1003.5,Clay Loam,SAFE,8
Matched_NonEvent_DryControl,CONTROL_DRY_4338,53.308,-0.9319,2011-10-30,1456.1,2.29,1.1,0.0,0.0,2.0,28.5,12.7,94.0,16.6,1012.1,Sandy Loam,SAFE,9
www.irishexaminer.com,GLC_5740,52.267,-7.1194,12/31/2013,1342.2,21.12,17.44,0.0,8.8,31.7,40.6,7.0,77.0,27.8,986.7,Residual Soil,HIGH_RISK,10
Matched_NonEvent_DryControl,CONTROL_DRY_434,53.792,-2.2389,2007-07-26,1467.2,1.33,16.6,0.0,16.6,21.1,42.2,12.6,92.0,22.9,986.0,Weathered Granite,SAFE,1
Brattleboro Reformer,GLC_9996,43.1059,-72.4445,06/19/2017,1730.9,11.14,10.3,1.1,10.3,11.6,26.8,21.7,100.0,13.7,990.8,Sandy Loam,HIGH_RISK,2
Matched_NonEvent_FlatControl,CONTROL_FLAT_2180,13.0215,75.0362,07/31/2010,1292.4,6.2,60.17,1.2,25.5,109.4,40.0,23.3,96.0,4.2,1006.7,Residual Soil,SAFE,3
Matched_NonEvent_FlatControl,CONTROL_FLAT_2371,27.74,86.25,09/02/2010,640.5,10.5,27.83,0.8,12.5,50.6,42.8,19.2,95.0,0.4,843.9,Laterite,SAFE,4
KOIN,GLC_6866,45.5271,-122.7048,03/15/2015,1349.3,14.91,38.4,0.0,38.4,61.2,41.1,12.1,75.0,35.8,995.4,Laterite,HIGH_RISK,5
Matched_NonEvent_DryControl,CONTROL_DRY_5027,35.6425,-82.5264,2013-01-05,1256.9,1.21,0.17,0.0,0.0,0.3,45.3,3.8,65.0,4.8,942.4,Clay Loam,SAFE,6
Matched_NonEvent_DryControl,CONTROL_DRY_9318,30.7007,77.8644,2015-11-25,1113.7,26.84,0.0,0.0,0.0,0.0,15.5,6.7,55.0,2.9,791.5,Colluvium,SAFE,7
Matched_NonEvent_FlatControl,CONTROL_FLAT_9640,47.417,-122.1125,10/18/2016,1040.7,10.6,13.81,0.1,8.4,25.1,41.4,12.5,83.0,14.1,1014.6,Laterite,SAFE,8
Matched_NonEvent_DryControl,CONTROL_DRY_9897,33.0815,75.2975,2017-01-01,1207.0,15.08,0.3,0.0,0.3,0.3,37.9,3.0,67.0,4.1,824.7,Sandy Loam,SAFE,9
Matched_NonEvent_FlatControl,CONTROL_FLAT_6092,12.5006,-84.6589,06/23/2014,130.6,9.2,15.51,0.1,12.8,28.2,42.1,22.2,99.0,10.5,971.0,Laterite,SAFE,10
Matched_NonEvent_DryControl,CONTROL_DRY_10703,-18.0952,178.44,2016-06-18,1179.6,6.42,6.16,0.2,4.5,11.2,29.7,25.0,89.0,16.9,1000.5,Laterite,SAFE,1
Online Khabar,GLC_8899,27.4159,87.6909,07/10/2016,1047.7,47.35,31.02,2.8,26.3,56.4,42.9,23.0,98.0,0.5,897.4,Weathered Granite,HIGH_RISK,2
Matched_NonEvent_DryControl,CONTROL_DRY_10299,38.1597,-81.2966,2016-11-13,1395.0,29.21,0.0,0.0,0.0,0.0,31.1,8.3,68.0,4.6,990.0,Colluvium,SAFE,3
Matched_NonEvent_FlatControl,CONTROL_FLAT_10280,40.3214,-80.0583,01/19/2017,1106.5,7.0,6.99,0.0,0.0,12.7,48.1,3.8,85.0,5.0,969.7,Clay Loam,SAFE,4
Philippine Information Agency,GLC_9485,16.9897,120.7538,08/16/2016,857.0,10.98,31.79,0.0,19.3,57.8,42.4,23.7,90.0,5.5,940.6,Laterite,HIGH_RISK,5
articles.timesofindia,GLC_3917,31.7077,76.9313,08/13/2011,1154.7,3.32,52.4,2.3,52.4,74.7,43.9,21.5,90.0,4.8,922.0,Sandy Loam,HIGH_RISK,6
seattletimes.nwsource,GLC_3209,47.7929,-122.3899,03/13/2011,1465.7,25.53,14.14,0.5,10.2,25.7,42.5,8.6,81.0,21.5,994.0,Weathered Granite,HIGH_RISK,7
Matched_NonEvent_DryControl,CONTROL_DRY_4677,-0.8021,100.6444,2012-06-27,1266.3,0.36,2.48,0.0,2.4,4.5,24.1,22.3,90.0,3.1,968.2,Laterite,SAFE,8
Matched_NonEvent_FlatControl,CONTROL_FLAT_2845,-8.0078,115.263,12/13/2010,643.2,9.9,39.71,0.8,28.5,72.2,32.6,23.4,99.0,6.7,983.9,Clay Loam,SAFE,9
News Hub,GLC_11086,-37.8399,177.5959,11/11/2016,416.0,4.63,33.4,3.7,33.4,33.4,43.7,15.3,99.0,23.1,1000.1,Laterite,HIGH_RISK,10
India Times,GLC_9924,32.2619,78.0685,07/02/2017,1193.8,6.42,7.26,0.0,0.3,13.2,36.0,4.2,56.0,1.4,610.3,Sandy Loam,HIGH_RISK,1
Matched_NonEvent_DryControl,CONTROL_DRY_5206,0.4257,123.2322,2013-01-27,1553.6,5.15,23.27,0.2,22.3,42.3,41.6,22.9,95.0,4.0,977.0,Weathered Granite,SAFE,2
Matched_NonEvent_DryControl,CONTROL_DRY_10489,50.1952,-119.4931,2016-11-15,1614.8,21.76,8.9,0.0,8.9,15.6,35.2,7.2,84.0,3.6,954.6,Sandy Loam,SAFE,3
antaranews,GLC_4303,-17.9392,178.2452,04/01/2012,1185.5,12.17,75.35,0.9,24.0,137.0,51.4,24.1,100.0,15.1,979.4,Weathered Granite,HIGH_RISK,4
tv.repubblica,GLC_2674,44.1473,9.8792,10/31/2010,1106.2,8.47,80.2,2.4,80.2,81.8,42.8,14.8,95.0,17.4,984.7,Weathered Granite,HIGH_RISK,5
news.oneindia,GLC_2034,26.8712,88.3052,07/04/2010,1026.6,28.81,52.53,1.0,10.1,95.5,43.0,20.2,100.0,0.0,886.0,Clay Loam,HIGH_RISK,6
Matched_NonEvent_FlatControl,CONTROL_FLAT_225,25.1031,-107.472,09/02/2007,71.4,4.7,0.72,0.5,0.5,1.3,29.5,33.2,61.0,5.9,998.2,Clay Loam,SAFE,7
articles.timesofindia.indiatimes.com,GLC_5054,31.7018,76.9424,07/07/2013,1154.5,18.76,101.75,6.9,56.3,185.0,43.9,22.9,99.0,3.9,918.6,Clay Loam,HIGH_RISK,8
Matched_NonEvent_FlatControl,CONTROL_FLAT_1833,38.765,-82.3335,05/03/2010,1005.9,7.4,37.3,0.0,37.3,64.7,39.6,22.1,61.0,8.5,979.6,Clay Loam,SAFE,9
Matched_NonEvent_DryControl,CONTROL_DRY_3795,16.1863,-95.1924,2011-01-18,442.6,5.94,0.0,0.0,0.0,0.0,14.1,25.7,74.0,16.8,998.3,Colluvium,SAFE,10
Matched_NonEvent_FlatControl,CONTROL_FLAT_2216,36.8067,75.0109,08/06/2010,981.4,9.9,1.98,0.0,1.4,3.6,33.2,10.1,98.0,2.3,704.2,Clay Loam,SAFE,1
Matched_NonEvent_DryControl,CONTROL_DRY_6022,34.0893,74.0241,2013-11-13,1244.7,25.03,0.06,0.0,0.0,0.1,35.7,2.1,75.0,6.9,862.0,Colluvium,SAFE,2
Matched_NonEvent_DryControl,CONTROL_DRY_3461,6.1994,124.8566,2010-11-05,358.5,14.8,17.55,0.0,16.3,31.9,41.0,22.8,95.0,6.0,945.6,Colluvium,SAFE,3
ocregister,GLC_1432,33.6024,-117.4532,01/21/2010,805.6,6.76,42.0,1.4,42.0,75.7,41.9,9.6,96.0,24.6,934.8,Laterite,HIGH_RISK,4
Matched_NonEvent_DryControl,CONTROL_DRY_2364,19.2179,73.1694,2010-03-03,492.6,0.6,0.0,0.0,0.0,0.0,22.2,20.8,90.0,1.5,1008.2,Weathered Granite,SAFE,5
Hindustan Times,GLC_4565,31.0226,77.1029,09/18/2012,1122.2,26.63,24.31,3.0,21.1,44.2,43.5,15.8,97.0,1.1,833.9,Clay Loam,HIGH_RISK,6
Matched_NonEvent_FlatControl,CONTROL_FLAT_2437,23.9027,92.844,09/16/2010,514.6,4.5,24.42,1.5,12.6,44.4,43.0,19.6,100.0,2.4,918.7,Colluvium,SAFE,7
Matched_NonEvent_DryControl,CONTROL_DRY_9267,27.8009,84.8423,2016-02-03,1038.5,26.33,0.0,0.0,0.0,0.0,23.6,13.5,70.0,3.3,974.9,Laterite,SAFE,8
Matched_NonEvent_DryControl,CONTROL_DRY_6638,46.9795,-123.8439,2014-07-10,1410.5,14.5,0.0,0.0,0.0,0.0,19.5,24.4,45.0,9.4,1008.7,Clay Loam,SAFE,9
Matched_NonEvent_FlatControl,CONTROL_FLAT_3134,37.0581,-121.4838,02/17/2011,529.1,9.1,22.06,1.8,17.5,40.1,41.2,8.9,90.0,16.3,1004.9,Weathered Granite,SAFE,10
q13,GLC_9640,47.267,-122.2625,10/18/2016,1440.7,27.65,13.81,0.1,8.4,25.1,41.4,12.5,83.0,14.1,1014.6,Laterite,HIGH_RISK,1
thejakartapost,GLC_4038,-6.9788,106.7018,11/04/2011,1018.1,9.43,16.39,0.5,9.6,29.8,49.9,20.3,91.0,3.6,993.6,Colluvium,HIGH_RISK,2
Matched_NonEvent_FlatControl,CONTROL_FLAT_2903,36.9742,-119.6347,12/26/2010,543.4,7.5,20.0,0.0,20.0,20.0,39.9,14.0,57.0,12.1,1012.6,Laterite,SAFE,3
Matched_NonEvent_DryControl,CONTROL_DRY_5600,15.1718,120.7653,2013-04-15,766.2,3.94,0.6,0.0,0.6,0.8,18.8,26.5,81.0,3.5,1008.0,Laterite,SAFE,4
Matched_NonEvent_DryControl,CONTROL_DRY_1480,34.2219,-118.2286,2009-08-10,828.8,6.79,0.0,0.0,0.0,0.0,11.5,30.4,32.0,10.7,958.4,Weathered Granite,SAFE,5
Matched_NonEvent_DryControl,CONTROL_DRY_2272,39.1905,-107.2301,2010-02-20,1187.2,29.7,14.6,0.6,14.6,23.6,30.8,-1.0,76.0,5.8,764.4,Laterite,SAFE,6
Matched_NonEvent_DryControl,CONTROL_DRY_3058,9.7177,124.3378,2010-07-29,529.3,5.73,43.0,1.3,43.0,70.4,45.7,20.9,94.0,3.8,927.3,Residual Soil,SAFE,7
Business Standard,GLC_6024,33.2394,75.2405,05/14/2014,1214.4,5.94,25.96,0.0,3.4,47.2,47.6,14.2,80.0,8.2,928.7,Residual Soil,HIGH_RISK,8
Philippine Information Agency,GLC_9484,16.9761,120.5281,08/16/2016,854.1,27.57,49.61,0.2,29.6,90.2,44.5,25.4,83.0,18.2,984.1,Laterite,HIGH_RISK,9
Matched_NonEvent_FlatControl,CONTROL_FLAT_3637,25.6661,94.3841,06/21/2011,618.1,10.4,28.33,0.2,17.0,51.5,45.4,18.3,99.0,2.5,833.4,Weathered Granite,SAFE,10
Matched_NonEvent_FlatControl,CONTROL_FLAT_9621,16.569,120.7332,10/10/2016,426.8,9.1,23.93,0.0,9.2,43.5,41.5,18.3,93.0,6.4,858.3,Laterite,SAFE,1
stuff,GLC_3426,-39.0412,177.4136,04/26/2011,477.9,0.26,67.5,0.0,67.5,104.6,41.4,14.5,96.0,22.5,1012.0,Laterite,HIGH_RISK,2
Matched_NonEvent_DryControl,CONTROL_DRY_1463,-0.7133,37.051,2009-08-05,634.8,17.7,2.25,0.0,1.6,4.1,22.2,13.9,82.0,3.5,848.4,Residual Soil,SAFE,3
pittsburghlive,GLC_3517,40.448,-80.0595,05/19/2011,1521.8,1.33,15.51,0.5,3.1,28.2,50.4,15.4,83.0,5.2,977.6,Colluvium,HIGH_RISK,4
eKantipur,GLC_6550,27.8609,85.7763,08/25/2014,1050.8,21.41,14.96,0.6,5.6,27.2,42.6,17.3,87.0,2.4,837.4,Sandy Loam,HIGH_RISK,5
Matched_NonEvent_DryControl,CONTROL_DRY_4308,-6.9959,107.5044,2011-10-08,1025.2,12.77,21.12,0.0,19.5,38.4,41.3,21.0,96.0,2.5,931.6,Weathered Granite,SAFE,6
Tempo,GLC_9570,-7.3627,108.5865,10/09/2016,1017.7,5.18,70.2,0.3,70.2,116.4,42.6,22.6,96.0,1.6,1008.5,Sandy Loam,HIGH_RISK,7
Matched_NonEvent_DryControl,CONTROL_DRY_1864,36.3085,74.8219,2009-11-16,1363.6,16.78,0.8,0.1,0.8,0.8,31.3,-10.6,85.0,2.2,751.6,Residual Soil,SAFE,8
Matched_NonEvent_FlatControl,CONTROL_FLAT_3981,15.9576,-91.1648,09/20/2011,50.0,7.8,52.2,0.7,52.2,78.7,43.0,18.5,99.0,4.5,852.5,Colluvium,SAFE,9
Matched_NonEvent_DryControl,CONTROL_DRY_7159,29.3908,79.4552,2015-01-11,1064.1,5.52,0.0,0.0,0.0,0.0,41.8,3.1,86.0,2.3,804.1,Weathered Granite,SAFE,10
tribune.com,GLC_1864,36.3085,74.8219,05/15/2010,1363.6,16.78,2.15,0.2,0.6,3.9,31.3,4.7,96.0,1.0,760.7,Residual Soil,HIGH_RISK,1
Matched_NonEvent_FlatControl,CONTROL_FLAT_411,-8.0455,111.2538,01/06/2008,601.3,7.3,11.55,0.5,7.0,21.0,42.6,24.5,91.0,17.3,1011.0,Residual Soil,SAFE,2
Daily World,GLC_11162,26.5664,93.132,07/09/2017,1059.6,3.3,71.9,0.4,71.9,125.7,51.5,24.4,99.0,7.2,995.6,Sandy Loam,HIGH_RISK,3
Matched_NonEvent_DryControl,CONTROL_DRY_3426,-39.0412,177.4136,2010-10-28,477.9,0.26,0.2,0.0,0.2,0.3,29.0,17.7,74.0,13.3,1030.9,Laterite,SAFE,4
KENS 5,GLC_9236,32.4399,-97.7881,06/03/2016,944.1,5.97,30.8,0.4,19.7,56.0,39.6,26.1,66.0,9.8,986.5,Sandy Loam,HIGH_RISK,5
maps.google.com,GLC_1713,-22.8887,-43.0783,04/06/2010,375.2,15.12,67.8,1.9,67.8,107.0,43.0,20.2,92.0,10.4,1005.2,Weathered Granite,HIGH_RISK,6
Viet Nam News,GLC_7690,20.8938,105.5845,08/15/2015,900.5,0.87,8.3,0.0,0.0,15.1,37.4,26.8,94.0,3.1,1003.1,Laterite,HIGH_RISK,7
Matched_NonEvent_DryControl,CONTROL_DRY_1718,-22.9766,-43.2903,2009-10-08,381.7,25.8,23.5,3.4,23.5,28.7,39.7,18.5,93.0,14.1,980.1,Clay Loam,SAFE,8
Matched_NonEvent_DryControl,CONTROL_DRY_5444,28.2632,83.3482,2013-03-07,1046.6,48.36,2.25,0.0,0.1,4.1,28.9,8.3,85.0,3.7,822.9,Residual Soil,SAFE,9
Matched_NonEvent_FlatControl,CONTROL_FLAT_3253,-22.4157,17.3189,03/19/2011,856.6,8.2,7.76,0.0,0.0,14.1,37.9,15.2,97.0,7.4,820.3,Sandy Loam,SAFE,10
www.deccanchronicle.com,GLC_5283,9.8539,76.9468,08/05/2013,1562.2,8.09,107.14,2.0,72.6,194.8,50.0,18.2,100.0,5.8,918.1,Weathered Granite,HIGH_RISK,1
Matched_NonEvent_DryControl,CONTROL_DRY_9592,43.486,-91.2132,2016-03-27,1562.2,4.29,1.1,0.0,1.1,1.5,43.2,8.7,73.0,15.3,991.2,Weathered Granite,SAFE,2
The Tribune,GLC_9940,26.2045,91.872,07/03/2017,1028.9,15.17,81.35,0.8,71.1,147.9,51.6,25.2,98.0,7.4,984.4,Residual Soil,HIGH_RISK,3
Matched_NonEvent_FlatControl,CONTROL_FLAT_3526,41.1533,-111.7157,05/22/2011,831.5,7.1,9.35,0.0,0.3,17.0,37.8,13.3,55.0,4.7,819.7,Sandy Loam,SAFE,4
Matched_NonEvent_FlatControl,CONTROL_FLAT_5733,56.6179,-2.8477,12/29/2013,1193.4,6.3,10.51,1.1,2.2,19.1,41.9,4.8,90.0,21.8,990.4,Clay Loam,SAFE,5
Matched_NonEvent_FlatControl,CONTROL_FLAT_10151,37.2304,-121.8283,01/09/2017,534.2,4.7,81.9,0.2,51.5,148.9,41.5,9.5,93.0,12.2,980.6,Laterite,SAFE,6
Matched_NonEvent_FlatControl,CONTROL_FLAT_7690,21.0438,105.7345,08/15/2015,500.5,11.9,8.3,0.0,0.0,15.1,37.4,26.8,94.0,3.1,1003.1,Laterite,SAFE,7
Matched_NonEvent_FlatControl,CONTROL_FLAT_7005,28.322,85.2352,06/25/2015,659.5,11.4,15.02,0.0,4.0,27.3,41.4,15.5,84.0,4.0,783.7,Colluvium,SAFE,8
"The Hindu, Bharat Press",GLC_7036,26.8352,88.1881,07/01/2015,1023.6,13.66,27.39,0.2,18.5,49.8,42.1,20.0,99.0,2.7,897.3,Laterite,HIGH_RISK,9
Matched_NonEvent_FlatControl,CONTROL_FLAT_2171,35.5026,75.0183,07/29/2010,916.3,4.9,25.91,0.9,11.1,47.1,66.1,18.7,98.0,2.7,786.8,Laterite,SAFE,10
Hawaii News Now,GLC_9498,20.8939,-156.6464,09/15/2016,821.8,35.0,1.54,0.1,0.3,2.8,25.5,27.3,64.0,24.3,965.3,Sandy Loam,HIGH_RISK,1
Matched_NonEvent_DryControl,CONTROL_DRY_5419,33.8426,-116.8648,2013-03-03,823.5,13.24,0.0,0.0,0.0,0.0,17.6,16.9,25.0,16.5,896.1,Residual Soil,SAFE,2
Matched_NonEvent_FlatControl,CONTROL_FLAT_10501,49.2791,-118.4979,04/14/2017,1170.0,5.1,13.48,0.2,0.9,24.5,40.4,8.5,42.0,13.1,914.1,Colluvium,SAFE,3
trinidadexpress,GLC_2670,11.2434,-60.7195,10/31/2010,345.0,6.42,21.56,0.1,21.4,39.2,41.2,26.0,86.0,25.6,985.5,Clay Loam,HIGH_RISK,4
Swiss Info,GLC_9346,46.9602,7.3968,05/14/2016,1222.0,4.15,33.33,0.5,19.4,60.6,42.1,6.9,91.0,5.6,950.7,Laterite,HIGH_RISK,5
Matched_NonEvent_FlatControl,CONTROL_FLAT_4139,33.3907,75.3873,01/12/2012,814.4,7.9,0.0,0.0,0.0,0.0,41.2,-2.2,36.0,7.9,936.0,Residual Soil,SAFE,6
Infralive,GLC_10016,12.824,75.2116,06/27/2017,1693.3,11.93,45.65,0.9,33.4,83.0,52.0,22.3,99.0,1.9,996.7,Residual Soil,HIGH_RISK,7
Matched_NonEvent_DryControl,CONTROL_DRY_4093,54.9992,-7.3305,2011-06-17,1476.7,9.51,9.4,0.1,9.4,14.6,38.6,10.7,94.0,3.2,990.4,Laterite,SAFE,8
Matched_NonEvent_DryControl,CONTROL_DRY_10727,11.3494,76.8495,2016-11-08,1636.0,29.53,1.7,0.0,1.7,1.7,37.1,18.0,96.0,4.0,901.2,Sandy Loam,SAFE,9
The Indian Express,GLC_9474,32.6987,75.0582,08/07/2016,1185.5,11.06,47.6,0.0,47.6,86.5,29.2,24.0,92.0,4.3,950.8,Colluvium,HIGH_RISK,10
Matched_NonEvent_FlatControl,CONTROL_FLAT_11129,10.1871,123.6295,01/13/2017,136.7,7.5,23.65,0.1,1.8,43.0,40.7,24.0,91.0,3.5,991.1,Weathered Granite,SAFE,1
KTNV,GLC_6507,36.0026,-114.8324,08/14/2014,951.8,36.44,0.61,0.0,0.0,1.1,2.9,35.9,22.0,17.1,926.7,Residual Soil,HIGH_RISK,2
Matched_NonEvent_DryControl,CONTROL_DRY_5283,9.8539,76.9468,2013-02-06,1562.2,8.09,1.4,0.0,1.4,1.4,29.4,19.9,83.0,3.2,920.7,Weathered Granite,SAFE,3
Matched_NonEvent_FlatControl,CONTROL_FLAT_7038,27.0281,88.4307,07/01/2015,626.7,10.6,26.4,0.2,26.4,47.3,42.3,17.9,100.0,2.5,845.7,Clay Loam,SAFE,4
Matched_NonEvent_FlatControl,CONTROL_FLAT_6446,38.5816,-105.9509,08/01/2014,760.6,6.8,12.98,1.3,9.7,23.6,40.5,13.6,75.0,5.4,750.3,Laterite,SAFE,5
Matched_NonEvent_DryControl,CONTROL_DRY_4038,-6.9788,106.7018,2011-05-08,1018.1,9.43,22.06,0.0,11.6,40.1,48.1,22.9,99.0,2.9,994.2,Colluvium,SAFE,6
Matched_NonEvent_DryControl,CONTROL_DRY_7262,33.7403,77.7559,2015-01-22,1264.6,28.18,2.59,0.3,2.1,4.7,10.3,-12.5,86.0,3.7,643.4,Weathered Granite,SAFE,7
Matched_NonEvent_FlatControl,CONTROL_FLAT_8339,26.3166,91.8542,09/23/2015,625.4,5.5,41.36,0.2,18.0,75.2,49.0,23.3,99.0,3.3,976.2,Residual Soil,SAFE,8
Matched_NonEvent_FlatControl,CONTROL_FLAT_10684,36.3795,-81.3494,03/30/2017,896.5,5.4,6.5,1.3,6.5,11.3,51.7,11.4,100.0,17.9,905.0,Sandy Loam,SAFE,9
Matched_NonEvent_FlatControl,CONTROL_FLAT_9485,17.1397,120.9038,08/16/2016,457.0,10.2,31.79,0.0,19.3,57.8,42.4,23.7,90.0,5.5,940.6,Laterite,SAFE,10
Matched_NonEvent_FlatControl,CONTROL_FLAT_9710,54.1357,-118.9865,06/09/2017,50.0,10.3,62.6,1.5,62.6,65.1,43.3,7.2,100.0,7.9,896.7,Colluvium,SAFE,1
Matched_NonEvent_FlatControl,CONTROL_FLAT_2570,24.987,94.0628,10/08/2010,581.0,9.0,39.05,1.7,27.2,71.0,46.9,18.1,100.0,5.5,914.0,Colluvium,SAFE,2
Matched_NonEvent_DryControl,CONTROL_DRY_1998,40.5494,45.6449,2009-12-20,1283.9,6.13,0.06,0.0,0.0,0.1,38.9,-1.5,86.0,6.0,858.8,Weathered Granite,SAFE,3
Matched_NonEvent_FlatControl,CONTROL_FLAT_6178,-7.1143,108.3536,07/24/2014,618.8,8.4,6.3,0.2,6.3,11.2,35.6,21.2,97.0,0.4,964.1,Residual Soil,SAFE,4
Matched_NonEvent_DryControl,CONTROL_DRY_1321,40.9792,39.7365,2009-05-25,1246.3,3.97,12.87,0.0,0.4,23.4,37.1,10.1,88.0,6.8,981.8,Residual Soil,SAFE,5
Matched_NonEvent_DryControl,CONTROL_DRY_4302,-16.6872,178.7081,2011-10-04,1252.7,4.65,2.7,0.0,1.8,4.9,40.3,28.8,73.0,15.5,1011.5,Residual Soil,SAFE,6
Matched_NonEvent_DryControl,CONTROL_DRY_9118,42.9646,-123.8241,2015-06-27,1210.0,21.14,0.1,0.0,0.1,0.1,16.5,32.5,38.0,7.6,991.4,Residual Soil,SAFE,7
Matched_NonEvent_DryControl,CONTROL_DRY_4417,52.2351,-10.2545,2011-12-20,1309.2,9.08,8.58,0.0,3.0,15.6,29.4,5.1,92.0,29.6,909.8,Laterite,SAFE,8
Matched_NonEvent_DryControl,CONTROL_DRY_2186,39.9243,-111.5443,2010-02-02,1180.8,8.85,0.06,0.0,0.0,0.1,24.0,4.8,40.0,3.3,830.0,Residual Soil,SAFE,9
Matched_NonEvent_DryControl,CONTROL_DRY_4059,39.1854,16.158,2011-05-27,920.8,15.19,17.77,0.0,3.8,32.3,40.3,11.9,99.0,3.9,904.2,Colluvium,SAFE,10
Matched_NonEvent_DryControl,CONTROL_DRY_9484,16.9761,120.5281,2016-02-18,854.1,27.57,2.31,0.0,0.1,4.2,28.5,21.3,93.0,4.1,995.9,Laterite,SAFE,1
Matched_NonEvent_FlatControl,CONTROL_FLAT_3058,9.8677,124.4878,01/25/2011,129.3,9.2,9.85,0.2,2.1,17.9,43.7,20.5,91.0,17.1,929.5,Residual Soil,SAFE,2
Nepal Mountain News,GLC_9985,28.1458,84.069,09/06/2016,1048.0,3.67,13.0,0.3,13.0,21.8,42.6,22.4,84.0,1.5,928.1,Residual Soil,HIGH_RISK,3
jhnewsandguide,GLC_6508,43.1888,-110.9541,08/14/2014,1349.9,36.2,0.17,0.0,0.0,0.3,18.3,24.1,45.0,4.0,828.7,Laterite,HIGH_RISK,4
Matched_NonEvent_FlatControl,CONTROL_FLAT_9346,47.1102,7.5468,05/14/2016,822.0,9.5,33.33,0.5,19.4,60.6,42.1,6.9,91.0,5.6,950.7,Laterite,SAFE,5
Matched_NonEvent_FlatControl,CONTROL_FLAT_7669,3.2925,101.9305,08/13/2015,1074.9,11.6,38.83,2.5,26.5,70.6,51.9,23.3,99.0,5.4,1004.9,Weathered Granite,SAFE,6
Go Blue Ridge,GLC_10684,36.2295,-81.4994,03/30/2017,1296.5,2.65,6.5,1.3,6.5,11.3,51.7,11.4,100.0,17.9,905.0,Sandy Loam,HIGH_RISK,7
Fronteras,GLC_6128,34.9098,-111.7268,07/07/2014,928.2,7.57,5.78,1.8,4.7,10.5,18.4,27.8,50.0,4.0,868.2,Clay Loam,HIGH_RISK,8
The Nelson Daily,GLC_10501,49.1291,-118.6479,04/14/2017,1570.0,23.96,13.48,0.2,0.9,24.5,40.4,8.5,42.0,13.1,914.1,Colluvium,HIGH_RISK,9
Matched_NonEvent_FlatControl,CONTROL_FLAT_3799,38.0978,-107.7048,07/18/2011,718.8,11.3,9.5,8.2,9.5,10.0,37.8,18.2,80.0,4.7,758.2,Weathered Granite,SAFE,10
Matched_NonEvent_FlatControl,CONTROL_FLAT_3382,48.139,-122.213,04/19/2011,1075.8,10.3,0.88,0.0,0.0,1.6,36.4,9.6,47.0,2.3,1012.1,Clay Loam,SAFE,1
Matched_NonEvent_FlatControl,CONTROL_FLAT_10502,48.7747,-117.9225,03/27/2017,1150.5,6.7,4.8,0.0,4.8,7.9,41.9,13.0,39.0,11.7,965.9,Laterite,SAFE,2
Matched_NonEvent_FlatControl,CONTROL_FLAT_6024,33.3894,75.3905,05/14/2014,814.4,8.0,25.96,0.0,3.4,47.2,47.6,14.2,80.0,8.2,928.7,Residual Soil,SAFE,3
Matched_NonEvent_DryControl,CONTROL_DRY_7686,17.1686,121.048,2015-02-14,868.9,31.84,3.96,0.4,3.6,7.2,43.8,20.4,98.0,4.7,929.8,Sandy Loam,SAFE,4
Matched_NonEvent_DryControl,CONTROL_DRY_391,11.3,-60.644,2007-06-14,341.4,4.57,13.0,0.1,13.0,22.5,26.7,26.4,82.0,19.8,1001.4,Sandy Loam,SAFE,5
Matched_NonEvent_FlatControl,CONTROL_FLAT_1807,36.1742,-86.7311,05/02/2010,832.4,4.6,45.8,4.4,45.8,58.4,45.1,20.6,100.0,6.0,978.5,Clay Loam,SAFE,6
Express Tribune,GLC_6334,36.2665,74.6006,09/11/2014,1359.3,20.5,2.48,0.0,1.3,4.5,36.7,3.9,99.0,3.8,759.9,Residual Soil,HIGH_RISK,7
post-gazette,GLC_3181,40.3927,-80.1091,03/08/2011,1518.5,12.18,17.77,0.0,0.0,32.3,47.5,7.2,52.0,12.9,993.2,Residual Soil,HIGH_RISK,8
Matched_NonEvent_FlatControl,CONTROL_FLAT_3226,-22.4314,17.2899,03/15/2011,857.7,10.5,16.23,0.0,7.8,29.5,40.4,16.6,96.0,4.2,832.3,Sandy Loam,SAFE,9
Rising Kashmir,GLC_6022,34.0893,74.0241,05/12/2014,1244.7,25.03,35.2,0.9,35.2,57.8,42.7,12.2,92.0,5.0,860.0,Colluvium,HIGH_RISK,10
Matched_NonEvent_FlatControl,CONTROL_FLAT_1465,-1.2333,-78.1667,02/03/2010,752.3,5.1,17.44,0.5,15.1,31.7,44.2,16.5,91.0,2.0,782.2,Laterite,SAFE,1
Matched_NonEvent_FlatControl,CONTROL_FLAT_4596,14.7354,121.2209,10/25/2012,340.0,8.0,32.5,0.0,32.5,43.4,42.4,25.5,86.0,16.0,1006.9,Laterite,SAFE,2
Matched_NonEvent_DryControl,CONTROL_DRY_1802,40.5531,46.0089,2009-11-03,1287.7,10.46,1.65,0.0,0.5,3.0,38.6,3.3,87.0,5.9,851.4,Weathered Granite,SAFE,3
Matched_NonEvent_FlatControl,CONTROL_FLAT_5621,-5.933,145.3167,11/02/2013,1047.5,11.3,19.75,0.8,13.2,35.9,42.7,17.2,100.0,1.6,836.8,Colluvium,SAFE,4
Matched_NonEvent_DryControl,CONTROL_DRY_1433,36.3969,-119.8086,2009-07-25,921.8,0.82,0.0,0.0,0.0,0.0,13.7,37.7,16.0,11.8,1002.3,Sandy Loam,SAFE,5
Connexion,GLC_6353,43.7276,7.2325,11/05/2014,1058.7,13.69,63.75,0.0,18.3,115.9,39.8,13.0,90.0,2.5,977.3,Colluvium,HIGH_RISK,6
Brighter Kashmir,GLC_10826,33.3369,75.1917,02/19/2017,1218.8,17.73,16.6,0.1,16.6,20.5,50.7,9.9,77.0,2.2,879.2,Colluvium,HIGH_RISK,7
UPI,GLC_2384,14.8231,-91.3227,09/04/2010,472.1,4.39,42.41,0.5,20.0,77.1,42.9,14.9,96.0,4.6,763.7,Laterite,HIGH_RISK,8
edition.cnn,GLC_3684,19.5426,-96.9137,07/01/2011,308.0,4.76,95.87,0.0,95.1,174.3,45.1,20.9,81.0,7.9,855.3,Laterite,HIGH_RISK,9
Matched_NonEvent_DryControl,CONTROL_DRY_49,49.2966,-123.1357,2006-09-29,1533.5,4.54,0.0,0.0,0.0,0.0,21.5,19.7,74.0,4.1,1013.6,Clay Loam,SAFE,10
Matched_NonEvent_DryControl,CONTROL_DRY_2914,7.9046,123.7227,2010-07-03,432.5,5.11,20.74,0.0,5.7,37.7,49.2,27.0,86.0,3.0,1009.2,Sandy Loam,SAFE,1
KVL,GLC_9038,44.137,-123.5991,12/10/2014,1270.9,5.4,22.6,5.2,22.6,31.2,43.8,12.3,100.0,26.7,980.2,Residual Soil,HIGH_RISK,2
Matched_NonEvent_FlatControl,CONTROL_FLAT_7150,37.4359,-83.0628,04/14/2015,932.2,5.2,30.7,0.0,30.7,30.8,41.5,12.0,97.0,11.8,981.3,Weathered Granite,SAFE,3
Matched_NonEvent_FlatControl,CONTROL_FLAT_1212,11.5977,75.9789,10/03/2009,1230.7,9.6,66.22,1.6,49.7,120.4,51.9,24.2,94.0,11.2,1006.6,Sandy Loam,SAFE,4
Matched_NonEvent_FlatControl,CONTROL_FLAT_627,47.69,-121.95,07/03/2008,1056.0,10.4,7.7,0.0,7.7,7.7,28.6,20.2,65.0,3.8,959.5,Residual Soil,SAFE,5
gocaribbean.about,GLC_2660,13.8491,-61.0656,10/31/2010,381.8,0.0,152.2,0.2,152.2,250.7,42.8,26.4,90.0,27.7,1011.5,Residual Soil,HIGH_RISK,6
pittsburghlive,GLC_3502,40.6573,-79.8375,05/17/2011,1534.5,14.95,16.72,0.0,11.1,30.4,45.1,14.1,97.0,13.4,966.8,Laterite,HIGH_RISK,7
Matched_NonEvent_FlatControl,CONTROL_FLAT_9309,25.7627,96.4461,05/23/2016,643.6,8.4,50.05,0.0,0.4,91.0,46.8,22.3,98.0,2.9,964.7,Sandy Loam,SAFE,8
anilnetto.com,GLC_5494,5.4661,100.2743,09/11/2013,1576.0,30.0,19.41,0.0,11.5,35.3,50.2,24.5,88.0,4.0,999.7,Sandy Loam,HIGH_RISK,9
Matched_NonEvent_DryControl,CONTROL_DRY_4565,31.0226,77.1029,2012-03-22,1122.2,26.63,4.51,0.0,0.0,8.2,23.2,5.6,90.0,5.4,831.3,Clay Loam,SAFE,10
Matched_NonEvent_FlatControl,CONTROL_FLAT_9592,43.636,-91.0632,09/23/2016,1162.2,10.2,11.33,0.1,0.8,20.6,39.5,19.8,83.0,13.0,997.0,Weathered Granite,SAFE,1
Matched_NonEvent_DryControl,CONTROL_DRY_2216,36.6567,74.8609,2010-02-07,1381.4,18.37,14.9,1.0,14.9,22.5,27.0,-9.3,82.0,1.8,677.0,Clay Loam,SAFE,2
Matched_NonEvent_DryControl,CONTROL_DRY_1197,-42.8216,147.185,2009-04-01,969.2,31.3,1.32,0.0,0.0,2.4,26.6,17.2,79.0,15.5,985.9,Residual Soil,SAFE,3
KPAX,GLC_6548,46.8875,-113.9251,08/21/2014,1505.1,11.23,6.4,3.3,6.4,6.5,15.6,22.0,44.0,6.5,902.7,Colluvium,HIGH_RISK,4
Matched_NonEvent_DryControl,CONTROL_DRY_5263,9.9995,77.0309,2013-02-05,1570.3,3.04,0.0,0.0,0.0,0.0,25.4,20.8,77.0,0.0,912.5,Clay Loam,SAFE,5
Matched_NonEvent_FlatControl,CONTROL_FLAT_1642,-22.5974,-43.9785,04/06/2010,50.0,11.1,48.8,2.6,48.8,75.3,49.4,17.1,90.0,10.5,954.2,Weathered Granite,SAFE,6
sbs,GLC_4583,1.8702,-76.2146,10/07/2012,968.6,25.97,42.08,0.5,21.1,76.5,42.0,16.8,96.0,2.1,849.9,Clay Loam,HIGH_RISK,7
Matched_NonEvent_FlatControl,CONTROL_FLAT_3190,41.6974,-75.9599,03/10/2011,1216.3,6.4,22.9,1.7,22.9,22.9,43.0,8.4,98.0,25.3,972.4,Clay Loam,SAFE,8
Dunoon Observer and Argyllshire Standard,GLC_6220,56.2456,-4.8841,10/06/2014,1563.4,15.82,29.6,0.0,29.6,43.2,73.3,4.5,97.0,6.6,977.9,Residual Soil,HIGH_RISK,9
The Press Democrat,GLC_10211,38.5906,-122.9583,01/22/2017,999.9,6.7,44.6,1.6,44.6,73.8,43.4,7.8,100.0,7.9,985.2,Sandy Loam,HIGH_RISK,10
news.kuwaittimes,GLC_4459,44.5558,38.063,07/12/2012,1408.4,4.18,0.83,0.0,0.0,1.5,24.2,20.8,98.0,5.4,1010.1,Clay Loam,HIGH_RISK,1
Matched_NonEvent_FlatControl,CONTROL_FLAT_6776,50.8901,-118.8725,02/16/2015,1246.8,10.3,2.42,0.0,0.0,4.4,38.7,5.4,64.0,2.3,984.5,Sandy Loam,SAFE,2
e-pao.net,GLC_3965,24.808,93.117,09/06/2011,971.6,2.13,26.9,0.5,11.1,48.9,42.9,23.5,100.0,2.9,998.1,Residual Soil,HIGH_RISK,3
Matched_NonEvent_DryControl,CONTROL_DRY_10225,39.3444,-122.6655,2016-07-12,1040.6,10.89,0.0,0.0,0.0,0.0,21.2,32.8,15.0,3.4,948.4,Colluvium,SAFE,4
maps.google.com,GLC_1698,-23.0099,-43.288,04/06/2010,383.4,13.81,54.4,4.5,54.4,85.9,43.0,19.8,91.0,27.4,999.6,Clay Loam,HIGH_RISK,5
Matched_NonEvent_DryControl,CONTROL_DRY_2713,15.4546,108.6849,2010-05-15,659.6,6.13,0.0,0.0,0.0,0.0,7.8,27.4,85.0,8.0,1005.4,Residual Soil,SAFE,6
Matched_NonEvent_FlatControl,CONTROL_FLAT_1063,48.7108,-120.6208,07/29/2009,1120.3,5.3,0.17,0.0,0.0,0.3,27.0,26.4,35.0,4.2,883.4,Sandy Loam,SAFE,7
Matched_NonEvent_DryControl,CONTROL_DRY_1900,40.7134,-111.8224,2009-11-25,1217.4,4.93,2.75,0.0,0.0,5.0,38.4,2.0,59.0,3.4,868.7,Weathered Granite,SAFE,8
eKantipur,GLC_7319,28.2887,83.8974,08/17/2015,1053.4,30.74,85.75,0.5,25.7,155.9,42.7,21.5,92.0,2.5,882.3,Colluvium,HIGH_RISK,9
Imphal Free Press,GLC_10963,23.335,92.8541,06/12/2017,895.3,32.5,169.0,10.1,169.0,237.1,43.0,20.7,100.0,9.7,907.8,Laterite,HIGH_RISK,10
Matched_NonEvent_FlatControl,CONTROL_FLAT_10648,61.9641,-147.3517,07/07/2017,50.0,6.3,12.0,0.1,12.0,17.3,28.6,16.2,52.0,3.3,921.1,Laterite,SAFE,1
Matched_NonEvent_FlatControl,CONTROL_FLAT_11162,26.7164,93.282,07/09/2017,659.6,8.4,71.9,0.4,71.9,125.7,51.5,24.4,99.0,7.2,995.6,Sandy Loam,SAFE,2
Matched_NonEvent_DryControl,CONTROL_DRY_9676,3.5887,125.4939,2015-12-25,1734.4,13.69,3.7,0.0,3.7,5.7,45.6,26.3,79.0,33.8,990.3,Residual Soil,SAFE,3
hisz.rsoe,GLC_4468,11.405,76.0376,07/22/2012,1630.6,8.14,25.52,0.3,18.4,46.4,51.5,23.7,97.0,6.5,1000.7,Sandy Loam,HIGH_RISK,4
Matched_NonEvent_DryControl,CONTROL_DRY_10297,38.1855,-81.3248,2016-10-07,1396.0,23.33,7.3,0.8,7.3,7.3,40.1,19.2,99.0,7.9,988.0,Colluvium,SAFE,5
Matched_NonEvent_DryControl,CONTROL_DRY_6548,46.8875,-113.9251,2014-02-22,1505.1,11.23,6.88,0.0,0.2,12.5,29.3,-3.3,50.0,5.2,899.9,Colluvium,SAFE,6
kashmirlive,GLC_1384,33.0289,74.9489,01/03/2010,1200.9,29.29,5.3,0.0,5.3,5.3,31.6,-3.0,81.0,5.9,820.9,Clay Loam,HIGH_RISK,7
Matched_NonEvent_FlatControl,CONTROL_FLAT_6615,4.6482,101.5447,12/30/2014,1138.9,10.5,24.91,0.0,1.7,45.3,47.6,15.1,92.0,2.9,843.4,Laterite,SAFE,8
Matched_NonEvent_DryControl,CONTROL_DRY_6493,47.803,-122.3941,2014-06-15,1466.2,12.05,10.56,0.5,10.2,19.2,37.0,15.7,76.0,9.4,1008.9,Weathered Granite,SAFE,9
Matched_NonEvent_DryControl,CONTROL_DRY_6163,39.0369,-119.722,2014-01-21,1054.6,1.03,0.0,0.0,0.0,0.0,35.8,11.5,31.0,2.3,860.8,Colluvium,SAFE,10
The Kathmandu Post,GLC_9919,28.2168,84.0062,06/30/2017,1050.9,20.24,46.64,2.4,31.0,84.8,43.0,22.6,97.0,5.7,901.5,Colluvium,HIGH_RISK,1
Oklahoma's Own,GLC_9123,36.0281,-94.9213,12/27/2015,1152.2,27.53,137.4,7.3,137.4,175.2,51.0,3.3,100.0,20.0,982.0,Weathered Granite,HIGH_RISK,2
Matched_NonEvent_DryControl,CONTROL_DRY_9710,53.9857,-119.1365,2016-12-11,307.9,11.45,0.0,0.0,0.0,0.0,30.6,-21.0,72.0,4.7,907.0,Colluvium,SAFE,3
Matched_NonEvent_FlatControl,CONTROL_FLAT_6550,28.0109,85.9263,08/25/2014,650.8,8.0,14.96,0.6,5.6,27.2,42.6,17.3,87.0,2.4,837.4,Sandy Loam,SAFE,4
gazette.com,GLC_5077,38.8634,-104.917,07/10/2013,1194.0,7.08,2.64,0.1,1.7,4.8,22.1,25.1,43.0,1.9,814.2,Weathered Granite,HIGH_RISK,5
Matched_NonEvent_DryControl,CONTROL_DRY_1421,37.1813,-121.9935,2009-07-24,939.1,10.88,0.0,0.0,0.0,0.0,19.9,22.3,52.0,9.1,986.2,Clay Loam,SAFE,6
Matched_NonEvent_FlatControl,CONTROL_FLAT_7230,33.248,-116.4968,07/19/2015,388.4,10.4,16.61,5.0,15.8,30.2,38.3,22.4,72.0,5.1,895.9,Sandy Loam,SAFE,7
Matched_NonEvent_DryControl,CONTROL_DRY_3930,7.8998,123.7741,2011-02-17,432.7,0.58,10.9,0.0,10.9,11.6,49.9,24.8,94.0,2.7,1007.3,Sandy Loam,SAFE,8
bonnercountydailybee,GLC_4297,48.3815,-116.3517,03/30/2012,1555.6,8.52,34.3,0.5,34.3,50.7,42.1,5.7,93.0,14.2,917.0,Weathered Granite,HIGH_RISK,9
Matched_NonEvent_DryControl,CONTROL_DRY_9996,43.1059,-72.4445,2016-12-21,1730.9,11.14,0.0,0.0,0.0,0.0,26.5,-1.5,76.0,7.5,1001.4,Sandy Loam,SAFE,10
The Earth Chronicles of Life,GLC_11104,-7.5424,110.446,10/26/2016,1027.3,25.96,26.7,0.1,26.7,37.1,45.7,7.6,98.0,0.8,720.9,Residual Soil,HIGH_RISK,1
Charleston Gazette,GLC_6823,38.1935,-81.3669,03/04/2015,1396.0,21.67,26.9,1.3,26.9,40.1,41.8,4.8,100.0,10.1,986.1,Colluvium,HIGH_RISK,2
Matched_NonEvent_FlatControl,CONTROL_FLAT_6725,1.0539,123.2463,01/18/2015,1176.2,8.8,45.1,0.2,12.6,82.0,42.7,25.0,98.0,3.1,1011.5,Colluvium,SAFE,3
Matched_NonEvent_FlatControl,CONTROL_FLAT_9382,-23.1289,-46.5892,03/10/2016,50.0,6.1,2.86,0.0,2.6,5.2,46.3,22.0,85.0,11.2,919.7,Clay Loam,SAFE,4
Kathmandu Post,GLC_9267,27.8009,84.8423,08/01/2016,1038.5,26.33,53.63,0.6,16.7,97.5,42.6,25.4,90.0,1.5,963.1,Laterite,HIGH_RISK,5
Matched_NonEvent_FlatControl,CONTROL_FLAT_1230,16.5516,120.7467,10/08/2009,426.0,6.5,405.1,10.1,405.1,640.3,42.8,15.0,95.0,24.2,846.4,Laterite,SAFE,6
www.wsls.com,GLC_4835,35.6194,-82.3219,05/06/2013,1257.8,2.95,48.13,0.0,40.9,87.5,47.5,14.0,58.0,10.5,926.1,Clay Loam,HIGH_RISK,7
Matched_NonEvent_DryControl,CONTROL_DRY_2586,47.2906,-122.4942,2010-04-13,1439.6,22.49,1.59,0.0,0.6,2.9,23.4,14.5,40.0,15.8,1008.7,Laterite,SAFE,8
Matched_NonEvent_DryControl,CONTROL_DRY_9520,18.142,-76.9107,2016-04-05,438.0,18.34,0.66,0.0,0.5,1.2,24.2,26.2,60.0,1.6,962.6,Laterite,SAFE,9
Indian Express,GLC_7837,23.7269,92.7265,08/27/2015,913.6,25.82,12.04,0.0,3.8,21.9,41.0,20.2,89.0,3.7,908.0,Residual Soil,HIGH_RISK,10
Matched_NonEvent_FlatControl,CONTROL_FLAT_4521,23.52,116.8535,08/29/2012,735.5,9.6,3.1,0.0,3.1,4.8,37.7,25.6,93.0,6.9,1006.0,Laterite,SAFE,1
Matched_NonEvent_FlatControl,CONTROL_FLAT_1828,37.4712,-82.1934,05/03/2010,942.6,6.4,22.5,0.0,22.5,28.8,39.4,22.6,73.0,5.5,977.8,Laterite,SAFE,2
Boise Weekly,GLC_10540,43.58,-116.1452,01/10/2017,1317.5,16.07,20.9,0.7,13.3,38.0,37.3,2.5,90.0,17.2,898.9,Weathered Granite,HIGH_RISK,3
SF Gate,GLC_10354,41.0583,-124.1432,03/23/2017,1111.5,11.13,26.57,0.2,0.9,48.3,39.8,11.7,64.0,17.5,1014.2,Sandy Loam,HIGH_RISK,4
Matched_NonEvent_FlatControl,CONTROL_FLAT_2585,47.5348,-122.3301,10/10/2010,1044.4,10.0,26.0,0.6,26.0,38.8,38.5,13.2,83.0,6.6,1019.1,Clay Loam,SAFE,5
Matched_NonEvent_DryControl,CONTROL_DRY_5921,-43.6069,172.7072,2013-09-06,753.3,22.92,3.85,0.0,0.0,7.0,26.6,13.2,69.0,12.4,1003.4,Residual Soil,SAFE,6
northernstar,GLC_2946,-28.6604,153.277,01/09/2011,399.8,4.3,40.98,1.5,30.0,74.5,42.9,22.9,100.0,14.9,998.2,Weathered Granite,HIGH_RISK,7
Matched_NonEvent_FlatControl,CONTROL_FLAT_7159,29.5408,79.6052,07/10/2015,664.1,7.3,38.94,0.0,35.4,70.8,50.0,16.5,98.0,0.5,801.0,Weathered Granite,SAFE,8
www.wchstv.com,GLC_5684,37.7786,-81.9395,12/10/2013,1369.5,22.62,23.82,0.0,9.6,43.3,39.6,-1.2,64.0,11.8,995.4,Weathered Granite,HIGH_RISK,9
Matched_NonEvent_FlatControl,CONTROL_FLAT_10886,27.7188,85.6549,07/09/2017,633.5,4.1,76.7,3.9,76.7,125.8,43.0,17.8,99.0,6.2,825.8,Weathered Granite,SAFE,10
Matched_NonEvent_DryControl,CONTROL_DRY_3844,13.2959,123.4848,2011-01-27,699.6,0.95,0.39,0.0,0.0,0.7,37.0,23.6,85.0,11.5,1011.8,Sandy Loam,SAFE,1
reliefweb.int,GLC_4308,-6.9959,107.5044,04/05/2012,1025.2,12.77,26.73,0.0,10.7,48.6,43.6,19.1,98.0,3.1,931.0,Weathered Granite,HIGH_RISK,2
Matched_NonEvent_DryControl,CONTROL_DRY_3918,27.6674,86.7174,2011-02-14,1050.5,47.91,1.16,0.0,1.1,2.1,32.8,3.3,53.0,4.4,759.2,Clay Loam,SAFE,3
Matched_NonEvent_FlatControl,CONTROL_FLAT_4440,46.4529,-67.3721,06/27/2012,50.0,10.7,24.14,1.2,16.4,43.9,41.7,15.1,100.0,11.5,990.2,Residual Soil,SAFE,4
Matched_NonEvent_DryControl,CONTROL_DRY_1363,-11.9009,-76.6643,2008-08-19,1661.7,12.01,0.0,0.0,0.0,0.0,1.2,17.6,72.0,3.6,900.0,Clay Loam,SAFE,5
Matched_NonEvent_DryControl,CONTROL_DRY_4297,48.3815,-116.3517,2011-10-02,1555.6,8.52,0.06,0.0,0.0,0.1,22.2,18.7,46.0,6.4,929.7,Weathered Granite,SAFE,6
Matched_NonEvent_DryControl,CONTROL_DRY_4534,39.5479,-111.1688,2012-03-06,1165.7,35.0,0.0,0.0,0.0,0.0,30.9,4.6,37.0,10.6,735.6,Laterite,SAFE,7
Matched_NonEvent_FlatControl,CONTROL_FLAT_2384,14.9731,-91.1727,09/04/2010,72.1,9.2,42.41,0.5,20.0,77.1,42.9,14.9,96.0,4.6,763.7,Laterite,SAFE,8
The Indian Express,GLC_9074,27.1176,88.1069,07/20/2016,1036.9,24.65,90.3,1.7,90.3,152.7,42.7,18.7,100.0,2.1,797.6,Residual Soil,HIGH_RISK,9
themapleleafer,GLC_2830,47.7371,-122.2869,12/12/2010,1464.0,8.88,72.0,0.6,72.0,85.1,42.5,11.0,98.0,19.7,1008.9,Weathered Granite,HIGH_RISK,10
seattletimes.nwsource,GLC_2585,47.3848,-122.4801,10/10/2010,1444.4,17.2,26.0,0.6,26.0,38.8,38.5,13.2,83.0,6.6,1019.1,Clay Loam,HIGH_RISK,1
Hindustan Times,GLC_974,5.031,115.0668,01/22/2009,1702.2,0.26,17.71,0.0,14.1,32.2,46.5,23.8,95.0,3.3,1008.0,Clay Loam,HIGH_RISK,2
Matched_NonEvent_FlatControl,CONTROL_FLAT_7301,21.2393,107.6103,07/28/2015,529.1,4.2,122.1,2.4,37.9,222.0,37.0,25.1,90.0,14.1,998.3,Colluvium,SAFE,3
Matched_NonEvent_DryControl,CONTROL_DRY_10826,33.3369,75.1917,2016-08-23,1218.8,17.73,2.48,0.0,0.7,4.5,34.1,21.5,78.0,4.6,881.0,Colluvium,SAFE,4
Matched_NonEvent_FlatControl,CONTROL_FLAT_55,36.877,71.761,04/05/2007,952.5,4.9,4.35,0.0,2.8,7.9,19.2,-2.2,76.0,3.4,751.3,Colluvium,SAFE,5
economist,GLC_3253,-22.5657,17.1689,03/19/2011,1256.6,3.24,7.76,0.0,0.0,14.1,37.9,15.2,97.0,7.4,820.3,Sandy Loam,HIGH_RISK,6
maps.google.com,GLC_1642,-22.7474,-44.1285,04/06/2010,378.7,12.7,48.8,2.6,48.8,75.3,49.4,17.1,90.0,10.5,954.2,Weathered Granite,HIGH_RISK,7
Matched_NonEvent_FlatControl,CONTROL_FLAT_9919,28.3668,84.1562,06/30/2017,650.9,8.4,46.64,2.4,31.0,84.8,43.0,22.6,97.0,5.7,901.5,Colluvium,SAFE,8
Matched_NonEvent_FlatControl,CONTROL_FLAT_1463,-0.5633,37.201,02/01/2010,234.8,9.8,0.5,0.0,0.5,0.5,18.9,13.6,93.0,3.4,844.8,Residual Soil,SAFE,9
Matched_NonEvent_DryControl,CONTROL_DRY_2996,21.4782,-158.05,2010-07-17,806.6,6.66,1.1,0.3,1.1,1.5,10.7,26.2,63.0,21.9,991.3,Laterite,SAFE,10
sunad,GLC_4534,39.5479,-111.1688,09/02/2012,1165.7,35.0,3.3,0.0,2.0,6.0,22.0,22.3,19.0,9.9,765.0,Laterite,HIGH_RISK,1
Matched_NonEvent_FlatControl,CONTROL_FLAT_2854,47.689,-121.9958,12/13/2010,1055.5,5.3,42.57,0.3,6.9,77.4,41.2,10.3,87.0,6.5,979.7,Residual Soil,SAFE,2
Matched_NonEvent_FlatControl,CONTROL_FLAT_10046,19.5629,73.4342,08/29/2017,103.5,4.3,87.62,1.6,39.2,159.3,51.1,24.2,94.0,12.7,994.6,Clay Loam,SAFE,3
Kuensel Newspaper online,GLC_239,27.0667,89.5833,09/07/2007,1049.2,25.88,105.82,1.8,88.7,192.4,41.9,17.6,100.0,1.1,813.9,Colluvium,HIGH_RISK,4
Matched_NonEvent_FlatControl,CONTROL_FLAT_9985,28.2958,84.219,09/06/2016,648.0,10.7,13.0,0.3,13.0,21.8,42.6,22.4,84.0,1.5,928.1,Residual Soil,SAFE,5
video.foxnews.com,GLC_5093,36.5851,109.4875,07/13/2013,1724.1,18.74,39.82,0.3,10.6,72.4,41.0,20.7,98.0,8.3,898.9,Weathered Granite,HIGH_RISK,6
Matched_NonEvent_FlatControl,CONTROL_FLAT_2317,11.8152,39.8015,08/24/2010,879.8,6.1,3.35,0.0,3.2,6.1,31.1,17.7,80.0,5.5,830.6,Colluvium,SAFE,7
Matched_NonEvent_DryControl,CONTROL_DRY_1948,40.4127,-80.0284,2009-12-07,1520.4,12.4,0.94,0.0,0.0,1.7,45.2,0.2,75.0,10.1,985.2,Colluvium,SAFE,8
Matched_NonEvent_DryControl,CONTROL_DRY_1833,38.615,-82.4835,2009-11-04,1405.9,15.74,1.9,0.0,1.9,1.9,38.5,8.3,68.0,3.8,991.1,Clay Loam,SAFE,9
Matched_NonEvent_DryControl,CONTROL_DRY_4836,28.5833,112.3735,2012-11-07,1352.9,1.07,18.1,1.4,18.1,20.0,48.8,11.5,92.0,10.2,1013.3,Laterite,SAFE,10
News Tread,GLC_9710,53.9857,-119.1365,06/09/2017,307.9,11.45,62.6,1.5,62.6,65.1,43.3,7.2,100.0,7.9,896.7,Colluvium,HIGH_RISK,1
Matched_NonEvent_DryControl,CONTROL_DRY_2044,25.8877,94.7861,2010-01-07,1042.2,5.94,0.0,0.0,0.0,0.0,27.5,12.8,72.0,5.4,887.5,Residual Soil,SAFE,2
Philippine Times,GLC_10103,7.1746,125.6063,01/05/2017,414.8,4.18,31.19,0.2,29.8,56.7,42.6,23.4,95.0,9.5,996.7,Residual Soil,HIGH_RISK,3
Matched_NonEvent_DryControl,CONTROL_DRY_4425,46.7891,-92.1485,2011-12-23,1718.0,8.84,1.6,0.0,1.6,1.6,23.4,-1.8,72.0,11.5,966.5,Clay Loam,SAFE,4
english.chosun.com,GLC_5085,39.0555,127.2536,07/12/2013,525.3,12.84,126.39,0.0,31.5,229.8,39.8,19.8,95.0,6.6,927.4,Weathered Granite,HIGH_RISK,5
laht,GLC_2289,12.042,-86.2998,08/20/2010,560.9,5.75,44.39,1.3,26.9,80.7,43.5,22.7,94.0,3.4,946.6,Sandy Loam,HIGH_RISK,6
Matched_NonEvent_FlatControl,CONTROL_FLAT_1256,32.6883,-96.8354,10/12/2009,557.1,4.2,7.7,0.0,7.7,10.9,48.4,18.9,84.0,8.3,987.9,Colluvium,SAFE,7
Matched_NonEvent_FlatControl,CONTROL_FLAT_9967,43.8086,-72.1911,07/01/2017,1359.5,11.4,8.75,0.2,6.4,15.9,28.9,23.2,96.0,10.7,996.9,Sandy Loam,SAFE,8
Matched_NonEvent_FlatControl,CONTROL_FLAT_1480,34.3719,-118.0786,02/06/2010,428.8,6.8,32.2,0.6,32.2,37.6,43.1,10.3,89.0,9.4,953.2,Weathered Granite,SAFE,9
Matched_NonEvent_FlatControl,CONTROL_FLAT_1160,17.42,121.2036,09/12/2009,474.0,10.2,53.85,3.3,41.0,97.9,42.9,17.1,95.0,5.2,820.8,Residual Soil,SAFE,10
Matched_NonEvent_FlatControl,CONTROL_FLAT_1361,-11.7931,-76.5594,12/16/2009,1264.2,11.3,0.66,0.0,0.6,1.2,1.9,21.5,64.0,4.1,917.1,Sandy Loam,SAFE,1
Matched_NonEvent_DryControl,CONTROL_DRY_6866,45.5271,-122.7048,2014-09-16,1349.3,14.91,0.0,0.0,0.0,0.0,13.7,24.9,35.0,1.9,998.3,Laterite,SAFE,2
businessmirror.com,GLC_1329,8.5008,124.4309,11/24/2009,469.3,19.07,295.0,8.1,295.0,360.4,42.9,24.6,93.0,30.3,995.4,Residual Soil,HIGH_RISK,3
Matched_NonEvent_DryControl,CONTROL_DRY_1063,48.5608,-120.7708,2009-01-30,1520.3,9.88,3.08,0.0,0.0,5.6,33.3,4.5,57.0,5.6,878.7,Sandy Loam,SAFE,4
columbian,GLC_3017,46.3822,-122.0125,01/16/2011,1399.0,20.11,73.4,1.9,73.4,98.6,43.1,2.5,100.0,8.4,880.5,Residual Soil,HIGH_RISK,5
Matched_NonEvent_DryControl,CONTROL_DRY_1576,42.1433,-71.2165,2009-09-16,1695.0,4.76,0.1,0.0,0.1,0.1,31.6,13.9,83.0,13.6,1017.3,Laterite,SAFE,6
USDA Forest Service,GLC_10236,41.0805,-121.7981,03/07/2017,1136.0,14.85,32.18,0.3,17.2,58.5,47.1,-1.2,93.0,13.5,839.8,Weathered Granite,HIGH_RISK,7
Matched_NonEvent_DryControl,CONTROL_DRY_974,5.031,115.0668,2008-07-26,1702.2,0.26,13.86,0.0,5.6,25.2,43.2,24.8,88.0,9.5,1009.1,Clay Loam,SAFE,8
himvani,GLC_2488,31.0215,77.1038,09/22/2010,1122.1,20.22,58.0,0.4,58.0,71.0,41.9,16.5,98.0,1.6,827.9,Clay Loam,HIGH_RISK,9
Matched_NonEvent_DryControl,CONTROL_DRY_7038,26.8781,88.2807,2015-01-02,1026.7,26.93,5.7,0.2,5.7,5.7,23.0,9.2,85.0,2.9,849.9,Clay Loam,SAFE,10
www.thehindubusinessline.com,GLC_5250,27.8837,93.0515,08/01/2013,1124.7,36.21,21.0,0.8,21.0,37.8,42.5,17.7,97.0,3.1,831.4,Residual Soil,HIGH_RISK,1
Matched_NonEvent_DryControl,CONTROL_DRY_5684,37.7786,-81.9395,2013-06-13,1369.5,22.62,28.2,0.2,28.2,40.2,39.9,21.1,88.0,13.3,981.2,Weathered Granite,SAFE,2
Matched_NonEvent_FlatControl,CONTROL_FLAT_10988,25.976,92.0211,07/09/2017,610.0,9.6,10.56,0.9,9.1,19.2,51.4,21.7,99.0,5.7,935.2,Laterite,SAFE,3
indiavision,GLC_1995,27.0765,88.4808,06/16/2010,1038.6,22.27,33.9,1.5,33.9,46.9,41.9,20.0,99.0,4.0,871.7,Residual Soil,HIGH_RISK,4
Matched_NonEvent_FlatControl,CONTROL_FLAT_1258,39.4638,-122.7965,10/13/2009,636.2,10.0,54.5,4.2,54.5,54.5,52.0,9.5,100.0,16.2,864.9,Colluvium,SAFE,5
thelevisalazer,GLC_1827,37.5339,-82.0999,05/03/2010,1355.7,9.07,23.1,0.0,23.1,26.1,38.9,22.5,74.0,4.4,977.4,Residual Soil,HIGH_RISK,6
Kathmandu Post,GLC_7361,28.3853,83.4625,07/30/2015,1053.9,10.3,74.9,4.0,74.9,131.3,42.8,21.7,99.0,4.7,891.4,Weathered Granite,HIGH_RISK,7
Matched_NonEvent_FlatControl,CONTROL_FLAT_1329,8.6508,124.5809,11/24/2009,69.3,10.0,295.0,8.1,295.0,360.4,42.9,24.6,93.0,30.3,995.4,Residual Soil,SAFE,8
Matched_NonEvent_DryControl,CONTROL_DRY_5648,-34.2232,18.8279,2013-05-20,322.9,0.0,0.0,0.0,0.0,0.0,18.0,17.3,96.0,12.0,1015.8,Residual Soil,SAFE,9
Matched_NonEvent_FlatControl,CONTROL_FLAT_4619,-6.7531,107.1016,11/18/2012,624.4,7.2,37.4,0.7,37.4,61.6,48.9,20.4,99.0,4.2,932.0,Weathered Granite,SAFE,10
Matched_NonEvent_DryControl,CONTROL_DRY_1250,16.4487,120.5747,2009-04-12,828.2,4.56,4.46,0.0,0.7,8.1,35.9,18.3,91.0,3.8,867.1,Clay Loam,SAFE,1
Matched_NonEvent_FlatControl,CONTROL_FLAT_818,29.268,80.8277,09/20/2008,662.7,6.3,241.8,5.4,241.8,417.4,46.5,19.3,94.0,4.8,870.3,Residual Soil,SAFE,2
Matched_NonEvent_DryControl,CONTROL_DRY_4584,8.1469,125.137,2012-04-12,458.7,7.22,10.2,0.0,10.2,15.7,46.5,21.7,96.0,2.1,946.5,Laterite,SAFE,3
Matched_NonEvent_FlatControl,CONTROL_FLAT_2911,13.2504,123.9921,12/29/2010,293.4,9.6,30.2,0.0,30.2,43.9,40.8,24.6,93.0,10.9,1005.5,Laterite,SAFE,4
Matched_NonEvent_DryControl,CONTROL_DRY_10162,37.212,-122.0673,2016-08-14,939.9,11.78,0.0,0.0,0.0,0.0,20.9,22.7,39.0,11.7,916.8,Sandy Loam,SAFE,5
Matched_NonEvent_DryControl,CONTROL_DRY_9389,-29.9584,30.9036,2015-11-10,1488.9,4.75,2.2,0.0,2.2,3.9,18.9,20.4,91.0,8.4,1001.5,Sandy Loam,SAFE,6
Matched_NonEvent_DryControl,CONTROL_DRY_2880,33.0648,-117.3049,2010-06-25,780.2,11.02,0.0,0.0,0.0,0.0,6.3,20.4,62.0,13.6,1011.3,Clay Loam,SAFE,7
Matched_NonEvent_DryControl,CONTROL_DRY_1642,-22.7474,-44.1285,2009-10-08,378.7,12.7,29.6,0.3,29.6,37.4,45.4,17.6,94.0,7.6,957.7,Weathered Granite,SAFE,8
Matched_NonEvent_FlatControl,CONTROL_FLAT_7126,34.0496,70.2548,04/23/2015,796.0,5.5,0.0,0.0,0.0,0.0,30.7,8.2,71.0,4.1,822.2,Weathered Granite,SAFE,9
Matched_NonEvent_DryControl,CONTROL_DRY_1361,-11.9431,-76.7094,2009-06-19,1664.2,4.26,0.0,0.0,0.0,0.0,1.3,19.3,55.0,1.6,918.2,Sandy Loam,SAFE,10
Matched_NonEvent_DryControl,CONTROL_DRY_3684,19.5426,-96.9137,2011-01-02,308.0,4.76,2.2,0.0,0.4,4.0,23.8,15.6,73.0,7.9,860.0,Laterite,SAFE,1
Matched_NonEvent_FlatControl,CONTROL_FLAT_2327,27.4448,88.0877,08/24/2010,644.1,6.2,63.14,0.0,23.1,114.8,42.4,15.7,88.0,1.6,799.1,Colluvium,SAFE,2
Matched_NonEvent_DryControl,CONTROL_DRY_10475,50.7771,-119.2357,2016-10-09,1646.5,32.19,20.96,0.0,8.3,38.1,34.2,9.4,55.0,3.9,960.5,Sandy Loam,SAFE,3
Matched_NonEvent_DryControl,CONTROL_DRY_10714,-18.0844,178.4603,2016-07-09,1180.4,7.47,0.77,0.0,0.0,1.4,22.8,24.5,76.0,10.5,997.4,Laterite,SAFE,4
www.rappler.com,GLC_5689,-22.9011,-43.4438,12/11/2013,379.5,17.53,37.4,0.9,37.4,37.6,42.6,22.0,96.0,13.0,998.2,Laterite,HIGH_RISK,5
news.yahoo,GLC_1230,16.4016,120.5967,10/08/2009,826.0,3.9,405.1,10.1,405.1,640.3,42.8,15.0,95.0,24.2,846.4,Laterite,HIGH_RISK,6
Jakarta Post,GLC_6375,-6.8463,106.7234,11/05/2014,1024.9,9.79,38.6,0.0,38.6,39.2,42.4,22.5,98.0,3.1,961.6,Laterite,HIGH_RISK,7
Matched_NonEvent_DryControl,CONTROL_DRY_1071,16.392,120.5996,2009-02-07,825.6,7.57,2.2,0.0,1.4,4.0,21.1,16.9,84.0,3.2,871.0,Laterite,SAFE,8
Matched_NonEvent_FlatControl,CONTROL_FLAT_11061,-29.3223,153.2932,04/04/2017,50.0,10.5,2.48,0.2,1.5,4.5,37.7,18.0,80.0,11.5,1023.1,Clay Loam,SAFE,9
punemirror,GLC_1988,18.7624,73.3747,06/15/2010,471.9,34.31,74.2,4.9,43.2,134.9,48.3,23.3,96.0,14.1,946.8,Laterite,HIGH_RISK,10
Matched_NonEvent_DryControl,CONTROL_DRY_1526,33.0097,74.9402,2009-08-30,1199.9,34.33,13.0,3.4,13.0,14.2,51.0,18.7,94.0,4.3,857.3,Clay Loam,SAFE,1
Matched_NonEvent_DryControl,CONTROL_DRY_1991,45.5686,-122.7713,2009-12-17,1350.7,7.48,25.25,0.3,4.6,45.9,41.6,7.7,99.0,5.1,998.2,Laterite,SAFE,2
Matched_NonEvent_DryControl,CONTROL_DRY_1508,38.018,14.599,2009-08-19,846.9,2.76,0.0,0.0,0.0,0.0,11.3,21.9,87.0,2.1,939.5,Sandy Loam,SAFE,3
The Jakarta Post,GLC_5913,-6.6,106.8,03/02/2014,1038.0,5.95,29.92,0.0,20.2,54.4,43.0,21.0,99.0,2.9,981.5,Sandy Loam,HIGH_RISK,4
Matched_NonEvent_FlatControl,CONTROL_FLAT_6508,43.3388,-110.8041,08/14/2014,949.9,8.0,0.17,0.0,0.0,0.3,18.3,24.1,45.0,4.0,828.7,Laterite,SAFE,5
Matched_NonEvent_DryControl,CONTROL_DRY_11069,-35.8166,173.7165,2016-08-21,353.7,7.57,0.39,0.0,0.1,0.7,35.4,14.3,65.0,14.8,1011.3,Sandy Loam,SAFE,6
Matched_NonEvent_FlatControl,CONTROL_FLAT_6491,38.6332,-82.2747,12/06/2014,999.9,7.4,22.61,0.0,20.6,41.1,42.1,4.3,96.0,17.0,994.2,Laterite,SAFE,7
Matched_NonEvent_FlatControl,CONTROL_FLAT_2951,7.1269,80.9316,01/09/2011,1056.7,10.1,128.7,2.3,128.7,215.2,50.7,14.8,99.0,5.8,804.2,Colluvium,SAFE,8
Journal Online,GLC_4141,7.8173,126.0498,01/13/2012,451.4,1.73,40.0,0.5,40.0,52.4,43.1,23.3,96.0,8.7,1004.9,Colluvium,HIGH_RISK,9
khsltv,GLC_949,39.87,-121.611,12/24/2008,1077.4,8.61,23.87,1.4,17.6,43.4,42.5,2.2,96.0,13.3,912.7,Weathered Granite,HIGH_RISK,10
Matched_NonEvent_FlatControl,CONTROL_FLAT_6163,39.1869,-119.572,07/20/2014,654.6,10.5,7.8,0.6,7.8,12.1,20.2,22.2,62.0,8.9,861.1,Colluvium,SAFE,1
heraldsun,GLC_3085,-18.2883,146.0225,02/03/2011,845.8,17.55,107.69,1.0,35.3,195.8,50.5,24.7,95.0,5.8,1001.5,Colluvium,HIGH_RISK,2
Kenya Broadcasting Corporation,GLC_248,28.2333,83.9533,09/08/2007,1051.2,29.81,103.78,3.3,90.1,188.7,42.9,19.9,96.0,2.4,891.3,Colluvium,HIGH_RISK,3
Matched_NonEvent_FlatControl,CONTROL_FLAT_5724,-21.5803,-43.2487,12/25/2013,50.0,10.4,30.41,0.3,12.4,55.3,51.6,21.2,96.0,2.8,928.1,Laterite,SAFE,4
Matched_NonEvent_DryControl,CONTROL_DRY_11196,46.5111,6.6582,2016-08-23,1192.1,6.77,0.17,0.0,0.0,0.3,37.4,18.8,89.0,4.5,972.4,Clay Loam,SAFE,5
Matched_NonEvent_FlatControl,CONTROL_FLAT_2900,-20.9813,148.6443,12/25/2010,328.4,10.2,51.43,2.4,25.4,93.5,52.0,21.9,100.0,8.4,931.6,Laterite,SAFE,6
Matched_NonEvent_FlatControl,CONTROL_FLAT_9474,32.8487,75.2082,08/07/2016,785.5,8.2,47.6,0.0,47.6,86.5,29.2,24.0,92.0,4.3,950.8,Colluvium,SAFE,7
e-pao.net,GLC_2570,24.837,93.9128,10/08/2010,981.0,9.91,39.05,1.7,27.2,71.0,46.9,18.1,100.0,5.5,914.0,Colluvium,HIGH_RISK,8
Matched_NonEvent_DryControl,CONTROL_DRY_3935,10.38,123.9,2011-02-22,558.0,16.86,18.92,0.0,0.0,34.4,44.1,24.2,81.0,19.1,986.1,Residual Soil,SAFE,9
Matched_NonEvent_DryControl,CONTROL_DRY_3126,4.9726,115.0182,2010-08-20,1698.8,9.53,37.62,0.7,31.2,68.4,46.2,24.0,96.0,6.4,1005.1,Laterite,SAFE,10
Sun Daily,GLC_6740,5.6249,117.1589,02/02/2015,1752.8,13.64,18.21,0.4,15.0,33.1,42.7,22.7,99.0,2.5,1000.5,Residual Soil,HIGH_RISK,1
thisislancashire,GLC_434,53.792,-2.2389,01/22/2008,1467.2,1.33,27.06,0.0,1.1,49.2,40.8,7.6,98.0,16.2,1005.5,Weathered Granite,HIGH_RISK,2
Matched_NonEvent_DryControl,CONTROL_DRY_4034,-6.6392,106.8343,2011-05-07,1036.4,1.29,20.02,0.4,11.8,36.4,48.5,22.0,97.0,3.3,968.4,Sandy Loam,SAFE,3
couriermail,GLC_2779,-28.131,153.2893,12/04/2010,426.3,20.97,15.5,2.5,15.5,26.5,49.1,20.9,92.0,2.4,989.2,Laterite,HIGH_RISK,4
El Mexicano,GLC_9457,20.7818,-98.7292,08/08/2016,351.8,21.66,44.5,2.0,10.9,80.9,41.7,19.4,94.0,4.2,844.2,Weathered Granite,HIGH_RISK,5
Matched_NonEvent_FlatControl,CONTROL_FLAT_4638,51.2434,-2.8693,11/28/2012,924.5,12.0,2.04,0.0,0.0,3.7,47.1,0.8,86.0,12.1,1012.6,Clay Loam,SAFE,6
Matched_NonEvent_DryControl,CONTROL_DRY_10806,18.1481,-76.8622,2016-11-04,438.8,8.25,5.28,0.0,3.6,9.6,38.9,23.5,82.0,6.6,962.2,Laterite,SAFE,7
Matched_NonEvent_FlatControl,CONTROL_FLAT_6881,42.4877,23.2379,03/17/2015,747.8,9.0,0.0,0.0,0.0,0.0,41.7,0.5,76.0,6.9,950.2,Laterite,SAFE,8
tennessean,GLC_1807,36.0242,-86.8811,05/02/2010,1232.4,11.2,45.8,4.4,45.8,58.4,45.1,20.6,100.0,6.0,978.5,Clay Loam,HIGH_RISK,9
Matched_NonEvent_FlatControl,CONTROL_FLAT_522,43.2297,23.5481,05/05/2008,788.0,10.8,3.2,0.0,3.2,4.9,38.4,9.5,90.0,4.5,964.4,Sandy Loam,SAFE,10
Matched_NonEvent_FlatControl,CONTROL_FLAT_11188,48.1744,24.3162,02/02/2017,1042.9,11.1,13.9,1.3,13.9,13.9,43.9,3.7,88.0,11.7,963.2,Colluvium,SAFE,1
Matched_NonEvent_DryControl,CONTROL_DRY_4714,35.8269,-82.5494,2012-07-19,1265.9,4.21,6.38,0.0,3.0,11.6,47.8,26.7,70.0,2.4,937.3,Residual Soil,SAFE,2
Matched_NonEvent_FlatControl,CONTROL_FLAT_2364,19.3679,73.3194,08/30/2010,92.6,6.7,76.4,0.6,30.7,138.9,47.2,24.7,96.0,13.7,1001.1,Weathered Granite,SAFE,3
Matched_NonEvent_FlatControl,CONTROL_FLAT_3461,6.3494,125.0066,05/04/2011,50.0,6.2,40.7,0.0,17.4,74.0,40.8,23.1,95.0,2.5,945.4,Colluvium,SAFE,4
Matched_NonEvent_DryControl,CONTROL_DRY_7190,16.2882,120.5875,2015-01-14,820.3,30.38,1.4,0.0,1.4,1.6,30.8,20.0,90.0,5.2,958.8,Weathered Granite,SAFE,5
Matched_NonEvent_DryControl,CONTROL_DRY_6725,0.9039,123.0963,2014-07-22,1576.2,7.22,2.2,0.0,0.0,4.0,34.5,24.9,84.0,7.0,1010.4,Colluvium,SAFE,6
Ironton Tribune,GLC_6491,38.4832,-82.4247,12/06/2014,1399.9,2.36,22.61,0.0,20.6,41.1,42.1,4.3,96.0,17.0,994.2,Laterite,HIGH_RISK,7
sunstar,GLC_4208,10.71,125.01,02/17/2012,585.6,1.1,45.98,0.0,11.7,83.6,41.9,24.9,95.0,5.8,1008.5,Sandy Loam,HIGH_RISK,8
reliefweb,GLC_6683,13.5461,-89.0401,10/15/2014,513.1,12.6,30.09,1.2,23.3,54.7,44.3,23.7,96.0,2.5,989.9,Sandy Loam,HIGH_RISK,9
antaranews,GLC_4619,-6.9031,106.9516,11/18/2012,1024.4,2.2,37.4,0.7,37.4,61.6,48.9,20.4,99.0,4.2,932.0,Weathered Granite,HIGH_RISK,10
Clearwater Tribune,GLC_10529,46.4831,-116.1725,03/18/2017,1462.4,17.74,17.0,1.3,17.0,28.9,43.8,10.7,99.0,2.9,923.4,Colluvium,HIGH_RISK,1
Matched_NonEvent_DryControl,CONTROL_DRY_9498,20.8939,-156.6464,2016-03-19,821.8,35.0,0.0,0.0,0.0,0.0,20.0,22.9,51.0,29.3,967.7,Sandy Loam,SAFE,2
Matched_NonEvent_FlatControl,CONTROL_FLAT_3924,10.5379,124.0679,08/14/2011,158.6,7.2,30.03,0.0,2.5,54.6,47.8,27.1,85.0,3.6,1006.2,Residual Soil,SAFE,3
Correspondence with Wilfried Strauch,GLC_6090,12.3521,-84.808,06/23/2014,530.5,17.51,15.51,0.1,12.8,28.2,42.1,22.8,99.0,10.5,982.1,Laterite,HIGH_RISK,4
Reuters,GLC_811,31.0738,103.4929,09/24/2008,1388.6,26.74,20.13,0.0,16.6,36.6,41.9,16.8,94.0,1.8,865.1,Colluvium,HIGH_RISK,5
Matched_NonEvent_FlatControl,CONTROL_FLAT_2691,9.5925,-83.4793,11/04/2010,264.2,9.8,165.17,4.2,137.3,300.3,43.8,18.3,99.0,2.6,877.7,Sandy Loam,SAFE,6
Agence France-Presse -Terradaily.com,GLC_377,47.8734,13.8188,12/01/2007,1331.9,44.6,3.96,0.6,2.0,7.2,42.4,3.5,93.0,6.6,949.1,Colluvium,HIGH_RISK,7
Matched_NonEvent_DryControl,CONTROL_DRY_1114,27.9504,84.3075,2009-02-21,1040.6,21.02,0.2,0.0,0.2,0.2,20.1,12.7,62.0,1.8,924.0,Clay Loam,SAFE,8
Matched_NonEvent_FlatControl,CONTROL_FLAT_6215,57.3776,-2.1108,10/07/2014,1238.8,4.7,31.1,0.5,31.1,48.1,33.9,9.5,85.0,18.5,981.4,Colluvium,SAFE,9
Matched_NonEvent_FlatControl,CONTROL_FLAT_4291,42.03,-123.9808,03/30/2012,752.7,11.3,100.98,2.1,98.0,183.6,42.2,11.5,98.0,30.5,1000.4,Colluvium,SAFE,10
balinews,GLC_411,-8.1955,111.1038,01/06/2008,1001.3,0.73,11.55,0.5,7.0,21.0,42.6,24.5,91.0,17.3,1011.0,Residual Soil,HIGH_RISK,1
Matched_NonEvent_FlatControl,CONTROL_FLAT_2778,39.2812,-120.7776,12/01/2010,647.3,5.8,0.0,0.0,0.0,0.0,50.6,10.9,54.0,1.8,922.3,Colluvium,SAFE,2
thehimalayantimes,GLC_3679,28.0004,84.033,06/30/2011,1040.3,9.46,90.81,10.1,87.1,165.1,42.5,19.3,98.0,6.9,896.3,Sandy Loam,HIGH_RISK,3
BBC News,GLC_9833,15.6453,-91.4366,06/20/2017,432.1,38.91,22.77,3.9,11.5,41.4,43.6,13.1,98.0,9.7,764.3,Residual Soil,HIGH_RISK,4
Matched_NonEvent_DryControl,CONTROL_DRY_10886,27.5688,85.5049,2017-01-10,1033.5,13.73,1.3,0.0,1.3,2.0,27.0,5.4,66.0,3.1,825.0,Weathered Granite,SAFE,5
Salmon Arm Observer,GLC_10477,50.7675,-119.3407,11/19/2016,1645.0,30.01,1.38,0.0,0.5,2.5,39.4,4.4,83.0,3.6,956.8,Sandy Loam,HIGH_RISK,6
Matched_NonEvent_DryControl,CONTROL_DRY_6491,38.4832,-82.4247,2014-06-09,1399.9,2.36,1.65,0.0,0.2,3.0,26.2,22.3,61.0,6.6,981.3,Laterite,SAFE,7
Times of India,GLC_8682,24.6997,85.6285,06/05/2016,891.3,17.24,0.33,0.0,0.0,0.6,15.1,28.6,70.0,11.5,979.0,Laterite,HIGH_RISK,8
Matched_NonEvent_DryControl,CONTROL_DRY_4442,27.9526,84.227,2011-12-31,1039.9,20.75,0.0,0.0,0.0,0.0,31.9,10.9,78.0,1.8,975.3,Clay Loam,SAFE,9
Matched_NonEvent_DryControl,CONTROL_DRY_248,28.2333,83.9533,2007-03-12,1051.2,29.81,6.5,1.3,6.5,7.2,42.1,8.0,93.0,6.5,898.2,Colluvium,SAFE,10
messenger,GLC_1792,41.8555,44.7229,04/28/2010,1340.0,2.32,8.09,0.2,7.2,14.7,41.6,5.8,98.0,5.9,965.6,Weathered Granite,HIGH_RISK,1
Matched_NonEvent_DryControl,CONTROL_DRY_4483,10.007,76.7105,2012-02-19,1567.5,2.03,0.0,0.0,0.0,0.0,31.7,20.9,93.0,2.5,1005.0,Laterite,SAFE,2
Viet Nam News,GLC_7689,21.0324,105.7586,08/15/2015,909.2,0.87,6.22,0.0,0.0,11.3,36.3,26.9,90.0,4.3,1002.5,Sandy Loam,HIGH_RISK,3
Matched_NonEvent_DryControl,CONTROL_DRY_9248,21.3555,-157.854,2016-01-26,810.8,15.59,1.1,0.0,1.1,1.3,16.4,26.2,61.0,7.1,1001.4,Weathered Granite,SAFE,4
www.chinadaily.com.cn,GLC_4836,28.5833,112.3735,05/06/2013,1352.9,1.07,30.4,1.0,30.4,47.3,48.5,21.3,97.0,6.5,1005.2,Laterite,HIGH_RISK,5
Matched_NonEvent_DryControl,CONTROL_DRY_10103,7.1746,125.6063,2016-07-09,414.8,4.18,7.32,0.0,5.2,13.3,46.2,25.8,86.0,1.3,1001.1,Residual Soil,SAFE,6
Matched_NonEvent_FlatControl,CONTROL_FLAT_10823,33.6457,75.3313,02/18/2017,826.6,9.8,5.8,0.2,5.8,8.2,42.8,6.3,81.0,6.5,792.3,Laterite,SAFE,7
Matched_NonEvent_FlatControl,CONTROL_FLAT_811,31.2238,103.6429,09/24/2008,988.6,7.2,20.13,0.0,16.6,36.6,41.9,16.8,94.0,1.8,865.1,Colluvium,SAFE,8
Matched_NonEvent_DryControl,CONTROL_DRY_9423,18.0502,-76.3994,2015-10-24,438.5,11.03,6.0,0.0,3.7,10.9,39.4,24.9,88.0,8.4,982.3,Laterite,SAFE,9
Matched_NonEvent_FlatControl,CONTROL_FLAT_7190,16.4382,120.7375,07/13/2015,420.3,5.1,22.66,0.1,5.0,41.2,48.8,23.8,87.0,1.5,951.7,Weathered Granite,SAFE,10
Matched_NonEvent_FlatControl,CONTROL_FLAT_4,-21.8952,-42.5234,01/05/2007,50.0,10.7,98.07,0.0,32.7,178.3,45.2,22.3,92.0,4.7,972.2,Residual Soil,SAFE,1
Matched_NonEvent_FlatControl,CONTROL_FLAT_8473,14.7867,-90.3347,08/02/2015,73.0,11.3,1.1,0.1,1.1,2.0,40.2,21.4,74.0,7.0,854.7,Weathered Granite,SAFE,2
Matched_NonEvent_FlatControl,CONTROL_FLAT_5250,28.0337,93.2015,08/01/2013,724.7,12.0,21.0,0.8,21.0,37.8,42.5,17.7,97.0,3.1,831.4,Residual Soil,SAFE,3
Matched_NonEvent_DryControl,CONTROL_DRY_6128,34.9098,-111.7268,2014-01-08,928.2,7.57,0.0,0.0,0.0,0.0,28.5,11.3,28.0,9.8,861.4,Clay Loam,SAFE,4
Matched_NonEvent_DryControl,CONTROL_DRY_10670,37.4878,-82.6527,2016-10-25,1347.9,26.13,0.0,0.0,0.0,0.0,25.7,13.9,45.0,10.4,992.3,Sandy Loam,SAFE,5
Matched_NonEvent_FlatControl,CONTROL_FLAT_10477,50.9175,-119.1907,11/19/2016,1245.0,7.7,1.38,0.0,0.5,2.5,39.4,4.4,83.0,3.6,956.8,Sandy Loam,SAFE,6
irishtimes,GLC_4093,54.9992,-7.3305,12/14/2011,1476.7,9.51,14.08,0.1,5.6,25.6,37.8,0.6,96.0,11.6,982.4,Laterite,HIGH_RISK,7
Hastings and St. Leonards Observer,GLC_5748,50.856,0.5943,01/03/2014,1348.7,9.48,16.17,0.0,9.0,29.4,42.3,8.8,78.0,39.0,1000.0,Residual Soil,HIGH_RISK,8
Matched_NonEvent_DryControl,CONTROL_DRY_1248,18.5005,120.8417,2009-04-11,933.4,17.99,0.5,0.0,0.0,0.9,26.1,26.0,90.0,10.7,999.4,Residual Soil,SAFE,9
Matched_NonEvent_DryControl,CONTROL_DRY_7837,23.7269,92.7265,2015-02-28,913.6,25.82,0.1,0.0,0.1,0.1,16.4,13.2,91.0,3.2,911.6,Residual Soil,SAFE,10
Matched_NonEvent_FlatControl,CONTROL_FLAT_3209,47.9429,-122.2399,03/13/2011,1065.7,9.3,14.14,0.5,10.2,25.7,42.5,8.6,81.0,21.5,994.0,Weathered Granite,SAFE,1
Matched_NonEvent_DryControl,CONTROL_DRY_341,18.037,-76.7088,2007-05-04,434.8,6.54,2.42,0.0,0.7,4.4,18.7,25.8,73.0,10.0,963.9,Weathered Granite,SAFE,2
Correspondence with Wilfried Strauch,GLC_6089,12.3535,-84.8095,06/23/2014,530.4,5.06,15.51,0.1,12.8,28.2,42.1,23.0,99.0,10.5,986.0,Laterite,HIGH_RISK,3
Matched_NonEvent_DryControl,CONTROL_DRY_2978,-22.3701,-42.9772,2010-07-16,348.3,3.5,4.62,0.2,2.0,8.4,47.0,17.0,99.0,4.7,925.5,Laterite,SAFE,4
Matched_NonEvent_FlatControl,CONTROL_FLAT_4481,30.8094,79.7105,08/17/2012,728.6,4.5,15.5,0.7,15.5,25.7,42.3,11.6,95.0,2.0,695.1,Laterite,SAFE,5
Matched_NonEvent_FlatControl,CONTROL_FLAT_4032,10.9039,-61.2907,10/31/2011,50.0,5.1,5.1,0.0,5.1,8.3,48.3,26.5,84.0,14.1,1008.2,Sandy Loam,SAFE,6
Matched_NonEvent_DryControl,CONTROL_DRY_6547,37.5715,-82.6473,2014-02-23,1352.1,9.83,8.14,0.0,0.0,14.8,37.4,8.7,68.0,18.1,990.0,Residual Soil,SAFE,7
Matched_NonEvent_DryControl,CONTROL_DRY_2034,26.8712,88.3052,2010-01-05,1026.6,28.81,0.0,0.0,0.0,0.0,26.0,7.1,92.0,2.6,883.7,Clay Loam,SAFE,8
Matched_NonEvent_FlatControl,CONTROL_FLAT_1433,36.5469,-119.6586,01/21/2010,521.8,8.2,16.01,1.7,7.9,29.1,42.7,8.7,92.0,17.2,973.0,Sandy Loam,SAFE,9
Matched_NonEvent_FlatControl,CONTROL_FLAT_3720,39.2428,-84.0357,07/03/2011,1012.8,7.4,5.3,0.0,5.3,5.3,34.5,28.7,72.0,9.0,992.4,Colluvium,SAFE,10
ptinews,GLC_1526,33.0097,74.9402,02/26/2010,1199.9,34.33,4.1,0.0,4.1,4.3,46.6,6.4,75.0,8.3,856.5,Clay Loam,HIGH_RISK,1
ABC,GLC_3641,-38.551,146.196,06/22/2011,765.6,6.58,13.04,0.0,6.2,23.7,40.5,9.3,82.0,14.8,986.7,Residual Soil,HIGH_RISK,2
WKYT,GLC_7150,37.2859,-83.2128,04/14/2015,1332.2,15.38,30.7,0.0,30.7,30.8,41.5,12.0,97.0,11.8,981.3,Weathered Granite,HIGH_RISK,3
focus-fen,GLC_522,43.0797,23.3981,05/05/2008,1188.0,24.36,3.2,0.0,3.2,4.9,38.4,9.5,90.0,4.5,964.4,Sandy Loam,HIGH_RISK,4
Red Cross - Field reports,GLC_55,36.727,71.611,04/05/2007,1352.5,3.56,4.35,0.0,2.8,7.9,19.2,-2.2,76.0,3.4,751.3,Colluvium,HIGH_RISK,5
Matched_NonEvent_FlatControl,CONTROL_FLAT_10703,-17.9452,178.59,12/15/2016,779.6,5.9,75.19,2.2,50.4,136.7,38.6,23.3,100.0,17.9,995.3,Laterite,SAFE,6
Matched_NonEvent_FlatControl,CONTROL_FLAT_4308,-6.8459,107.6544,04/05/2012,625.2,7.5,26.73,0.0,10.7,48.6,43.6,19.1,98.0,3.1,931.0,Weathered Granite,SAFE,7
Euro News,GLC_8473,14.6367,-90.4847,08/02/2015,473.0,3.5,1.1,0.1,1.1,2.0,40.2,21.4,74.0,7.0,854.7,Weathered Granite,HIGH_RISK,8
Matched_NonEvent_FlatControl,CONTROL_FLAT_11158,25.8411,94.2448,07/12/2017,625.5,9.4,74.36,0.0,11.3,135.2,49.5,17.7,94.0,2.6,858.7,Clay Loam,SAFE,9
morungexpress,GLC_2247,26.148,94.8422,08/14/2010,1055.8,22.13,21.73,2.5,19.4,39.5,44.2,19.3,98.0,1.8,848.7,Laterite,HIGH_RISK,10
news.yahoo,GLC_1250,16.4487,120.5747,10/09/2009,828.2,4.56,314.05,0.0,58.7,571.0,42.1,17.6,91.0,18.9,864.7,Clay Loam,HIGH_RISK,1
The Press Democrat,GLC_3298,38.5037,-122.9955,03/25/2011,995.2,4.1,35.91,0.2,9.4,65.3,41.5,11.5,66.0,15.0,1008.6,Sandy Loam,HIGH_RISK,2
Matched_NonEvent_DryControl,CONTROL_DRY_10540,43.58,-116.1452,2016-07-14,1317.5,16.07,0.0,0.0,0.0,0.0,11.8,31.7,15.0,11.4,917.4,Weathered Granite,SAFE,3
Matched_NonEvent_FlatControl,CONTROL_FLAT_5748,51.006,0.7443,01/03/2014,948.7,11.1,16.17,0.0,9.0,29.4,42.3,8.8,78.0,39.0,1000.0,Residual Soil,SAFE,4
staradvertiser,GLC_2996,21.4782,-158.05,01/13/2011,806.6,6.66,21.3,0.2,21.3,35.3,37.0,22.8,83.0,23.1,986.0,Laterite,HIGH_RISK,5
Matched_NonEvent_DryControl,CONTROL_DRY_3540,13.6845,124.1177,2010-11-27,725.4,5.96,14.52,0.1,9.2,26.4,50.0,22.8,84.0,24.0,942.0,Laterite,SAFE,6
Alaska Dispatch News,GLC_10648,61.8141,-147.5017,07/07/2017,415.7,7.74,12.0,0.1,12.0,17.3,28.6,16.2,52.0,3.3,921.1,Laterite,HIGH_RISK,7
Matched_NonEvent_FlatControl,CONTROL_FLAT_4695,1.2335,35.6207,12/29/2012,308.9,7.9,17.6,0.0,8.8,32.0,40.0,10.6,91.0,2.2,726.5,Sandy Loam,SAFE,8
News Xinhuet,GLC_401,2.011,112.943,12/26/2007,1530.0,3.93,31.08,1.1,19.8,56.5,43.0,22.9,100.0,4.9,997.5,Weathered Granite,HIGH_RISK,9
wnep,GLC_3190,41.5474,-76.1099,03/10/2011,1616.3,9.59,22.9,1.7,22.9,22.9,43.0,8.4,98.0,25.3,972.4,Clay Loam,HIGH_RISK,10
wdio,GLC_4425,46.7891,-92.1485,06/20/2012,1718.0,8.84,42.62,0.0,36.6,77.5,28.4,19.7,75.0,20.1,960.2,Clay Loam,HIGH_RISK,1
thejakartapost,GLC_4677,-0.8021,100.6444,12/24/2012,1266.3,0.36,28.6,2.1,28.6,44.2,36.6,21.7,99.0,1.5,965.0,Laterite,HIGH_RISK,2
Matched_NonEvent_DryControl,CONTROL_DRY_4985,43.0266,-76.3302,2012-12-28,1688.0,16.22,16.89,0.1,0.8,30.7,36.7,-3.3,92.0,1.8,1000.2,Residual Soil,SAFE,3
Matched_NonEvent_DryControl,CONTROL_DRY_3967,40.6383,-74.5007,2011-03-12,1586.9,3.55,36.19,0.0,0.0,65.8,44.2,9.4,56.0,11.2,993.5,Weathered Granite,SAFE,4
Matched_NonEvent_FlatControl,CONTROL_FLAT_2685,8.7617,-82.95,11/04/2010,300.4,10.7,74.2,1.8,73.3,134.9,43.7,20.6,98.0,8.2,973.2,Clay Loam,SAFE,5
Matched_NonEvent_DryControl,CONTROL_DRY_2247,26.148,94.8422,2010-02-15,1055.8,22.13,0.0,0.0,0.0,0.0,26.4,11.0,53.0,4.7,850.0,Laterite,SAFE,6
pinoyherald,GLC_1071,16.392,120.5996,08/06/2009,825.6,7.57,66.8,3.3,66.8,87.5,42.8,18.8,96.0,11.9,862.2,Laterite,HIGH_RISK,7
Matched_NonEvent_DryControl,CONTROL_DRY_3181,40.3927,-80.1091,2010-09-09,1518.5,12.18,0.66,0.0,0.0,1.2,31.0,18.0,51.0,9.7,982.5,Residual Soil,SAFE,8
Matched_NonEvent_FlatControl,CONTROL_FLAT_503,54.567,13.5843,04/19/2008,1255.2,4.4,4.02,0.0,0.0,7.3,37.6,4.0,90.0,16.7,1001.3,Residual Soil,SAFE,9
WLOS,GLC_4714,35.8269,-82.5494,01/15/2013,1265.9,4.21,38.17,1.4,35.2,69.4,47.3,8.8,100.0,9.0,935.1,Residual Soil,HIGH_RISK,10
Matched_NonEvent_FlatControl,CONTROL_FLAT_1197,-42.6716,147.335,09/28/2009,569.2,7.8,26.51,0.0,0.5,48.2,39.8,7.5,69.0,7.6,976.6,Residual Soil,SAFE,1
Matched_NonEvent_DryControl,CONTROL_DRY_7092,46.1906,7.4086,2014-11-04,1183.6,32.47,28.6,2.2,28.6,28.6,45.4,6.2,98.0,4.6,889.3,Weathered Granite,SAFE,2
Matched_NonEvent_DryControl,CONTROL_DRY_503,54.417,13.4343,2007-10-22,1655.2,1.36,0.0,0.0,0.0,0.0,35.4,7.8,76.0,14.4,1022.5,Residual Soil,SAFE,3
ibnlive.in,GLC_4488,9.5527,76.9299,08/17/2012,1546.9,27.38,40.6,0.5,40.6,71.3,51.1,21.2,100.0,6.6,969.9,Sandy Loam,HIGH_RISK,4
Matched_NonEvent_FlatControl,CONTROL_FLAT_1123,10.4954,124.0498,08/24/2009,156.3,8.3,12.87,0.0,6.8,23.4,47.6,26.1,87.0,9.2,990.9,Residual Soil,SAFE,5
Matched_NonEvent_FlatControl,CONTROL_FLAT_10236,41.2305,-121.6481,03/07/2017,736.0,7.1,32.18,0.3,17.2,58.5,47.1,-1.2,93.0,13.5,839.8,Weathered Granite,SAFE,6
Matched_NonEvent_FlatControl,CONTROL_FLAT_341,18.187,-76.5588,10/31/2007,50.0,7.5,14.03,0.5,13.0,25.5,42.5,23.8,94.0,16.9,958.4,Weathered Granite,SAFE,7
twocircles.net,GLC_4371,-43.1826,-71.8666,05/29/2012,1677.8,27.36,28.55,0.2,18.0,51.9,43.4,5.7,98.0,5.9,975.0,Residual Soil,HIGH_RISK,8
Matched_NonEvent_DryControl,CONTROL_DRY_1792,41.8555,44.7229,2009-10-30,1340.0,2.32,22.8,2.0,22.8,24.2,42.6,10.9,95.0,2.5,955.9,Weathered Granite,SAFE,9
UPI,GLC_2387,14.5832,-90.7379,09/04/2010,478.2,24.76,28.82,0.0,9.9,52.4,48.7,20.7,84.0,6.1,845.8,Weathered Granite,HIGH_RISK,10
India.com,GLC_10727,11.3494,76.8495,05/07/2017,1636.0,29.53,6.0,0.0,5.7,10.9,27.4,21.0,93.0,3.6,899.7,Sandy Loam,HIGH_RISK,1
Matched_NonEvent_DryControl,CONTROL_DRY_2629,17.4147,121.1495,2010-04-21,882.2,22.38,0.2,0.0,0.2,0.3,31.0,20.3,92.0,4.5,896.4,Weathered Granite,SAFE,2
The Himalayan Times,GLC_9164,27.1979,87.0809,07/24/2016,1030.7,18.28,137.72,10.1,115.7,250.4,42.8,17.7,100.0,5.1,825.4,Residual Soil,HIGH_RISK,3
Matched_NonEvent_FlatControl,CONTROL_FLAT_2044,26.0377,94.9361,07/06/2010,642.2,11.7,11.99,0.5,6.9,21.8,51.5,20.2,98.0,1.6,884.5,Residual Soil,SAFE,4
Matched_NonEvent_FlatControl,CONTROL_FLAT_10670,37.6378,-82.5027,04/23/2017,947.9,10.7,37.45,1.0,28.1,68.1,43.5,10.6,100.0,12.6,979.4,Sandy Loam,SAFE,5
Matched_NonEvent_DryControl,CONTROL_DRY_3263,34.4399,-119.6615,2010-09-22,825.4,9.88,0.0,0.0,0.0,0.0,13.0,23.4,35.0,18.9,987.1,Laterite,SAFE,6
Matched_NonEvent_DryControl,CONTROL_DRY_6740,5.6249,117.1589,2014-08-06,1752.8,13.64,18.92,0.0,1.1,34.4,40.4,23.0,98.0,4.2,997.7,Residual Soil,SAFE,7
Matched_NonEvent_DryControl,CONTROL_DRY_6535,34.4499,-119.8538,2014-06-15,824.0,3.29,0.0,0.0,0.0,0.0,13.6,22.1,46.0,14.4,1001.6,Laterite,SAFE,8
West Hawaii Today,GLC_10697,20.0412,-155.3717,09/14/2016,851.7,7.73,10.34,1.2,9.7,18.8,39.3,24.1,85.0,6.7,988.7,Clay Loam,HIGH_RISK,9
The Indian Express,GLC_7262,33.7403,77.7559,07/21/2015,1264.6,28.18,15.51,0.8,8.2,28.2,40.2,9.6,95.0,1.5,662.8,Weathered Granite,HIGH_RISK,10
Matched_NonEvent_FlatControl,CONTROL_FLAT_9973,-6.4397,106.9412,09/07/2016,638.4,7.5,28.9,0.0,28.9,32.6,46.6,22.4,98.0,3.2,985.6,Sandy Loam,SAFE,1
Matched_NonEvent_DryControl,CONTROL_DRY_1514,32.6669,-16.924,2009-08-24,1764.1,7.84,0.0,0.0,0.0,0.0,12.8,22.2,73.0,4.7,982.0,Clay Loam,SAFE,2
Matched_NonEvent_DryControl,CONTROL_DRY_5539,18.5938,-98.5539,2013-03-20,355.8,1.12,0.0,0.0,0.0,0.0,16.3,32.0,15.0,6.0,878.7,Clay Loam,SAFE,3
Matched_NonEvent_DryControl,CONTROL_DRY_6569,19.1355,72.9981,2011-03-01,486.8,0.82,0.0,0.0,0.0,0.0,10.5,22.5,75.0,4.2,1008.6,Colluvium,SAFE,4
Scroll.in,GLC_10046,19.4129,73.2842,08/29/2017,503.5,1.17,87.62,1.6,39.2,159.3,51.1,24.2,94.0,12.7,994.6,Clay Loam,HIGH_RISK,5
Matched_NonEvent_FlatControl,CONTROL_FLAT_4878,48.2455,-122.3437,05/27/2013,1079.8,7.1,4.7,0.8,4.7,7.0,35.6,13.0,85.0,19.9,1005.1,Sandy Loam,SAFE,6
Matched_NonEvent_FlatControl,CONTROL_FLAT_3540,13.8345,124.2677,05/26/2011,325.4,6.0,41.91,0.0,24.5,76.2,47.5,23.2,88.0,25.1,933.6,Laterite,SAFE,7
Matched_NonEvent_DryControl,CONTROL_DRY_7374,25.1122,94.3591,2015-02-02,999.2,16.09,0.0,0.0,0.0,0.0,17.2,5.6,88.0,3.2,820.6,Clay Loam,SAFE,8
news.bbc,GLC_1271,56.5622,-2.5808,11/01/2009,1602.3,1.03,28.3,0.7,28.3,41.9,41.5,8.4,85.0,34.8,976.7,Residual Soil,HIGH_RISK,9
Matched_NonEvent_DryControl,CONTROL_DRY_10502,48.6247,-118.0725,2016-09-28,1550.5,22.06,0.0,0.0,0.0,0.0,17.2,24.9,33.0,4.7,966.2,Laterite,SAFE,10
Matched_NonEvent_DryControl,CONTROL_DRY_10858,31.0979,77.1516,2016-10-08,1126.4,21.01,0.6,0.0,0.6,0.6,38.3,9.9,91.0,2.5,802.9,Sandy Loam,SAFE,1
Matched_NonEvent_DryControl,CONTROL_DRY_901,6.3667,116.4333,2008-05-27,1782.7,0.73,15.95,0.0,9.2,29.0,44.7,23.9,96.0,3.3,1008.7,Colluvium,SAFE,2
Matched_NonEvent_DryControl,CONTROL_DRY_2027,38.7275,-106.167,2009-12-30,1174.7,7.17,0.0,0.0,0.0,0.0,31.6,-6.0,68.0,8.5,738.7,Residual Soil,SAFE,3
Castanet,GLC_10475,50.7771,-119.2357,04/07/2017,1646.5,32.19,9.62,1.0,8.3,17.5,42.8,8.5,82.0,5.2,938.9,Sandy Loam,HIGH_RISK,4
Matched_NonEvent_FlatControl,CONTROL_FLAT_10759,41.7325,41.8126,11/02/2016,895.7,10.9,42.41,0.0,19.7,77.1,41.8,4.7,88.0,7.8,1023.7,Weathered Granite,SAFE,5
Matched_NonEvent_DryControl,CONTROL_DRY_5724,-21.7303,-43.3987,2013-06-28,320.5,14.51,1.8,0.0,1.8,3.0,39.9,18.1,93.0,4.2,931.0,Laterite,SAFE,6
Matched_NonEvent_FlatControl,CONTROL_FLAT_10529,46.6331,-116.0225,03/18/2017,1062.4,5.2,17.0,1.3,17.0,28.9,43.8,10.7,99.0,2.9,923.4,Colluvium,SAFE,7
Matched_NonEvent_DryControl,CONTROL_DRY_2025,25.5728,91.885,2009-12-30,997.5,4.13,0.0,0.0,0.0,0.0,34.7,7.2,93.0,1.5,847.1,Residual Soil,SAFE,8
Matched_NonEvent_DryControl,CONTROL_DRY_1590,47.9567,-122.2721,2009-09-26,1475.1,13.41,0.0,0.0,0.0,0.0,25.7,17.5,60.0,11.3,1024.6,Clay Loam,SAFE,9
Matched_NonEvent_FlatControl,CONTROL_FLAT_7036,26.9852,88.3381,07/01/2015,623.6,11.7,27.39,0.2,18.5,49.8,42.1,20.0,99.0,2.7,897.3,Laterite,SAFE,10
Matched_NonEvent_FlatControl,CONTROL_FLAT_6073,45.0898,-92.9719,06/19/2014,1215.8,10.2,39.55,0.7,7.1,71.9,30.0,21.0,90.0,14.8,981.0,Laterite,SAFE,1
Deutsche Presse-Agentur - MonstersandCritics,GLC_4,-22.0452,-42.6734,01/05/2007,329.0,9.16,98.07,0.0,32.7,178.3,45.2,22.3,92.0,4.7,972.2,Residual Soil,HIGH_RISK,2
Matched_NonEvent_FlatControl,CONTROL_FLAT_1421,37.3313,-121.8435,01/20/2010,539.1,6.0,74.03,2.7,54.2,134.6,46.5,8.7,90.0,23.9,962.3,Clay Loam,SAFE,3
abs-cbnnews,GLC_1241,14.5767,121.4432,10/08/2009,743.3,18.29,30.09,0.3,22.1,54.7,45.1,23.1,95.0,19.1,976.8,Clay Loam,HIGH_RISK,4
Matched_NonEvent_DryControl,CONTROL_DRY_1913,28.11,83.68,2009-11-30,1042.3,30.3,0.0,0.0,0.0,0.0,24.6,11.0,77.0,1.0,857.9,Sandy Loam,SAFE,5
Matched_NonEvent_DryControl,CONTROL_DRY_2384,14.8231,-91.3227,2010-03-08,472.1,4.39,0.33,0.1,0.2,0.6,17.6,19.1,54.0,6.8,764.5,Laterite,SAFE,6
Salem-News.com,GLC_954,45.377,-122.0704,01/01/2009,1348.1,7.5,59.6,5.7,59.6,82.0,43.2,7.4,100.0,16.8,969.9,Weathered Granite,HIGH_RISK,7
Matched_NonEvent_FlatControl,CONTROL_FLAT_3517,40.598,-79.9095,05/19/2011,1121.8,7.1,15.51,0.5,3.1,28.2,50.4,15.4,83.0,5.2,977.6,Colluvium,SAFE,8
Jakarta Post,GLC_6725,0.9039,123.0963,01/18/2015,1576.2,7.22,45.1,0.2,12.6,82.0,42.7,25.0,98.0,3.1,1011.5,Colluvium,HIGH_RISK,9
Matched_NonEvent_FlatControl,CONTROL_FLAT_4316,-7.2401,109.5113,04/08/2012,624.1,6.5,26.51,0.0,6.7,48.2,42.6,21.4,98.0,3.0,1004.2,Residual Soil,SAFE,10
IOL,GLC_9389,-29.9584,30.9036,05/08/2016,1488.9,4.75,20.2,0.4,20.2,36.5,39.0,17.9,89.0,18.6,1019.1,Sandy Loam,HIGH_RISK,1
Ani News,GLC_7273,30.2411,78.9014,07/26/2015,1101.1,28.92,8.3,0.0,1.1,15.1,47.5,25.5,85.0,3.2,935.2,Clay Loam,HIGH_RISK,2
Fox News,GLC_9592,43.486,-91.2132,09/23/2016,1562.2,4.29,11.33,0.1,0.8,20.6,39.5,19.8,83.0,13.0,997.0,Weathered Granite,HIGH_RISK,3
Matched_NonEvent_DryControl,CONTROL_DRY_10554,46.3969,-122.7979,2016-11-01,1391.9,14.69,11.94,0.0,5.1,21.7,40.4,12.3,85.0,13.0,1001.6,Residual Soil,SAFE,4
Matched_NonEvent_DryControl,CONTROL_DRY_3190,41.5474,-76.1099,2010-09-11,1616.3,9.59,0.11,0.0,0.0,0.2,17.7,21.0,47.0,7.6,977.8,Clay Loam,SAFE,5
Matched_NonEvent_DryControl,CONTROL_DRY_700,51.417,-116.4484,2008-02-11,1706.4,0.97,4.29,0.2,1.8,7.8,22.7,-4.8,88.0,5.1,871.5,Weathered Granite,SAFE,6
3 News,GLC_5921,-43.6069,172.7072,03/05/2014,753.3,22.92,43.12,0.0,2.3,78.4,32.2,15.3,71.0,14.5,1011.6,Residual Soil,HIGH_RISK,7
The News,GLC_7303,34.6758,73.0428,07/27/2015,1264.2,11.62,19.75,0.5,6.7,35.9,42.3,19.7,97.0,3.6,887.5,Residual Soil,HIGH_RISK,8
Matched_NonEvent_DryControl,CONTROL_DRY_9640,47.267,-122.2625,2016-04-21,1440.7,27.65,0.2,0.0,0.2,0.2,25.6,21.0,39.0,6.0,1000.1,Laterite,SAFE,9
Matched_NonEvent_DryControl,CONTROL_DRY_5826,50.2722,-4.7891,2013-07-30,1265.7,7.35,7.54,0.0,5.2,13.7,30.1,16.6,87.0,12.5,1014.5,Residual Soil,SAFE,10
fox13now,GLC_3526,41.0033,-111.8657,05/22/2011,1231.5,36.16,9.35,0.0,0.3,17.0,37.8,13.3,55.0,4.7,819.7,Sandy Loam,HIGH_RISK,1
Matched_NonEvent_FlatControl,CONTROL_FLAT_9236,32.5899,-97.6381,06/03/2016,544.1,6.6,30.8,0.4,19.7,56.0,39.6,26.1,66.0,9.8,986.5,Sandy Loam,SAFE,2
Matched_NonEvent_DryControl,CONTROL_DRY_7947,28.2465,85.3644,2015-12-31,1066.0,38.95,1.16,0.0,0.8,2.1,34.7,4.5,71.0,5.4,830.5,Weathered Granite,SAFE,3
ITV,GLC_11206,51.679,-2.0237,01/09/2017,1363.7,1.76,3.3,0.0,3.3,5.0,38.7,2.9,91.0,16.2,997.8,Sandy Loam,HIGH_RISK,4
American Expatriate Costa Rica,GLC_10814,9.9614,-84.1664,05/08/2017,643.6,15.64,55.8,2.9,55.8,86.7,50.3,19.9,99.0,6.9,908.1,Clay Loam,HIGH_RISK,5
english.samaylive,GLC_3578,30.2414,78.908,06/07/2011,1101.2,24.64,2.7,0.0,2.7,3.4,37.3,21.2,70.0,5.5,921.3,Clay Loam,HIGH_RISK,6
Matched_NonEvent_DryControl,CONTROL_DRY_3085,-18.2883,146.0225,2010-08-07,845.8,17.55,0.0,0.0,0.0,0.0,39.0,19.6,76.0,4.8,1008.0,Colluvium,SAFE,7
Chamonet,GLC_7094,45.8892,6.7933,05/02/2015,1162.4,18.96,54.4,2.5,25.3,98.9,41.5,9.1,84.0,7.3,899.3,Clay Loam,HIGH_RISK,8
Mountain Mail,GLC_6446,38.4316,-106.1009,08/01/2014,1160.6,9.05,12.98,1.3,9.7,23.6,40.5,13.6,75.0,5.4,750.3,Laterite,HIGH_RISK,9
Matched_NonEvent_DryControl,CONTROL_DRY_4355,-1.1747,36.8304,2011-11-09,609.6,2.13,8.8,0.0,0.1,16.0,41.9,15.4,81.0,4.1,834.6,Weathered Granite,SAFE,10
Fox 6 WRBC,GLC_6960,33.2907,-87.5506,06/10/2015,1089.0,3.97,6.82,1.3,1.5,12.4,33.3,26.2,79.0,11.2,996.0,Residual Soil,HIGH_RISK,1
CTV News Ottawa,GLC_5986,45.49,-75.7628,04/08/2014,316.9,5.45,23.8,0.0,23.8,23.8,46.3,5.8,68.0,14.2,985.1,Weathered Granite,HIGH_RISK,2
Matched_NonEvent_DryControl,CONTROL_DRY_10262,40.224,-79.9593,2016-11-02,1511.6,2.89,0.0,0.0,0.0,0.0,45.6,19.4,75.0,11.3,983.3,Sandy Loam,SAFE,3
Matched_NonEvent_DryControl,CONTROL_DRY_1807,36.0242,-86.8811,2009-11-03,1232.4,11.2,0.0,0.0,0.0,0.0,40.8,11.8,56.0,7.4,996.7,Clay Loam,SAFE,4
Matched_NonEvent_DryControl,CONTROL_DRY_7303,34.6758,73.0428,2015-01-28,1264.2,11.62,5.88,0.5,1.2,10.7,36.9,-1.2,64.0,6.4,891.3,Residual Soil,SAFE,5
taiwannews,GLC_3918,27.6674,86.7174,08/13/2011,1050.5,47.91,21.1,0.8,21.1,36.5,42.9,14.9,97.0,4.0,767.1,Clay Loam,HIGH_RISK,6
Matched_NonEvent_FlatControl,CONTROL_FLAT_1250,16.5987,120.7247,10/09/2009,428.2,6.2,314.05,0.0,58.7,571.0,42.1,17.6,91.0,18.9,864.7,Clay Loam,SAFE,7
Matched_NonEvent_DryControl,CONTROL_DRY_108,38.9325,121.553,2006-12-30,462.2,8.6,0.0,0.0,0.0,0.0,21.4,-1.0,76.0,9.8,1024.0,Colluvium,SAFE,8
Matched_NonEvent_FlatControl,CONTROL_FLAT_434,53.942,-2.0889,01/22/2008,1067.2,6.2,27.06,0.0,1.1,49.2,40.8,7.6,98.0,16.2,1005.5,Weathered Granite,SAFE,9
fijitimes,GLC_4302,-16.6872,178.7081,04/01/2012,1252.7,4.65,95.98,0.2,36.1,174.5,50.4,26.3,90.0,15.7,1008.2,Residual Soil,HIGH_RISK,10
Matched_NonEvent_FlatControl,CONTROL_FLAT_1181,56.7061,-132.5769,09/20/2009,50.0,10.9,26.24,0.9,6.5,47.7,42.3,10.2,97.0,22.2,1013.8,Colluvium,SAFE,1
Matched_NonEvent_DryControl,CONTROL_DRY_5986,45.49,-75.7628,2013-10-10,316.9,5.45,0.33,0.0,0.0,0.6,40.4,15.5,64.0,3.6,1010.6,Weathered Granite,SAFE,2
Matched_NonEvent_FlatControl,CONTROL_FLAT_6960,33.4407,-87.4006,06/10/2015,689.0,4.8,6.82,1.3,1.5,12.4,33.3,26.2,79.0,11.2,996.0,Residual Soil,SAFE,3
Matched_NonEvent_DryControl,CONTROL_DRY_5054,31.7018,76.9424,2013-01-08,1154.5,18.76,0.33,0.0,0.0,0.6,24.1,3.0,72.0,3.8,925.8,Clay Loam,SAFE,4
Matched_NonEvent_FlatControl,CONTROL_FLAT_3844,13.4459,123.6348,07/26/2011,299.6,7.5,89.82,2.0,85.3,163.3,42.9,25.4,96.0,15.0,1002.7,Sandy Loam,SAFE,5
Matched_NonEvent_DryControl,CONTROL_DRY_1181,56.5561,-132.7269,2009-03-24,300.5,8.16,16.8,0.2,16.8,20.8,33.2,2.3,79.0,7.9,1014.0,Colluvium,SAFE,6
Matched_NonEvent_FlatControl,CONTROL_FLAT_248,28.3833,84.1033,09/08/2007,651.2,8.3,103.78,3.3,90.1,188.7,42.9,19.9,96.0,2.4,891.3,Colluvium,SAFE,7
Quelbazar,GLC_11196,46.5111,6.6582,02/19/2017,1192.1,6.77,0.83,0.0,0.0,1.5,35.8,-0.3,82.0,4.8,972.8,Clay Loam,HIGH_RISK,8
Matched_NonEvent_FlatControl,CONTROL_FLAT_1689,-22.7617,-42.9244,04/06/2010,50.0,6.7,67.8,1.9,67.8,107.0,43.0,20.2,92.0,10.4,1005.7,Laterite,SAFE,9
Matched_NonEvent_DryControl,CONTROL_DRY_10684,36.2295,-81.4994,2016-10-01,1296.5,2.65,12.21,0.0,0.0,22.2,45.6,17.4,68.0,2.3,910.6,Sandy Loam,SAFE,10
Wet Mountain Tribune,GLC_7051,38.2967,-105.2706,05/19/2015,1162.1,7.69,31.5,0.7,31.5,35.9,42.9,7.5,80.0,10.0,769.1,Weathered Granite,HIGH_RISK,1
Matched_NonEvent_DryControl,CONTROL_DRY_5470,26.8722,87.3303,2013-03-10,1016.9,30.88,0.0,0.0,0.0,0.0,19.9,12.4,81.0,8.9,922.2,Laterite,SAFE,2
pasadenastarnews,GLC_2883,34.1332,-118.1765,12/22/2010,824.9,4.54,75.41,1.5,45.0,137.1,43.9,11.5,87.0,5.1,979.2,Weathered Granite,HIGH_RISK,3
Matched_NonEvent_FlatControl,CONTROL_FLAT_8677,27.4125,87.7517,10/08/2015,639.1,8.2,0.11,0.0,0.0,0.2,33.4,7.8,93.0,3.1,803.1,Colluvium,SAFE,4
Matched_NonEvent_DryControl,CONTROL_DRY_11129,10.0371,123.4795,2016-07-17,536.7,13.23,2.53,0.0,1.7,4.6,38.0,26.5,86.0,3.3,993.1,Weathered Granite,SAFE,5
Matched_NonEvent_FlatControl,CONTROL_FLAT_5921,-43.4569,172.8572,03/05/2014,353.3,10.2,43.12,0.0,2.3,78.4,32.2,15.3,71.0,14.5,1011.6,Residual Soil,SAFE,6
Matched_NonEvent_DryControl,CONTROL_DRY_1735,-22.8929,-43.1124,2009-10-08,375.8,12.97,17.4,2.5,17.4,17.6,35.7,20.3,93.0,15.8,1010.4,Laterite,SAFE,7
Matched_NonEvent_DryControl,CONTROL_DRY_9143,33.2334,-86.5292,2015-07-01,1096.4,1.23,27.23,0.0,20.3,49.5,46.5,24.5,91.0,6.9,999.8,Residual Soil,SAFE,8
Matched_NonEvent_DryControl,CONTROL_DRY_9985,28.1458,84.069,2016-03-10,1048.0,3.67,0.0,0.0,0.0,0.0,35.5,7.7,87.0,2.6,931.4,Residual Soil,SAFE,9
abs-cbnnews,GLC_1248,18.5005,120.8417,10/08/2009,933.4,17.99,131.12,0.1,39.1,238.4,42.3,25.8,90.0,11.7,988.9,Residual Soil,HIGH_RISK,10
The Economic Times,GLC_9897,33.0815,75.2975,06/30/2017,1207.0,15.08,72.66,0.0,27.7,132.1,49.7,14.5,95.0,3.4,816.3,Sandy Loam,HIGH_RISK,1
Craigdailypress.com,GLC_238,40.4613,-106.8295,09/06/2007,1254.8,12.04,18.6,0.0,18.6,18.6,32.2,17.2,45.0,16.9,799.2,Clay Loam,HIGH_RISK,2
Matched_NonEvent_DryControl,CONTROL_DRY_3209,47.7929,-122.3899,2010-09-14,1465.7,25.53,0.94,0.0,0.0,1.7,30.8,20.7,62.0,4.8,1009.9,Weathered Granite,SAFE,3
Gadsten Times,GLC_9143,33.2334,-86.5292,12/28/2015,1096.4,1.23,24.8,2.8,24.8,26.4,48.3,18.7,98.0,22.0,991.7,Residual Soil,HIGH_RISK,4
www.kktv.com,GLC_5071,38.8759,-104.9362,07/10/2013,1194.4,4.69,5.17,1.1,4.4,9.4,22.1,24.2,43.0,7.3,802.6,Weathered Granite,HIGH_RISK,5
google,GLC_1189,41.3639,41.6822,09/23/2009,1285.0,19.79,30.2,1.8,30.2,48.7,43.2,16.5,98.0,5.0,1009.0,Residual Soil,HIGH_RISK,6
Matched_NonEvent_DryControl,CONTROL_DRY_4521,23.37,116.7035,2012-03-02,1135.5,1.07,1.04,0.0,0.0,1.9,38.3,16.3,87.0,14.0,1013.5,Laterite,SAFE,7
Matched_NonEvent_FlatControl,CONTROL_FLAT_10016,12.974,75.3616,06/27/2017,1293.3,11.3,45.65,0.9,33.4,83.0,52.0,22.3,99.0,1.9,996.7,Residual Soil,SAFE,8
Matched_NonEvent_DryControl,CONTROL_DRY_10190,38.0021,-122.6117,2016-09-07,974.0,15.42,0.0,0.0,0.0,0.0,12.9,26.0,46.0,13.6,1002.3,Residual Soil,SAFE,9
Matched_NonEvent_FlatControl,CONTROL_FLAT_9940,26.3545,92.022,07/03/2017,628.9,11.4,81.35,0.8,71.1,147.9,51.6,25.2,98.0,7.4,984.4,Residual Soil,SAFE,10
gmanetwork,GLC_4211,14.6533,121.6034,02/20/2012,748.7,18.29,27.7,0.0,27.7,47.1,44.4,23.9,96.0,6.9,1009.7,Sandy Loam,HIGH_RISK,1
Matched_NonEvent_FlatControl,CONTROL_FLAT_5128,1.8917,-75.5068,07/18/2013,569.5,11.6,32.78,0.0,17.0,59.6,48.9,22.5,82.0,2.4,937.2,Sandy Loam,SAFE,2
Matched_NonEvent_DryControl,CONTROL_DRY_3526,41.0033,-111.8657,2010-11-23,1231.5,36.16,14.74,0.3,3.6,26.8,35.8,-1.0,65.0,18.8,802.6,Sandy Loam,SAFE,3
Matched_NonEvent_DryControl,CONTROL_DRY_3339,35.8473,-83.5703,2010-10-07,1256.7,5.61,0.0,0.0,0.0,0.0,32.6,20.8,73.0,4.6,981.5,Sandy Loam,SAFE,4
Matched_NonEvent_FlatControl,CONTROL_FLAT_10500,49.0331,-118.4501,03/26/2017,1158.2,9.8,4.9,0.1,0.3,8.9,40.1,8.7,61.0,6.9,946.0,Sandy Loam,SAFE,5
Matched_NonEvent_FlatControl,CONTROL_FLAT_10295,38.9801,-81.6135,03/01/2017,1023.9,10.8,21.12,0.0,17.2,38.4,42.2,14.3,76.0,25.3,978.7,Colluvium,SAFE,6
Standard Digital,GLC_4695,1.0835,35.4707,12/29/2012,708.9,9.86,17.6,0.0,8.8,32.0,40.0,10.6,91.0,2.2,726.5,Sandy Loam,HIGH_RISK,7
Matched_NonEvent_FlatControl,CONTROL_FLAT_1223,16.552,120.747,10/05/2009,426.1,4.9,107.31,2.0,13.8,195.1,42.8,16.4,95.0,5.6,848.0,Laterite,SAFE,8
Matched_NonEvent_FlatControl,CONTROL_FLAT_1827,37.6839,-81.9499,05/03/2010,955.7,11.5,23.1,0.0,23.1,26.1,38.9,22.5,74.0,4.4,977.4,Residual Soil,SAFE,9
Matched_NonEvent_FlatControl,CONTROL_FLAT_65,-6.8167,110.5667,04/21/2007,655.8,7.2,20.46,0.4,14.6,37.2,43.5,23.6,97.0,3.6,1010.5,Sandy Loam,SAFE,10
Matched_NonEvent_DryControl,CONTROL_DRY_3325,47.6475,-116.1167,2010-10-01,1521.2,9.32,0.0,0.0,0.0,0.0,26.6,26.7,39.0,3.7,938.9,Colluvium,SAFE,1
Matched_NonEvent_FlatControl,CONTROL_FLAT_1071,16.542,120.7496,08/06/2009,425.6,12.0,66.8,3.3,66.8,87.5,42.8,18.8,96.0,11.9,862.2,Laterite,SAFE,2
Matched_NonEvent_FlatControl,CONTROL_FLAT_10806,18.2981,-76.7122,05/03/2017,50.0,9.8,5.5,0.3,2.8,10.0,37.0,22.8,94.0,3.6,963.3,Laterite,SAFE,3
Matched_NonEvent_FlatControl,CONTROL_FLAT_10640,48.7738,-122.2983,03/15/2017,1106.7,7.0,16.61,0.8,15.4,30.2,43.2,8.1,99.0,8.5,997.6,Clay Loam,SAFE,4
allafrica.com,GLC_4355,-1.1747,36.8304,05/07/2012,609.6,2.13,13.2,0.0,5.8,24.0,44.7,16.8,87.0,2.9,836.0,Weathered Granite,HIGH_RISK,5
kanglaonline.com,GLC_3860,25.4192,94.108,07/29/2011,1012.0,9.97,17.38,0.0,14.8,31.6,45.8,19.0,99.0,1.8,856.0,Colluvium,HIGH_RISK,6
Matched_NonEvent_DryControl,CONTROL_DRY_1259,37.0273,-121.8202,2009-04-17,933.2,35.0,0.0,0.0,0.0,0.0,27.0,17.4,60.0,11.5,996.9,Laterite,SAFE,7
WBOY12,GLC_7216,38.5653,-80.4459,07/13/2015,1423.8,21.48,11.38,0.0,5.2,20.7,38.8,24.9,80.0,10.5,960.1,Residual Soil,HIGH_RISK,8
Matched_NonEvent_FlatControl,CONTROL_FLAT_9074,27.2676,88.2569,07/20/2016,636.9,10.2,90.3,1.7,90.3,152.7,42.7,18.7,100.0,2.1,797.6,Residual Soil,SAFE,9
Matched_NonEvent_FlatControl,CONTROL_FLAT_10607,47.6851,-122.1975,02/15/2017,1053.3,6.6,26.8,3.5,26.8,26.8,43.9,10.1,88.0,15.9,987.6,Residual Soil,SAFE,10
Matched_NonEvent_FlatControl,CONTROL_FLAT_4425,46.9391,-91.9985,06/20/2012,1318.0,5.5,42.62,0.0,36.6,77.5,28.4,19.7,75.0,20.1,960.2,Clay Loam,SAFE,1
USGS,GLC_7813,44.392,-123.8345,12/28/1998,1281.3,6.94,88.6,2.1,88.6,130.5,41.2,10.3,100.0,16.4,1017.6,Laterite,HIGH_RISK,2
Matched_NonEvent_DryControl,CONTROL_DRY_9142,26.3185,94.5247,2015-12-17,1061.2,7.17,1.1,0.0,0.4,2.0,45.5,6.3,96.0,4.1,881.6,Clay Loam,SAFE,3
Matched_NonEvent_FlatControl,CONTROL_FLAT_10540,43.73,-115.9952,01/10/2017,917.5,9.2,20.9,0.7,13.3,38.0,37.3,2.5,90.0,17.2,898.9,Weathered Granite,SAFE,4
Matched_NonEvent_FlatControl,CONTROL_FLAT_2272,39.3405,-107.0801,08/19/2010,787.2,6.9,11.1,0.0,11.1,18.3,38.4,18.9,67.0,6.4,785.9,Laterite,SAFE,5
Matched_NonEvent_FlatControl,CONTROL_FLAT_5322,27.6407,86.2578,08/13/2013,635.6,6.2,18.1,0.0,12.7,32.9,41.8,23.7,87.0,1.6,938.2,Weathered Granite,SAFE,6
Hoy,GLC_6707,19.9053,-70.963,11/07/2014,585.6,7.66,4.12,0.0,1.1,7.5,36.8,26.0,81.0,2.2,1010.1,Laterite,HIGH_RISK,7
Matched_NonEvent_FlatControl,CONTROL_FLAT_7309,30.9364,78.766,08/15/2015,725.5,10.7,17.6,0.0,5.1,32.0,41.4,20.5,95.0,3.6,844.7,Laterite,SAFE,8
aspentimes,GLC_555,39.3707,-106.7839,05/28/2008,1200.7,17.22,0.11,0.0,0.0,0.2,42.1,14.4,37.0,8.3,761.0,Sandy Loam,HIGH_RISK,9
Matched_NonEvent_FlatControl,CONTROL_FLAT_7587,7.1725,125.3742,08/05/2015,50.0,9.5,36.19,0.1,17.7,65.8,48.9,18.4,92.0,5.1,879.0,Clay Loam,SAFE,10
Matched_NonEvent_DryControl,CONTROL_DRY_5689,-22.9011,-43.4438,2013-06-14,379.5,17.53,0.33,0.0,0.0,0.6,32.3,20.6,91.0,7.8,1003.9,Laterite,SAFE,1
Matched_NonEvent_FlatControl,CONTROL_FLAT_10814,10.1114,-84.0164,05/08/2017,243.6,10.5,55.8,2.9,55.8,86.7,50.3,19.9,99.0,6.9,908.1,Clay Loam,SAFE,2
Matched_NonEvent_FlatControl,CONTROL_FLAT_10554,46.5469,-122.6479,04/30/2017,991.9,8.2,4.1,0.0,4.1,4.3,38.2,12.4,48.0,11.2,1013.3,Residual Soil,SAFE,3
Matched_NonEvent_DryControl,CONTROL_DRY_4965,50.146,-116.9567,2012-12-21,1637.7,30.63,7.98,0.1,6.4,14.5,33.4,1.4,79.0,4.3,947.4,Colluvium,SAFE,4
Matched_NonEvent_DryControl,CONTROL_DRY_2289,12.042,-86.2998,2010-02-21,560.9,5.75,0.0,0.0,0.0,0.0,15.5,29.9,52.0,15.8,946.9,Sandy Loam,SAFE,5
The Tribune,GLC_7289,31.7085,76.9297,07/26/2015,1154.7,3.15,23.21,0.0,14.7,42.2,41.5,23.9,81.0,4.0,922.6,Sandy Loam,HIGH_RISK,6
Matched_NonEvent_DryControl,CONTROL_DRY_6507,36.0026,-114.8324,2014-02-15,951.8,36.44,0.0,0.0,0.0,0.0,2.9,22.3,15.0,8.3,929.0,Residual Soil,SAFE,7
Matched_NonEvent_DryControl,CONTROL_DRY_7216,38.5653,-80.4459,2015-01-14,1423.8,21.48,9.02,0.0,0.7,16.4,39.3,-2.0,85.0,6.9,970.5,Residual Soil,SAFE,8
Matched_NonEvent_FlatControl,CONTROL_FLAT_2051,31.2511,77.3293,07/07/2010,726.8,4.4,77.77,0.3,23.1,141.4,44.6,13.8,97.0,2.7,778.8,Sandy Loam,SAFE,9
Matched_NonEvent_FlatControl,CONTROL_FLAT_9248,21.5055,-157.704,07/24/2016,410.8,8.1,5.33,1.1,5.1,9.7,25.2,25.0,89.0,21.5,996.5,Weathered Granite,SAFE,10
Matched_NonEvent_FlatControl,CONTROL_FLAT_5986,45.64,-75.6128,04/08/2014,50.0,11.0,23.8,0.0,23.8,23.8,46.3,5.8,68.0,14.2,985.1,Weathered Granite,SAFE,1
Matched_NonEvent_FlatControl,CONTROL_FLAT_2562,34.8144,73.6137,10/07/2010,867.9,7.3,0.4,0.0,0.4,0.4,34.2,13.0,67.0,4.3,863.4,Colluvium,SAFE,2
Matched_NonEvent_FlatControl,CONTROL_FLAT_3965,24.958,93.267,09/06/2011,571.6,11.2,26.9,0.5,11.1,48.9,42.9,23.5,100.0,2.9,998.1,Residual Soil,SAFE,3
Matched_NonEvent_FlatControl,CONTROL_FLAT_4677,-0.6521,100.7944,12/24/2012,866.3,6.7,28.6,2.1,28.6,44.2,36.6,21.7,99.0,1.5,965.0,Laterite,SAFE,4
Matched_NonEvent_DryControl,CONTROL_DRY_2566,25.4769,94.1351,2010-04-11,1015.2,20.74,4.46,0.0,0.9,8.1,44.8,14.3,99.0,5.0,828.8,Colluvium,SAFE,5
Matched_NonEvent_DryControl,CONTROL_DRY_6092,12.3506,-84.8089,2013-12-25,530.6,20.12,5.67,0.0,2.4,10.3,40.1,23.0,82.0,9.4,970.7,Laterite,SAFE,6
myrepublica,GLC_1137,27.3667,86.0868,09/05/2009,1029.2,22.76,16.5,0.4,16.5,29.6,42.9,22.9,94.0,4.0,915.1,Residual Soil,HIGH_RISK,7
Matched_NonEvent_FlatControl,CONTROL_FLAT_3458,38.7987,-83.5693,05/03/2011,995.2,11.5,28.55,0.0,26.1,51.9,42.0,9.3,92.0,1.5,993.3,Laterite,SAFE,8
ethiofact.com,GLC_2317,11.6652,39.6515,08/24/2010,1279.8,24.92,3.35,0.0,3.2,6.1,31.1,17.7,80.0,5.5,830.6,Colluvium,HIGH_RISK,9
Matched_NonEvent_FlatControl,CONTROL_FLAT_1745,15.3958,-61.1309,04/12/2010,50.0,8.0,14.69,0.0,10.0,26.7,32.6,25.1,86.0,26.8,1008.4,Weathered Granite,SAFE,10
Matched_NonEvent_FlatControl,CONTROL_FLAT_10826,33.4869,75.3417,02/19/2017,818.8,4.1,16.6,0.1,16.6,20.5,50.7,9.9,77.0,2.2,879.2,Colluvium,SAFE,1
Matched_NonEvent_FlatControl,CONTROL_FLAT_5470,27.0222,87.4803,09/06/2013,616.9,8.4,21.67,0.0,1.2,39.4,40.8,21.7,92.0,3.9,920.6,Laterite,SAFE,2
e-pao.net,GLC_2569,25.2745,94.0212,10/08/2010,1003.9,6.84,39.88,2.0,32.8,72.5,43.3,18.4,100.0,4.7,886.4,Sandy Loam,HIGH_RISK,3
Matched_NonEvent_DryControl,CONTROL_DRY_4032,10.7539,-61.4407,2011-05-04,376.7,2.21,3.58,0.0,1.2,6.5,38.9,26.8,82.0,18.5,1009.2,Sandy Loam,SAFE,4
Seattle Times,GLC_7852,47.6416,-122.2199,12/14/2006,1459.9,8.79,26.62,4.2,23.3,48.4,43.8,8.1,97.0,22.7,987.0,Colluvium,HIGH_RISK,5
Matched_NonEvent_DryControl,CONTROL_DRY_751,35.4213,-82.2,2008-02-28,1249.1,10.93,6.99,0.0,0.0,12.7,46.9,4.6,40.0,4.8,984.0,Laterite,SAFE,6
Matched_NonEvent_FlatControl,CONTROL_FLAT_3401,48.0651,-122.2612,04/23/2011,1071.6,5.1,2.75,0.0,0.0,5.0,33.3,16.1,34.0,3.1,1004.5,Laterite,SAFE,7
globalnation.inquirer,GLC_1123,10.3454,123.8998,08/24/2009,556.3,6.81,12.87,0.0,6.8,23.4,47.6,26.1,87.0,9.2,990.9,Residual Soil,HIGH_RISK,8
antara,GLC_1619,53.6057,-9.7083,04/05/2010,1383.2,27.77,21.3,0.9,21.3,36.6,42.8,7.7,87.0,23.8,996.6,Sandy Loam,HIGH_RISK,9
Matched_NonEvent_DryControl,CONTROL_DRY_7051,38.2967,-105.2706,2014-11-20,1162.1,7.69,0.0,0.0,0.0,0.0,18.6,5.8,22.0,6.3,765.6,Weathered Granite,SAFE,10
ABC 7,GLC_6496,34.1516,-117.8864,12/12/2014,828.7,21.71,43.2,0.5,43.2,43.4,42.2,11.8,92.0,6.5,969.0,Weathered Granite,HIGH_RISK,1
Matched_NonEvent_FlatControl,CONTROL_FLAT_1779,-38.0451,145.284,04/25/2010,358.4,4.8,11.72,0.0,0.4,21.3,23.0,13.0,79.0,11.2,1015.6,Laterite,SAFE,2
Myanmar Times,GLC_9309,25.6127,96.2961,05/23/2016,1043.6,6.19,50.05,0.0,0.4,91.0,46.8,22.3,98.0,2.9,964.7,Sandy Loam,HIGH_RISK,3
Matched_NonEvent_FlatControl,CONTROL_FLAT_10858,31.2479,77.3016,04/06/2017,726.4,6.2,25.63,0.0,12.0,46.6,49.6,8.9,71.0,13.8,801.6,Sandy Loam,SAFE,4
Matched_NonEvent_DryControl,CONTROL_DRY_3517,40.448,-80.0595,2010-11-20,1521.8,1.33,0.99,0.0,0.0,1.8,46.5,7.9,75.0,8.3,985.6,Colluvium,SAFE,5
Matched_NonEvent_DryControl,CONTROL_DRY_2779,-28.131,153.2893,2010-06-07,426.3,20.97,0.0,0.0,0.0,0.0,40.2,14.9,75.0,7.9,999.3,Laterite,SAFE,6
Matched_NonEvent_FlatControl,CONTROL_FLAT_161,32.827,109.1741,08/07/2007,1124.1,5.1,1.7,0.0,1.7,2.5,32.8,23.8,99.0,4.2,968.7,Clay Loam,SAFE,7
Matched_NonEvent_DryControl,CONTROL_DRY_6483,46.6752,-121.0489,2014-02-13,1423.3,23.45,13.37,0.0,8.0,24.3,37.3,4.6,62.0,10.9,921.5,Clay Loam,SAFE,8
Matched_NonEvent_DryControl,CONTROL_DRY_3971,57.6111,-152.2806,2011-03-16,1657.7,1.47,11.1,0.3,11.1,17.5,37.7,0.8,90.0,21.2,983.1,Clay Loam,SAFE,9
Matched_NonEvent_DryControl,CONTROL_DRY_2562,34.6644,73.4637,2010-04-10,1267.9,33.86,1.1,0.0,0.0,2.0,46.2,10.5,86.0,8.5,861.7,Colluvium,SAFE,10
Matched_NonEvent_DryControl,CONTROL_DRY_3704,29.0396,81.2519,2011-01-03,1064.5,15.37,0.0,0.0,0.0,0.0,31.5,2.2,77.0,3.6,906.7,Residual Soil,SAFE,1
Matched_NonEvent_DryControl,CONTROL_DRY_7005,28.172,85.0852,2014-12-27,1059.5,13.75,0.5,0.0,0.5,0.5,37.6,-0.5,73.0,8.7,785.3,Colluvium,SAFE,2
Matched_NonEvent_FlatControl,CONTROL_FLAT_1900,40.8634,-111.6724,05/24/2010,817.4,11.2,18.59,0.0,17.2,33.8,48.6,11.0,46.0,10.2,859.2,Weathered Granite,SAFE,3
Matched_NonEvent_DryControl,CONTROL_DRY_9833,15.6453,-91.4366,2016-12-22,432.1,38.91,7.54,0.0,0.0,13.7,35.8,12.8,61.0,9.9,768.6,Residual Soil,SAFE,4
Matched_NonEvent_FlatControl,CONTROL_FLAT_11135,10.479,124.027,11/05/2016,155.2,4.1,33.66,0.0,5.4,61.2,46.9,26.2,87.0,9.6,1000.6,Residual Soil,SAFE,5
Matched_NonEvent_FlatControl,CONTROL_FLAT_10555,46.6096,-122.6008,01/18/2017,995.5,11.0,32.6,1.8,32.6,39.1,43.6,9.0,99.0,18.1,983.7,Residual Soil,SAFE,6
Matched_NonEvent_DryControl,CONTROL_DRY_6496,34.1516,-117.8864,2014-06-15,828.7,21.71,0.0,0.0,0.0,0.0,12.3,26.9,29.0,12.1,966.3,Weathered Granite,SAFE,7
Matched_NonEvent_FlatControl,CONTROL_FLAT_5648,-34.0732,18.9779,11/16/2013,50.0,11.8,87.3,0.4,87.3,118.6,42.4,16.4,98.0,8.0,1015.8,Residual Soil,SAFE,8
www.ksl.com,GLC_5041,40.4445,-111.7078,07/06/2013,1205.1,10.2,1.43,0.0,0.9,2.6,14.1,30.7,18.0,9.7,831.0,Sandy Loam,HIGH_RISK,9
Matched_NonEvent_FlatControl,CONTROL_FLAT_11086,-37.6899,177.7459,11/11/2016,50.0,10.3,33.4,3.7,33.4,33.4,43.7,15.3,99.0,23.1,1000.1,Laterite,SAFE,10
Matched_NonEvent_FlatControl,CONTROL_FLAT_6493,47.953,-122.2441,12/12/2014,1066.2,10.0,25.14,0.0,4.6,45.7,39.3,10.4,80.0,2.3,1009.0,Weathered Granite,SAFE,1
foxnews,GLC_4442,27.9526,84.227,06/28/2012,1039.9,20.75,20.3,1.0,14.9,36.9,42.5,24.5,86.0,1.1,962.9,Clay Loam,HIGH_RISK,2
Matched_NonEvent_DryControl,CONTROL_DRY_1068,14.6046,121.1751,2009-02-01,742.0,2.71,0.61,0.0,0.0,1.1,35.1,21.1,78.0,13.9,990.8,Clay Loam,SAFE,3
Matched_NonEvent_FlatControl,CONTROL_FLAT_4038,-6.8288,106.8518,11/04/2011,618.1,11.7,16.39,0.5,9.6,29.8,49.9,20.3,91.0,3.6,993.6,Colluvium,SAFE,4
Matched_NonEvent_DryControl,CONTROL_DRY_3629,15.2932,74.1447,2010-12-21,306.1,2.67,0.0,0.0,0.0,0.0,21.2,18.9,74.0,9.8,1001.4,Residual Soil,SAFE,5
Matched_NonEvent_DryControl,CONTROL_DRY_8899,27.4159,87.6909,2016-01-12,1047.7,47.35,0.0,0.0,0.0,0.0,37.8,7.8,79.0,1.9,902.4,Weathered Granite,SAFE,6
reviewnepal,GLC_1913,28.11,83.68,05/29/2010,1042.3,30.3,4.35,0.2,3.6,7.9,33.7,13.7,96.0,5.1,849.2,Sandy Loam,HIGH_RISK,7
Matched_NonEvent_FlatControl,CONTROL_FLAT_7689,21.1824,105.9086,08/15/2015,509.2,7.4,6.22,0.0,0.0,11.3,36.3,26.9,90.0,4.3,1002.5,Sandy Loam,SAFE,8
Matched_NonEvent_FlatControl,CONTROL_FLAT_1432,33.7524,-117.3032,01/21/2010,405.6,4.6,42.0,1.4,42.0,75.7,41.9,9.6,96.0,24.6,934.8,Laterite,SAFE,9
Matched_NonEvent_DryControl,CONTROL_DRY_522,43.0797,23.3981,2007-11-07,1188.0,24.36,2.64,0.0,0.4,4.8,37.9,-1.5,87.0,6.4,961.7,Sandy Loam,SAFE,10
Matched_NonEvent_FlatControl,CONTROL_FLAT_1742,41.55,48.4867,04/09/2010,953.4,6.7,6.1,0.0,6.1,6.2,40.1,4.1,100.0,4.7,893.0,Colluvium,SAFE,1
Matched_NonEvent_DryControl,CONTROL_DRY_2854,47.539,-122.1458,2010-06-16,1455.5,9.96,5.5,0.0,3.6,10.0,39.9,14.0,63.0,6.4,989.9,Residual Soil,SAFE,2
KRON Channel 4,GLC_10190,38.0021,-122.6117,03/06/2017,974.0,15.42,9.24,0.1,2.6,16.8,36.3,10.8,67.0,11.8,1014.4,Residual Soil,HIGH_RISK,3
krem,GLC_3325,47.6475,-116.1167,03/30/2011,1521.2,9.32,17.9,0.6,17.9,27.2,43.8,8.3,93.0,15.9,933.1,Colluvium,HIGH_RISK,4
oregonlive,GLC_1991,45.5686,-122.7713,06/15/2010,1350.7,7.48,2.7,0.4,2.7,2.7,37.1,12.3,70.0,4.7,994.4,Laterite,HIGH_RISK,5
Correspondence with Wilfried Strauch,GLC_6092,12.3506,-84.8089,06/23/2014,530.6,20.12,15.51,0.1,12.8,28.2,42.1,22.2,99.0,10.5,971.0,Laterite,HIGH_RISK,6
morungexpress,GLC_2044,25.8877,94.7861,07/06/2010,1042.2,5.94,11.99,0.5,6.9,21.8,51.5,20.2,98.0,1.6,884.5,Residual Soil,HIGH_RISK,7
Matched_NonEvent_FlatControl,CONTROL_FLAT_5407,9.3587,125.7401,08/27/2013,116.3,12.0,3.03,0.0,0.0,5.5,39.4,26.6,82.0,7.7,984.9,Weathered Granite,SAFE,8
thejakartaglobe,GLC_4627,-6.5097,106.7959,11/21/2012,1042.5,0.58,15.35,0.0,11.9,27.9,48.4,22.0,99.0,4.4,993.5,Residual Soil,HIGH_RISK,9
Matched_NonEvent_DryControl,CONTROL_DRY_10354,41.0583,-124.1432,2016-09-24,1111.5,11.13,0.3,0.0,0.3,0.4,15.5,18.6,61.0,13.4,1017.3,Sandy Loam,SAFE,10
Cebu Government,GLC_11129,10.0371,123.4795,01/13/2017,536.7,13.23,23.65,0.1,1.8,43.0,40.7,24.0,91.0,3.5,991.1,Weathered Granite,HIGH_RISK,1
capitalfm,GLC_1463,-0.7133,37.051,02/01/2010,634.8,17.7,0.5,0.0,0.5,0.5,18.9,13.6,93.0,3.4,844.8,Residual Soil,HIGH_RISK,2
Matched_NonEvent_FlatControl,CONTROL_FLAT_4338,53.458,-0.7819,04/27/2012,1056.1,7.2,15.13,0.2,8.4,27.5,38.0,5.5,80.0,12.8,1016.2,Sandy Loam,SAFE,3
The Borneo Post,GLC_4032,10.7539,-61.4407,10/31/2011,376.7,2.21,5.1,0.0,5.1,8.3,48.3,26.5,84.0,14.1,1008.2,Sandy Loam,HIGH_RISK,4
Matched_NonEvent_DryControl,CONTROL_DRY_1681,-22.9255,-43.2854,2009-10-08,379.1,12.07,23.5,3.4,23.5,28.7,39.7,18.8,93.0,14.1,985.4,Laterite,SAFE,5
Matched_NonEvent_FlatControl,CONTROL_FLAT_6090,12.5021,-84.658,06/23/2014,130.5,9.5,15.51,0.1,12.8,28.2,42.1,22.8,99.0,10.5,982.1,Laterite,SAFE,6
Matched_NonEvent_FlatControl,CONTROL_FLAT_5716,51.4434,-0.0032,12/24/2013,963.1,4.5,20.3,2.2,16.9,36.9,43.9,5.1,92.0,16.1,965.9,Laterite,SAFE,7
Matched_NonEvent_FlatControl,CONTROL_FLAT_3263,34.5899,-119.5115,03/21/2011,425.4,7.9,50.38,0.2,13.9,91.6,40.6,10.6,72.0,14.4,993.8,Laterite,SAFE,8
Matched_NonEvent_FlatControl,CONTROL_FLAT_7404,48.2893,-122.4511,03/27/2013,1081.0,5.2,0.1,0.1,0.1,0.1,34.5,12.4,65.0,3.7,1008.4,Sandy Loam,SAFE,9
Matched_NonEvent_DryControl,CONTROL_DRY_3924,10.3879,123.9179,2011-02-15,558.6,1.39,16.61,0.3,7.5,30.2,49.5,25.9,88.0,12.4,1007.0,Residual Soil,SAFE,10
Matched_NonEvent_FlatControl,CONTROL_FLAT_2814,48.6029,-123.3221,12/12/2010,1087.9,9.9,53.5,0.2,53.5,63.1,41.5,9.9,96.0,16.1,1003.6,Weathered Granite,SAFE,1
Matched_NonEvent_FlatControl,CONTROL_FLAT_9267,27.9509,84.9923,08/01/2016,638.5,6.9,53.63,0.6,16.7,97.5,42.6,25.4,90.0,1.5,963.1,Laterite,SAFE,2
Matched_NonEvent_DryControl,CONTROL_DRY_2883,34.1332,-118.1765,2010-06-25,824.9,4.54,0.0,0.0,0.0,0.0,8.4,25.6,39.0,12.2,982.8,Weathered Granite,SAFE,3
Matched_NonEvent_DryControl,CONTROL_DRY_377,47.8734,13.8188,2007-06-04,1331.9,44.6,9.52,0.0,3.1,17.3,38.8,13.4,99.0,2.7,952.7,Colluvium,SAFE,4
The Chronicle,GLC_10554,46.3969,-122.7979,04/30/2017,1391.9,14.69,4.1,0.0,4.1,4.3,38.2,12.4,48.0,11.2,1013.3,Residual Soil,HIGH_RISK,5
Matched_NonEvent_FlatControl,CONTROL_FLAT_2670,11.3934,-60.5695,10/31/2010,50.0,4.1,21.56,0.1,21.4,39.2,41.2,26.0,86.0,25.6,985.5,Clay Loam,SAFE,6
Matched_NonEvent_DryControl,CONTROL_DRY_5763,11.5515,125.0725,2013-07-15,628.3,12.87,17.4,0.0,17.4,21.4,45.4,25.3,90.0,8.3,997.7,Colluvium,SAFE,7
Matched_NonEvent_DryControl,CONTROL_DRY_1574,41.7396,20.9306,2009-09-16,1096.3,13.82,2.09,0.0,0.0,3.8,32.8,19.0,72.0,5.0,949.0,Colluvium,SAFE,8
Matched_NonEvent_FlatControl,CONTROL_FLAT_2880,33.2148,-117.1549,12/22/2010,380.2,5.4,86.68,1.4,75.4,157.6,40.4,13.3,86.0,17.2,1009.0,Clay Loam,SAFE,9
Matched_NonEvent_DryControl,CONTROL_DRY_2569,25.2745,94.0212,2010-04-11,1003.9,6.84,3.08,0.0,0.5,5.6,34.5,18.9,98.0,4.3,890.1,Sandy Loam,SAFE,10
Matched_NonEvent_FlatControl,CONTROL_FLAT_2586,47.4406,-122.3442,10/10/2010,1039.6,7.5,18.76,0.2,16.1,34.1,29.2,13.8,78.0,2.5,1019.5,Laterite,SAFE,1
Matched_NonEvent_FlatControl,CONTROL_FLAT_1426,34.3739,-118.0502,01/20/2010,429.2,4.9,39.88,5.0,17.9,72.5,43.9,7.4,98.0,20.0,930.1,Laterite,SAFE,2
lacanadaonline,GLC_1426,34.2239,-118.2002,01/20/2010,829.2,14.17,39.88,5.0,17.9,72.5,43.9,7.4,98.0,20.0,930.1,Laterite,HIGH_RISK,3
Matched_NonEvent_DryControl,CONTROL_DRY_2778,39.1312,-120.9276,2010-06-04,1047.3,7.77,9.46,0.3,9.4,17.2,47.8,18.6,67.0,9.1,921.8,Colluvium,SAFE,4
Matched_NonEvent_FlatControl,CONTROL_FLAT_2270,39.341,-107.1274,08/19/2010,786.8,8.4,11.1,0.0,11.1,18.3,39.8,17.7,69.0,6.4,773.6,Laterite,SAFE,5
wickedlocal,GLC_1576,42.1433,-71.2165,03/15/2010,1695.0,4.76,67.43,1.3,35.7,122.6,42.6,3.1,100.0,26.3,1000.1,Laterite,HIGH_RISK,6
Matched_NonEvent_FlatControl,CONTROL_FLAT_2713,15.6046,108.8349,11/11/2010,259.6,9.6,128.75,3.6,60.8,234.1,38.6,23.0,92.0,13.3,1009.3,Residual Soil,SAFE,7
Matched_NonEvent_FlatControl,CONTROL_FLAT_4211,14.8033,121.7534,02/20/2012,348.7,5.6,27.7,0.0,27.7,47.1,44.4,23.9,96.0,6.9,1009.7,Sandy Loam,SAFE,8
post-gazette,GLC_1948,40.4127,-80.0284,06/05/2010,1520.4,12.4,20.1,0.7,20.1,35.0,41.3,21.4,98.0,10.6,972.5,Colluvium,HIGH_RISK,9
Matched_NonEvent_DryControl,CONTROL_DRY_1172,11.2695,76.2227,2009-03-23,1625.7,2.44,14.5,0.0,14.5,17.8,48.1,21.4,97.0,3.0,1008.2,Laterite,SAFE,10
Matched_NonEvent_DryControl,CONTROL_DRY_4837,35.9974,-81.6384,2012-11-07,1283.5,12.87,1.5,0.0,1.5,2.2,44.3,6.8,84.0,8.4,968.9,Laterite,SAFE,1
laht,GLC_4332,1.7519,-75.5829,04/22/2012,968.2,15.09,11.0,0.0,6.9,20.0,47.7,24.1,86.0,1.8,938.8,Sandy Loam,HIGH_RISK,2
The Hindu,GLC_9705,13.9007,74.6602,06/12/2017,1741.6,12.08,299.09,0.6,133.9,543.8,51.6,24.5,99.0,9.2,997.3,Clay Loam,HIGH_RISK,3
Matched_NonEvent_FlatControl,CONTROL_FLAT_10525,47.1059,-118.5599,02/16/2017,1060.7,5.3,16.5,0.9,16.5,20.9,43.1,8.7,89.0,15.8,949.6,Laterite,SAFE,4
Matched_NonEvent_FlatControl,CONTROL_FLAT_5283,10.0039,77.0968,08/05/2013,1162.2,7.2,107.14,2.0,72.6,194.8,50.0,18.2,100.0,5.8,918.1,Weathered Granite,SAFE,5
Times of India,GLC_6569,19.1355,72.9981,08/28/2011,486.8,0.82,49.5,0.7,43.4,90.0,41.2,25.1,93.0,13.9,1001.0,Colluvium,HIGH_RISK,6
Matched_NonEvent_FlatControl,CONTROL_FLAT_7273,30.3911,79.0514,07/26/2015,701.1,4.6,8.3,0.0,1.1,15.1,47.5,25.5,85.0,3.2,935.2,Clay Loam,SAFE,7
Matched_NonEvent_DryControl,CONTROL_DRY_7145,37.8061,-84.3976,2014-10-16,1346.3,8.66,34.16,0.0,5.8,62.1,40.9,14.1,81.0,9.6,986.1,Residual Soil,SAFE,8
Matched_NonEvent_DryControl,CONTROL_DRY_8230,52.054,-9.9768,2015-03-21,1302.9,2.11,0.0,0.0,0.0,0.0,22.1,4.7,95.0,6.1,1030.4,Colluvium,SAFE,9
Matched_NonEvent_FlatControl,CONTROL_FLAT_6845,37.0686,-82.5756,03/07/2015,918.7,10.3,18.76,0.0,0.0,34.1,40.6,5.5,60.0,12.9,952.7,Sandy Loam,SAFE,10
Matched_NonEvent_DryControl,CONTROL_DRY_9485,16.9897,120.7538,2016-02-18,857.0,10.98,1.98,0.0,0.1,3.6,25.4,19.9,99.0,2.2,950.9,Laterite,SAFE,1
Matched_NonEvent_FlatControl,CONTROL_FLAT_6740,5.7749,117.3089,02/02/2015,1352.8,9.7,18.21,0.4,15.0,33.1,42.7,22.7,99.0,2.5,1000.5,Residual Soil,SAFE,2
ndtv,GLC_4481,30.6594,79.5605,08/17/2012,1128.6,42.76,15.5,0.7,15.5,25.7,42.3,11.6,95.0,2.0,695.1,Laterite,HIGH_RISK,3
Matched_NonEvent_DryControl,CONTROL_DRY_4433,49.9145,-116.9155,2011-12-27,1626.6,2.8,6.27,0.2,4.6,11.4,31.9,-0.4,91.0,5.3,943.1,Sandy Loam,SAFE,4
Matched_NonEvent_DryControl,CONTROL_DRY_3497,46.8077,-120.9174,2010-11-16,1431.2,0.8,8.6,0.0,8.6,8.8,38.8,8.4,63.0,12.8,948.1,Residual Soil,SAFE,5
Matched_NonEvent_FlatControl,CONTROL_FLAT_5444,28.4132,83.4982,09/03/2013,646.6,9.0,67.05,0.0,63.9,121.9,41.8,16.9,91.0,2.5,818.4,Residual Soil,SAFE,6
Matched_NonEvent_DryControl,CONTROL_DRY_1131,23.0587,-109.6972,2009-03-05,356.0,1.12,0.0,0.0,0.0,0.0,4.4,30.0,38.0,15.2,1010.7,Colluvium,SAFE,7
Skyscraper,GLC_49,49.2966,-123.1357,03/28/2007,1533.5,4.54,1.21,0.0,0.0,2.2,27.6,9.9,57.0,6.2,1033.0,Clay Loam,HIGH_RISK,8
Matched_NonEvent_FlatControl,CONTROL_FLAT_7468,14.2092,-87.005,06/13/2015,68.6,7.4,48.79,0.2,28.8,88.7,42.6,22.0,93.0,2.9,888.0,Residual Soil,SAFE,9
Matched_NonEvent_DryControl,CONTROL_DRY_8682,24.6997,85.6285,2015-12-08,891.3,17.24,0.11,0.0,0.0,0.2,14.9,14.5,93.0,5.5,990.0,Laterite,SAFE,10
Matched_NonEvent_DryControl,CONTROL_DRY_2474,18.9642,-99.6511,2010-03-24,348.3,3.36,0.0,0.0,0.0,0.0,21.8,22.1,17.0,13.2,790.1,Residual Soil,SAFE,1
Matched_NonEvent_DryControl,CONTROL_DRY_4211,14.6533,121.6034,2011-08-24,748.7,18.29,9.29,0.0,4.5,16.9,43.2,26.2,92.0,6.5,1002.5,Sandy Loam,SAFE,2
seattlepi,GLC_1590,47.9567,-122.2721,03/25/2010,1475.1,13.41,4.4,0.5,4.4,4.4,37.6,10.2,80.0,9.9,1006.0,Clay Loam,HIGH_RISK,3
Matched_NonEvent_DryControl,CONTROL_DRY_4627,-6.5097,106.7959,2012-05-25,1042.5,0.58,2.42,0.0,0.0,4.4,45.7,21.0,96.0,4.7,992.3,Residual Soil,SAFE,4
ChandigarhX,GLC_10858,31.0979,77.1516,04/06/2017,1126.4,21.01,25.63,0.0,12.0,46.6,49.6,8.9,71.0,13.8,801.6,Sandy Loam,HIGH_RISK,5
Matched_NonEvent_DryControl,CONTROL_DRY_5041,40.4445,-111.7078,2013-01-07,1205.1,10.2,0.0,0.0,0.0,0.0,28.3,-3.9,51.0,1.5,824.8,Sandy Loam,SAFE,6
Indian Express,GLC_7778,23.8447,93.0514,08/26/2015,922.7,27.35,18.98,0.0,17.4,34.5,42.8,20.2,100.0,2.6,891.3,Weathered Granite,HIGH_RISK,7
Matched_NonEvent_DryControl,CONTROL_DRY_1137,27.3667,86.0868,2009-03-09,1029.2,22.76,0.0,0.0,0.0,0.0,15.0,15.1,57.0,5.6,923.2,Residual Soil,SAFE,8
Matched_NonEvent_DryControl,CONTROL_DRY_10814,9.9614,-84.1664,2016-11-09,643.6,15.64,1.1,0.0,1.1,1.4,42.0,21.5,87.0,2.3,909.0,Clay Loam,SAFE,9
Matched_NonEvent_DryControl,CONTROL_DRY_2327,27.2948,87.9377,2010-02-25,1044.1,30.33,5.23,0.0,3.9,9.5,29.4,3.2,82.0,2.5,793.6,Colluvium,SAFE,10
Matched_NonEvent_DryControl,CONTROL_DRY_5621,-6.083,145.1667,2013-05-06,1447.5,7.5,11.1,0.0,11.1,12.8,40.7,19.6,87.0,4.8,836.3,Colluvium,SAFE,1
newsday.tt,GLC_939,10.716,-61.546,12/19/2008,379.7,14.06,23.05,0.2,22.9,41.9,49.8,24.3,88.0,18.2,997.0,Clay Loam,HIGH_RISK,2
expatica,GLC_1550,38.1947,15.5406,03/10/2010,865.1,7.86,41.2,0.0,21.4,74.9,41.3,9.3,60.0,7.8,1003.1,Weathered Granite,HIGH_RISK,3
Matched_NonEvent_FlatControl,CONTROL_FLAT_3049,-27.9105,152.5355,01/21/2011,50.0,10.2,17.99,0.0,0.3,32.7,38.9,19.2,59.0,11.9,914.3,Laterite,SAFE,4
Whidbey News-Times,GLC_7404,48.1393,-122.6011,03/27/2013,1481.0,16.29,0.1,0.1,0.1,0.1,34.5,12.4,65.0,3.7,1008.4,Sandy Loam,HIGH_RISK,5
Global Times,GLC_9973,-6.5897,106.7912,09/07/2016,1038.4,3.15,28.9,0.0,28.9,32.6,46.6,22.4,98.0,3.2,985.6,Sandy Loam,HIGH_RISK,6
Matched_NonEvent_FlatControl,CONTROL_FLAT_9833,15.7953,-91.2866,06/20/2017,50.0,9.9,22.77,3.9,11.5,41.4,43.6,13.1,98.0,9.7,764.3,Residual Soil,SAFE,7
Matched_NonEvent_DryControl,CONTROL_DRY_6036,15.4951,73.8288,2013-11-23,313.0,11.6,0.0,0.0,0.0,0.0,6.0,21.4,93.0,4.7,1004.6,Colluvium,SAFE,8
informante,GLC_3226,-22.5814,17.1399,03/15/2011,1257.7,3.16,16.23,0.0,7.8,29.5,40.4,16.6,96.0,4.2,832.3,Sandy Loam,HIGH_RISK,9
Matched_NonEvent_FlatControl,CONTROL_FLAT_814,14.825,121.3,09/24/2008,345.2,8.6,27.72,0.2,14.9,50.4,48.2,23.4,95.0,5.6,986.4,Clay Loam,SAFE,10
Matched_NonEvent_DryControl,CONTROL_DRY_1106,26.8992,88.1667,2009-02-21,1026.6,8.26,4.9,0.0,4.7,8.9,23.2,6.9,94.0,3.6,832.4,Clay Loam,SAFE,1
Matched_NonEvent_DryControl,CONTROL_DRY_5128,1.7417,-75.6568,2013-01-19,969.5,5.45,2.2,0.0,1.2,4.0,37.5,25.2,75.0,4.0,935.2,Sandy Loam,SAFE,2
www.deccanchronicle.com,GLC_5263,9.9995,77.0309,08/04/2013,1570.3,3.04,116.5,5.6,116.5,151.5,52.0,18.1,99.0,12.2,907.2,Clay Loam,HIGH_RISK,3
Matched_NonEvent_FlatControl,CONTROL_FLAT_7852,47.7916,-122.0699,12/14/2006,1059.9,11.9,26.62,4.2,23.3,48.4,43.8,8.1,97.0,22.7,987.0,Colluvium,SAFE,4
ktla,GLC_1480,34.2219,-118.2286,02/06/2010,828.8,6.79,32.2,0.6,32.2,37.6,43.1,10.3,89.0,9.4,953.2,Weathered Granite,HIGH_RISK,5
Matched_NonEvent_DryControl,CONTROL_DRY_3679,28.0004,84.033,2011-01-01,1040.3,9.46,3.47,0.0,0.0,6.3,27.8,7.5,81.0,1.5,903.3,Sandy Loam,SAFE,6
Matched_NonEvent_DryControl,CONTROL_DRY_1258,39.3138,-122.9465,2009-04-16,1036.2,14.1,0.22,0.0,0.0,0.4,39.0,15.3,27.0,10.7,893.3,Colluvium,SAFE,7
East County Magazine,GLC_7230,33.098,-116.6468,07/19/2015,788.4,1.43,16.61,5.0,15.8,30.2,38.3,22.4,72.0,5.1,895.9,Sandy Loam,HIGH_RISK,8
www.deseretnews.com,GLC_5033,40.5749,-111.6983,07/05/2013,1211.8,38.38,1.7,0.0,1.7,1.7,13.2,25.4,27.0,11.3,777.6,Colluvium,HIGH_RISK,9
Matched_NonEvent_DryControl,CONTROL_DRY_5250,27.8837,93.0515,2013-02-02,1124.7,36.21,2.1,0.4,2.1,2.1,36.1,3.7,95.0,4.1,831.8,Residual Soil,SAFE,10
Matched_NonEvent_DryControl,CONTROL_DRY_7150,37.2859,-83.2128,2014-10-16,1332.2,15.38,22.55,0.0,7.8,41.0,41.1,12.6,92.0,11.3,975.3,Weathered Granite,SAFE,1
maps.google.com,GLC_1638,-22.8999,-43.1227,04/06/2010,376.2,6.42,67.8,1.9,67.8,107.0,43.0,20.5,92.0,10.4,1010.8,Laterite,HIGH_RISK,2
www.mountainx.com,GLC_5027,35.6425,-82.5264,07/04/2013,1256.9,1.21,23.49,1.1,20.9,42.7,46.8,19.8,98.0,13.3,944.6,Clay Loam,HIGH_RISK,3
warwickdailynews,GLC_3049,-28.0605,152.3855,01/21/2011,420.8,18.79,17.99,0.0,0.3,32.7,38.9,19.2,59.0,11.9,914.3,Laterite,HIGH_RISK,4
antaranews,GLC_1268,-6.7536,111.0394,10/26/2009,1072.7,0.58,5.5,0.0,5.5,7.4,39.4,25.1,92.0,7.9,1009.0,Weathered Granite,HIGH_RISK,5
Matched_NonEvent_DryControl,CONTROL_DRY_2851,47.7358,-122.2861,2010-06-16,1463.9,13.95,3.91,0.0,3.6,7.1,38.2,15.4,61.0,6.5,1013.7,Weathered Granite,SAFE,6
Matched_NonEvent_FlatControl,CONTROL_FLAT_1659,-22.8278,-43.0824,04/06/2010,50.0,5.2,57.09,3.0,54.1,103.8,43.0,20.4,91.0,12.3,1010.4,Clay Loam,SAFE,7
Matched_NonEvent_DryControl,CONTROL_DRY_11135,10.329,123.877,2016-05-09,555.2,6.55,0.94,0.0,0.1,1.7,25.4,27.6,82.0,10.5,999.8,Residual Soil,SAFE,8
Matched_NonEvent_DryControl,CONTROL_DRY_6052,44.885,-93.1627,2013-12-12,1612.6,11.16,0.4,0.0,0.4,0.7,20.1,-9.6,78.0,7.1,990.8,Weathered Granite,SAFE,9
Matched_NonEvent_DryControl,CONTROL_DRY_555,39.3707,-106.7839,2007-11-30,1200.7,17.22,2.2,0.4,1.0,4.0,33.1,3.2,83.0,8.9,748.9,Sandy Loam,SAFE,10
Matched_NonEvent_FlatControl,CONTROL_FLAT_2474,19.1142,-99.5011,09/20/2010,50.0,9.8,15.95,3.5,5.8,29.0,41.9,18.5,79.0,5.2,788.7,Residual Soil,SAFE,1
nst,GLC_915,3.1869,101.773,12/06/2008,1477.1,4.02,57.6,1.2,57.6,76.7,47.4,22.8,99.0,4.3,999.6,Weathered Granite,HIGH_RISK,2
Matched_NonEvent_FlatControl,CONTROL_FLAT_3641,-38.401,146.346,06/22/2011,365.6,8.1,13.04,0.0,6.2,23.7,40.5,9.3,82.0,14.8,986.7,Residual Soil,SAFE,3
Matched_NonEvent_DryControl,CONTROL_DRY_4157,45.5137,-122.7297,2011-07-23,1348.4,13.95,0.55,0.0,0.0,1.0,21.9,25.8,34.0,10.9,979.9,Laterite,SAFE,4
Matched_NonEvent_DryControl,CONTROL_DRY_4316,-7.3901,109.3613,2011-10-11,1024.1,2.08,2.31,0.0,0.1,4.2,18.7,22.4,97.0,6.0,1007.9,Residual Soil,SAFE,5
Matched_NonEvent_FlatControl,CONTROL_FLAT_10163,37.2676,-121.9359,01/24/2017,535.0,11.9,40.43,0.0,1.7,73.5,39.8,10.3,56.0,7.6,989.6,Clay Loam,SAFE,6
Matched_NonEvent_FlatControl,CONTROL_FLAT_3089,10.6078,123.9256,02/05/2011,160.6,11.3,20.57,4.4,16.3,37.4,45.5,22.3,92.0,7.2,955.5,Colluvium,SAFE,7
Matched_NonEvent_FlatControl,CONTROL_FLAT_2289,12.192,-86.1498,08/20/2010,160.9,4.8,44.39,1.3,26.9,80.7,43.5,22.7,94.0,3.4,946.6,Sandy Loam,SAFE,8
Matched_NonEvent_DryControl,CONTROL_DRY_937,33.023,-117.105,2008-06-20,780.1,4.6,0.0,0.0,0.0,0.0,9.2,31.5,30.0,11.9,989.2,Clay Loam,SAFE,9
Matched_NonEvent_FlatControl,CONTROL_FLAT_4627,-6.3597,106.9459,11/21/2012,642.5,7.0,15.35,0.0,11.9,27.9,48.4,22.0,99.0,4.4,993.5,Residual Soil,SAFE,10
Matched_NonEvent_DryControl,CONTROL_DRY_3253,-22.5657,17.1689,2010-09-20,1256.6,3.24,0.0,0.0,0.0,0.0,10.8,3.7,49.0,7.5,815.5,Sandy Loam,SAFE,1
Matched_NonEvent_FlatControl,CONTROL_FLAT_4583,2.0202,-76.0646,10/07/2012,568.6,11.3,42.08,0.5,21.1,76.5,42.0,16.8,96.0,2.1,849.9,Clay Loam,SAFE,2
Matched_NonEvent_FlatControl,CONTROL_FLAT_9389,-29.8084,31.0536,05/08/2016,1088.9,5.4,20.2,0.4,20.2,36.5,39.0,17.9,89.0,18.6,1019.1,Sandy Loam,SAFE,3
Matched_NonEvent_FlatControl,CONTROL_FLAT_9897,33.2315,75.4475,06/30/2017,807.0,5.7,72.66,0.0,27.7,132.1,49.7,14.5,95.0,3.4,816.3,Sandy Loam,SAFE,4
The Press and Journal,GLC_6215,57.2276,-2.2608,10/07/2014,1638.8,8.75,31.1,0.5,31.1,48.1,33.9,9.5,85.0,18.5,981.4,Colluvium,HIGH_RISK,5
Matched_NonEvent_DryControl,CONTROL_DRY_10525,46.9559,-118.7099,2016-08-20,1460.7,0.76,0.0,0.0,0.0,0.0,2.5,33.6,10.0,7.2,963.1,Laterite,SAFE,6
Pueblo Chieftain,GLC_6471,37.4282,-105.4449,08/11/2014,1117.0,1.24,3.35,1.0,3.0,6.1,26.1,18.8,60.0,9.7,777.3,Sandy Loam,HIGH_RISK,7
Matched_NonEvent_FlatControl,CONTROL_FLAT_6120,10.0577,98.8437,07/01/2014,1382.3,11.9,10.29,0.0,7.1,18.7,49.6,24.4,97.0,8.5,989.2,Residual Soil,SAFE,8
lakeconews.com,GLC_1258,39.3138,-122.9465,10/13/2009,1036.2,14.1,54.5,4.2,54.5,54.5,52.0,9.5,100.0,16.2,864.9,Colluvium,HIGH_RISK,9
Matched_NonEvent_DryControl,CONTROL_DRY_5494,5.4661,100.2743,2013-03-15,1576.0,30.0,14.5,0.0,14.5,18.5,47.3,25.2,91.0,3.7,1001.8,Sandy Loam,SAFE,10
Matched_NonEvent_DryControl,CONTROL_DRY_10648,61.8141,-147.5017,2017-01-08,415.7,7.74,0.0,0.0,0.0,0.0,24.0,-12.8,44.0,6.5,920.7,Laterite,SAFE,1
Matched_NonEvent_FlatControl,CONTROL_FLAT_6675,13.5879,-88.1256,05/22/2014,110.9,4.9,17.55,0.0,8.0,31.9,44.8,18.8,69.0,4.6,825.3,Sandy Loam,SAFE,2
Matched_NonEvent_FlatControl,CONTROL_FLAT_2914,8.0546,123.8727,12/30/2010,50.0,11.6,23.21,0.0,11.9,42.2,50.2,24.5,94.0,2.0,1007.4,Sandy Loam,SAFE,3
Matched_NonEvent_FlatControl,CONTROL_FLAT_1574,41.8896,21.0806,03/15/2010,696.3,11.8,0.0,0.0,0.0,0.0,36.9,-2.4,83.0,4.1,950.9,Colluvium,SAFE,4
Matched_NonEvent_FlatControl,CONTROL_FLAT_3158,46.1373,-122.7228,02/28/2011,970.6,10.5,34.1,1.0,34.1,41.2,37.0,2.4,99.0,8.1,1001.4,Weathered Granite,SAFE,5
Matched_NonEvent_FlatControl,CONTROL_FLAT_1826,37.2445,-82.9506,05/03/2010,923.7,11.4,24.0,0.0,24.0,30.2,38.7,22.9,64.0,9.0,971.4,Residual Soil,SAFE,6
Matched_NonEvent_FlatControl,CONTROL_FLAT_4947,19.2311,73.1726,06/18/2013,84.3,11.2,108.9,1.8,28.6,198.0,40.7,24.9,94.0,14.5,999.0,Residual Soil,SAFE,7
Santa Cruz Sentinel,GLC_10151,37.0804,-121.9783,01/09/2017,934.2,7.91,81.9,0.2,51.5,148.9,41.5,9.5,93.0,12.2,980.6,Laterite,HIGH_RISK,8
Matched_NonEvent_DryControl,CONTROL_DRY_2670,11.2434,-60.7195,2010-05-04,345.0,6.42,0.7,0.0,0.7,0.8,23.6,26.1,72.0,18.7,986.7,Clay Loam,SAFE,9
mizoramexpress.com,GLC_2437,23.7527,92.694,09/16/2010,914.6,22.8,24.42,1.5,12.6,44.4,43.0,19.6,100.0,2.4,918.7,Colluvium,HIGH_RISK,10
Matched_NonEvent_DryControl,CONTROL_DRY_9474,32.6987,75.0582,2016-02-09,1185.5,11.06,0.17,0.0,0.0,0.3,11.0,7.1,83.0,5.4,957.2,Colluvium,SAFE,1
thejakartapost,GLC_2845,-8.1578,115.113,12/13/2010,1043.2,3.12,39.71,0.8,28.5,72.2,32.6,23.4,99.0,6.7,983.9,Clay Loam,HIGH_RISK,2
Fox News,GLC_277,14.6229,-90.5316,09/22/2007,474.2,2.96,26.3,1.1,26.3,46.6,46.0,19.7,85.0,2.5,851.3,Weathered Granite,HIGH_RISK,3
paloaltoonline,GLC_1421,37.1813,-121.9935,01/20/2010,939.1,10.88,74.03,2.7,54.2,134.6,46.5,8.7,90.0,23.9,962.3,Clay Loam,HIGH_RISK,4
metronews.ca,GLC_4440,46.3029,-67.5221,06/27/2012,439.9,1.15,24.14,1.2,16.4,43.9,41.7,15.1,100.0,11.5,990.2,Residual Soil,HIGH_RISK,5
Matched_NonEvent_DryControl,CONTROL_DRY_2488,31.0215,77.1038,2010-03-26,1122.1,20.22,0.4,0.0,0.4,0.4,16.1,11.9,60.0,8.8,825.5,Clay Loam,SAFE,6
Matched_NonEvent_FlatControl,CONTROL_FLAT_5600,15.3218,120.9153,10/12/2013,366.2,4.7,57.15,0.0,26.2,103.9,43.5,24.6,95.0,3.5,1005.0,Laterite,SAFE,7
Matched_NonEvent_DryControl,CONTROL_DRY_779,42.228,-72.629,2008-03-10,1685.1,3.86,27.12,0.0,0.0,49.3,36.8,0.4,45.0,9.6,1012.2,Weathered Granite,SAFE,8
The News Tribune,GLC_10626,47.288,-122.4077,03/14/2017,1440.3,16.08,19.2,0.2,15.1,34.9,41.3,13.7,80.0,24.0,1013.5,Laterite,HIGH_RISK,9
www.wlos.com,GLC_4725,35.5278,-83.0992,01/18/2013,1245.4,32.9,32.51,0.0,5.4,59.1,47.8,1.3,56.0,1.5,879.7,Laterite,HIGH_RISK,10
Matched_NonEvent_FlatControl,CONTROL_FLAT_9570,-7.2127,108.7365,10/09/2016,617.7,10.8,70.2,0.3,70.2,116.4,42.6,22.6,96.0,1.6,1008.5,Sandy Loam,SAFE,1
Matched_NonEvent_DryControl,CONTROL_DRY_7,4.9833,114.917,2006-07-12,1698.3,10.11,3.3,0.0,1.0,6.0,21.3,25.4,92.0,5.9,1002.5,Laterite,SAFE,2
Matched_NonEvent_FlatControl,CONTROL_FLAT_10190,38.1521,-122.4617,03/06/2017,574.0,10.5,9.24,0.1,2.6,16.8,36.3,10.8,67.0,11.8,1014.4,Residual Soil,SAFE,3
Matched_NonEvent_DryControl,CONTROL_DRY_6120,9.9077,98.6937,2014-01-02,1782.3,3.36,0.0,0.0,0.0,0.0,27.4,21.4,98.0,3.3,990.5,Residual Soil,SAFE,4
signonsandiego,GLC_2880,33.0648,-117.3049,12/22/2010,780.2,11.02,86.68,1.4,75.4,157.6,40.4,13.3,86.0,17.2,1009.0,Clay Loam,HIGH_RISK,5
Matched_NonEvent_DryControl,CONTROL_DRY_4203,10.7004,124.9668,2011-08-20,584.7,1.67,18.4,0.1,18.4,30.4,42.3,25.1,93.0,7.1,1007.8,Clay Loam,SAFE,6
kptv,GLC_3158,45.9873,-122.8728,02/28/2011,1370.6,20.61,34.1,1.0,34.1,41.2,37.0,2.4,99.0,8.1,1001.4,Weathered Granite,HIGH_RISK,7
Matched_NonEvent_FlatControl,CONTROL_FLAT_6634,47.4512,-122.0237,01/05/2015,1043.3,8.2,54.8,0.0,54.8,67.9,41.6,10.5,99.0,14.7,1021.8,Laterite,SAFE,8
The Times of India,GLC_6036,15.4951,73.8288,05/22/2014,313.0,11.6,6.66,0.0,0.9,12.1,17.6,25.9,87.0,1.1,1001.0,Colluvium,HIGH_RISK,9
Matched_NonEvent_FlatControl,CONTROL_FLAT_1619,53.7557,-9.5583,04/05/2010,983.2,5.8,21.3,0.9,21.3,36.6,42.8,7.7,87.0,23.8,996.6,Sandy Loam,SAFE,10
Matched_NonEvent_DryControl,CONTROL_DRY_6024,33.2394,75.2405,2013-11-15,1214.4,5.94,0.0,0.0,0.0,0.0,38.9,4.6,61.0,7.6,933.2,Residual Soil,SAFE,1
Red Cross - Field reports,GLC_41,2.943,101.698,03/22/2007,1464.1,6.83,25.2,0.2,25.2,38.8,44.6,22.9,99.0,1.4,1002.9,Residual Soil,HIGH_RISK,2
Matched_NonEvent_FlatControl,CONTROL_FLAT_10159,37.3239,-122.0848,02/24/2017,536.3,4.8,3.85,0.0,0.0,7.0,36.8,8.8,54.0,15.0,983.3,Clay Loam,SAFE,3
Matched_NonEvent_DryControl,CONTROL_DRY_818,29.118,80.6777,2008-03-24,1062.7,17.46,0.33,0.0,0.1,0.6,31.9,12.5,65.0,4.7,868.3,Residual Soil,SAFE,4
Herald,GLC_6493,47.803,-122.3941,12/12/2014,1466.2,12.05,25.14,0.0,4.6,45.7,39.3,10.4,80.0,2.3,1009.0,Weathered Granite,HIGH_RISK,5
fox19,GLC_4263,39.1581,-84.5645,03/15/2012,1412.3,7.9,2.09,0.0,0.8,3.8,36.5,21.6,74.0,12.4,998.0,Weathered Granite,HIGH_RISK,6
Matched_NonEvent_DryControl,CONTROL_DRY_1241,14.5767,121.4432,2009-04-11,743.3,18.29,3.3,0.1,1.2,6.0,36.6,24.5,92.0,9.7,982.9,Clay Loam,SAFE,7
Matched_NonEvent_DryControl,CONTROL_DRY_7424,14.6281,-90.5065,2015-03-31,473.7,8.1,1.32,0.0,0.0,2.4,33.9,23.1,46.0,12.8,855.5,Weathered Granite,SAFE,8
thewestonmercury,GLC_4574,51.3512,-2.9735,09/26/2012,1337.8,6.25,17.49,0.0,7.2,31.8,45.6,10.3,89.0,21.3,998.1,Colluvium,HIGH_RISK,9
Nigerian Tribune,GLC_6012,6.5014,4.7797,05/06/2014,672.9,2.21,34.76,0.0,31.9,63.2,31.6,24.7,97.0,1.6,1008.7,Clay Loam,HIGH_RISK,10
Matched_NonEvent_DryControl,CONTROL_DRY_6511,7.8891,98.3075,2014-02-16,1677.5,13.52,0.0,0.0,0.0,0.0,28.5,25.2,78.0,27.6,996.7,Clay Loam,SAFE,1
Matched_NonEvent_FlatControl,CONTROL_FLAT_9924,32.4119,78.2185,07/02/2017,793.8,4.2,7.26,0.0,0.3,13.2,36.0,4.2,56.0,1.4,610.3,Sandy Loam,SAFE,2
articles.timesofindia.indiatimes.com,GLC_5334,32.3573,77.3052,08/15/2013,1190.9,29.71,25.14,0.1,18.4,45.7,42.4,8.5,89.0,2.6,675.4,Sandy Loam,HIGH_RISK,3
Matched_NonEvent_DryControl,CONTROL_DRY_1713,-22.8887,-43.0783,2009-10-08,375.2,15.12,17.4,2.5,17.4,17.6,35.7,20.3,93.0,15.8,1009.1,Weathered Granite,SAFE,4
Matched_NonEvent_DryControl,CONTROL_DRY_10501,49.1291,-118.6479,2016-10-16,1570.0,23.96,32.62,0.8,23.8,59.3,42.6,7.7,95.0,6.9,900.4,Colluvium,SAFE,5
The Richmond Register,GLC_7145,37.8061,-84.3976,04/14/2015,1346.3,8.66,44.3,0.0,44.3,44.8,40.7,12.7,76.0,11.4,993.1,Residual Soil,HIGH_RISK,6
Matched_NonEvent_FlatControl,CONTROL_FLAT_10162,37.362,-121.9173,02/10/2017,539.9,11.7,30.8,0.9,30.8,51.1,51.1,9.1,80.0,6.1,918.2,Sandy Loam,SAFE,7
kmxt,GLC_3971,57.6111,-152.2806,09/12/2011,1657.7,1.47,22.4,0.5,22.4,23.9,42.8,10.4,88.0,21.9,996.7,Clay Loam,HIGH_RISK,8
Matched_NonEvent_DryControl,CONTROL_DRY_1742,41.4,48.3367,2009-10-11,1353.4,14.51,0.83,0.0,0.8,1.5,39.0,8.6,83.0,5.6,899.4,Colluvium,SAFE,9
Matched_NonEvent_DryControl,CONTROL_DRY_3502,40.6573,-79.8375,2010-11-18,1534.5,14.95,10.51,0.2,1.9,19.1,48.1,3.5,94.0,11.2,980.3,Laterite,SAFE,10
Matched_NonEvent_FlatControl,CONTROL_FLAT_6353,43.8776,7.3825,11/05/2014,658.7,9.7,63.75,0.0,18.3,115.9,39.8,13.0,90.0,2.5,977.3,Colluvium,SAFE,1
Global News,GLC_6260,50.6082,-118.8419,04/30/2014,1642.0,12.1,0.0,0.0,0.0,0.0,42.2,22.1,29.0,3.1,979.7,Clay Loam,HIGH_RISK,2
The Australian,GLC_9382,-23.2789,-46.7392,03/10/2016,431.3,9.79,2.86,0.0,2.6,5.2,46.3,22.0,85.0,11.2,919.7,Clay Loam,HIGH_RISK,3
Times of India,GLC_7366,32.2241,76.3374,07/31/2015,1174.6,24.08,36.69,0.6,25.7,66.7,45.7,18.3,98.0,4.6,838.4,Laterite,HIGH_RISK,4
Matched_NonEvent_DryControl,CONTROL_DRY_1669,-22.5527,-43.6897,2009-10-08,364.5,10.19,39.3,2.4,39.3,49.6,45.2,17.4,96.0,12.9,973.4,Residual Soil,SAFE,5
Matched_NonEvent_DryControl,CONTROL_DRY_4086,56.228,-4.8572,2011-06-08,1562.8,12.37,13.53,0.0,8.2,24.6,73.1,7.0,95.0,6.0,972.9,Residual Soil,SAFE,6
Matched_NonEvent_DryControl,CONTROL_DRY_3144,3.0665,101.6235,2010-08-28,1469.6,4.95,2.64,0.0,1.1,4.8,42.3,24.4,94.0,8.4,1003.6,Colluvium,SAFE,7
Matched_NonEvent_FlatControl,CONTROL_FLAT_5478,40.5931,-111.5561,09/07/2013,805.1,5.0,2.0,0.0,2.0,2.2,14.8,25.9,35.0,10.4,835.3,Sandy Loam,SAFE,8
Matched_NonEvent_FlatControl,CONTROL_FLAT_1831,38.7831,-82.3809,05/03/2010,1006.3,10.2,55.1,0.0,55.1,90.3,39.6,22.4,62.0,8.3,984.8,Clay Loam,SAFE,9
Matched_NonEvent_FlatControl,CONTROL_FLAT_1368,30.7707,34.9649,12/22/2009,279.2,10.7,0.5,0.0,0.5,0.5,3.0,7.1,88.0,7.2,925.9,Residual Soil,SAFE,10
thestar.com,GLC_846,3.0949,101.746,10/15/2008,1472.2,8.46,21.12,0.0,10.2,38.4,48.2,22.3,99.0,3.6,994.5,Colluvium,HIGH_RISK,1
Matched_NonEvent_FlatControl,CONTROL_FLAT_1110,27.0341,88.4309,08/20/2009,627.0,5.0,109.9,0.0,109.9,167.5,42.3,17.6,99.0,1.1,834.1,Clay Loam,SAFE,2
123breakingnews,GLC_1514,32.6669,-16.924,02/20/2010,1764.1,7.84,49.7,0.0,49.7,77.8,42.2,16.2,87.0,14.5,967.0,Clay Loam,HIGH_RISK,3
www.wsoctv.com,GLC_4837,35.9974,-81.6384,05/06/2013,1283.5,12.87,58.2,0.0,58.2,83.6,48.2,13.9,92.0,7.2,967.4,Laterite,HIGH_RISK,4
Matched_NonEvent_DryControl,CONTROL_DRY_3134,36.9081,-121.6338,2010-08-21,929.1,24.45,0.0,0.0,0.0,0.0,13.1,20.2,53.0,15.1,1006.1,Weathered Granite,SAFE,5
Matched_NonEvent_FlatControl,CONTROL_FLAT_2186,40.0743,-111.3943,08/01/2010,780.8,6.5,0.22,0.0,0.2,0.4,14.2,30.5,27.0,11.2,839.5,Residual Soil,SAFE,6
herald-dispatch,GLC_3720,39.0928,-84.1857,07/03/2011,1412.8,0.71,5.3,0.0,5.3,5.3,34.5,28.7,72.0,9.0,992.4,Colluvium,HIGH_RISK,7
GoSkagit,GLC_10640,48.6238,-122.4483,03/15/2017,1506.7,27.67,16.61,0.8,15.4,30.2,43.2,8.1,99.0,8.5,997.6,Clay Loam,HIGH_RISK,8
Matched_NonEvent_DryControl,CONTROL_DRY_7556,38.4115,-122.8921,2015-09-13,991.7,4.46,0.0,0.0,0.0,0.0,11.9,30.4,26.0,6.4,993.3,Clay Loam,SAFE,9
www.philstar.com,GLC_5407,9.2087,125.5901,08/27/2013,516.3,10.76,3.03,0.0,0.0,5.5,39.4,26.6,82.0,7.7,984.9,Weathered Granite,HIGH_RISK,10
Matched_NonEvent_FlatControl,CONTROL_FLAT_239,27.2167,89.7333,09/07/2007,649.2,10.8,105.82,1.8,88.7,192.4,41.9,17.6,100.0,1.1,813.9,Colluvium,SAFE,1
Matched_NonEvent_FlatControl,CONTROL_FLAT_10963,23.485,93.0041,06/12/2017,495.3,10.4,169.0,10.1,169.0,237.1,43.0,20.7,100.0,9.7,907.8,Laterite,SAFE,2
pnwlocalnews,GLC_3382,47.989,-122.363,04/19/2011,1475.8,25.25,0.88,0.0,0.0,1.6,36.4,9.6,47.0,2.3,1012.1,Clay Loam,HIGH_RISK,3
thejakartapost,GLC_4034,-6.6392,106.8343,11/03/2011,1036.4,1.29,19.91,0.0,2.1,36.2,46.4,21.3,96.0,5.6,968.2,Sandy Loam,HIGH_RISK,4
kgw.com,GLC_50,45.5113,-122.7069,03/28/2007,1348.5,20.63,4.02,0.0,0.0,7.3,38.5,11.1,48.0,5.0,1011.8,Laterite,HIGH_RISK,5
Nelson Star,GLC_4965,50.146,-116.9567,06/19/2013,1637.7,30.63,13.2,2.4,13.2,15.0,43.7,18.6,95.0,1.8,943.6,Colluvium,HIGH_RISK,6
Matched_NonEvent_DryControl,CONTROL_DRY_4878,48.0955,-122.4937,2012-11-28,1479.8,9.72,0.2,0.2,0.2,0.2,37.4,7.8,75.0,16.1,1001.6,Sandy Loam,SAFE,7
Matched_NonEvent_FlatControl,CONTROL_FLAT_7833,48.06,-122.1709,03/28/2016,1072.3,4.6,10.89,0.0,0.3,19.8,39.5,10.5,59.0,11.5,1022.0,Laterite,SAFE,8
Matched_NonEvent_FlatControl,CONTROL_FLAT_6012,6.6514,4.9297,05/06/2014,272.9,5.7,34.76,0.0,31.9,63.2,31.6,24.7,97.0,1.6,1008.7,Clay Loam,SAFE,9
nbcphiladelphia,GLC_3372,39.982,-75.2055,04/16/2011,1547.0,4.16,19.8,4.1,19.8,19.8,44.7,13.9,95.0,30.0,1003.0,Colluvium,HIGH_RISK,10
Nagaland Post,GLC_11150,24.7959,93.7239,03/30/2017,977.0,29.25,145.4,0.4,145.4,167.5,51.0,15.8,98.0,3.6,901.3,Residual Soil,HIGH_RISK,1
Matched_NonEvent_DryControl,CONTROL_DRY_1831,38.6331,-82.5309,2009-11-04,1406.3,15.22,1.7,0.0,1.7,1.7,38.5,8.6,68.0,6.0,996.7,Clay Loam,SAFE,2
Nagaland Post,GLC_9142,26.3185,94.5247,06/14/2016,1061.2,7.17,35.91,0.0,8.5,65.3,49.2,20.0,94.0,3.9,876.6,Clay Loam,HIGH_RISK,3
dailymercury,GLC_2900,-21.1313,148.4943,12/25/2010,728.4,8.07,51.43,2.4,25.4,93.5,52.0,21.9,100.0,8.4,931.6,Laterite,HIGH_RISK,4
thehimalayantimes,GLC_3704,29.0396,81.2519,07/02/2011,1064.5,15.37,55.88,0.0,14.0,101.6,42.1,21.4,91.0,3.3,899.4,Residual Soil,HIGH_RISK,5
Dawn,GLC_2216,36.6567,74.8609,08/06/2010,1381.4,18.37,1.98,0.0,1.4,3.6,33.2,10.1,98.0,2.3,704.2,Clay Loam,HIGH_RISK,6
Matched_NonEvent_FlatControl,CONTROL_FLAT_1137,27.5167,86.2368,09/05/2009,629.2,6.9,16.5,0.4,16.5,29.6,42.9,22.9,94.0,4.0,915.1,Residual Soil,SAFE,7
Matched_NonEvent_FlatControl,CONTROL_FLAT_777,5.495,100.3987,09/06/2008,1169.7,5.1,35.7,0.8,28.0,64.9,49.1,23.2,89.0,6.5,982.3,Clay Loam,SAFE,8
maps.google.com,GLC_1659,-22.9778,-43.2324,04/06/2010,381.2,9.16,57.09,3.0,54.1,103.8,43.0,20.4,91.0,12.3,1010.4,Clay Loam,HIGH_RISK,9
wbir,GLC_1195,35.7102,-83.5554,09/26/2009,1250.0,5.97,29.7,10.1,29.7,33.6,50.0,17.1,100.0,6.9,919.4,Clay Loam,HIGH_RISK,10
Matched_NonEvent_DryControl,CONTROL_DRY_9810,36.77,-83.7121,2016-11-20,1301.4,17.28,1.98,0.0,0.0,3.6,22.4,3.8,36.0,12.0,981.0,Weathered Granite,SAFE,1
Matched_NonEvent_DryControl,CONTROL_DRY_9445,17.3171,-62.796,2016-02-06,537.9,19.97,2.2,0.0,2.2,3.1,20.9,25.9,77.0,26.8,1015.6,Laterite,SAFE,2
The Chronicle,GLC_10555,46.4596,-122.7508,01/18/2017,1395.5,16.73,32.6,1.8,32.6,39.1,43.6,9.0,99.0,18.1,983.7,Residual Soil,HIGH_RISK,3
telluridenews,GLC_3799,37.9478,-107.8548,07/18/2011,1118.8,1.33,9.5,8.2,9.5,10.0,37.8,18.2,80.0,4.7,758.2,Weathered Granite,HIGH_RISK,4
Matched_NonEvent_DryControl,CONTROL_DRY_9416,37.844,-122.1239,2015-09-16,971.0,7.19,0.2,0.0,0.2,0.2,11.9,19.8,51.0,15.7,993.7,Sandy Loam,SAFE,5
Matched_NonEvent_DryControl,CONTROL_DRY_4082,10.3828,-61.2984,2011-06-05,393.8,2.59,11.44,0.0,10.5,20.8,44.4,25.8,93.0,5.6,1003.3,Colluvium,SAFE,6
Matched_NonEvent_DryControl,CONTROL_DRY_10937,34.5892,74.2464,2016-10-20,1271.9,27.18,0.11,0.0,0.0,0.2,22.4,7.5,59.0,5.6,806.0,Colluvium,SAFE,7
www.blacktownsun.com.au,GLC_5000,-33.8234,151.0075,06/30/2013,481.1,0.4,15.46,0.0,1.5,28.1,38.7,11.5,80.0,7.4,1022.2,Weathered Granite,HIGH_RISK,8
kionrightnow,GLC_3134,36.9081,-121.6338,02/17/2011,929.1,24.45,22.06,1.8,17.5,40.1,41.2,8.9,90.0,16.3,1004.9,Weathered Granite,HIGH_RISK,9
Matched_NonEvent_DryControl,CONTROL_DRY_10557,46.0315,-122.6604,2016-10-11,1375.0,9.47,28.0,0.0,0.0,50.9,37.8,15.7,42.0,10.2,1001.3,Weathered Granite,SAFE,10
Matched_NonEvent_DryControl,CONTROL_DRY_4596,14.5854,121.0709,2012-04-28,740.0,3.1,0.33,0.0,0.3,0.6,17.2,27.3,80.0,9.9,1008.9,Laterite,SAFE,1
Matched_NonEvent_DryControl,CONTROL_DRY_1229,29.2944,81.3,2009-04-09,1077.7,22.43,12.2,0.0,12.2,14.3,28.7,7.4,80.0,6.6,873.3,Laterite,SAFE,2
gmanews,GLC_1160,17.27,121.0536,09/12/2009,874.0,18.33,53.85,3.3,41.0,97.9,42.9,17.1,95.0,5.2,820.8,Residual Soil,HIGH_RISK,3
Matched_NonEvent_DryControl,CONTROL_DRY_6634,47.3012,-122.1737,2014-07-09,1443.3,11.36,0.0,0.0,0.0,0.0,17.8,26.1,49.0,5.9,1011.1,Laterite,SAFE,4
Matched_NonEvent_FlatControl,CONTROL_FLAT_4263,39.3081,-84.4145,03/15/2012,1012.3,11.7,2.09,0.0,0.8,3.8,36.5,21.6,74.0,12.4,998.0,Weathered Granite,SAFE,5
oregonlive,GLC_4157,45.5137,-122.7297,01/19/2012,1348.4,13.95,48.95,0.9,36.6,89.0,42.9,7.8,99.0,13.4,966.2,Laterite,HIGH_RISK,6
Matched_NonEvent_FlatControl,CONTROL_FLAT_7092,46.3406,7.5586,05/03/2015,783.6,9.2,42.41,0.2,14.8,77.1,43.0,8.7,93.0,6.1,904.2,Weathered Granite,SAFE,7
dailyexpress,GLC_901,6.3667,116.4333,11/23/2008,1782.7,0.73,15.18,0.0,3.9,27.6,44.6,24.2,95.0,5.4,1008.0,Colluvium,HIGH_RISK,8
Matched_NonEvent_FlatControl,CONTROL_FLAT_5085,39.2055,127.4036,07/12/2013,125.3,9.3,126.39,0.0,31.5,229.8,39.8,19.8,95.0,6.6,927.4,Weathered Granite,SAFE,9
Matched_NonEvent_FlatControl,CONTROL_FLAT_2033,25.8375,-100.337,07/02/2010,179.5,8.5,169.34,0.1,42.4,307.9,40.8,25.7,87.0,12.3,928.5,Colluvium,SAFE,10
Matched_NonEvent_DryControl,CONTROL_DRY_1698,-23.0099,-43.288,2009-10-08,383.4,13.81,21.5,0.9,21.5,21.5,39.7,19.8,93.0,24.0,1003.6,Clay Loam,SAFE,1
Matched_NonEvent_FlatControl,CONTROL_FLAT_6707,20.0553,-70.813,11/07/2014,185.6,10.5,4.12,0.0,1.1,7.5,36.8,26.0,81.0,2.2,1010.1,Laterite,SAFE,2
Matched_NonEvent_FlatControl,CONTROL_FLAT_1114,28.1004,84.4575,08/20/2009,640.6,4.4,67.43,0.8,35.4,122.6,42.7,20.4,95.0,1.8,926.5,Clay Loam,SAFE,3
Matched_NonEvent_FlatControl,CONTROL_FLAT_4082,10.5328,-61.1484,12/02/2011,50.0,7.8,24.64,0.1,9.3,44.8,47.0,23.9,94.0,11.1,1001.7,Colluvium,SAFE,4
Matched_NonEvent_FlatControl,CONTROL_FLAT_1106,27.0492,88.3167,08/20/2009,626.6,11.0,109.9,0.0,109.9,167.5,42.3,17.2,99.0,1.1,839.7,Clay Loam,SAFE,5
Matched_NonEvent_DryControl,CONTROL_DRY_2946,-28.6604,153.277,2010-07-13,399.8,4.3,0.0,0.0,0.0,0.0,35.3,18.0,70.0,16.4,1004.3,Weathered Granite,SAFE,6
Matched_NonEvent_DryControl,CONTROL_DRY_7036,26.8352,88.1881,2015-01-02,1023.6,13.66,0.2,0.0,0.2,0.2,17.9,11.4,88.0,2.9,903.9,Laterite,SAFE,7
Matched_NonEvent_FlatControl,CONTROL_FLAT_7303,34.8258,73.1928,07/27/2015,864.2,5.4,19.75,0.5,6.7,35.9,42.3,19.7,97.0,3.6,887.5,Residual Soil,SAFE,8
Matched_NonEvent_FlatControl,CONTROL_FLAT_5206,0.5757,123.3822,07/26/2013,1153.6,9.9,12.98,0.6,6.6,23.6,41.7,22.3,93.0,4.8,976.8,Weathered Granite,SAFE,9
Matched_NonEvent_FlatControl,CONTROL_FLAT_2883,34.2832,-118.0265,12/22/2010,424.9,9.5,75.41,1.5,45.0,137.1,43.9,11.5,87.0,5.1,979.2,Weathered Granite,SAFE,10
Matched_NonEvent_FlatControl,CONTROL_FLAT_7262,33.8903,77.9059,07/21/2015,864.6,6.4,15.51,0.8,8.2,28.2,40.2,9.6,95.0,1.5,662.8,Weathered Granite,SAFE,1
Matched_NonEvent_FlatControl,CONTROL_FLAT_4093,55.1492,-7.1805,12/14/2011,1076.7,7.2,14.08,0.1,5.6,25.6,37.8,0.6,96.0,11.6,982.4,Laterite,SAFE,2
Matched_NonEvent_FlatControl,CONTROL_FLAT_1638,-22.7499,-42.9727,04/06/2010,50.0,6.7,67.8,1.9,67.8,107.0,43.0,20.5,92.0,10.4,1010.8,Laterite,SAFE,3
Matched_NonEvent_FlatControl,CONTROL_FLAT_6569,19.2855,73.1481,08/28/2011,86.8,5.3,49.5,0.7,43.4,90.0,41.2,25.1,93.0,13.9,1001.0,Colluvium,SAFE,4
Ajara TV,GLC_10759,41.5825,41.6626,11/02/2016,1295.7,0.43,42.41,0.0,19.7,77.1,41.8,4.7,88.0,7.8,1023.7,Weathered Granite,HIGH_RISK,5
heraldnet,GLC_1404,47.9615,-122.2272,01/16/2010,1475.8,9.57,25.96,0.0,1.9,47.2,40.1,8.0,77.0,1.8,997.7,Clay Loam,HIGH_RISK,6
Matched_NonEvent_DryControl,CONTROL_DRY_5748,50.856,0.5943,2013-07-07,1348.7,9.48,0.0,0.0,0.0,0.0,19.1,16.0,72.0,17.4,1030.1,Residual Soil,SAFE,7
Matched_NonEvent_FlatControl,CONTROL_FLAT_9118,43.1146,-123.6741,12/24/2015,810.0,8.2,28.82,0.3,13.4,52.4,43.2,4.2,97.0,13.8,985.8,Residual Soil,SAFE,8
Matched_NonEvent_FlatControl,CONTROL_FLAT_11069,-35.6666,173.8665,02/17/2017,50.0,5.8,43.07,0.2,0.8,78.3,39.1,21.6,80.0,4.5,1007.5,Sandy Loam,SAFE,9
Hindustantimes,GLC_7226,32.2239,76.3226,07/18/2015,1174.4,15.27,73.76,0.0,5.1,134.1,45.3,19.0,91.0,4.1,845.6,Laterite,HIGH_RISK,10
Matched_NonEvent_FlatControl,CONTROL_FLAT_6262,7.7938,125.1784,09/23/2014,50.0,11.1,32.95,0.0,13.3,59.9,49.0,22.9,86.0,2.6,975.3,Clay Loam,SAFE,1
Matched_NonEvent_DryControl,CONTROL_DRY_1659,-22.9778,-43.2324,2009-10-08,381.2,9.16,23.5,3.4,23.5,28.7,39.7,20.4,93.0,14.1,1014.5,Clay Loam,SAFE,2
en.trend,GLC_1796,41.2092,48.6742,04/29/2010,1347.2,11.08,2.7,0.0,0.1,4.9,38.8,4.6,95.0,4.8,945.9,Sandy Loam,HIGH_RISK,3
Matched_NonEvent_DryControl,CONTROL_DRY_3089,10.4578,123.7756,2010-08-09,560.6,4.06,2.53,0.0,0.0,4.6,39.6,25.0,85.0,2.8,956.8,Colluvium,SAFE,4
journal,GLC_2911,13.1004,123.8421,12/29/2010,693.4,4.95,30.2,0.0,30.2,43.9,40.8,24.6,93.0,10.9,1005.5,Laterite,HIGH_RISK,5
Matched_NonEvent_DryControl,CONTROL_DRY_3049,-28.0605,152.3855,2010-07-25,420.8,18.79,4.9,0.0,4.9,4.9,31.7,9.3,93.0,8.3,925.8,Laterite,SAFE,6
West Briton,GLC_5826,50.2722,-4.7891,01/26/2014,1265.7,7.35,9.19,0.0,8.9,16.7,40.7,4.5,65.0,34.4,997.9,Residual Soil,HIGH_RISK,7
Kathmandu Post,GLC_7947,28.2465,85.3644,06/28/2016,1066.0,38.95,62.1,8.1,46.8,112.9,43.0,20.1,91.0,0.7,830.0,Weathered Granite,HIGH_RISK,8
Matched_NonEvent_DryControl,CONTROL_DRY_7855,47.6024,-122.4998,2015-07-25,1455.1,17.42,3.9,0.3,3.9,3.9,9.7,19.4,53.0,3.1,1014.6,Residual Soil,SAFE,9
The Star,GLC_11037,3.3669,101.6135,11/27/2016,1484.5,0.36,37.12,0.0,7.1,67.5,49.2,23.9,100.0,5.0,1003.6,Clay Loam,HIGH_RISK,10
Yorkshire Post,GLC_4338,53.308,-0.9319,04/27/2012,1456.1,2.29,15.13,0.2,8.4,27.5,38.0,5.5,80.0,12.8,1016.2,Sandy Loam,HIGH_RISK,1
Matched_NonEvent_DryControl,CONTROL_DRY_7366,32.2241,76.3374,2015-02-01,1174.6,24.08,4.7,0.5,4.7,4.7,44.0,3.7,72.0,4.7,843.3,Laterite,SAFE,2
Matched_NonEvent_FlatControl,CONTROL_FLAT_3126,5.1226,115.1682,02/16/2011,1298.8,5.8,16.0,0.0,16.0,23.8,48.1,23.5,94.0,3.7,1007.2,Laterite,SAFE,3
Matched_NonEvent_DryControl,CONTROL_DRY_6471,37.4282,-105.4449,2014-02-12,1117.0,1.24,0.5,0.0,0.0,0.9,28.0,3.9,48.0,12.1,757.8,Sandy Loam,SAFE,4
Matched_NonEvent_DryControl,CONTROL_DRY_10986,25.8286,91.8767,2017-01-07,1010.2,11.66,1.59,0.0,0.0,2.9,32.8,11.7,89.0,7.4,943.6,Laterite,SAFE,5
asiaone,GLC_7639,6.0462,116.5964,04/10/2015,1768.3,12.68,8.4,0.0,8.4,12.5,31.1,15.2,95.0,3.3,808.9,Clay Loam,HIGH_RISK,6
Matched_NonEvent_FlatControl,CONTROL_FLAT_10225,39.4944,-122.5155,01/08/2017,640.6,4.4,69.7,1.9,69.7,99.1,50.1,10.3,98.0,10.1,937.3,Colluvium,SAFE,7
Matched_NonEvent_DryControl,CONTROL_DRY_9074,27.1176,88.1069,2016-01-22,1036.9,24.65,1.16,0.0,0.0,2.1,36.4,3.0,95.0,6.5,797.2,Residual Soil,SAFE,8
Matched_NonEvent_DryControl,CONTROL_DRY_6969,25.5114,90.215,2014-12-18,977.7,14.01,0.06,0.0,0.0,0.1,29.6,12.4,95.0,5.6,982.9,Clay Loam,SAFE,9
Interaksyon,GLC_5763,11.5515,125.0725,01/11/2014,628.3,12.87,42.6,3.8,42.6,47.0,46.3,23.4,93.0,16.6,1000.1,Colluvium,HIGH_RISK,10
Matched_NonEvent_FlatControl,CONTROL_FLAT_1718,-22.8266,-43.1403,04/06/2010,50.0,9.6,57.09,3.0,54.1,103.8,43.0,18.5,91.0,12.3,976.1,Clay Loam,SAFE,1
Matched_NonEvent_FlatControl,CONTROL_FLAT_591,14.801,-90.3903,06/18/2008,72.9,11.8,0.0,0.0,0.0,0.0,34.5,22.8,57.0,4.1,850.7,Weathered Granite,SAFE,2
Nepal Times,GLC_7005,28.172,85.0852,06/25/2015,1059.5,13.75,15.02,0.0,4.0,27.3,41.4,15.5,84.0,4.0,783.7,Colluvium,HIGH_RISK,3
Matched_NonEvent_DryControl,CONTROL_DRY_6220,56.2456,-4.8841,2014-04-09,1563.4,15.82,9.13,0.0,8.4,16.6,72.3,7.4,87.0,15.3,998.6,Residual Soil,SAFE,4
Matched_NonEvent_FlatControl,CONTROL_FLAT_4714,35.9769,-82.3994,01/15/2013,865.9,4.2,38.17,1.4,35.2,69.4,47.3,8.8,100.0,9.0,935.1,Residual Soil,SAFE,5
Matched_NonEvent_DryControl,CONTROL_DRY_55,36.727,71.611,2006-10-07,1352.5,3.56,0.0,0.0,0.0,0.0,4.6,5.5,63.0,3.7,755.1,Colluvium,SAFE,6
Star,GLC_6615,4.4982,101.3947,12/30/2014,1538.9,8.51,24.91,0.0,1.7,45.3,47.6,15.1,92.0,2.9,843.4,Laterite,HIGH_RISK,7
Matched_NonEvent_FlatControl,CONTROL_FLAT_1669,-22.4027,-43.5397,04/06/2010,50.0,9.4,36.96,2.8,31.6,67.2,45.0,17.2,93.0,16.0,969.8,Residual Soil,SAFE,8
Matched_NonEvent_DryControl,CONTROL_DRY_11061,-29.4723,153.1432,2016-10-06,357.8,0.89,0.0,0.0,0.0,0.0,26.4,22.4,46.0,7.4,1023.9,Clay Loam,SAFE,9
Matched_NonEvent_FlatControl,CONTROL_FLAT_6969,25.6614,90.365,06/16/2015,577.7,10.8,30.8,0.0,21.8,56.0,44.6,23.7,97.0,9.3,968.7,Clay Loam,SAFE,10
Matched_NonEvent_FlatControl,CONTROL_FLAT_10581,45.6563,-122.5666,03/09/2017,948.1,5.2,17.33,0.7,8.8,31.5,43.4,11.3,98.0,22.4,995.5,Laterite,SAFE,1
Matched_NonEvent_DryControl,CONTROL_DRY_2033,25.6875,-100.487,2010-01-03,579.5,2.72,0.06,0.0,0.0,0.1,23.4,15.5,72.0,8.5,935.6,Colluvium,SAFE,2
Matched_NonEvent_DryControl,CONTROL_DRY_3917,31.7077,76.9313,2011-02-14,1154.7,3.32,18.98,0.5,15.1,34.5,42.5,7.3,92.0,4.3,922.4,Sandy Loam,SAFE,3
Up North Live,GLC_10634,46.7161,-122.2132,02/09/2017,1413.7,7.07,46.3,0.4,46.3,57.8,43.4,8.8,81.0,20.9,942.4,Laterite,HIGH_RISK,4
Matched_NonEvent_FlatControl,CONTROL_FLAT_3935,10.53,124.05,08/21/2011,158.0,8.5,28.11,0.2,8.7,51.1,49.2,25.4,84.0,11.7,983.7,Residual Soil,SAFE,5
Matched_NonEvent_DryControl,CONTROL_DRY_8473,14.6367,-90.4847,2015-02-03,473.0,3.5,0.0,0.0,0.0,0.0,25.4,22.8,39.0,14.1,857.5,Weathered Granite,SAFE,6
Matched_NonEvent_FlatControl,CONTROL_FLAT_3930,8.0498,123.9241,08/16/2011,50.0,6.8,25.9,0.0,25.9,36.1,43.0,24.8,91.0,1.3,1008.0,Sandy Loam,SAFE,7
daijiworld,GLC_2180,12.8715,74.8862,07/31/2010,1692.4,2.7,60.17,1.2,25.5,109.4,40.0,23.3,96.0,4.2,1006.7,Residual Soil,HIGH_RISK,8
Matched_NonEvent_FlatControl,CONTROL_FLAT_1259,37.1773,-121.6702,10/14/2009,533.2,9.8,56.65,0.0,34.8,103.0,40.7,18.0,78.0,6.0,991.6,Laterite,SAFE,9
Matched_NonEvent_DryControl,CONTROL_DRY_4263,39.1581,-84.5645,2011-09-17,1412.3,7.9,6.22,0.0,0.0,11.3,31.4,19.6,56.0,6.1,1002.4,Weathered Granite,SAFE,10
Matched_NonEvent_FlatControl,CONTROL_FLAT_6128,35.0598,-111.5768,07/07/2014,528.2,7.9,5.78,1.8,4.7,10.5,18.4,27.8,50.0,4.0,868.2,Clay Loam,SAFE,1
Matched_NonEvent_FlatControl,CONTROL_FLAT_4157,45.6637,-122.5797,01/19/2012,948.4,11.4,48.95,0.9,36.6,89.0,42.9,7.8,99.0,13.4,966.2,Laterite,SAFE,2
Matched_NonEvent_DryControl,CONTROL_DRY_1619,53.6057,-9.7083,2009-10-07,1383.2,27.77,0.55,0.0,0.3,1.0,35.0,9.1,77.0,7.1,1010.8,Sandy Loam,SAFE,3
gulfnews.com,GLC_1223,16.402,120.597,10/05/2009,826.1,8.55,107.31,2.0,13.8,195.1,42.8,16.4,95.0,5.6,848.0,Laterite,HIGH_RISK,4
Matched_NonEvent_DryControl,CONTROL_DRY_5334,32.3573,77.3052,2013-02-16,1190.9,29.71,21.95,0.6,20.3,39.9,30.7,-8.8,77.0,3.8,655.5,Sandy Loam,SAFE,5
The Times of India,GLC_3629,15.2932,74.1447,06/19/2011,306.1,2.67,32.89,0.4,12.5,59.8,42.6,24.9,96.0,8.1,997.7,Residual Soil,HIGH_RISK,6
maps.google.com,GLC_1669,-22.5527,-43.6897,04/06/2010,364.5,10.19,36.96,2.8,31.6,67.2,45.0,17.2,93.0,16.0,969.8,Residual Soil,HIGH_RISK,7
BusinessWorld Online,GLC_4203,10.7004,124.9668,02/16/2012,584.7,1.67,51.81,0.0,10.4,94.2,42.0,24.8,95.0,8.0,1007.3,Clay Loam,HIGH_RISK,8
Matched_NonEvent_FlatControl,CONTROL_FLAT_7216,38.7153,-80.2959,07/13/2015,1023.8,8.6,11.38,0.0,5.2,20.7,38.8,24.9,80.0,10.5,960.1,Residual Soil,SAFE,9
www.news24.com,GLC_5648,-34.2232,18.8279,11/16/2013,322.9,0.0,87.3,0.4,87.3,118.6,42.4,16.4,98.0,8.0,1015.8,Residual Soil,HIGH_RISK,10
Matched_NonEvent_DryControl,CONTROL_DRY_1745,15.2458,-61.2809,2009-10-14,449.5,15.12,1.26,0.0,0.8,2.3,22.1,27.2,83.0,19.2,1007.7,Weathered Granite,SAFE,1
Eastern Mirror,GLC_11158,25.6911,94.0948,07/12/2017,1025.5,11.97,74.36,0.0,11.3,135.2,49.5,17.7,94.0,2.6,858.7,Clay Loam,HIGH_RISK,2
theolympian,GLC_3055,49.0396,-122.855,01/24/2011,1523.4,1.21,12.6,0.9,12.6,14.3,43.0,6.9,99.0,7.2,1004.9,Weathered Granite,HIGH_RISK,3
Matched_NonEvent_FlatControl,CONTROL_FLAT_6496,34.3016,-117.7364,12/12/2014,428.7,5.3,43.2,0.5,43.2,43.4,42.2,11.8,92.0,6.5,969.0,Weathered Granite,SAFE,4
Matched_NonEvent_DryControl,CONTROL_DRY_915,3.1869,101.773,2008-06-09,1477.1,4.02,11.94,0.2,0.5,21.7,44.2,23.1,97.0,5.4,999.1,Weathered Granite,SAFE,5
Matched_NonEvent_FlatControl,CONTROL_FLAT_5763,11.7015,125.2225,01/11/2014,228.3,9.7,42.6,3.8,42.6,47.0,46.3,23.4,93.0,16.6,1000.1,Colluvium,SAFE,6
Matched_NonEvent_FlatControl,CONTROL_FLAT_108,39.0825,121.703,06/28/2007,62.2,10.3,21.01,0.0,0.0,38.2,33.7,21.5,86.0,14.5,994.9,Colluvium,SAFE,7
Matched_NonEvent_FlatControl,CONTROL_FLAT_1590,48.1067,-122.1221,03/25/2010,1075.1,7.9,4.4,0.5,4.4,4.4,37.6,10.2,80.0,9.9,1006.0,Clay Loam,SAFE,8
The Shillong Times,GLC_10986,25.8286,91.8767,07/06/2017,1010.2,11.66,40.15,0.1,4.7,73.0,49.4,23.3,93.0,6.9,937.0,Laterite,HIGH_RISK,9
Matched_NonEvent_DryControl,CONTROL_DRY_7195,33.2504,75.2102,2015-01-13,1214.6,14.78,15.5,0.5,15.5,15.5,48.3,8.8,91.0,3.8,932.9,Residual Soil,SAFE,10
en.trend,GLC_1742,41.4,48.3367,04/09/2010,1353.4,14.51,6.1,0.0,6.1,6.2,40.1,4.1,100.0,4.7,893.0,Colluvium,HIGH_RISK,1
Matched_NonEvent_DryControl,CONTROL_DRY_6845,36.9186,-82.7256,2014-09-08,1318.7,10.57,12.49,0.2,8.0,22.7,40.2,21.9,85.0,5.1,950.3,Sandy Loam,SAFE,2
themountainmail,GLC_2027,38.7275,-106.167,06/28/2010,1174.7,7.17,2.37,0.0,0.2,4.3,21.2,22.6,27.0,8.0,764.0,Residual Soil,HIGH_RISK,3
Matched_NonEvent_FlatControl,CONTROL_FLAT_1988,18.9124,73.5247,06/15/2010,71.9,8.8,74.2,4.9,43.2,134.9,48.3,23.3,96.0,14.1,946.8,Laterite,SAFE,4
Matched_NonEvent_FlatControl,CONTROL_FLAT_1856,50.731,-1.1474,05/11/2010,916.1,6.3,0.5,0.0,0.2,0.9,22.7,5.6,73.0,8.4,995.8,Colluvium,SAFE,5
Matched_NonEvent_FlatControl,CONTROL_FLAT_1713,-22.7387,-42.9283,04/06/2010,50.0,7.9,67.8,1.9,67.8,107.0,43.0,20.2,92.0,10.4,1005.2,Weathered Granite,SAFE,6
Matched_NonEvent_DryControl,CONTROL_DRY_10082,46.7712,-114.3533,2016-08-25,1495.0,12.99,0.0,0.0,0.0,0.0,18.4,22.9,20.0,5.2,891.9,Residual Soil,SAFE,7
Matched_NonEvent_DryControl,CONTROL_DRY_7404,48.1393,-122.6011,2012-09-28,1481.0,16.29,0.0,0.0,0.0,0.0,16.4,19.0,59.0,7.2,1008.0,Sandy Loam,SAFE,8
The Kathmandu Post,GLC_9960,27.9439,83.8057,09/03/2016,1035.2,38.69,117.8,0.0,117.8,136.0,42.6,19.8,96.0,4.4,871.3,Clay Loam,HIGH_RISK,9
sunstar,GLC_3935,10.38,123.9,08/21/2011,558.0,16.86,28.11,0.2,8.7,51.1,49.2,25.4,84.0,11.7,983.7,Residual Soil,HIGH_RISK,10
Matched_NonEvent_DryControl,CONTROL_DRY_11150,24.7959,93.7239,2016-10-01,977.0,29.25,6.99,0.0,5.6,12.7,45.6,19.8,98.0,2.0,901.0,Residual Soil,SAFE,1
alertnet,GLC_2474,18.9642,-99.6511,09/20/2010,348.3,3.36,15.95,3.5,5.8,29.0,41.9,18.5,79.0,5.2,788.7,Residual Soil,HIGH_RISK,2
www.tasnimnews.com,GLC_5724,-21.7303,-43.3987,12/25/2013,320.5,14.51,30.41,0.3,12.4,55.3,51.6,21.2,96.0,2.8,928.1,Laterite,HIGH_RISK,3
Matched_NonEvent_FlatControl,CONTROL_FLAT_3932,25.98,94.28,08/18/2011,632.8,6.5,8.86,0.0,3.8,16.1,48.9,18.3,98.0,3.3,897.8,Sandy Loam,SAFE,4
Matched_NonEvent_DryControl,CONTROL_DRY_10046,19.4129,73.2842,2017-03-02,503.5,1.17,0.0,0.0,0.0,0.0,21.8,20.9,55.0,5.1,1002.0,Clay Loam,SAFE,5
seattletimes.nwsource,GLC_1414,47.7632,-122.321,01/19/2010,1464.9,1.18,6.55,0.0,0.5,11.9,39.1,11.1,61.0,12.9,970.0,Weathered Granite,HIGH_RISK,6
Matched_NonEvent_FlatControl,CONTROL_FLAT_9164,27.3479,87.2309,07/24/2016,630.7,10.0,137.72,10.1,115.7,250.4,42.8,17.7,100.0,5.1,825.4,Residual Soil,SAFE,7
Matched_NonEvent_FlatControl,CONTROL_FLAT_9367,6.3836,-75.0119,04/03/2016,339.9,10.4,54.7,0.4,54.7,91.7,43.0,17.9,90.0,1.9,815.9,Colluvium,SAFE,8
Matched_NonEvent_DryControl,CONTROL_DRY_3641,-38.551,146.196,2010-12-24,765.6,6.58,0.0,0.0,0.0,0.0,34.8,17.2,78.0,2.1,983.2,Residual Soil,SAFE,9
Matched_NonEvent_DryControl,CONTROL_DRY_3720,39.0928,-84.1857,2011-01-04,1412.8,0.71,0.0,0.0,0.0,0.0,37.2,1.1,58.0,13.1,995.0,Colluvium,SAFE,10
Matched_NonEvent_DryControl,CONTROL_DRY_9705,13.9007,74.6602,2016-12-14,1741.6,12.08,22.1,0.5,22.1,24.3,47.9,22.8,99.0,6.4,1001.8,Clay Loam,SAFE,1
Matched_NonEvent_DryControl,CONTROL_DRY_4947,19.0811,73.0226,2012-12-20,484.3,2.38,0.0,0.0,0.0,0.0,10.4,17.7,84.0,8.4,1007.3,Residual Soil,SAFE,2
Matched_NonEvent_DryControl,CONTROL_DRY_4491,34.0884,-116.9194,2012-02-19,835.2,6.72,0.0,0.0,0.0,0.0,33.6,8.9,48.0,7.4,835.9,Weathered Granite,SAFE,3
Arutz Sheva,GLC_1368,30.6207,34.8149,12/22/2009,679.2,27.91,0.5,0.0,0.5,0.5,3.0,7.1,88.0,7.2,925.9,Residual Soil,HIGH_RISK,4
Matched_NonEvent_DryControl,CONTROL_DRY_4468,11.405,76.0376,2012-01-24,1630.6,8.14,0.0,0.0,0.0,0.0,26.3,20.7,93.0,4.4,1003.7,Sandy Loam,SAFE,5
Matched_NonEvent_FlatControl,CONTROL_FLAT_6547,37.7215,-82.4973,08/22/2014,952.1,4.2,5.5,0.3,4.9,10.0,39.8,26.8,93.0,5.8,991.2,Residual Soil,SAFE,6
Reuters,GLC_6916,5.9681,-76.0113,05/18/2015,761.7,25.99,15.35,0.3,4.5,27.9,41.1,19.2,78.0,1.6,821.7,Sandy Loam,HIGH_RISK,7
Matched_NonEvent_FlatControl,CONTROL_FLAT_4302,-16.5372,178.8581,04/01/2012,852.7,6.6,95.98,0.2,36.1,174.5,50.4,26.3,90.0,15.7,1008.2,Residual Soil,SAFE,8
DNA India,GLC_9318,30.7007,77.8644,05/23/2016,1113.7,26.84,23.9,0.0,23.9,23.9,33.0,13.7,79.0,5.4,789.9,Colluvium,HIGH_RISK,9
newcastle-news,GLC_2854,47.539,-122.1458,12/13/2010,1455.5,9.96,42.57,0.3,6.9,77.4,41.2,10.3,87.0,6.5,979.7,Residual Soil,HIGH_RISK,10
Matched_NonEvent_FlatControl,CONTROL_FLAT_9676,3.7387,125.6439,06/22/2016,1334.4,8.9,95.48,1.2,22.2,173.6,43.7,25.5,87.0,20.6,988.8,Residual Soil,SAFE,1
times-standard,GLC_4291,41.88,-124.1308,03/30/2012,1152.7,14.68,100.98,2.1,98.0,183.6,42.2,11.5,98.0,30.5,1000.4,Colluvium,HIGH_RISK,2
Matched_NonEvent_FlatControl,CONTROL_FLAT_7855,47.7524,-122.3498,01/21/2016,1055.1,10.6,28.5,1.1,28.5,39.9,34.7,9.1,99.0,6.0,1005.2,Residual Soil,SAFE,3
Matched_NonEvent_DryControl,CONTROL_DRY_9236,32.4399,-97.7881,2015-12-06,944.1,5.97,0.0,0.0,0.0,0.0,34.7,14.6,62.0,7.7,1001.2,Sandy Loam,SAFE,4
Matched_NonEvent_FlatControl,CONTROL_FLAT_6823,38.3435,-81.2169,03/04/2015,996.0,5.1,26.9,1.3,26.9,40.1,41.8,4.8,100.0,10.1,986.1,Colluvium,SAFE,5
Matched_NonEvent_DryControl,CONTROL_DRY_6504,-7.3112,109.8377,2014-06-14,1032.8,8.14,17.8,0.0,17.8,27.4,44.0,18.3,99.0,2.3,890.0,Colluvium,SAFE,6
Matched_NonEvent_DryControl,CONTROL_DRY_7587,7.0225,125.2242,2015-02-06,403.4,19.18,0.17,0.0,0.0,0.3,42.6,17.4,93.0,4.6,882.0,Clay Loam,SAFE,7
