unit_weight,cohesion,friction_angle,slope_angle,slope_height,pore_pressure_ratio,factor_of_safety,failure_status
18.85,11.36,33.8,36.7,24.8,0.42,0.562,1
21.62,40.76,32.1,42.3,21.5,0.13,0.73,1
20.33,23.36,30.8,23.3,29.8,0.1,1.343,0
18.76,25.85,39.8,43.3,24.2,0.23,0.764,1
18.0,39.93,23.4,26.2,32.7,0.48,0.611,1
16.56,5.25,27.9,34.3,26.0,0.35,0.526,1
20.93,24.77,39.5,41.9,18.1,0.21,0.824,1
17.02,30.07,32.4,32.8,11.3,0.01,1.264,0
19.09,11.37,31.2,33.3,5.3,0.28,0.869,1
19.82,7.73,18.9,49.5,7.7,0.17,0.309,1
20.46,26.4,21.2,30.8,10.7,0.09,0.828,1
16.5,26.9,24.4,42.9,11.5,0.25,0.574,1
16.06,18.21,26.6,49.7,27.3,0.17,0.407,1
20.24,40.29,27.4,25.3,16.6,0.02,1.355,0
18.73,17.04,37.6,21.6,14.7,0.36,1.413,0
17.09,25.66,17.7,48.9,6.6,0.37,0.477,1
21.89,12.47,21.2,39.3,21.2,0.31,0.369,1
20.75,5.45,18.6,49.0,23.4,0.42,0.185,1
19.47,22.04,33.4,27.5,31.3,0.1,1.218,0
20.21,26.08,39.3,49.1,20.1,0.14,0.695,1
16.93,35.59,37.3,23.3,5.2,0.23,2.384,0
21.77,22.95,33.1,50.9,7.0,0.03,0.708,1
21.98,16.15,15.5,48.8,13.1,0.44,0.211,1
19.89,29.17,23.7,39.9,9.2,0.25,0.642,1
20.01,20.25,36.6,41.3,28.1,0.16,0.765,1
20.23,14.34,31.3,32.1,8.2,0.24,0.899,1
19.99,41.41,20.2,27.1,9.8,0.16,1.068,0
18.63,26.47,26.7,35.9,25.0,0.14,0.694,1
19.24,13.02,17.2,43.0,12.2,0.22,0.34,1
17.7,31.84,28.0,54.9,34.1,0.24,0.348,1
18.68,37.12,37.5,48.6,30.9,0.22,0.613,1
18.62,35.34,16.0,35.2,27.3,0.27,0.417,1
17.73,28.98,30.3,46.0,15.3,0.39,0.493,1
20.72,25.78,20.8,23.8,6.7,0.03,1.296,0
18.46,36.09,39.8,34.5,15.1,0.41,0.944,1
19.31,33.32,16.6,34.9,16.3,0.11,0.565,1
16.94,27.86,30.4,55.0,8.8,0.13,0.586,1
18.85,31.31,21.4,33.7,8.6,0.3,0.759,1
20.57,11.75,37.1,22.9,25.0,0.49,0.972,1
18.67,5.8,18.0,22.4,12.0,0.01,0.848,1
19.35,42.25,25.7,44.4,25.3,0.34,0.448,1
20.21,42.41,19.6,30.1,21.4,0.35,0.595,1
18.33,36.52,35.0,50.4,32.0,0.29,0.492,1
18.12,19.89,23.8,36.9,28.9,0.0,0.651,1
16.51,11.03,19.7,31.6,9.5,0.3,0.542,1
19.49,19.29,33.1,46.6,23.3,0.06,0.638,1
20.24,34.05,35.4,34.6,24.6,0.04,1.109,0
19.49,18.41,26.6,45.8,30.9,0.35,0.359,1
17.7,36.84,24.5,45.0,24.2,0.35,0.418,1
17.57,31.92,30.8,45.3,9.2,0.44,0.608,1
16.96,30.2,31.3,50.0,12.8,0.0,0.692,1
16.28,42.21,31.5,49.7,24.1,0.19,0.562,1
18.56,40.74,21.9,43.3,32.4,0.01,0.521,1
16.96,33.47,38.5,53.5,31.7,0.18,0.56,1
20.14,12.97,20.3,20.7,15.8,0.25,0.85,1
21.77,42.56,24.4,52.6,29.9,0.26,0.339,1
16.44,14.08,22.1,25.2,20.3,0.18,0.807,1
21.36,19.9,38.3,27.4,18.9,0.36,1.082,0
19.95,38.07,35.7,48.6,15.5,0.21,0.665,1
21.16,13.35,35.3,34.0,25.3,0.26,0.821,1
16.93,30.54,15.1,34.9,23.0,0.4,0.369,1
21.44,23.31,32.1,29.1,16.2,0.09,1.164,0
21.75,29.96,20.8,27.9,27.9,0.16,0.708,1
21.44,43.32,39.2,23.7,16.4,0.26,1.681,0
20.71,37.33,28.3,26.9,22.5,0.38,0.835,1
16.54,16.83,29.1,39.8,16.8,0.21,0.622,1
17.32,7.29,23.9,44.7,8.5,0.04,0.5,1
21.48,43.68,28.4,45.9,9.8,0.49,0.556,1
17.38,28.41,33.7,33.0,24.7,0.35,0.789,1
18.09,11.92,29.0,52.3,29.3,0.36,0.303,1
16.3,30.08,31.0,31.5,19.1,0.23,0.94,1
19.77,6.69,26.8,23.9,14.8,0.27,0.889,1
19.38,12.5,32.9,53.1,15.1,0.5,0.296,1
21.77,30.31,37.5,38.9,22.9,0.3,0.762,1
21.35,21.1,16.3,54.0,19.0,0.11,0.253,1
19.04,18.0,17.7,33.8,5.0,0.48,0.588,1
19.66,31.22,32.1,46.5,28.1,0.27,0.512,1
18.48,39.66,24.4,23.8,9.3,0.01,1.59,0
16.79,32.14,22.0,49.9,25.2,0.29,0.341,1
21.21,23.54,19.5,26.0,15.3,0.04,0.862,1
19.3,31.35,29.3,22.4,22.3,0.26,1.199,0
18.55,32.83,23.7,23.4,30.7,0.41,0.744,1
16.41,36.0,27.7,39.5,9.6,0.27,0.824,1
19.99,17.28,39.0,30.2,28.3,0.19,1.188,0
18.4,9.58,34.0,53.6,6.1,0.44,0.385,1
17.52,32.28,34.9,49.8,32.6,0.46,0.392,1
21.26,9.84,18.1,48.1,11.0,0.17,0.3,1
17.1,23.48,23.1,48.3,28.8,0.25,0.349,1
19.09,14.23,17.7,51.2,7.0,0.49,0.268,1
20.77,18.28,39.2,50.3,14.8,0.09,0.693,1
21.09,23.82,32.1,52.5,24.0,0.15,0.468,1
20.91,40.85,15.5,52.7,24.8,0.21,0.266,1
21.38,32.22,26.9,30.4,26.0,0.05,0.936,1
16.85,11.87,21.6,27.7,15.5,0.14,0.746,1
21.64,40.18,28.5,42.5,25.0,0.27,0.542,1
16.06,25.02,19.5,24.3,17.9,0.11,0.91,1
17.54,13.17,16.4,27.4,22.0,0.34,0.449,1
16.5,26.1,23.1,47.1,21.4,0.17,0.43,1
21.67,12.64,22.4,42.7,10.0,0.04,0.515,1
18.54,19.69,32.9,42.8,30.4,0.38,0.485,1
17.89,37.22,26.9,53.3,31.0,0.28,0.356,1
17.0,31.34,22.3,43.4,11.1,0.41,0.498,1
16.93,24.12,29.3,35.1,17.5,0.18,0.796,1
19.68,14.06,16.8,29.8,18.9,0.01,0.598,1
16.28,16.29,31.6,31.8,21.5,0.02,1.061,0
19.57,44.13,18.7,29.7,5.7,0.4,1.155,0
20.65,18.72,22.0,21.2,27.8,0.21,0.913,1
19.61,29.65,22.1,29.2,30.9,0.49,0.471,1
20.96,24.99,26.6,49.2,9.3,0.42,0.42,1
17.59,5.92,38.8,45.5,31.9,0.01,0.797,1
16.46,42.79,23.1,41.8,30.5,0.43,0.4,1
20.33,8.52,22.0,51.6,21.3,0.11,0.31,1
20.97,31.35,19.2,29.2,13.2,0.24,0.706,1
19.01,37.44,24.8,40.2,11.2,0.25,0.683,1
20.92,34.95,19.6,21.1,19.7,0.03,1.131,0
18.75,37.37,18.4,51.2,20.2,0.06,0.378,1
17.19,34.59,36.4,35.7,24.6,0.21,0.951,1
18.85,22.82,16.3,26.2,29.0,0.32,0.499,1
17.3,40.85,32.8,28.4,33.0,0.13,1.187,0
18.83,41.5,20.1,49.7,28.9,0.26,0.33,1
16.89,22.48,15.3,23.8,32.3,0.19,0.605,1
17.11,24.39,34.9,52.4,20.0,0.32,0.455,1
21.3,24.43,32.6,33.1,6.2,0.21,1.114,0
16.7,16.16,23.4,28.8,6.6,0.43,0.753,1
17.35,9.6,17.0,31.6,13.1,0.49,0.334,1
21.97,15.48,24.0,34.3,23.4,0.46,0.406,1
19.46,38.76,19.5,39.2,15.1,0.08,0.608,1
19.51,26.72,38.3,40.5,10.0,0.23,0.923,1
21.07,39.01,28.2,35.7,30.5,0.23,0.679,1
19.15,34.81,39.1,35.6,34.5,0.42,0.749,1
17.33,18.94,23.8,30.0,5.5,0.18,1.024,0
18.53,12.41,28.9,33.4,7.7,0.27,0.769,1
20.53,27.69,19.8,36.3,20.0,0.3,0.457,1
21.23,42.43,35.2,40.9,15.1,0.06,0.968,1
17.64,38.58,16.0,24.6,28.5,0.28,0.635,1
17.57,35.55,32.4,46.7,24.6,0.12,0.639,1
17.97,35.57,24.8,43.8,7.1,0.1,0.836,1
19.58,26.11,29.5,30.5,21.3,0.13,0.959,1
17.67,11.78,29.8,36.1,15.1,0.05,0.821,1
21.36,16.42,32.8,53.1,34.0,0.03,0.498,1
21.87,28.12,20.1,20.7,19.3,0.32,0.847,1
20.07,17.65,28.3,48.4,32.8,0.47,0.289,1
21.82,36.26,25.7,37.9,5.9,0.34,0.867,1
17.73,19.93,22.1,41.7,8.1,0.16,0.591,1
20.89,9.56,27.4,44.0,16.6,0.17,0.485,1
20.07,36.3,38.8,36.0,31.6,0.27,0.905,1
17.58,32.93,38.7,26.7,21.3,0.43,1.104,0
17.91,15.13,22.0,51.8,29.7,0.1,0.322,1
18.93,44.24,37.1,45.9,13.5,0.23,0.805,1
20.75,21.13,36.9,39.6,8.3,0.25,0.873,1
21.23,32.22,21.2,35.7,12.4,0.47,0.496,1
19.8,41.42,30.0,37.5,24.4,0.27,0.69,1
20.33,11.24,36.7,48.8,31.1,0.39,0.422,1
17.58,40.16,27.9,20.4,18.6,0.04,1.719,0
20.45,33.16,24.2,50.3,10.8,0.16,0.509,1
19.63,11.7,31.3,21.6,24.1,0.31,1.127,0
17.34,31.58,19.3,41.6,10.9,0.34,0.512,1
21.7,39.98,19.0,31.7,22.1,0.44,0.471,1
19.08,36.96,35.8,43.7,8.1,0.3,0.874,1
20.77,35.42,16.0,23.0,29.3,0.14,0.73,1
19.15,11.45,35.1,39.5,29.2,0.27,0.655,1
21.6,12.62,22.3,49.9,21.2,0.36,0.257,1
16.85,26.91,27.1,37.3,6.1,0.39,0.842,1
19.28,28.21,28.6,23.0,13.4,0.47,0.96,1
16.15,42.74,34.2,21.3,9.1,0.1,2.369,0
17.18,23.75,37.1,41.7,20.7,0.33,0.669,1
17.69,17.1,35.1,22.4,8.1,0.1,1.848,0
18.84,12.63,29.3,22.5,31.1,0.16,1.194,0
20.92,7.17,23.7,34.9,30.5,0.07,0.605,1
18.8,7.75,28.2,27.3,9.7,0.39,0.726,1
19.37,27.97,15.8,27.1,25.8,0.46,0.421,1
21.54,12.05,21.1,36.8,25.9,0.01,0.547,1
20.54,39.06,24.2,29.8,16.9,0.41,0.689,1
16.3,28.86,23.0,27.7,9.6,0.12,1.108,0
17.06,39.6,17.4,38.0,9.0,0.24,0.724,1
16.23,22.1,16.3,30.2,27.2,0.37,0.416,1
16.41,28.83,25.5,22.8,11.6,0.25,1.242,0
18.03,26.02,16.9,43.9,23.1,0.12,0.368,1
20.37,44.47,22.2,40.5,31.0,0.45,0.371,1
17.47,36.87,26.9,27.4,22.8,0.3,0.886,1
18.35,28.82,20.2,40.4,34.2,0.47,0.3,1
18.36,29.26,17.0,53.4,24.4,0.42,0.213,1
19.54,14.95,25.8,53.5,14.4,0.44,0.266,1
21.36,34.39,26.2,38.6,30.6,0.18,0.59,1
21.9,44.31,37.9,23.4,14.3,0.49,1.274,0
19.63,10.18,18.2,36.0,34.1,0.43,0.284,1
19.03,30.49,30.4,20.9,19.3,0.17,1.508,0
20.09,25.72,23.0,34.5,33.6,0.45,0.407,1
20.01,39.02,18.1,51.8,10.5,0.38,0.396,1
19.14,5.0,24.8,36.4,5.3,0.36,0.484,1
20.42,10.46,25.7,39.3,10.9,0.0,0.662,1
18.95,6.48,24.1,25.5,8.0,0.01,1.028,0
21.98,11.52,34.1,20.5,27.0,0.35,1.232,0
16.29,33.32,36.0,54.8,12.9,0.14,0.635,1
18.66,10.59,18.7,31.8,24.2,0.03,0.574,1
18.38,29.89,19.2,29.8,25.1,0.14,0.653,1
20.62,39.73,25.5,40.0,25.6,0.42,0.447,1
17.14,6.38,23.0,46.1,30.0,0.24,0.328,1
18.6,6.07,35.5,28.8,9.5,0.31,0.967,1
20.19,44.59,39.9,38.3,6.5,0.4,1.183,0
19.62,31.93,19.5,31.6,5.9,0.16,1.01,0
19.27,10.63,34.1,36.8,8.1,0.01,1.01,0
18.61,17.27,30.2,25.6,16.4,0.16,1.151,0
20.51,44.4,31.1,37.9,34.0,0.48,0.507,1
19.88,14.09,21.6,21.7,15.6,0.24,0.879,1
21.25,35.11,17.4,49.4,18.6,0.28,0.31,1
20.4,14.65,28.6,42.0,29.4,0.38,0.412,1
16.84,20.94,30.3,53.0,32.6,0.06,0.462,1
19.72,40.23,39.1,41.0,34.1,0.37,0.68,1
16.27,6.14,31.9,26.4,29.8,0.15,1.094,0
18.32,17.29,26.1,36.9,20.1,0.19,0.607,1
18.47,24.49,39.9,43.3,11.9,0.13,0.934,1
21.13,30.02,24.3,33.1,23.0,0.08,0.75,1
17.08,6.13,19.1,39.3,10.9,0.18,0.399,1
19.86,21.43,30.4,25.7,6.7,0.05,1.529,0
17.15,18.77,21.7,47.2,32.6,0.42,0.259,1
21.69,6.07,38.1,51.8,19.5,0.15,0.543,1
19.18,19.21,25.7,31.0,20.2,0.33,0.633,1
20.25,42.27,18.7,47.8,23.3,0.15,0.382,1
19.88,15.99,18.5,23.2,18.5,0.11,0.805,1
17.82,28.42,31.2,28.6,18.3,0.36,0.893,1
21.41,16.92,24.1,36.2,32.5,0.31,0.463,1
19.76,9.27,24.1,33.5,29.5,0.11,0.63,1
19.06,16.59,30.3,41.7,11.4,0.31,0.567,1
19.17,23.83,20.5,39.7,13.8,0.0,0.591,1
21.34,16.85,18.6,23.1,24.8,0.09,0.799,1
16.35,29.97,31.4,24.6,22.1,0.36,1.053,0
18.33,42.96,15.1,21.8,28.0,0.21,0.758,1
21.05,7.77,37.7,53.3,26.8,0.1,0.536,1
16.23,33.68,19.6,42.6,26.3,0.25,0.407,1
19.84,5.05,26.2,49.9,31.4,0.23,0.33,1
18.42,5.04,20.3,38.9,28.0,0.32,0.327,1
17.23,10.32,20.5,26.8,12.3,0.04,0.819,1
19.67,24.2,35.9,41.9,31.2,0.41,0.535,1
20.99,6.92,29.6,37.7,15.1,0.03,0.749,1
18.8,33.89,22.8,34.3,32.3,0.23,0.574,1
16.88,6.17,21.3,33.0,29.7,0.36,0.407,1
17.84,24.82,20.3,42.8,7.2,0.17,0.616,1
21.89,32.04,28.9,41.6,28.1,0.46,0.414,1
16.67,14.5,33.3,25.3,20.0,0.38,0.963,1
16.96,28.17,21.3,48.6,34.3,0.21,0.336,1
21.94,15.47,23.3,42.3,18.8,0.09,0.486,1
21.29,13.56,33.0,38.8,7.0,0.02,0.937,1
20.24,37.74,33.4,46.2,13.8,0.4,0.567,1
16.91,18.32,20.2,25.4,17.9,0.1,0.838,1
17.44,37.56,24.6,52.2,22.8,0.13,0.429,1
17.08,13.68,36.7,29.5,9.6,0.01,1.474,0
19.79,19.23,33.5,29.2,20.5,0.01,1.27,0
18.39,9.11,19.1,48.5,19.5,0.12,0.304,1
16.29,24.86,24.6,31.7,30.1,0.44,0.512,1
17.75,20.26,39.3,49.1,14.1,0.39,0.54,1
21.16,5.24,28.1,31.5,18.5,0.38,0.566,1
20.78,23.59,33.0,39.3,16.7,0.41,0.575,1
19.86,7.98,17.3,28.1,24.0,0.09,0.566,1
16.51,38.48,35.8,45.6,30.1,0.49,0.469,1
21.3,24.75,30.1,25.8,25.3,0.12,1.161,0
19.21,32.6,19.4,51.5,19.0,0.07,0.375,1
18.97,37.85,24.5,33.0,24.1,0.15,0.749,1
21.6,7.05,17.1,36.5,14.7,0.27,0.341,1
16.05,18.49,34.4,20.8,9.3,0.06,2.043,0
19.34,6.0,33.6,54.2,14.6,0.37,0.328,1
20.75,6.99,27.3,48.5,18.3,0.19,0.394,1
16.38,6.51,26.3,35.6,18.2,0.28,0.535,1
18.14,24.12,26.6,52.2,27.1,0.37,0.307,1
21.86,23.03,15.9,52.6,33.1,0.45,0.16,1
17.27,7.45,24.2,38.7,16.7,0.41,0.372,1
19.19,15.49,18.2,28.2,7.6,0.27,0.672,1
20.48,14.78,19.6,37.0,6.0,0.5,0.436,1
18.34,16.86,39.1,31.4,5.1,0.26,1.331,0
18.45,30.63,21.5,35.7,33.1,0.27,0.486,1
16.38,32.88,27.1,51.9,34.9,0.08,0.442,1
17.14,18.56,37.2,29.9,6.5,0.07,1.562,0
21.28,36.53,25.3,49.4,15.7,0.08,0.517,1
20.91,21.71,28.2,52.7,25.1,0.3,0.338,1
17.83,25.9,19.2,48.2,10.4,0.21,0.433,1
18.29,10.82,22.1,38.5,22.8,0.19,0.455,1
18.64,14.32,27.7,39.7,29.4,0.06,0.635,1
18.08,34.1,24.1,48.7,30.7,0.19,0.4,1
19.92,44.08,16.0,21.6,26.2,0.19,0.816,1
16.08,33.19,25.0,45.8,7.5,0.31,0.697,1
21.28,7.17,35.4,38.5,15.5,0.19,0.759,1
17.8,10.72,17.9,33.9,34.0,0.21,0.411,1
21.23,22.83,15.5,46.8,10.8,0.14,0.361,1
18.73,34.3,18.0,29.3,18.6,0.07,0.74,1
20.66,11.64,32.2,51.3,15.0,0.15,0.477,1
20.95,35.03,34.9,44.1,11.2,0.02,0.92,1
17.81,27.23,16.2,41.4,14.7,0.1,0.454,1
19.84,35.98,37.2,38.3,10.7,0.16,1.081,0
19.64,27.31,30.7,27.4,31.3,0.07,1.162,0
18.86,29.1,28.0,41.6,10.2,0.33,0.629,1
18.82,14.95,21.3,45.4,23.7,0.14,0.378,1
17.83,33.81,24.3,20.4,33.3,0.31,1.001,0
17.86,38.76,38.7,32.8,33.6,0.32,0.965,1
19.29,39.85,37.8,49.1,23.0,0.22,0.643,1
16.19,6.18,30.6,42.1,13.1,0.22,0.554,1
21.6,29.98,29.5,41.5,12.4,0.29,0.623,1
19.9,44.58,20.3,28.0,27.4,0.13,0.779,1
18.66,28.48,38.8,42.1,34.4,0.01,0.947,1
16.37,11.85,33.9,47.5,7.3,0.32,0.553,1
19.78,40.1,24.6,34.1,28.7,0.3,0.599,1
16.11,15.57,35.4,26.4,8.7,0.24,1.338,0
20.08,6.8,20.3,22.7,13.9,0.44,0.558,1
16.44,22.22,20.3,37.7,22.0,0.25,0.459,1
19.94,9.01,34.8,43.9,13.9,0.15,0.661,1
18.44,9.61,29.0,25.7,24.5,0.36,0.786,1
19.98,23.53,28.9,34.8,17.5,0.48,0.531,1
16.83,29.51,29.3,39.9,11.6,0.37,0.658,1
16.7,41.22,18.1,25.5,20.9,0.45,0.651,1
17.48,33.21,23.7,29.4,5.7,0.06,1.411,0
18.47,38.7,29.3,41.3,27.2,0.06,0.717,1
17.52,21.47,21.2,45.4,20.7,0.08,0.435,1
16.49,17.74,27.6,42.3,33.4,0.35,0.421,1
17.95,28.71,28.9,45.0,8.1,0.19,0.726,1
20.23,32.82,38.6,40.4,27.0,0.24,0.806,1
19.5,27.73,21.1,49.3,14.0,0.13,0.423,1
21.78,15.58,26.0,48.9,16.2,0.37,0.327,1
18.62,19.79,39.5,47.9,15.5,0.42,0.524,1
18.0,22.93,19.7,40.1,15.7,0.08,0.517,1
20.16,5.57,34.5,54.8,17.9,0.1,0.455,1
18.47,40.19,19.4,21.4,5.6,0.17,1.811,0
19.71,25.46,36.3,26.8,30.4,0.14,1.345,0
21.68,35.04,27.2,48.3,31.5,0.27,0.403,1
19.0,11.88,39.3,48.9,6.2,0.38,0.577,1
18.99,27.27,19.3,48.7,28.3,0.4,0.252,1
20.65,42.05,32.2,50.5,7.2,0.1,0.834,1
20.54,13.57,32.4,34.8,29.2,0.09,0.871,1
19.1,18.83,33.0,52.6,23.4,0.18,0.46,1
16.39,20.53,17.5,27.3,14.2,0.07,0.76,1
21.88,20.33,22.2,52.8,23.4,0.05,0.344,1
18.26,29.02,23.5,39.5,20.2,0.12,0.588,1
17.9,20.75,23.1,25.7,24.1,0.2,0.82,1
21.89,31.96,31.9,45.8,19.3,0.29,0.535,1
21.23,24.38,16.4,30.4,28.2,0.36,0.402,1
17.98,11.31,33.3,27.7,6.4,0.11,1.325,0
17.85,42.94,28.2,26.0,15.3,0.41,1.007,0
20.33,14.58,19.3,21.0,21.8,0.02,0.986,1
18.01,27.5,20.7,46.8,22.6,0.22,0.369,1
17.51,7.43,17.4,37.0,10.1,0.32,0.353,1
21.88,41.74,26.5,54.3,7.2,0.15,0.631,1
19.39,42.12,29.9,35.4,5.6,0.34,1.204,0
20.57,19.58,29.5,49.5,17.4,0.43,0.347,1
20.28,9.84,39.1,53.9,14.9,0.04,0.609,1
20.53,35.8,22.4,20.8,22.0,0.26,1.026,0
21.42,15.49,34.1,23.7,18.5,0.01,1.624,0
19.0,33.02,33.1,32.2,16.8,0.14,1.084,0
20.52,41.61,16.5,50.5,30.3,0.07,0.314,1
20.78,28.61,38.3,49.3,23.6,0.31,0.546,1
21.68,39.45,38.3,32.8,24.4,0.12,1.216,0
20.28,13.99,24.9,27.0,16.5,0.14,0.876,1
21.36,41.42,25.4,48.1,28.3,0.1,0.475,1
16.57,14.07,35.5,40.9,9.6,0.12,0.86,1
16.76,14.03,27.4,21.1,17.1,0.11,1.332,0
16.95,40.19,35.0,48.1,6.4,0.35,0.906,1
16.87,27.2,15.9,53.5,8.5,0.48,0.346,1
16.53,36.98,21.3,21.5,7.4,0.25,1.567,0
16.74,37.1,17.3,30.0,18.2,0.3,0.621,1
21.98,30.88,26.4,48.7,25.9,0.41,0.33,1
17.63,12.56,36.4,40.5,14.4,0.24,0.732,1
18.87,32.68,29.2,54.6,5.8,0.15,0.704,1
20.93,7.55,28.0,52.0,26.2,0.48,0.233,1
16.71,13.03,24.2,26.2,11.2,0.45,0.66,1
17.9,30.72,16.6,43.6,26.7,0.11,0.372,1
16.96,41.31,34.2,42.9,5.2,0.35,1.163,0
16.38,35.87,29.3,23.9,14.4,0.32,1.236,0
21.76,18.3,38.3,23.1,23.6,0.32,1.35,0
21.15,37.95,25.8,39.9,31.1,0.42,0.425,1
21.28,43.66,25.0,34.1,27.6,0.34,0.587,1
21.21,18.28,39.4,39.1,18.5,0.26,0.822,1
16.93,12.47,18.5,28.4,26.6,0.42,0.417,1
20.71,12.9,21.3,39.5,21.1,0.13,0.458,1
20.37,21.01,27.2,33.4,29.4,0.34,0.578,1
21.55,7.09,28.1,51.1,28.2,0.35,0.295,1
17.32,24.51,28.7,30.7,34.3,0.44,0.597,1
18.48,34.29,20.3,50.5,8.1,0.5,0.449,1
17.77,26.22,38.2,33.6,15.2,0.28,1.028,0
17.55,43.8,32.6,40.2,10.8,0.24,0.933,1
19.91,23.47,21.5,30.0,23.9,0.3,0.576,1
16.98,5.53,22.4,48.3,24.9,0.33,0.264,1
18.79,23.8,37.0,49.5,11.1,0.36,0.562,1
19.88,42.2,24.5,48.3,17.6,0.14,0.511,1
16.78,8.83,28.9,42.4,23.1,0.24,0.493,1
17.54,13.92,18.0,30.7,24.8,0.19,0.506,1
21.8,33.62,21.3,42.3,8.1,0.02,0.703,1
20.77,16.76,25.4,53.6,32.6,0.3,0.276,1
20.06,35.61,31.4,42.7,6.0,0.44,0.807,1
21.14,21.77,22.0,53.5,34.2,0.46,0.199,1
16.08,36.84,38.8,30.7,14.5,0.26,1.312,0
16.04,27.06,20.5,49.6,14.5,0.38,0.35,1
16.92,8.3,34.5,45.1,18.4,0.36,0.476,1
18.97,20.45,24.1,48.7,25.8,0.11,0.405,1
19.42,18.33,35.8,44.9,9.8,0.03,0.838,1
16.68,37.4,38.1,36.8,12.6,0.37,0.957,1
16.43,30.0,19.7,44.0,33.8,0.14,0.397,1
20.97,36.1,27.3,52.6,31.3,0.27,0.357,1
18.79,19.89,18.9,34.6,11.4,0.26,0.531,1
21.95,32.67,32.6,53.3,22.2,0.41,0.365,1
17.38,7.61,35.8,21.7,11.1,0.32,1.339,0
19.88,6.47,24.7,20.5,21.5,0.42,0.757,1
20.83,16.5,24.9,37.3,16.0,0.38,0.459,1
21.24,35.95,20.1,49.7,15.9,0.5,0.295,1
17.84,26.36,22.7,28.7,24.1,0.43,0.563,1
17.16,21.35,23.1,44.3,12.6,0.11,0.53,1
17.36,40.87,18.9,39.1,17.1,0.48,0.437,1
20.0,24.89,22.7,30.2,32.8,0.17,0.672,1
19.13,29.54,37.7,30.0,27.7,0.3,1.049,0
19.59,44.43,23.1,22.6,16.5,0.47,0.901,1
16.12,25.9,21.9,38.8,11.9,0.11,0.66,1
18.35,36.34,24.6,35.8,24.8,0.43,0.498,1
17.86,21.55,39.0,30.1,29.2,0.48,0.809,1
21.18,6.45,34.1,54.0,30.8,0.43,0.293,1
20.66,38.38,20.0,48.6,21.9,0.41,0.302,1
18.58,42.78,33.8,38.4,20.5,0.13,0.916,1
19.78,22.38,34.2,38.3,26.6,0.2,0.757,1
16.29,25.15,38.8,26.8,10.3,0.38,1.319,0
19.82,21.97,37.3,42.7,30.6,0.06,0.829,1
16.58,44.88,17.4,53.4,7.2,0.44,0.599,1
20.28,41.13,26.4,51.4,23.1,0.11,0.465,1
19.44,6.64,32.6,23.0,22.7,0.28,1.123,0
17.8,36.16,39.3,21.9,14.3,0.05,2.315,0
18.23,29.03,17.1,53.6,6.1,0.09,0.531,1
16.54,6.01,24.2,27.0,26.5,0.29,0.656,1
17.94,22.79,27.3,39.3,5.7,0.32,0.781,1
21.8,10.99,25.3,22.6,10.4,0.13,1.114,0
18.92,39.92,26.4,49.5,21.3,0.06,0.529,1
18.85,5.51,24.2,24.1,33.2,0.27,0.755,1
19.78,39.92,39.3,42.5,7.0,0.42,0.945,1
18.91,42.63,35.1,22.0,22.4,0.1,1.834,0
18.13,7.92,33.4,25.5,14.9,0.35,0.967,1
16.84,33.79,25.3,37.9,25.1,0.19,0.622,1
19.78,26.96,37.0,21.6,33.6,0.47,1.119,0
20.49,43.17,17.3,26.8,13.1,0.04,0.949,1
21.54,36.93,18.6,24.8,33.7,0.02,0.835,1
16.02,32.78,38.9,21.4,31.1,0.06,2.116,0
16.4,42.02,29.2,54.0,23.2,0.39,0.384,1
21.4,11.41,19.0,35.8,27.7,0.46,0.291,1
19.79,20.04,38.7,50.1,30.9,0.41,0.438,1
21.75,38.72,39.4,32.5,29.1,0.36,0.939,1
18.59,9.06,37.0,21.5,14.8,0.03,1.945,0
18.5,42.42,21.0,44.3,29.4,0.11,0.462,1
18.07,34.81,22.0,21.4,14.4,0.47,0.913,1
16.86,22.57,25.2,39.3,31.0,0.31,0.465,1
18.27,18.55,29.5,24.9,12.7,0.23,1.128,0
16.09,10.9,39.8,43.5,22.2,0.33,0.633,1
19.06,8.75,38.9,51.2,25.8,0.09,0.613,1
21.08,21.94,38.0,53.5,17.8,0.45,0.391,1
17.93,38.72,17.2,38.5,28.5,0.33,0.382,1
16.57,26.27,33.9,38.6,32.8,0.24,0.717,1
21.84,23.05,36.9,21.3,10.6,0.23,1.757,0
16.77,17.76,23.3,46.9,6.0,0.41,0.48,1
19.17,11.28,20.5,53.5,23.8,0.15,0.266,1
20.86,44.6,33.7,35.3,23.1,0.07,1.036,0
17.51,6.03,17.3,47.8,15.2,0.09,0.288,1
21.05,17.47,38.5,47.9,28.6,0.04,0.729,1
19.34,35.78,18.9,47.5,29.8,0.25,0.32,1
17.99,25.82,26.4,46.6,15.0,0.34,0.442,1
21.19,17.55,39.6,27.5,25.5,0.47,0.913,1
19.73,44.71,39.7,46.3,24.3,0.38,0.621,1
19.69,29.77,34.4,25.1,15.3,0.29,1.271,0
19.02,16.81,36.0,44.9,34.1,0.43,0.452,1
17.65,38.92,39.2,20.1,15.4,0.45,1.642,0
17.83,11.01,38.2,52.2,23.6,0.36,0.424,1
16.53,23.54,30.6,49.0,16.4,0.03,0.614,1
17.46,38.58,33.4,43.9,5.4,0.15,1.173,0
17.67,44.35,29.8,23.3,7.7,0.17,1.928,0
16.35,20.32,27.7,48.9,12.0,0.5,0.366,1
16.66,10.52,37.0,50.6,29.4,0.23,0.504,1
17.62,27.68,33.5,44.1,18.3,0.38,0.547,1
20.06,42.76,36.5,54.2,22.7,0.41,0.431,1
17.11,31.62,17.4,23.3,33.3,0.33,0.628,1
19.13,29.09,29.4,44.8,9.4,0.01,0.791,1
19.05,17.37,23.2,38.4,30.9,0.01,0.583,1
21.0,29.25,27.8,25.1,16.4,0.41,0.864,1
19.65,40.39,30.3,43.0,15.1,0.37,0.594,1
21.5,20.02,36.1,48.0,23.8,0.27,0.532,1
19.77,14.68,15.8,25.8,32.0,0.12,0.568,1
16.15,24.24,19.1,47.8,15.5,0.04,0.432,1
18.29,20.05,38.0,23.3,27.8,0.08,1.769,0
20.19,23.8,39.2,40.7,5.6,0.29,0.996,1
18.85,8.83,16.4,47.9,23.7,0.27,0.221,1
18.52,18.45,23.3,25.1,23.9,0.47,0.586,1
20.03,38.06,15.2,40.0,21.7,0.48,0.305,1
17.71,21.01,33.9,34.9,33.1,0.29,0.747,1
21.45,43.72,32.0,41.3,33.2,0.42,0.506,1
18.48,33.35,29.1,34.8,15.3,0.41,0.679,1
19.79,19.64,32.3,28.8,18.7,0.38,0.823,1
21.89,15.07,28.4,28.9,28.8,0.22,0.813,1
20.71,32.41,21.0,50.3,30.3,0.19,0.325,1
19.19,17.1,33.9,25.5,17.5,0.13,1.344,0
21.16,42.08,34.6,24.3,15.5,0.47,1.122,0
19.36,9.65,36.4,23.4,29.6,0.42,1.031,0
18.65,6.15,38.9,22.6,16.3,0.09,1.817,0
21.24,13.84,33.7,20.5,17.2,0.13,1.66,0
16.16,29.26,16.4,25.6,9.1,0.29,0.897,1
18.44,38.4,15.5,26.7,21.3,0.21,0.653,1
18.06,11.81,33.5,29.4,14.8,0.11,1.135,0
20.28,28.39,16.4,24.3,22.7,0.4,0.541,1
16.08,10.77,22.9,23.3,18.4,0.0,1.073,0
19.97,27.53,18.4,39.0,27.4,0.17,0.421,1
18.08,5.73,39.2,45.2,13.3,0.46,0.471,1
16.59,27.31,22.9,42.1,10.2,0.38,0.531,1
21.88,25.87,16.4,39.5,26.1,0.2,0.357,1
17.27,6.71,38.7,35.4,16.5,0.46,0.649,1
18.09,32.58,30.2,42.2,21.9,0.45,0.475,1
17.24,27.89,15.9,51.6,33.2,0.03,0.281,1
19.97,29.92,35.8,42.0,19.5,0.06,0.868,1
20.7,26.19,18.8,22.1,9.6,0.19,1.029,0
21.16,33.88,35.1,40.0,17.8,0.46,0.592,1
17.87,26.0,30.1,38.3,19.4,0.42,0.547,1
19.15,41.89,19.4,35.8,28.0,0.02,0.612,1
19.98,42.74,33.8,39.9,10.9,0.26,0.898,1
19.78,34.07,26.4,43.5,15.4,0.36,0.497,1
20.3,41.47,31.0,21.3,6.5,0.14,2.191,0
20.62,41.93,36.7,36.8,26.1,0.36,0.768,1
16.58,15.48,21.5,48.6,27.3,0.18,0.33,1
17.01,44.76,24.1,38.6,18.7,0.14,0.707,1
20.41,15.7,39.9,22.4,21.1,0.2,1.719,0
18.86,5.74,27.7,47.1,27.5,0.48,0.269,1
18.56,43.49,29.0,52.9,13.0,0.45,0.457,1
18.73,13.95,22.1,49.8,23.2,0.46,0.227,1
18.23,28.36,25.4,32.7,33.9,0.46,0.484,1
19.55,43.83,27.5,38.7,24.7,0.09,0.736,1
17.94,6.98,21.5,40.7,7.3,0.45,0.334,1
19.82,15.77,21.0,45.1,13.7,0.11,0.422,1
17.22,29.35,30.0,43.3,20.6,0.42,0.476,1
20.55,35.5,19.6,27.0,7.2,0.27,1.039,0
20.69,37.29,28.8,49.5,25.3,0.12,0.507,1
19.47,40.35,32.7,49.7,24.6,0.2,0.546,1
18.22,11.74,20.0,34.2,31.3,0.22,0.454,1
16.09,19.8,33.6,24.6,20.0,0.37,1.062,0
16.73,33.57,24.0,41.3,25.8,0.3,0.473,1
16.48,33.61,39.8,32.5,10.5,0.41,1.133,0
16.06,17.32,39.5,45.9,5.1,0.2,0.934,1
20.33,17.17,35.0,31.0,10.2,0.37,0.895,1
21.74,17.83,23.6,29.2,6.9,0.4,0.713,1
16.07,40.68,38.4,50.4,17.8,0.03,0.821,1
16.68,41.38,40.0,41.6,19.0,0.19,0.962,1
21.16,5.59,26.6,23.0,24.3,0.44,0.688,1
20.13,18.0,30.4,44.1,9.2,0.35,0.533,1
18.43,20.68,15.1,46.3,11.4,0.21,0.34,1
21.96,44.3,16.1,28.2,28.9,0.09,0.638,1
19.44,42.77,27.5,53.9,22.3,0.05,0.483,1
20.02,30.13,30.2,33.1,5.9,0.11,1.262,0
19.92,6.83,22.8,52.9,30.5,0.12,0.294,1
17.34,12.65,17.5,30.3,23.9,0.19,0.498,1
18.93,22.37,34.6,41.3,10.6,0.09,0.883,1
17.3,43.36,25.5,38.1,12.6,0.07,0.888,1
19.06,8.79,31.2,54.7,21.6,0.42,0.275,1
16.18,36.65,31.3,34.3,21.8,0.12,0.969,1
18.29,12.65,28.7,26.3,29.2,0.28,0.851,1
18.23,25.31,19.5,49.2,15.8,0.1,0.391,1
17.75,35.68,30.4,21.5,21.5,0.25,1.372,0
16.48,32.7,23.1,51.0,22.5,0.14,0.411,1
20.63,36.03,35.5,23.9,21.8,0.04,1.743,0
18.52,37.54,19.8,40.0,7.2,0.49,0.657,1
20.88,17.23,22.3,45.0,17.3,0.23,0.383,1
21.01,19.56,26.0,31.8,15.2,0.2,0.746,1
17.28,37.63,33.5,49.6,34.8,0.1,0.589,1
18.53,6.55,33.0,40.8,19.0,0.25,0.593,1
20.33,25.58,23.4,33.8,18.1,0.32,0.565,1
19.0,41.82,27.8,31.4,19.5,0.15,0.951,1
21.13,40.4,20.9,23.9,32.6,0.24,0.8,1
19.43,37.17,34.3,42.4,23.3,0.12,0.779,1
19.78,5.86,19.9,32.7,16.7,0.26,0.45,1
20.72,40.51,35.5,31.2,32.4,0.39,0.835,1
16.73,41.47,38.4,53.2,32.9,0.03,0.669,1
19.51,31.55,39.8,29.5,12.9,0.26,1.344,0
16.51,16.96,36.4,50.7,16.8,0.2,0.562,1
17.56,24.6,20.5,54.1,34.0,0.04,0.311,1
17.28,35.5,25.4,48.8,21.2,0.47,0.349,1
19.4,37.52,17.2,20.7,18.0,0.13,1.017,0
21.06,18.73,19.1,50.4,10.9,0.28,0.312,1
16.8,18.04,16.2,27.5,16.5,0.19,0.593,1
20.61,34.45,31.0,32.4,23.9,0.14,0.945,1
16.86,32.45,28.3,54.7,6.2,0.26,0.662,1
17.14,25.53,37.9,34.2,7.5,0.34,1.109,0
21.5,21.81,26.6,42.9,5.2,0.39,0.615,1
16.06,31.29,31.1,30.9,11.6,0.32,1.012,0
17.18,6.3,25.0,32.9,10.5,0.26,0.598,1
17.29,8.03,35.7,40.9,30.5,0.39,0.529,1
17.69,27.92,38.2,53.2,10.6,0.26,0.622,1
18.18,13.41,25.8,29.9,24.8,0.49,0.488,1
16.62,35.99,17.1,28.7,8.6,0.26,0.94,1
18.81,35.89,19.1,20.9,22.8,0.16,0.996,1
18.4,33.4,33.0,27.1,18.1,0.22,1.21,0
19.75,41.14,23.1,29.2,17.3,0.24,0.827,1
21.21,10.63,34.6,22.2,30.7,0.14,1.497,0
17.79,15.37,33.7,39.7,10.0,0.08,0.874,1
19.28,15.09,32.4,24.4,22.9,0.22,1.174,0
18.23,36.3,35.4,37.9,29.7,0.45,0.611,1
16.24,25.85,33.9,26.6,26.4,0.13,1.302,0
20.93,15.11,30.8,52.8,34.5,0.18,0.397,1
19.81,10.46,15.1,30.7,5.1,0.38,0.485,1
16.01,40.72,27.9,23.3,31.5,0.04,1.384,0
17.5,32.69,29.9,49.3,23.4,0.41,0.397,1
17.85,26.14,39.0,34.1,5.1,0.36,1.278,0
20.87,43.62,31.3,48.7,19.0,0.27,0.536,1
20.56,38.98,29.4,30.9,28.0,0.1,0.979,1
18.38,12.12,28.5,37.5,10.5,0.05,0.775,1
16.94,25.33,17.6,35.6,25.4,0.12,0.491,1
18.32,24.44,25.7,39.5,9.2,0.38,0.59,1
20.86,38.77,18.4,34.1,29.1,0.47,0.374,1
18.71,10.96,16.3,37.4,22.1,0.37,0.285,1
16.7,23.07,23.2,43.8,6.0,0.26,0.663,1
16.23,30.46,31.1,34.5,7.7,0.48,0.887,1
18.0,42.81,36.7,44.0,30.9,0.41,0.566,1
16.89,40.97,35.3,45.0,6.0,0.33,1.046,0
20.47,26.35,22.4,46.2,14.0,0.02,0.515,1
17.67,29.27,16.1,36.5,22.0,0.14,0.462,1
21.26,39.1,25.1,20.1,11.4,0.15,1.557,0
19.7,34.78,22.9,46.4,11.7,0.17,0.542,1
18.36,40.17,24.3,51.8,28.3,0.19,0.386,1
19.66,40.84,29.0,42.8,13.7,0.47,0.54,1
17.77,38.3,15.8,38.4,6.2,0.37,0.785,1
16.85,5.38,24.3,39.6,26.6,0.35,0.374,1
21.79,17.44,29.0,42.4,33.6,0.21,0.515,1
19.38,21.14,25.8,54.9,30.0,0.17,0.326,1
16.04,32.12,31.7,22.2,21.5,0.06,1.669,0
17.86,17.27,19.7,20.7,17.7,0.23,0.884,1
16.96,17.94,18.8,53.7,32.8,0.1,0.265,1
17.55,21.01,22.7,35.4,28.0,0.2,0.545,1
16.33,43.21,17.5,41.4,22.1,0.08,0.51,1
17.47,22.49,20.9,46.4,31.4,0.17,0.358,1
20.1,10.63,17.2,46.0,23.1,0.02,0.325,1
20.92,5.25,25.0,42.7,34.2,0.0,0.516,1
18.08,14.46,32.8,36.5,30.7,0.43,0.54,1
19.13,42.55,22.2,40.2,21.5,0.32,0.489,1
16.25,43.2,15.1,45.5,32.7,0.29,0.302,1
16.54,26.16,28.9,49.8,15.3,0.26,0.481,1
19.31,30.85,32.3,24.5,26.0,0.36,1.036,0
21.04,36.84,24.8,29.7,10.1,0.37,0.86,1
16.53,7.24,22.4,33.9,31.9,0.47,0.35,1
18.51,19.97,27.3,43.3,12.4,0.12,0.609,1
21.82,30.69,17.5,33.8,33.5,0.39,0.363,1
20.43,40.93,31.1,28.4,5.5,0.5,1.324,0
17.19,34.07,33.3,21.2,25.5,0.01,1.892,0
17.71,19.0,32.6,49.5,9.5,0.19,0.591,1
21.69,41.4,23.2,34.7,28.1,0.22,0.602,1
17.33,31.58,36.1,31.5,19.8,0.41,0.878,1
18.65,38.21,38.7,38.6,32.3,0.01,1.095,0
18.13,20.42,22.4,24.3,26.5,0.3,0.742,1
18.94,5.09,21.6,33.9,28.0,0.45,0.341,1
17.42,11.65,32.6,46.3,8.6,0.07,0.676,1
20.01,42.09,32.7,45.8,7.9,0.06,0.958,1
17.41,6.32,27.8,47.0,30.5,0.5,0.262,1
19.61,28.84,38.1,36.4,11.8,0.41,0.838,1
18.15,21.37,18.7,32.9,31.0,0.35,0.41,1
17.51,22.18,26.9,49.1,9.3,0.2,0.532,1
20.17,21.03,15.9,26.1,14.3,0.43,0.497,1
21.79,7.7,16.3,45.4,32.9,0.46,0.171,1
21.22,9.89,16.3,51.1,30.2,0.37,0.168,1
16.52,7.52,27.3,30.0,6.6,0.2,0.853,1
18.73,7.16,29.7,26.9,18.4,0.29,0.844,1
20.17,8.42,15.1,37.9,32.3,0.05,0.35,1
19.38,32.86,30.8,27.6,5.4,0.08,1.727,0
20.36,9.57,27.2,50.5,8.2,0.39,0.333,1
21.85,15.46,20.6,28.6,24.4,0.01,0.743,1
18.05,31.28,15.4,31.0,8.1,0.02,0.865,1
20.63,9.49,18.9,51.1,18.5,0.25,0.239,1
16.56,41.41,30.0,27.2,20.2,0.09,1.293,0
21.22,24.1,31.5,51.0,30.8,0.15,0.469,1
20.67,43.52,31.2,27.3,33.7,0.2,1.075,0
19.13,12.7,18.8,51.9,20.4,0.26,0.239,1
20.93,6.22,37.8,31.1,20.3,0.14,1.134,0
20.0,28.61,25.3,28.6,26.8,0.24,0.77,1
19.31,18.15,34.2,36.7,10.8,0.19,0.884,1
21.68,27.9,19.2,32.9,33.2,0.04,0.588,1
16.78,23.95,26.8,27.1,5.0,0.43,1.189,0
21.96,23.29,28.0,31.8,5.1,0.14,1.132,0
16.93,39.05,34.3,45.0,23.8,0.3,0.615,1
18.88,12.67,30.5,49.1,15.2,0.28,0.426,1
17.39,24.99,25.0,48.7,16.9,0.1,0.482,1
17.63,21.64,22.1,46.5,11.6,0.01,0.527,1
19.79,31.95,39.3,20.2,17.2,0.43,1.54,0
16.21,7.01,22.1,34.9,29.8,0.25,0.462,1
21.64,26.18,18.2,25.9,26.0,0.21,0.641,1
17.68,24.14,22.5,22.6,7.8,0.38,1.072,0
17.64,43.94,23.2,45.8,6.7,0.02,0.927,1
21.18,35.23,18.2,47.8,20.2,0.38,0.296,1
20.59,11.2,32.7,48.5,26.9,0.2,0.481,1
20.03,25.37,30.5,51.2,24.9,0.28,0.406,1
16.88,36.35,22.9,40.7,30.9,0.38,0.411,1
20.62,25.98,39.8,54.9,9.0,0.27,0.599,1
18.16,19.27,31.4,36.9,23.2,0.03,0.865,1
21.96,20.07,32.6,50.9,28.0,0.36,0.375,1
20.03,19.68,28.9,24.0,33.1,0.39,0.829,1
21.02,5.8,28.8,25.2,8.0,0.23,0.981,1
20.4,34.22,15.5,40.7,12.2,0.22,0.462,1
19.57,29.44,34.3,24.3,15.6,0.13,1.549,0
20.3,15.75,37.8,22.6,21.2,0.32,1.362,0
19.58,30.2,18.1,26.9,17.3,0.44,0.558,1
16.31,17.35,34.9,47.6,30.8,0.33,0.474,1
18.07,14.74,28.4,52.5,33.5,0.39,0.284,1
17.9,34.65,22.1,31.7,7.1,0.42,0.9,1
20.28,37.36,38.0,54.1,26.0,0.11,0.591,1
19.46,30.03,15.4,48.3,8.4,0.2,0.442,1
19.66,36.37,21.9,27.9,31.9,0.22,0.716,1
21.08,19.63,37.2,40.5,9.3,0.28,0.794,1
19.15,7.87,27.0,54.4,34.7,0.02,0.372,1
17.31,29.2,30.0,49.7,17.8,0.29,0.472,1
16.07,15.24,33.7,32.7,16.5,0.04,1.104,0
16.96,36.1,18.7,30.7,22.6,0.4,0.527,1
16.18,19.32,20.4,48.7,16.8,0.48,0.265,1
17.42,31.83,40.0,39.2,12.0,0.14,1.126,0
19.81,27.11,20.9,25.7,23.9,0.25,0.727,1
16.91,37.7,28.5,31.5,26.9,0.41,0.681,1
16.49,38.29,22.5,43.2,33.4,0.16,0.472,1
21.83,7.73,36.3,25.4,17.3,0.08,1.471,0
21.98,16.8,39.0,44.5,26.2,0.37,0.561,1
19.82,39.84,18.5,44.8,30.0,0.35,0.314,1
16.65,21.16,30.0,29.5,29.9,0.28,0.821,1
20.93,25.59,35.3,33.9,6.0,0.47,0.924,1
19.24,12.33,35.6,52.7,15.7,0.48,0.335,1
17.09,27.11,26.0,46.2,5.4,0.43,0.674,1
19.45,15.58,20.6,47.6,21.8,0.15,0.341,1
16.24,38.17,24.7,38.1,31.0,0.11,0.645,1
21.83,13.01,33.8,27.5,29.4,0.42,0.79,1
20.96,19.39,39.8,40.7,29.3,0.33,0.697,1
17.56,8.8,28.9,47.0,15.6,0.2,0.456,1
18.51,28.52,19.9,20.1,6.4,0.2,1.492,0
18.37,42.68,16.0,24.0,10.2,0.43,0.927,1
21.17,11.93,38.6,36.6,25.1,0.08,1.027,0
18.13,5.79,27.1,35.3,9.0,0.47,0.444,1
16.29,21.9,32.9,54.4,8.8,0.32,0.503,1
17.29,34.94,31.5,23.2,15.6,0.4,1.187,0
17.29,44.0,37.3,31.3,7.8,0.19,1.643,0
21.7,7.05,21.7,48.5,14.9,0.29,0.279,1
21.54,36.44,26.0,41.4,34.1,0.37,0.424,1
17.8,19.75,37.8,39.7,5.6,0.22,1.039,0
16.02,11.15,29.6,45.9,29.9,0.24,0.451,1
19.1,12.69,16.8,21.4,34.8,0.29,0.599,1
20.78,41.96,19.9,53.2,18.1,0.03,0.402,1
17.61,37.37,20.9,26.7,33.3,0.43,0.575,1
18.63,17.47,39.8,22.9,12.8,0.43,1.313,0
17.04,42.61,20.6,31.9,34.5,0.14,0.656,1
17.96,9.21,36.7,44.6,30.8,0.44,0.447,1
20.55,17.9,17.0,28.1,31.5,0.37,0.419,1
18.57,31.12,19.5,21.7,8.9,0.24,1.186,0
18.68,44.98,36.8,22.0,31.1,0.17,1.744,0
20.74,23.63,37.5,29.0,33.3,0.2,1.178,0
20.58,37.43,19.4,24.7,29.6,0.27,0.706,1
17.12,41.63,20.7,33.0,7.7,0.21,1.04,0
18.49,5.39,28.3,26.1,7.5,0.21,0.957,1
21.09,16.56,16.3,32.1,15.7,0.1,0.514,1
18.74,9.01,38.6,35.6,26.1,0.35,0.756,1
19.97,36.04,24.1,46.0,5.4,0.3,0.767,1
17.84,27.68,27.2,28.0,33.5,0.5,0.582,1
16.36,8.82,17.6,36.6,20.8,0.07,0.441,1
16.99,21.83,15.8,48.5,15.8,0.06,0.344,1
18.41,25.56,26.7,54.5,21.8,0.26,0.344,1
18.12,32.91,18.0,39.5,26.5,0.08,0.47,1
21.37,36.18,30.8,35.1,13.2,0.31,0.808,1
19.27,8.51,34.9,42.1,13.7,0.1,0.743,1
19.76,24.51,15.8,37.0,19.0,0.24,0.394,1
20.13,11.44,30.3,25.8,25.1,0.31,0.886,1
19.19,35.13,35.4,36.1,26.2,0.23,0.869,1
20.62,31.31,26.0,54.3,14.7,0.16,0.422,1
20.7,33.92,39.0,42.4,14.7,0.39,0.706,1
18.11,8.0,17.8,29.9,19.6,0.43,0.363,1
16.51,25.41,23.1,53.2,21.3,0.14,0.365,1
21.92,38.62,20.8,33.6,24.5,0.41,0.467,1
19.86,33.53,39.9,33.7,23.5,0.2,1.132,0
20.25,39.47,22.4,41.6,16.2,0.24,0.534,1
20.54,13.24,24.7,39.9,13.9,0.12,0.556,1
19.68,16.48,36.2,30.2,14.2,0.31,0.985,1
18.83,22.65,38.2,36.3,24.4,0.05,1.101,0
21.91,25.93,38.4,31.6,18.0,0.3,1.027,0
20.37,15.09,29.0,45.8,9.0,0.49,0.39,1
21.08,20.25,31.6,24.3,5.2,0.38,1.294,0
18.64,32.48,23.7,46.3,5.9,0.45,0.639,1
21.43,30.82,30.2,25.6,31.0,0.23,1.043,0
20.39,9.42,22.6,30.7,18.7,0.07,0.7,1
20.48,44.43,33.7,31.7,24.7,0.14,1.096,0
16.52,27.51,22.7,54.7,32.9,0.02,0.352,1
19.7,24.34,37.0,40.6,8.8,0.25,0.875,1
18.01,43.69,18.6,47.2,18.4,0.32,0.392,1
20.01,10.61,29.3,39.4,21.2,0.21,0.579,1
19.41,26.75,28.0,54.4,30.2,0.28,0.33,1
16.67,37.2,21.6,26.2,34.8,0.16,0.821,1
19.18,20.96,15.7,41.2,26.4,0.04,0.371,1
18.71,34.45,18.7,47.9,24.3,0.22,0.341,1
20.66,40.97,39.2,42.0,32.6,0.27,0.752,1
19.02,15.47,38.5,51.4,30.1,0.49,0.358,1
18.89,14.66,18.0,41.0,31.0,0.17,0.348,1
20.32,19.43,24.4,48.9,5.1,0.34,0.51,1
20.01,21.74,26.6,26.2,20.4,0.41,0.721,1
21.95,9.44,27.0,29.2,28.5,0.17,0.788,1
18.11,14.25,22.5,35.5,10.4,0.46,0.444,1
20.13,39.93,37.8,49.8,27.5,0.17,0.639,1
17.0,27.66,37.7,34.9,5.3,0.48,1.113,0
20.83,15.71,15.5,42.0,22.3,0.0,0.359,1
20.72,42.74,31.3,33.9,30.5,0.32,0.737,1
20.35,35.97,16.9,48.2,17.9,0.39,0.298,1
16.71,19.5,29.9,27.0,27.2,0.14,1.065,0
21.93,35.62,36.7,40.8,20.9,0.06,0.931,1
21.66,28.84,31.2,40.2,24.4,0.01,0.794,1
18.22,32.35,26.7,34.1,20.5,0.04,0.868,1
19.46,17.86,38.9,44.7,19.3,0.27,0.663,1
21.33,13.38,33.7,21.0,30.2,0.42,1.066,0
18.97,15.14,21.2,49.5,7.8,0.03,0.456,1
19.59,8.35,24.7,32.2,22.5,0.06,0.722,1
19.62,23.84,34.0,47.8,8.4,0.0,0.807,1
19.9,21.25,15.5,30.7,21.9,0.14,0.497,1
19.45,5.1,16.6,26.6,33.9,0.46,0.339,1
18.44,39.25,36.5,33.6,6.7,0.14,1.532,0
19.24,32.27,16.1,47.9,17.7,0.22,0.331,1
21.23,22.87,32.0,44.6,29.1,0.09,0.629,1
21.18,43.68,23.0,34.0,16.1,0.06,0.821,1
20.64,42.62,35.6,52.8,20.6,0.09,0.62,1
18.48,8.8,36.2,34.3,8.4,0.11,1.055,0
20.72,29.61,38.8,32.3,11.7,0.07,1.411,0
18.33,37.68,17.4,25.1,25.6,0.4,0.591,1
19.98,11.92,25.6,22.5,29.9,0.24,0.931,1
19.4,10.12,29.3,32.2,24.4,0.27,0.691,1
17.8,15.39,37.9,23.2,30.1,0.19,1.544,0
18.72,16.19,21.7,36.2,23.2,0.11,0.547,1
20.98,43.6,16.8,50.1,29.3,0.05,0.332,1
21.48,36.22,20.0,36.7,34.5,0.04,0.551,1
17.23,7.39,27.4,36.8,7.5,0.09,0.726,1
18.74,36.46,32.0,28.9,19.4,0.43,0.853,1
18.6,11.79,32.3,25.8,10.7,0.11,1.3,0
18.93,19.29,16.9,27.8,19.0,0.18,0.588,1
21.86,17.74,34.0,39.9,20.0,0.29,0.636,1
19.11,15.9,31.5,40.7,23.7,0.26,0.581,1
20.98,17.35,25.2,27.7,18.2,0.33,0.698,1
19.98,35.17,29.3,34.0,14.7,0.1,0.963,1
16.64,15.66,34.2,39.9,6.3,0.26,0.834,1
20.17,37.03,21.6,46.6,6.0,0.38,0.653,1
19.88,8.64,38.5,31.2,10.3,0.19,1.145,0
20.55,28.81,18.4,29.5,18.5,0.49,0.454,1
16.45,39.52,37.6,45.6,17.5,0.29,0.728,1
17.45,8.17,33.5,38.0,10.7,0.34,0.63,1
20.62,30.4,31.5,50.0,29.7,0.23,0.461,1
18.22,25.46,17.1,27.4,25.5,0.43,0.457,1
21.46,18.28,38.0,47.0,15.3,0.23,0.637,1
19.11,9.03,22.4,25.7,28.9,0.47,0.492,1
16.01,32.06,33.6,40.5,34.7,0.15,0.75,1
20.19,17.38,37.1,29.9,12.4,0.43,0.889,1
19.08,18.56,21.1,23.5,15.9,0.32,0.757,1
17.9,33.7,37.9,41.6,34.8,0.4,0.608,1
16.12,42.81,30.3,37.7,9.1,0.02,1.218,0
17.19,18.35,31.5,37.0,7.3,0.14,0.942,1
16.97,34.87,37.9,40.7,20.6,0.42,0.678,1
19.5,43.26,28.2,33.0,19.1,0.16,0.907,1
20.62,8.91,26.0,43.5,7.3,0.36,0.415,1
17.41,26.17,30.8,24.6,13.7,0.5,0.915,1
20.19,5.45,28.9,45.0,17.6,0.09,0.524,1
21.4,38.01,16.5,40.3,29.7,0.21,0.368,1
19.73,16.48,19.5,37.0,26.2,0.08,0.485,1
20.65,18.31,15.3,24.5,32.4,0.08,0.618,1
17.23,32.49,17.7,29.7,15.0,0.32,0.634,1
16.45,36.57,33.2,30.3,14.3,0.1,1.316,0
18.19,21.0,15.1,28.2,18.9,0.24,0.512,1
20.25,31.62,22.6,53.4,5.2,0.49,0.532,1
20.12,43.25,26.2,52.0,11.2,0.17,0.563,1
21.73,40.48,38.4,39.1,11.3,0.44,0.808,1
19.78,33.05,23.2,27.2,6.8,0.2,1.205,0
18.47,42.72,34.6,51.9,18.7,0.13,0.628,1
20.78,40.04,25.2,46.2,32.2,0.17,0.457,1
16.92,34.16,17.5,21.4,5.1,0.06,1.841,0
20.88,41.69,17.5,37.2,23.9,0.34,0.412,1
18.2,37.7,25.8,41.2,31.4,0.25,0.514,1
16.92,25.09,16.4,22.3,8.2,0.31,0.972,1
16.97,25.09,29.3,21.7,32.5,0.15,1.322,0
21.9,5.35,27.3,36.2,29.6,0.33,0.486,1
19.74,6.21,32.6,20.1,11.4,0.08,1.688,0
17.05,34.85,19.6,21.6,32.2,0.33,0.775,1
17.61,27.19,29.8,25.8,29.1,0.04,1.259,0
18.23,35.44,19.4,51.8,8.3,0.2,0.52,1
16.34,42.99,33.1,46.8,29.9,0.3,0.549,1
16.65,23.1,22.7,35.8,21.3,0.43,0.442,1
20.57,8.54,30.4,36.8,29.5,0.41,0.486,1
20.72,30.06,37.1,44.0,23.5,0.26,0.668,1
21.93,8.99,27.2,36.6,16.8,0.44,0.428,1
16.41,29.85,19.8,22.2,23.0,0.25,0.871,1
21.34,26.11,37.2,45.9,24.1,0.26,0.615,1
17.9,33.49,24.0,22.0,28.0,0.36,0.884,1
17.97,19.04,33.3,37.0,29.9,0.44,0.547,1
16.76,10.75,23.0,50.2,24.9,0.3,0.281,1
21.92,14.45,22.5,24.1,34.7,0.47,0.537,1
21.89,32.35,31.1,44.7,28.4,0.12,0.61,1
21.19,24.13,18.9,21.6,32.3,0.46,0.563,1
16.54,26.63,36.7,54.8,14.6,0.11,0.603,1
21.05,17.92,24.7,43.9,14.5,0.26,0.438,1
19.81,38.47,15.5,53.9,15.9,0.4,0.272,1
16.77,44.98,22.6,43.4,18.2,0.4,0.479,1
17.57,17.49,34.6,28.5,33.8,0.14,1.154,0
20.14,33.75,36.5,52.4,7.2,0.49,0.584,1
20.82,11.84,29.2,41.9,20.0,0.04,0.641,1
21.09,34.7,22.4,40.2,9.8,0.02,0.738,1
19.26,22.23,28.2,35.0,29.3,0.42,0.513,1
19.21,29.21,35.9,30.0,5.9,0.41,1.255,0
20.11,14.5,22.9,38.6,18.7,0.36,0.4,1
20.67,39.07,24.6,32.8,16.8,0.43,0.613,1
17.02,11.93,28.5,49.9,7.8,0.07,0.543,1
20.44,42.14,37.2,21.0,16.3,0.05,2.231,0
18.05,7.45,29.6,38.6,29.3,0.48,0.393,1
18.3,16.52,20.2,49.3,9.1,0.31,0.349,1
16.47,27.52,17.2,21.0,34.5,0.46,0.571,1
19.53,39.34,17.4,29.9,6.8,0.45,0.894,1
16.56,28.08,38.8,21.8,13.7,0.33,1.68,0
21.48,13.64,35.6,40.8,28.2,0.31,0.607,1
19.73,39.36,34.1,31.1,15.7,0.18,1.166,0
21.94,28.85,27.4,53.6,19.4,0.07,0.44,1
17.47,14.29,31.8,41.6,10.6,0.34,0.577,1
20.08,27.47,18.2,39.7,26.5,0.41,0.314,1
21.79,32.01,30.5,52.1,10.4,0.27,0.514,1
17.79,32.22,35.3,27.8,30.5,0.03,1.43,0
16.58,33.96,16.6,39.7,21.2,0.07,0.485,1
19.8,40.83,22.4,39.0,21.4,0.05,0.637,1
18.2,37.99,17.8,22.9,33.0,0.33,0.672,1
17.64,29.31,21.5,52.6,28.2,0.28,0.291,1
21.96,6.29,34.3,44.5,27.3,0.23,0.549,1
20.52,34.98,23.3,51.1,30.7,0.27,0.325,1
18.91,44.0,32.2,54.4,7.8,0.14,0.755,1
16.3,17.22,34.3,36.8,26.8,0.4,0.613,1
17.15,29.28,35.4,48.1,12.0,0.16,0.727,1
17.79,35.75,36.8,40.2,13.4,0.32,0.834,1
18.92,30.56,29.9,54.2,5.5,0.2,0.694,1
18.98,41.9,22.0,28.7,31.8,0.04,0.853,1
16.15,23.93,18.8,20.5,27.2,0.13,0.948,1
21.66,26.27,27.6,26.5,9.2,0.48,0.841,1
19.26,6.53,17.6,24.5,14.8,0.1,0.682,1
16.12,41.01,37.8,35.3,19.4,0.05,1.268,0
20.21,15.49,26.1,22.7,19.8,0.15,1.096,0
16.43,44.14,36.8,27.7,22.9,0.44,1.05,0
20.33,13.08,32.7,23.4,19.2,0.15,1.345,0
20.21,15.14,36.4,37.0,24.5,0.21,0.824,1
21.91,24.39,37.1,29.3,31.5,0.16,1.204,0
18.05,31.42,16.3,36.5,16.9,0.49,0.375,1
16.87,22.63,33.1,23.1,31.3,0.5,0.873,1
16.55,19.07,20.7,38.1,11.6,0.24,0.527,1
16.43,26.6,39.7,24.6,8.6,0.39,1.558,0
20.86,43.33,34.5,23.5,12.2,0.11,1.834,0
20.31,43.48,15.1,30.9,11.2,0.19,0.737,1
21.86,18.12,38.2,50.6,34.6,0.34,0.458,1
17.86,32.21,22.3,47.6,16.4,0.14,0.471,1
20.82,33.88,25.4,53.6,24.5,0.11,0.394,1
16.56,31.14,30.3,36.1,25.9,0.46,0.556,1
21.42,9.52,37.9,30.9,18.4,0.12,1.192,0
16.31,26.58,38.2,54.0,11.7,0.03,0.727,1
20.73,35.53,29.1,33.4,18.1,0.38,0.695,1
17.84,13.03,22.9,20.3,19.2,0.12,1.115,0
17.09,18.93,22.0,48.7,33.6,0.23,0.317,1
20.23,13.15,24.1,25.9,22.1,0.06,0.933,1
21.38,40.48,19.5,45.1,34.1,0.03,0.421,1
20.58,39.34,31.7,20.5,22.3,0.23,1.517,0
17.88,11.77,28.2,23.9,9.3,0.17,1.179,0
18.12,35.42,34.3,36.9,16.5,0.25,0.879,1
17.14,19.56,17.4,22.4,28.8,0.48,0.499,1
20.94,32.45,25.0,51.1,17.6,0.2,0.414,1
16.64,24.73,21.0,46.2,8.0,0.3,0.515,1
21.42,23.88,28.4,31.5,7.9,0.05,1.108,0
19.61,40.25,26.7,40.9,12.1,0.44,0.584,1
19.53,30.48,26.2,45.0,21.9,0.4,0.396,1
21.03,14.43,22.9,46.4,29.9,0.26,0.329,1
20.01,9.43,33.2,33.8,21.0,0.09,0.93,1
17.83,42.34,27.0,51.5,27.4,0.21,0.431,1
18.1,11.14,20.1,53.0,24.4,0.15,0.266,1
17.04,34.36,28.7,26.9,20.7,0.5,0.755,1
18.78,24.83,29.9,51.9,11.4,0.25,0.486,1
16.66,10.6,15.5,44.9,31.5,0.21,0.248,1
19.92,36.07,20.1,51.1,13.3,0.08,0.447,1
17.02,41.18,21.1,34.9,12.6,0.12,0.822,1
21.18,9.86,21.2,43.1,12.7,0.36,0.319,1
20.2,7.68,21.0,28.2,7.9,0.27,0.624,1
21.35,38.99,21.8,46.3,20.0,0.18,0.44,1
16.52,25.04,21.6,40.4,14.8,0.15,0.553,1
20.79,31.98,37.1,36.8,20.7,0.1,1.034,0
21.28,22.66,23.0,44.2,18.6,0.02,0.51,1
16.27,21.5,23.7,39.3,20.6,0.49,0.375,1
21.99,16.99,21.7,46.8,13.9,0.38,0.308,1
17.8,27.52,39.2,50.0,29.5,0.46,0.438,1
17.27,11.39,28.4,48.0,21.0,0.21,0.427,1
18.49,33.69,30.3,30.8,11.3,0.43,0.874,1
16.05,26.98,33.4,54.2,32.1,0.13,0.478,1
21.32,38.9,23.3,42.7,8.3,0.25,0.674,1
17.61,41.84,39.2,31.3,27.0,0.1,1.377,0
19.13,41.02,18.8,21.5,25.4,0.39,0.758,1
19.74,29.05,26.4,54.6,7.2,0.25,0.515,1
20.75,17.75,18.6,41.0,32.0,0.27,0.323,1
17.5,19.29,34.8,28.0,14.5,0.43,0.907,1
20.3,31.1,17.7,37.2,27.2,0.37,0.358,1
16.71,33.48,28.8,33.9,13.3,0.48,0.696,1
20.23,11.45,17.6,53.3,20.8,0.2,0.223,1
21.52,44.92,26.3,37.2,34.2,0.23,0.602,1
16.51,9.3,22.0,37.0,23.3,0.31,0.41,1
16.7,29.28,37.6,47.8,13.9,0.23,0.708,1
19.34,26.24,16.3,33.7,18.8,0.21,0.476,1
16.28,28.64,31.2,26.9,25.3,0.17,1.144,0
17.12,26.35,32.4,46.9,18.4,0.42,0.459,1
17.14,7.32,37.2,51.9,32.3,0.27,0.451,1
18.89,44.84,36.9,21.6,31.0,0.3,1.535,0
17.49,44.25,39.4,50.1,9.4,0.1,0.969,1
18.85,25.97,21.3,35.3,28.5,0.13,0.563,1
19.13,13.33,21.9,30.1,33.3,0.17,0.617,1
20.38,12.32,24.9,21.4,14.5,0.23,1.026,0
21.68,7.28,28.4,27.2,12.1,0.02,1.092,0
19.02,29.47,24.2,31.7,5.3,0.44,0.964,1
18.13,24.13,33.5,22.5,8.5,0.45,1.288,0
17.55,21.65,15.2,26.6,33.8,0.33,0.445,1
19.81,26.01,15.4,45.8,16.7,0.16,0.335,1
21.66,39.91,32.9,44.0,16.6,0.19,0.702,1
20.59,7.83,37.1,46.9,13.0,0.37,0.486,1
17.24,26.76,34.4,25.8,9.9,0.14,1.578,0
21.36,33.04,17.9,21.5,20.3,0.3,0.782,1
20.41,43.83,38.4,36.4,26.7,0.45,0.727,1
16.77,34.59,28.0,32.0,21.5,0.21,0.853,1
20.28,26.92,33.6,47.2,6.1,0.29,0.733,1
17.74,35.67,20.0,38.9,29.1,0.46,0.354,1
18.95,44.88,28.7,52.6,32.9,0.17,0.438,1
17.8,40.55,23.3,22.1,18.2,0.38,0.99,1
16.5,8.56,39.4,32.7,16.0,0.38,0.853,1
20.61,27.99,26.9,34.2,11.9,0.46,0.606,1
20.97,36.46,33.9,24.4,14.1,0.43,1.143,0
17.39,31.88,30.1,40.4,24.3,0.37,0.546,1
17.44,21.68,17.4,21.4,28.1,0.32,0.665,1
18.58,17.9,28.6,44.9,15.0,0.12,0.572,1
20.87,30.08,28.5,21.3,15.2,0.34,1.18,0
16.46,21.49,32.9,50.6,18.5,0.14,0.548,1
20.85,20.68,23.0,22.3,10.1,0.22,1.066,0
21.54,38.47,36.5,36.0,32.8,0.35,0.755,1
19.37,17.63,30.6,25.4,26.2,0.34,0.903,1
16.36,30.8,16.0,24.7,18.0,0.2,0.749,1
17.62,39.94,32.7,45.2,8.7,0.09,0.947,1
16.67,29.87,37.7,47.1,30.5,0.24,0.626,1
17.56,24.71,32.1,45.9,19.5,0.13,0.629,1
20.87,6.41,24.5,34.1,28.9,0.13,0.605,1
16.33,32.26,29.8,54.7,6.0,0.16,0.744,1
17.7,44.9,19.3,31.9,13.2,0.35,0.729,1
19.1,37.34,30.0,28.6,23.7,0.25,0.967,1
21.24,30.38,27.5,54.9,19.6,0.19,0.386,1
17.5,23.77,15.7,54.2,13.9,0.45,0.232,1
20.67,13.97,23.0,40.7,11.0,0.35,0.415,1
19.5,32.68,19.8,27.3,14.1,0.25,0.782,1
20.06,12.09,24.8,28.3,27.3,0.21,0.725,1
21.17,40.48,21.0,38.2,10.5,0.41,0.582,1
16.16,19.16,35.9,47.2,22.8,0.09,0.681,1
19.18,20.99,32.4,22.7,17.7,0.33,1.177,0
20.48,13.64,33.5,44.1,27.9,0.01,0.71,1
21.31,24.27,24.0,23.6,11.0,0.0,1.278,0
16.8,32.22,15.1,49.5,13.1,0.47,0.315,1
18.05,17.11,20.5,38.6,17.0,0.26,0.436,1
16.47,33.07,33.9,54.6,10.0,0.16,0.647,1
21.01,29.82,30.1,46.4,18.8,0.4,0.435,1
21.14,19.9,28.5,37.4,17.5,0.49,0.451,1
18.9,17.51,22.0,24.9,34.7,0.02,0.916,1
16.12,39.45,16.9,39.0,22.8,0.02,0.538,1
16.61,5.48,34.6,24.0,7.1,0.43,0.997,1
19.75,33.64,16.0,51.7,18.8,0.28,0.278,1
21.9,21.69,16.5,28.1,31.4,0.44,0.378,1
21.03,33.71,22.4,50.3,31.0,0.35,0.29,1
20.79,25.3,29.3,30.6,33.9,0.24,0.792,1
18.51,8.35,39.8,27.8,31.8,0.08,1.484,0
21.91,44.28,17.3,30.6,10.3,0.19,0.812,1
20.95,8.44,26.8,44.8,5.1,0.39,0.422,1
18.01,11.34,30.0,38.4,23.5,0.12,0.684,1
20.49,21.81,35.6,23.8,26.1,0.36,1.14,0
18.6,42.78,32.2,24.8,8.9,0.12,1.815,0
19.96,16.72,35.2,33.2,10.0,0.23,0.983,1
21.82,27.75,28.1,31.8,33.9,0.04,0.898,1
17.48,25.86,25.8,49.8,33.3,0.23,0.373,1
20.77,18.21,30.5,40.0,9.7,0.31,0.625,1
19.54,32.85,37.5,26.5,12.4,0.28,1.412,0
21.7,25.06,28.8,21.0,31.8,0.2,1.247,0
16.81,28.13,30.1,23.6,18.0,0.18,1.32,0
20.32,13.41,23.4,44.5,28.9,0.14,0.411,1
16.22,42.06,29.9,49.6,16.9,0.38,0.505,1
17.48,9.42,30.7,47.4,27.1,0.39,0.36,1
17.93,32.61,33.8,47.6,16.9,0.24,0.61,1
18.59,40.44,29.3,29.1,32.0,0.19,0.956,1
21.79,8.36,19.9,54.6,14.8,0.32,0.207,1
16.41,6.15,29.5,23.0,20.7,0.28,1.006,0
17.01,18.33,22.4,48.7,20.7,0.33,0.312,1
17.22,36.6,17.2,23.4,24.5,0.15,0.826,1
18.54,33.69,35.6,29.4,14.2,0.39,1.036,0
16.36,37.89,16.7,37.3,24.3,0.16,0.488,1
21.79,20.9,30.8,21.9,9.2,0.21,1.451,0
19.36,44.75,39.7,33.8,31.8,0.07,1.284,0
20.88,19.64,17.2,32.3,9.3,0.43,0.468,1
20.63,37.22,20.5,42.7,30.2,0.32,0.364,1
19.96,19.03,34.0,45.1,25.8,0.12,0.644,1
21.43,13.74,17.4,23.2,15.2,0.43,0.524,1
21.41,18.47,35.8,21.3,14.8,0.35,1.363,0
16.77,12.71,15.0,47.2,34.0,0.22,0.224,1
21.41,10.16,37.2,38.5,10.8,0.49,0.557,1
19.14,19.56,16.7,38.7,26.7,0.17,0.372,1
17.61,10.87,38.0,54.3,10.5,0.05,0.606,1
19.65,25.09,36.6,35.3,32.2,0.37,0.729,1
17.69,6.42,28.5,26.9,27.3,0.38,0.693,1
18.87,22.25,34.4,43.8,33.0,0.03,0.744,1
20.9,43.32,16.9,48.5,31.4,0.41,0.247,1
16.19,19.35,18.4,37.6,21.5,0.39,0.355,1
17.1,10.51,24.2,44.2,9.6,0.46,0.341,1
21.74,17.21,28.4,38.0,11.6,0.06,0.761,1
18.67,36.65,36.7,34.3,11.1,0.3,1.079,0
17.82,17.55,28.6,21.2,11.6,0.11,1.486,0
21.54,20.34,31.6,26.1,19.3,0.2,1.116,0
21.47,36.55,32.0,36.8,31.0,0.13,0.818,1
16.27,15.42,36.9,33.9,5.7,0.22,1.17,0
18.17,24.13,34.4,49.5,12.2,0.06,0.693,1
21.48,7.53,39.4,23.8,22.9,0.15,1.621,0
17.08,11.96,15.5,21.8,31.0,0.04,0.726,1
19.47,13.38,20.2,23.0,13.9,0.25,0.777,1
17.92,23.54,38.3,43.7,16.5,0.15,0.818,1
20.42,37.84,34.8,40.8,16.2,0.3,0.739,1
16.95,19.18,21.7,42.1,13.8,0.23,0.461,1
19.58,20.22,39.4,25.5,26.0,0.12,1.608,0
16.0,17.04,36.7,38.1,24.7,0.05,0.973,1
17.52,17.82,16.6,46.9,30.3,0.38,0.219,1
16.97,21.14,35.3,43.9,32.5,0.32,0.556,1
17.26,40.98,34.6,35.4,32.0,0.02,1.079,0
21.16,5.98,20.5,23.6,21.2,0.49,0.47,1
21.49,29.98,31.7,50.5,10.6,0.32,0.517,1
20.53,40.51,39.3,38.4,11.7,0.1,1.201,0
19.54,21.68,31.9,51.1,22.7,0.42,0.354,1
17.39,31.04,35.3,35.4,32.6,0.44,0.652,1
17.65,28.43,17.5,28.3,20.9,0.29,0.578,1
17.86,18.55,33.2,30.8,33.1,0.44,0.676,1
20.66,10.5,20.1,34.6,12.9,0.01,0.595,1
17.52,13.78,16.8,41.5,7.6,0.47,0.337,1
21.84,7.3,28.8,46.9,28.9,0.03,0.515,1
20.78,35.59,33.8,28.5,31.4,0.32,0.953,1
22.0,26.31,28.7,26.6,18.4,0.17,1.053,0
18.76,36.43,38.3,27.1,8.1,0.02,2.039,0
19.54,16.61,32.4,52.7,6.3,0.46,0.431,1
17.68,37.19,17.9,25.7,6.9,0.07,1.327,0
19.62,17.37,38.4,32.1,18.2,0.43,0.812,1
21.84,9.85,18.8,37.0,12.0,0.17,0.437,1
16.18,26.35,34.0,39.5,18.9,0.37,0.651,1
17.74,42.81,18.7,50.0,19.7,0.13,0.407,1
17.69,21.58,40.0,24.0,18.7,0.29,1.498,0
21.89,25.62,23.3,23.8,23.6,0.4,0.709,1
16.8,23.05,27.4,31.1,25.4,0.28,0.723,1
20.87,23.3,26.7,34.5,16.9,0.15,0.739,1
17.65,13.57,17.5,33.1,15.1,0.12,0.519,1
21.16,21.9,27.4,33.7,16.1,0.09,0.823,1
18.93,24.88,18.7,49.8,7.1,0.42,0.408,1
17.45,34.79,35.0,49.3,14.6,0.31,0.596,1
20.26,10.59,39.0,48.2,11.0,0.25,0.607,1
21.05,27.86,35.2,46.4,13.7,0.12,0.725,1
18.82,31.49,25.8,21.4,26.4,0.22,1.136,0
20.28,20.31,15.1,25.2,34.7,0.31,0.463,1
17.09,26.97,15.9,45.6,32.7,0.04,0.335,1
21.63,33.43,27.4,40.8,29.6,0.18,0.572,1
16.58,23.6,32.0,43.6,27.1,0.12,0.654,1
17.33,18.33,35.5,45.1,33.3,0.32,0.528,1
17.73,37.99,30.0,51.9,27.6,0.3,0.416,1
16.92,44.55,39.5,42.2,19.1,0.15,0.978,1
18.44,13.67,27.3,29.6,23.0,0.02,0.956,1
18.75,40.58,30.0,22.9,14.2,0.09,1.635,0
19.11,26.82,20.8,35.1,5.1,0.08,0.976,1
16.24,22.92,23.5,44.8,15.6,0.28,0.444,1
17.31,40.73,32.1,29.9,17.1,0.08,1.28,0
20.85,41.41,30.0,24.2,27.0,0.24,1.156,0
20.86,15.91,24.2,55.0,30.8,0.31,0.247,1
17.98,19.33,17.8,34.7,33.9,0.44,0.315,1
18.77,39.08,23.6,27.6,15.6,0.12,1.023,0
17.1,24.63,16.1,25.8,33.7,0.09,0.642,1
20.93,16.52,29.5,50.2,29.0,0.09,0.464,1
21.74,43.49,23.1,48.7,5.9,0.18,0.759,1
17.75,13.68,24.5,41.5,22.9,0.32,0.401,1
20.69,29.41,29.4,39.2,16.0,0.34,0.597,1
18.11,22.12,29.5,53.3,6.0,0.11,0.629,1
16.02,23.05,29.7,28.0,20.9,0.07,1.144,0
19.6,9.24,27.3,34.5,22.5,0.22,0.623,1
18.46,15.29,27.2,20.9,12.6,0.07,1.436,0
20.55,11.68,35.5,34.7,33.2,0.41,0.638,1
20.49,34.98,26.7,33.4,23.3,0.04,0.865,1
21.68,32.91,28.4,53.2,10.3,0.38,0.435,1
18.63,36.76,39.7,32.5,26.6,0.02,1.415,0
18.9,32.97,19.5,49.2,20.0,0.4,0.299,1
18.4,10.15,33.2,46.8,19.2,0.31,0.463,1
17.78,44.14,26.8,25.2,30.0,0.16,1.096,0
19.83,12.54,35.8,53.7,9.1,0.2,0.51,1
20.97,19.02,25.1,42.1,19.7,0.34,0.411,1
16.95,33.28,22.6,40.9,28.4,0.09,0.543,1
21.89,10.62,20.2,20.4,24.8,0.45,0.6,1
20.1,11.82,36.8,44.5,5.2,0.24,0.74,1
20.68,40.06,33.0,21.9,28.6,0.38,1.183,0
21.99,18.28,16.9,26.5,33.3,0.25,0.513,1
19.02,31.62,32.8,23.5,26.1,0.23,1.301,0
16.43,39.35,15.9,33.2,31.3,0.23,0.475,1
20.74,43.93,19.5,47.8,15.8,0.18,0.444,1
21.22,13.41,29.8,44.8,15.5,0.37,0.421,1
16.97,9.92,26.6,23.7,14.6,0.42,0.761,1
16.14,34.63,36.0,47.9,27.0,0.43,0.481,1
16.81,12.53,30.2,36.1,33.3,0.06,0.788,1
17.94,28.21,39.1,21.1,31.6,0.38,1.444,0
21.55,26.31,36.4,27.8,9.5,0.1,1.534,0
16.01,27.4,23.5,47.5,23.8,0.01,0.492,1
20.82,30.99,35.9,45.7,34.9,0.14,0.667,1
21.13,39.04,36.7,26.6,13.9,0.15,1.562,0
20.87,15.87,39.2,21.3,24.0,0.4,1.342,0
16.49,27.21,15.3,30.3,32.2,0.37,0.397,1
20.08,18.47,36.9,47.8,32.0,0.04,0.692,1
21.72,17.75,16.7,52.8,14.6,0.16,0.262,1
16.72,5.82,28.2,40.1,7.8,0.13,0.623,1
16.19,28.98,25.4,23.2,24.4,0.3,0.962,1
21.24,43.9,38.0,37.6,33.4,0.27,0.842,1
19.87,35.45,25.1,55.0,20.2,0.34,0.324,1
19.88,14.71,29.9,52.9,18.7,0.46,0.284,1
21.79,33.64,32.3,54.8,30.9,0.21,0.413,1
20.62,16.89,15.5,44.5,17.7,0.33,0.255,1
18.38,35.15,29.8,34.9,25.4,0.46,0.575,1
18.62,39.2,27.9,51.3,16.7,0.27,0.471,1
16.87,18.37,29.9,51.3,16.3,0.15,0.477,1
17.82,5.09,16.9,25.1,10.6,0.2,0.582,1
18.67,17.2,16.4,47.1,7.7,0.38,0.333,1
17.57,13.23,19.4,52.2,31.6,0.36,0.205,1
21.5,29.74,36.7,51.4,10.4,0.37,0.545,1
16.07,16.6,23.9,44.7,6.9,0.37,0.495,1
19.52,6.44,25.9,38.8,22.5,0.46,0.35,1
20.63,26.25,24.8,47.2,21.4,0.38,0.346,1
20.39,39.99,32.9,38.1,22.0,0.43,0.615,1
19.86,23.05,21.5,31.2,19.0,0.29,0.58,1
18.46,20.05,16.7,29.1,9.3,0.32,0.607,1
21.51,12.14,24.5,38.9,5.6,0.48,0.454,1
17.97,20.5,33.2,36.0,6.4,0.44,0.808,1
20.5,18.24,37.9,38.4,33.3,0.39,0.642,1
21.56,44.8,16.3,29.1,21.0,0.34,0.55,1
16.77,6.22,35.3,40.7,17.0,0.18,0.708,1
21.68,14.55,16.7,43.2,17.3,0.27,0.29,1
20.66,7.75,23.3,48.2,24.6,0.03,0.394,1
19.7,39.3,15.6,40.6,16.3,0.21,0.445,1
18.24,21.69,37.8,46.5,28.9,0.06,0.749,1
21.43,36.85,32.7,25.9,12.8,0.36,1.154,0
16.26,32.69,24.2,24.2,16.0,0.45,0.857,1
18.59,42.12,24.4,26.3,33.0,0.09,0.99,1
20.54,5.95,31.0,49.6,12.8,0.12,0.48,1
20.87,13.29,17.2,39.5,24.8,0.43,0.254,1
17.21,33.08,18.6,35.9,15.9,0.29,0.536,1
16.29,28.41,36.2,46.7,19.1,0.29,0.615,1
20.82,32.79,20.1,24.3,6.4,0.28,1.182,0
18.53,28.02,33.2,20.2,10.0,0.11,2.021,0
16.86,28.24,20.6,30.9,8.1,0.12,0.955,1
16.51,42.3,17.2,28.7,30.3,0.47,0.476,1
19.84,41.85,37.5,30.8,33.9,0.36,0.945,1
19.5,6.52,37.5,54.1,7.0,0.05,0.587,1
21.12,21.55,30.1,39.9,7.3,0.11,0.835,1
16.19,25.42,26.6,40.6,21.6,0.31,0.515,1
21.21,19.32,28.8,42.9,20.1,0.14,0.575,1
21.32,6.98,25.2,33.9,24.5,0.13,0.633,1
18.68,23.89,33.9,54.3,27.1,0.1,0.493,1
16.46,44.03,33.9,54.1,28.9,0.09,0.557,1
21.68,7.89,35.5,46.9,9.5,0.31,0.513,1
16.43,37.67,28.1,27.4,6.1,0.45,1.383,0
19.54,12.83,35.0,50.8,31.7,0.18,0.495,1
18.96,28.07,18.9,23.5,19.1,0.06,0.935,1
21.01,20.48,15.8,42.0,34.1,0.06,0.338,1
19.02,18.96,31.2,36.0,21.0,0.47,0.523,1
18.81,39.82,17.6,21.4,20.3,0.26,0.885,1
21.28,43.94,28.8,51.6,23.7,0.23,0.447,1
21.78,20.47,33.0,53.6,10.1,0.45,0.379,1
19.3,30.62,25.2,51.8,12.6,0.25,0.438,1
18.73,27.26,16.1,26.7,32.2,0.24,0.537,1
20.99,8.08,37.2,31.7,11.4,0.46,0.728,1
20.99,6.65,16.1,53.5,12.0,0.24,0.195,1
17.92,35.94,37.6,23.7,20.3,0.2,1.649,0
19.46,20.78,16.3,40.4,24.2,0.29,0.312,1
16.92,17.3,33.4,37.0,5.0,0.49,0.786,1
19.81,44.42,38.1,25.3,18.7,0.48,1.143,0
21.0,8.41,37.7,51.0,17.0,0.39,0.412,1
17.13,15.76,37.3,24.7,31.0,0.25,1.313,0
17.94,39.27,37.1,40.7,30.2,0.44,0.604,1
18.69,21.6,27.8,31.1,32.2,0.21,0.76,1
21.07,28.37,28.9,34.6,30.3,0.32,0.622,1
20.39,6.94,30.5,27.4,28.6,0.09,1.06,0
17.9,41.81,37.4,41.9,30.8,0.33,0.684,1
17.46,10.48,36.0,54.6,10.2,0.14,0.516,1
20.17,13.53,34.6,49.2,15.2,0.39,0.422,1
18.88,11.27,31.9,43.9,25.5,0.21,0.545,1
19.56,24.9,30.5,46.5,32.7,0.2,0.501,1
19.89,37.67,38.1,49.4,25.0,0.37,0.523,1
19.35,15.68,19.8,36.5,11.2,0.21,0.506,1
19.68,10.69,19.8,39.8,33.3,0.36,0.302,1
21.33,21.4,39.6,51.3,27.8,0.43,0.424,1
21.21,44.27,28.8,44.4,26.5,0.07,0.635,1
16.89,5.44,27.1,24.8,27.9,0.24,0.869,1
19.52,25.16,36.3,47.3,24.8,0.47,0.43,1
18.64,31.77,36.2,20.8,5.7,0.41,1.979,0
17.71,37.27,19.4,49.7,12.6,0.49,0.371,1
19.79,34.85,19.3,47.6,33.7,0.43,0.253,1
19.07,7.98,34.9,49.1,13.7,0.16,0.548,1
20.65,23.47,34.6,20.8,28.1,0.09,1.767,0
16.56,8.15,20.6,54.0,17.7,0.11,0.277,1
17.82,29.79,36.0,41.5,32.2,0.11,0.809,1
16.15,8.08,27.0,48.0,21.7,0.04,0.471,1
20.48,6.94,26.7,39.8,24.0,0.45,0.354,1
21.47,17.24,39.6,31.9,12.2,0.25,1.121,0
19.52,42.55,28.0,30.4,6.7,0.05,1.504,0
19.7,33.4,18.4,22.4,27.7,0.38,0.661,1
16.28,5.16,22.0,39.0,7.0,0.16,0.491,1
19.02,16.39,23.3,25.0,26.7,0.04,0.963,1
19.16,5.7,39.0,39.9,21.7,0.09,0.903,1
16.23,16.77,21.6,41.9,29.6,0.33,0.348,1
20.69,32.42,25.8,35.5,11.2,0.4,0.648,1
17.67,35.39,33.7,25.5,21.2,0.13,1.436,0
20.34,37.16,21.9,35.1,23.4,0.29,0.542,1
18.42,41.4,32.5,50.8,7.2,0.0,0.922,1
21.97,19.63,20.2,36.0,27.2,0.14,0.491,1
17.27,39.5,21.1,32.0,16.7,0.09,0.82,1
16.35,34.11,39.7,42.0,8.9,0.04,1.235,0
21.88,26.51,24.2,41.7,16.6,0.24,0.493,1
17.46,43.19,33.2,23.2,7.9,0.32,1.833,0
19.81,42.91,36.0,28.3,31.6,0.02,1.467,0
18.25,40.9,23.7,37.3,18.7,0.07,0.734,1
19.84,13.09,23.9,32.8,9.1,0.47,0.498,1
19.58,13.32,34.3,31.2,12.6,0.11,1.107,0
20.24,41.04,30.2,35.6,26.7,0.38,0.634,1
16.11,20.92,24.0,30.2,28.6,0.37,0.572,1
21.02,36.9,33.7,32.2,6.2,0.16,1.421,0
18.87,32.48,36.6,47.1,6.8,0.1,0.967,1
19.11,35.49,20.9,37.9,32.5,0.12,0.525,1
18.47,6.05,15.6,50.5,14.9,0.28,0.194,1
21.94,22.2,21.9,53.2,10.8,0.19,0.361,1
20.81,39.28,31.9,52.3,8.7,0.25,0.635,1
17.87,24.6,37.9,28.9,19.3,0.41,0.98,1
20.7,32.61,36.6,36.6,28.1,0.25,0.844,1
18.62,35.24,20.6,38.7,20.6,0.5,0.382,1
21.22,9.83,37.0,49.8,5.6,0.33,0.535,1
16.19,11.23,35.3,39.6,19.5,0.1,0.826,1
18.13,33.98,33.4,28.8,14.3,0.25,1.172,0
18.58,7.18,32.2,39.2,25.5,0.41,0.48,1
20.47,18.68,35.2,21.5,20.7,0.11,1.714,0
17.09,41.72,36.5,49.2,34.0,0.36,0.504,1
17.72,27.97,35.5,39.8,22.9,0.02,0.947,1
20.34,41.42,18.0,42.8,24.0,0.47,0.311,1
16.46,17.38,33.1,27.0,20.6,0.33,0.97,1
17.21,30.47,36.0,39.5,14.3,0.08,1.006,0
20.52,16.47,19.6,38.6,23.9,0.44,0.304,1
21.25,9.44,20.3,41.7,15.0,0.04,0.443,1
20.37,44.63,34.6,49.7,26.5,0.2,0.576,1
19.16,12.05,23.6,46.8,12.1,0.37,0.33,1
16.59,12.54,25.0,39.1,16.0,0.47,0.379,1
20.96,38.68,24.4,51.3,22.5,0.17,0.407,1
16.74,37.09,20.3,32.5,23.9,0.42,0.509,1
18.31,44.11,38.5,37.2,25.1,0.1,1.102,0
16.3,7.87,35.1,42.7,26.0,0.02,0.774,1
20.26,8.77,21.3,35.4,14.5,0.01,0.595,1
19.02,22.95,17.7,32.6,31.8,0.33,0.405,1
21.45,28.67,24.3,23.9,5.9,0.08,1.497,0
16.83,6.52,25.4,42.3,10.7,0.03,0.56,1
20.91,11.34,15.2,26.7,7.1,0.49,0.446,1
19.06,33.13,37.2,24.8,25.1,0.12,1.611,0
18.2,31.74,36.3,26.4,13.2,0.23,1.437,0
19.86,8.59,36.3,44.1,11.0,0.31,0.58,1
20.74,42.27,35.1,24.8,19.4,0.07,1.665,0
18.64,15.19,33.3,54.2,23.6,0.18,0.431,1
17.4,40.49,30.9,46.5,23.6,0.32,0.522,1
21.49,41.92,39.0,33.7,21.7,0.32,0.988,1
17.88,24.6,32.8,40.8,34.8,0.42,0.494,1
21.99,21.48,30.8,20.3,30.8,0.22,1.348,0
20.6,16.13,34.7,49.6,12.2,0.44,0.414,1
20.13,37.3,21.2,29.5,27.8,0.34,0.588,1
16.07,12.86,39.2,22.5,22.1,0.28,1.512,0
18.69,29.88,15.5,46.5,7.1,0.06,0.558,1
19.01,27.69,31.2,31.5,6.5,0.29,1.131,0
18.26,14.96,16.9,39.9,29.0,0.3,0.298,1
16.9,44.32,36.3,49.5,21.3,0.38,0.551,1
18.2,38.85,39.2,47.2,22.1,0.36,0.615,1
16.45,5.82,25.2,31.8,15.1,0.26,0.606,1
17.75,21.89,36.4,50.4,32.9,0.3,0.476,1
16.5,19.36,23.4,33.6,26.4,0.39,0.478,1
20.51,40.31,19.0,37.5,32.8,0.18,0.466,1
20.03,15.58,21.9,41.4,8.0,0.07,0.571,1
21.64,44.94,22.5,22.5,22.5,0.44,0.801,1
18.28,13.0,30.8,40.9,24.1,0.48,0.403,1
20.72,14.76,34.9,40.2,8.8,0.21,0.778,1
19.53,31.64,20.1,50.6,15.4,0.5,0.286,1
19.88,11.44,17.2,32.4,11.4,0.16,0.504,1
19.28,40.55,20.5,28.5,34.5,0.03,0.796,1
20.67,9.4,22.4,36.7,21.3,0.29,0.428,1
16.25,44.33,22.0,44.1,14.5,0.43,0.508,1
16.48,39.99,20.5,39.7,24.9,0.31,0.463,1
16.58,38.59,26.7,24.8,24.8,0.0,1.312,0
17.73,21.29,36.4,32.2,15.4,0.01,1.305,0
19.55,25.55,17.5,22.2,34.8,0.36,0.594,1
19.87,23.25,36.6,45.9,29.3,0.42,0.473,1
20.28,44.5,27.4,50.9,17.0,0.13,0.533,1
17.68,6.39,31.5,21.6,24.8,0.24,1.216,0
19.9,20.27,35.4,38.4,26.3,0.48,0.529,1
16.71,43.74,22.6,39.8,10.2,0.23,0.786,1
16.06,19.78,38.9,35.4,31.3,0.07,1.124,0
20.17,20.94,17.1,37.6,29.8,0.46,0.273,1
20.29,30.25,28.2,44.9,27.7,0.25,0.48,1
19.73,41.29,21.4,36.9,11.7,0.17,0.731,1
17.55,16.78,25.2,52.2,9.1,0.05,0.48,1
21.56,42.9,26.2,38.9,10.4,0.23,0.774,1
21.25,16.3,37.9,22.5,7.8,0.38,1.422,0
19.09,37.62,26.0,53.4,33.2,0.36,0.306,1
21.93,16.03,32.4,25.1,30.5,0.25,1.073,0
17.79,7.92,38.8,47.5,7.7,0.36,0.55,1
18.95,37.49,27.4,38.4,25.3,0.18,0.662,1
21.57,23.0,25.2,45.9,12.4,0.37,0.407,1
18.77,20.63,39.3,38.0,5.5,0.04,1.33,0
18.83,22.2,35.7,22.1,13.8,0.1,1.82,0
16.48,29.46,38.5,33.1,18.2,0.44,0.863,1
17.27,15.51,24.9,41.7,5.6,0.15,0.684,1
16.95,14.49,32.4,42.0,14.7,0.1,0.721,1
19.39,24.34,21.2,54.1,26.0,0.04,0.329,1
17.91,6.43,36.6,41.2,11.9,0.2,0.724,1
16.46,30.71,38.3,30.0,19.5,0.03,1.518,0
19.06,37.91,21.7,21.5,31.6,0.25,0.929,1
20.02,34.1,17.6,47.6,5.9,0.46,0.547,1
20.42,23.77,20.0,51.1,28.6,0.39,0.231,1
21.03,27.62,30.8,41.5,16.5,0.02,0.78,1
18.89,6.05,21.8,36.9,21.2,0.15,0.478,1
18.34,41.49,31.0,50.1,11.9,0.09,0.705,1
20.1,27.32,23.8,28.4,22.4,0.03,0.919,1
16.08,17.66,37.9,34.0,26.9,0.05,1.169,0
19.8,16.74,26.3,37.8,11.0,0.45,0.476,1
18.43,31.39,27.4,21.7,15.3,0.16,1.395,0
18.72,28.37,23.7,44.1,22.0,0.2,0.461,1
17.78,12.51,16.8,26.6,17.5,0.24,0.548,1
16.76,21.4,27.3,31.7,13.8,0.37,0.703,1
18.41,32.05,34.4,34.5,18.6,0.4,0.763,1
17.85,16.91,38.8,42.3,13.7,0.48,0.562,1
21.76,25.37,16.9,22.3,14.1,0.11,0.877,1
21.66,15.2,34.9,31.9,23.3,0.15,1.01,0
19.86,7.87,21.7,29.6,19.3,0.16,0.63,1
21.42,20.53,35.6,20.1,25.3,0.22,1.636,0
20.51,34.28,23.6,44.2,30.1,0.4,0.349,1
18.08,13.55,17.9,28.3,33.3,0.12,0.575,1
19.62,35.18,30.3,25.8,9.5,0.39,1.171,0
17.32,31.78,37.3,47.9,23.8,0.1,0.723,1
20.12,25.29,19.5,21.4,22.5,0.36,0.731,1
16.27,43.86,15.5,51.5,31.0,0.4,0.243,1
20.99,40.34,37.1,44.0,31.9,0.43,0.533,1
19.5,27.53,32.4,26.0,27.8,0.26,1.079,0
16.35,27.31,35.2,32.3,22.9,0.16,1.074,0
21.23,16.11,16.5,53.2,11.0,0.39,0.221,1
21.27,41.81,37.3,41.7,13.3,0.16,0.94,1
21.12,40.84,25.5,41.3,23.1,0.07,0.632,1
20.65,34.68,37.4,42.9,9.2,0.42,0.745,1
20.07,10.12,16.6,36.2,10.5,0.21,0.403,1
18.38,33.15,37.1,25.9,32.3,0.29,1.234,0
16.82,15.12,31.8,25.3,33.7,0.46,0.771,1
17.73,12.55,28.9,44.1,5.2,0.07,0.725,1
18.08,35.37,16.5,50.9,30.9,0.28,0.255,1
18.15,43.39,32.2,30.5,33.1,0.28,0.912,1
19.39,9.36,29.9,37.6,20.8,0.43,0.464,1
17.25,11.56,33.2,54.7,18.5,0.17,0.429,1
17.14,13.77,32.9,29.0,32.6,0.2,0.985,1
20.3,43.52,26.1,33.7,5.2,0.26,1.287,0
16.05,32.86,20.1,32.7,30.2,0.08,0.65,1
16.9,32.13,38.0,21.1,13.9,0.24,1.919,0
18.61,25.2,38.1,37.8,24.2,0.22,0.88,1
16.89,26.5,20.3,27.3,14.7,0.1,0.878,1
21.76,16.61,30.8,24.5,20.7,0.42,0.848,1
20.02,11.18,20.1,44.9,29.2,0.22,0.314,1
18.6,36.21,36.5,46.8,10.4,0.15,0.847,1
16.67,23.83,17.5,51.1,24.9,0.07,0.31,1
18.31,15.24,39.8,52.7,32.0,0.04,0.642,1
19.9,30.31,30.3,50.4,32.0,0.48,0.313,1
21.81,13.38,15.6,24.3,31.8,0.5,0.356,1
18.84,24.55,37.0,27.8,20.6,0.45,0.922,1
20.15,12.61,32.1,24.3,28.0,0.23,1.124,0
17.17,35.39,32.4,32.4,18.4,0.4,0.809,1
19.74,17.83,21.9,24.3,18.8,0.42,0.633,1
17.43,22.67,23.4,42.9,13.5,0.15,0.537,1
17.19,35.2,37.9,45.1,13.6,0.29,0.763,1
19.06,31.38,30.9,25.6,6.1,0.48,1.274,0
17.27,20.99,15.4,41.8,20.9,0.14,0.352,1
20.33,7.84,23.2,20.8,14.3,0.33,0.832,1
21.62,41.86,30.0,35.2,10.6,0.33,0.865,1
18.36,5.32,18.7,30.0,8.7,0.23,0.518,1
17.93,34.38,17.5,54.9,15.4,0.25,0.318,1
17.06,42.82,16.5,52.3,32.0,0.23,0.275,1
18.34,17.27,30.8,25.2,20.5,0.26,1.045,0
19.36,8.02,23.0,52.1,21.7,0.07,0.332,1
18.24,14.98,24.3,34.7,6.6,0.4,0.61,1
19.74,17.54,16.5,40.2,20.6,0.33,0.302,1
19.97,23.05,33.5,38.7,25.0,0.49,0.495,1
16.59,26.01,34.2,45.4,9.5,0.12,0.822,1
20.19,34.01,35.7,31.7,34.5,0.07,1.175,0
21.4,41.04,31.3,22.4,32.5,0.17,1.379,0
16.16,23.59,34.3,34.6,34.8,0.25,0.816,1
19.31,34.85,29.4,39.1,15.8,0.1,0.805,1
19.62,10.09,27.3,39.4,29.7,0.23,0.511,1
20.26,18.15,21.5,47.7,14.9,0.32,0.325,1
18.31,9.72,16.3,21.5,27.5,0.03,0.773,1
20.91,32.67,22.3,54.6,33.4,0.38,0.238,1
19.24,41.31,32.1,54.7,9.7,0.47,0.507,1
18.45,40.56,38.2,23.5,9.2,0.13,2.174,0
20.32,18.06,21.4,32.0,8.1,0.39,0.59,1
21.56,14.37,31.7,40.7,29.0,0.21,0.602,1
20.87,15.96,27.0,33.1,25.0,0.33,0.58,1
21.58,16.49,30.7,37.1,20.7,0.37,0.556,1
17.6,8.29,15.0,31.4,28.2,0.15,0.405,1
16.71,10.33,18.1,44.9,30.5,0.39,0.229,1
19.21,13.58,20.4,32.7,33.5,0.05,0.589,1
16.27,5.33,37.3,35.0,11.0,0.49,0.607,1
20.05,6.89,16.0,40.2,18.3,0.17,0.311,1
17.44,32.94,29.2,53.9,32.7,0.11,0.434,1
18.73,29.77,38.2,42.5,18.8,0.07,0.924,1
19.93,42.82,31.3,23.4,19.6,0.41,1.105,0
18.9,21.07,27.1,31.2,33.3,0.29,0.665,1
17.42,22.77,24.6,34.7,27.0,0.48,0.429,1
21.28,7.71,30.6,45.9,21.6,0.32,0.413,1
20.59,11.09,27.0,35.6,15.7,0.17,0.65,1
19.61,32.66,32.6,43.1,32.5,0.42,0.471,1
20.19,14.4,30.4,49.4,5.3,0.14,0.61,1
18.49,35.93,29.2,23.7,14.6,0.15,1.413,0
18.26,33.23,38.9,46.8,33.4,0.01,0.825,1
16.96,34.89,35.9,46.1,19.9,0.13,0.75,1
20.82,32.62,30.2,48.7,23.7,0.13,0.533,1
18.29,33.31,28.5,53.5,21.0,0.15,0.449,1
20.15,26.87,33.1,30.8,16.9,0.18,1.051,0
17.8,32.13,35.1,35.0,25.0,0.29,0.839,1
20.78,26.05,22.4,29.2,28.0,0.11,0.748,1
16.63,13.24,31.7,31.4,15.9,0.32,0.784,1
19.75,13.7,18.4,31.5,22.7,0.07,0.563,1
20.85,21.21,25.8,50.4,7.5,0.47,0.388,1
19.96,5.56,38.5,22.2,21.4,0.01,1.964,0
20.18,40.57,23.2,27.1,27.4,0.45,0.622,1
19.16,15.73,18.9,41.4,22.6,0.27,0.338,1
19.35,7.06,18.7,46.8,31.4,0.36,0.219,1
16.4,21.98,24.8,44.4,13.6,0.15,0.542,1
17.5,37.62,20.6,21.6,19.8,0.09,1.159,0
20.33,20.89,25.7,35.9,7.6,0.47,0.583,1
21.67,15.51,33.0,26.5,26.0,0.22,1.078,0
19.25,26.8,37.2,54.6,18.3,0.24,0.503,1
20.35,27.98,17.8,55.0,20.9,0.49,0.195,1
20.1,35.37,34.2,21.8,8.9,0.17,1.943,0
22.0,36.99,17.6,43.4,34.9,0.05,0.389,1
20.77,33.25,24.5,48.5,28.2,0.29,0.362,1
19.77,5.18,39.9,31.4,17.0,0.28,1.016,0
16.69,5.08,16.7,44.3,22.1,0.39,0.207,1
18.18,44.1,15.6,26.6,23.6,0.48,0.519,1
17.5,15.57,23.3,24.5,33.8,0.15,0.867,1
21.12,16.29,38.8,52.4,28.1,0.36,0.431,1
18.68,34.29,15.5,42.5,15.5,0.22,0.411,1
19.21,28.26,20.6,48.6,34.3,0.39,0.259,1
21.79,23.54,30.1,38.6,14.1,0.08,0.791,1
21.02,9.66,20.8,25.4,22.3,0.25,0.648,1
20.74,8.26,16.3,33.2,26.0,0.04,0.457,1
16.85,33.14,16.3,50.9,13.1,0.28,0.365,1
16.14,9.98,29.0,20.5,33.7,0.08,1.416,0
16.75,22.43,29.0,27.3,11.5,0.48,0.812,1
20.44,34.45,32.7,28.9,18.3,0.28,1.028,0
18.46,41.93,18.3,29.2,10.4,0.26,0.886,1
16.7,39.94,27.5,23.5,31.2,0.49,0.803,1
20.43,39.56,30.0,49.7,11.6,0.25,0.586,1
17.17,19.34,20.6,25.6,6.0,0.34,0.952,1
19.53,42.09,28.7,49.0,6.2,0.02,0.927,1
20.45,32.35,32.7,32.4,17.4,0.35,0.827,1
19.65,40.46,39.8,36.0,20.7,0.05,1.259,0
21.96,8.56,29.9,36.2,6.2,0.39,0.586,1
18.6,6.58,36.5,45.0,7.8,0.44,0.479,1
17.87,22.19,35.8,45.6,7.9,0.16,0.813,1
17.21,38.12,38.5,42.4,25.1,0.44,0.619,1
19.02,21.34,33.1,47.1,14.0,0.24,0.57,1
21.11,40.39,20.3,20.3,21.9,0.29,0.962,1
21.68,14.39,22.5,37.7,7.2,0.21,0.574,1
21.83,6.57,34.6,38.3,31.8,0.24,0.679,1
19.19,35.45,28.0,28.4,14.1,0.45,0.816,1
19.63,30.05,21.3,39.5,28.3,0.47,0.336,1
19.49,22.6,31.4,36.4,29.8,0.22,0.711,1
18.8,38.81,37.7,36.5,34.6,0.26,0.873,1
16.91,37.97,23.9,24.1,27.2,0.06,1.133,0
16.39,17.98,29.9,35.2,18.3,0.16,0.789,1
18.62,38.52,29.5,46.8,9.6,0.26,0.689,1
17.12,18.81,18.2,34.3,6.4,0.1,0.738,1
21.32,29.88,17.3,37.1,31.6,0.29,0.366,1
20.57,12.7,37.2,53.9,18.4,0.34,0.407,1
19.71,15.57,38.3,50.5,27.5,0.32,0.48,1
16.28,22.92,37.6,52.5,19.9,0.22,0.55,1
19.73,17.58,24.9,22.7,31.4,0.38,0.762,1
19.73,10.17,22.2,41.7,27.5,0.16,0.413,1
18.64,24.29,38.6,27.8,7.6,0.23,1.533,0
19.95,25.45,37.1,34.1,27.6,0.14,1.043,0
21.15,11.35,35.5,43.8,13.0,0.3,0.58,1
20.55,11.97,23.4,40.3,28.2,0.22,0.43,1
18.84,6.17,31.0,37.7,33.5,0.11,0.708,1
17.57,6.21,33.8,48.5,32.9,0.15,0.518,1
18.87,19.35,29.4,43.9,8.8,0.14,0.672,1
21.68,10.87,30.1,48.7,6.6,0.46,0.376,1
20.92,41.76,33.9,52.6,28.3,0.26,0.469,1
16.16,12.98,34.2,44.9,26.3,0.33,0.5,1
20.7,7.64,21.0,33.8,10.3,0.47,0.368,1
17.02,21.17,24.8,27.4,25.5,0.09,0.917,1
19.43,12.7,34.5,29.5,5.5,0.47,0.885,1
20.84,7.47,21.5,33.9,23.9,0.27,0.455,1
19.37,35.11,37.9,45.9,30.0,0.43,0.514,1
18.42,27.28,36.0,21.4,24.3,0.08,1.873,0
17.93,7.28,37.4,48.5,7.0,0.14,0.659,1
17.83,23.72,22.4,46.5,34.7,0.1,0.405,1
21.02,6.55,17.6,37.5,15.7,0.33,0.31,1
20.95,19.17,17.5,34.0,16.4,0.07,0.535,1
20.94,19.53,28.9,23.9,7.5,0.4,1.054,0
17.7,37.92,22.6,30.1,10.0,0.13,1.052,0
20.79,34.41,21.6,23.8,13.1,0.13,1.094,0
16.22,40.88,20.6,48.7,29.0,0.14,0.4,1
17.24,10.62,29.1,37.8,25.8,0.37,0.491,1
19.09,26.35,28.7,28.6,22.5,0.46,0.67,1
18.44,5.81,25.6,20.6,30.9,0.45,0.73,1
16.67,38.02,18.5,38.3,34.9,0.05,0.508,1
16.25,19.66,38.2,46.3,16.5,0.13,0.756,1
19.67,7.77,25.7,46.8,16.7,0.34,0.331,1
17.88,17.99,18.1,27.5,27.1,0.31,0.514,1
16.1,16.48,15.9,54.8,24.3,0.18,0.216,1
18.59,35.64,18.8,39.9,5.4,0.43,0.786,1
17.84,10.06,22.4,31.6,24.7,0.07,0.667,1
19.46,27.23,30.8,33.7,26.6,0.32,0.703,1
21.58,36.76,39.3,24.4,34.6,0.14,1.671,0
17.85,34.58,21.8,37.3,22.6,0.26,0.53,1
21.98,42.44,34.7,46.4,25.5,0.19,0.639,1
16.52,5.03,37.8,34.3,28.7,0.49,0.599,1
16.53,19.15,24.8,50.3,7.9,0.24,0.482,1
20.28,19.78,21.3,36.7,27.0,0.49,0.327,1
20.49,6.33,27.3,51.5,21.4,0.13,0.376,1
18.54,37.69,37.4,44.6,8.0,0.38,0.843,1
17.72,32.56,15.3,21.9,25.1,0.36,0.632,1
20.76,26.12,27.2,22.3,12.0,0.42,1.003,0
21.74,21.2,33.9,48.0,21.1,0.35,0.455,1
21.94,40.82,30.0,32.5,13.4,0.34,0.857,1
19.81,15.58,27.4,26.6,8.1,0.33,0.91,1
20.44,18.38,28.8,50.3,12.5,0.49,0.326,1
20.93,43.11,30.5,54.4,18.2,0.11,0.515,1
20.79,7.59,32.1,48.3,19.8,0.02,0.572,1
21.96,36.22,23.9,45.4,9.5,0.34,0.532,1
20.86,33.72,27.9,20.0,14.6,0.09,1.648,0
19.98,41.08,21.8,23.7,30.8,0.34,0.767,1
18.26,8.62,39.6,43.5,32.3,0.16,0.754,1
19.59,43.82,19.7,34.3,21.1,0.02,0.703,1
21.28,6.15,18.8,20.7,19.7,0.38,0.6,1
17.83,18.51,21.7,45.9,22.4,0.03,0.439,1
16.18,8.39,38.0,34.7,11.4,0.11,1.084,0
17.96,7.05,31.5,43.1,34.8,0.17,0.56,1
21.76,43.59,26.4,36.4,27.4,0.07,0.749,1
20.76,33.79,38.1,20.9,12.2,0.46,1.483,0
17.12,25.23,37.5,42.3,13.2,0.31,0.748,1
16.07,9.33,25.0,47.6,24.5,0.44,0.271,1
20.01,26.04,29.1,25.5,14.7,0.34,0.976,1
19.47,17.8,37.6,51.2,15.7,0.5,0.384,1
16.5,15.86,23.0,26.4,28.4,0.26,0.709,1
21.8,29.72,25.2,34.8,13.0,0.03,0.84,1
19.71,36.64,34.8,38.5,26.2,0.08,0.918,1
19.91,22.73,32.5,31.0,33.0,0.29,0.82,1
21.12,24.73,16.2,37.5,8.7,0.17,0.535,1
18.02,31.06,17.9,45.1,9.3,0.06,0.564,1
19.35,9.99,36.2,45.0,33.3,0.12,0.666,1
19.46,38.14,15.7,52.3,11.1,0.24,0.388,1
21.8,38.48,38.0,50.2,5.6,0.26,0.892,1
16.79,26.64,21.8,54.5,31.1,0.47,0.214,1
20.55,12.5,30.0,40.8,13.5,0.05,0.704,1
19.45,25.03,29.1,34.0,14.0,0.18,0.841,1
21.07,9.24,24.9,28.4,11.8,0.25,0.722,1
20.99,35.53,15.8,28.5,32.5,0.06,0.599,1
16.07,17.45,19.8,25.3,28.2,0.34,0.593,1
17.54,17.44,30.4,45.4,22.9,0.26,0.489,1
17.08,42.8,26.2,42.9,18.6,0.23,0.606,1
18.77,21.87,25.3,30.2,9.3,0.33,0.793,1
21.43,36.58,17.4,51.2,32.8,0.14,0.283,1
16.03,30.49,23.7,39.3,27.5,0.17,0.554,1
18.93,17.65,28.2,22.4,13.4,0.08,1.379,0
21.31,9.95,16.9,22.2,33.4,0.26,0.588,1
21.56,36.91,16.7,25.0,33.1,0.19,0.644,1
19.94,35.5,27.3,27.4,24.8,0.13,1.022,0
20.98,11.77,29.0,51.1,34.6,0.06,0.441,1
17.94,14.96,21.4,47.2,10.6,0.01,0.466,1
17.72,35.65,23.1,27.1,26.9,0.1,0.914,1
16.29,44.35,34.9,28.7,9.6,0.12,1.712,0
19.02,38.75,36.7,42.3,25.8,0.24,0.74,1
18.73,32.37,23.1,50.5,32.6,0.12,0.378,1
18.23,41.62,23.9,31.1,21.1,0.41,0.643,1
16.68,16.41,35.8,38.4,27.9,0.24,0.748,1
17.38,5.39,39.3,51.2,9.3,0.31,0.497,1
17.22,17.84,23.0,47.0,24.0,0.1,0.415,1
21.66,43.88,34.7,51.2,6.9,0.21,0.817,1
21.8,40.28,27.0,29.7,6.1,0.3,1.237,0
16.02,7.01,21.6,44.2,24.0,0.16,0.368,1
17.02,25.08,32.0,24.0,22.2,0.17,1.328,0
21.33,8.16,26.6,41.6,14.9,0.4,0.377,1
16.23,36.56,21.7,30.6,20.4,0.42,0.607,1
21.66,19.9,17.7,44.6,25.5,0.27,0.288,1
18.28,41.48,36.7,25.0,24.3,0.45,1.1,0
19.23,7.18,37.0,43.3,7.2,0.37,0.579,1
20.58,34.36,16.9,44.8,25.3,0.03,0.39,1
17.46,20.97,31.6,50.0,24.8,0.28,0.435,1
16.6,15.73,19.1,44.0,25.1,0.35,0.287,1
20.86,25.7,31.2,38.3,30.4,0.27,0.625,1
21.91,24.42,37.7,47.4,22.3,0.42,0.48,1
19.95,18.95,21.5,30.0,33.1,0.15,0.637,1
20.95,30.95,23.7,43.7,34.4,0.03,0.508,1
21.65,31.45,34.9,45.4,27.6,0.32,0.542,1
17.37,8.09,33.4,33.7,15.8,0.37,0.676,1
18.1,28.82,25.2,54.6,9.3,0.38,0.417,1
17.31,33.43,36.2,32.5,29.6,0.01,1.259,0
16.37,8.04,38.0,23.0,9.4,0.34,1.349,0
20.39,31.37,26.3,30.6,9.4,0.01,1.149,0
16.87,37.16,16.0,23.5,32.6,0.39,0.572,1
16.56,38.28,27.7,31.9,21.8,0.35,0.749,1
18.15,6.67,33.5,24.5,13.8,0.28,1.11,0
16.36,32.9,20.5,35.4,33.9,0.25,0.497,1
17.08,36.88,17.5,47.2,26.2,0.36,0.299,1
16.42,20.87,22.1,22.4,21.0,0.03,1.114,0
21.26,26.71,15.3,39.7,14.9,0.42,0.323,1
20.68,15.6,32.9,21.5,25.3,0.1,1.559,0
21.16,17.41,18.7,51.0,26.9,0.24,0.248,1
21.21,25.06,33.1,52.2,26.4,0.24,0.441,1
21.67,11.05,20.9,37.2,10.9,0.39,0.384,1
17.12,19.82,39.8,46.9,25.9,0.1,0.763,1
21.4,17.06,28.3,40.8,22.4,0.15,0.585,1
19.15,14.53,16.0,31.9,30.5,0.33,0.356,1
17.0,24.36,34.3,28.6,23.7,0.21,1.115,0
19.93,38.55,25.3,46.6,9.4,0.15,0.663,1
17.96,14.69,30.2,35.0,14.6,0.31,0.671,1
16.28,31.39,38.8,52.2,27.3,0.04,0.688,1
16.47,15.17,27.9,54.1,27.2,0.39,0.276,1
18.54,10.68,35.1,27.4,11.7,0.26,1.11,0
20.96,42.73,22.6,39.6,15.6,0.1,0.658,1
17.87,30.33,32.9,38.8,5.5,0.2,1.136,0
20.6,9.18,17.5,50.4,15.0,0.07,0.281,1
16.33,30.31,37.3,44.2,5.8,0.31,1.0,0
18.36,12.05,20.0,41.3,31.2,0.33,0.309,1
16.76,40.51,22.5,43.8,25.0,0.2,0.485,1
21.18,14.9,39.0,33.6,34.1,0.17,1.049,0
21.81,37.27,18.9,53.6,31.8,0.42,0.213,1
17.95,12.97,21.4,22.0,23.1,0.29,0.772,1
21.93,27.33,29.5,21.0,20.1,0.33,1.161,0
20.51,41.49,39.5,34.5,31.5,0.06,1.241,0
16.01,16.84,32.3,25.4,14.0,0.36,1.027,0
18.91,8.26,17.9,39.1,11.7,0.22,0.369,1
21.0,27.1,33.7,20.3,17.3,0.18,1.693,0
19.2,11.89,25.7,36.1,6.6,0.46,0.516,1
19.3,34.13,39.8,30.3,14.1,0.03,1.632,0
18.69,28.63,30.7,27.1,7.5,0.1,1.493,0
18.37,18.86,28.3,35.6,6.6,0.19,0.876,1
16.16,33.23,28.9,49.9,21.5,0.16,0.516,1
19.73,14.54,31.0,42.9,26.2,0.26,0.52,1
20.6,41.68,33.3,25.6,21.1,0.2,1.319,0
20.74,18.88,17.0,37.5,7.1,0.39,0.454,1
19.75,35.52,18.3,52.6,16.8,0.38,0.292,1
18.05,15.34,22.5,35.4,8.3,0.39,0.532,1
16.14,33.59,26.9,36.5,24.5,0.18,0.705,1
21.37,6.26,22.8,52.9,29.8,0.2,0.267,1
18.57,16.82,20.3,24.8,8.5,0.36,0.766,1
19.61,8.72,38.1,45.7,7.0,0.06,0.808,1
17.17,23.05,15.8,30.5,17.2,0.43,0.428,1
16.85,22.4,38.5,50.3,14.1,0.27,0.605,1
16.52,19.36,37.7,21.9,12.8,0.42,1.361,0
20.79,44.25,32.1,54.7,11.3,0.4,0.497,1
19.88,14.76,15.8,46.9,14.5,0.19,0.285,1
19.73,36.64,20.6,30.0,34.0,0.05,0.728,1
21.52,22.9,39.5,46.6,30.7,0.46,0.469,1
16.95,18.39,37.6,52.3,23.0,0.17,0.554,1
17.02,13.14,39.1,24.0,29.0,0.19,1.544,0
17.14,30.34,39.9,52.0,5.4,0.45,0.775,1
18.54,18.35,16.6,32.6,8.3,0.46,0.473,1
21.25,37.52,29.3,20.2,13.8,0.13,1.697,0
21.29,43.74,35.9,23.9,24.3,0.04,1.777,0
19.54,14.09,23.0,51.0,31.5,0.0,0.373,1
19.95,10.15,25.9,54.4,11.9,0.22,0.324,1
21.39,17.62,22.1,51.3,9.2,0.28,0.349,1
19.75,23.68,16.0,35.5,30.4,0.14,0.414,1
17.38,17.04,16.8,53.6,17.3,0.13,0.264,1
20.23,43.82,15.5,34.2,26.0,0.18,0.483,1
20.62,36.17,28.2,24.0,21.4,0.13,1.249,0
19.81,43.65,30.5,31.9,10.3,0.43,0.944,1
17.64,19.93,22.7,54.9,26.0,0.32,0.253,1
18.4,17.19,35.7,41.9,17.6,0.41,0.552,1
18.82,21.29,37.2,31.9,13.6,0.43,0.852,1
16.87,25.91,18.5,41.8,32.1,0.22,0.364,1
18.71,34.66,16.3,35.0,5.2,0.24,0.938,1
16.97,40.24,23.0,21.7,17.1,0.49,0.919,1
19.0,23.53,32.8,27.0,14.0,0.41,0.941,1
16.3,16.57,27.7,20.7,6.6,0.4,1.269,0
21.69,17.75,27.2,28.9,7.4,0.29,0.89,1
17.48,32.88,18.8,45.9,10.2,0.23,0.511,1
18.8,27.7,23.8,26.8,20.1,0.45,0.643,1
16.2,24.46,39.0,38.5,13.5,0.4,0.79,1
17.16,13.11,23.5,44.6,30.1,0.26,0.362,1
20.16,40.02,29.8,39.2,12.2,0.14,0.861,1
16.67,36.24,16.5,20.5,26.6,0.07,0.97,1
19.77,10.63,16.6,32.7,11.3,0.28,0.422,1
16.01,19.7,25.6,35.5,6.3,0.15,0.907,1
18.79,26.69,30.1,32.0,12.9,0.13,1.015,0
20.33,23.17,24.3,39.1,30.1,0.05,0.588,1
21.56,20.91,19.5,38.0,7.5,0.02,0.654,1
18.96,33.75,33.4,26.6,15.3,0.39,1.063,0
21.04,7.18,18.5,46.3,5.2,0.05,0.395,1
20.82,23.86,31.7,25.6,23.9,0.44,0.833,1
17.77,15.49,38.9,36.1,33.3,0.11,1.029,0
21.25,8.38,26.8,46.5,16.5,0.38,0.33,1
19.84,23.6,20.0,44.4,22.3,0.41,0.296,1
16.63,11.85,36.0,35.1,18.6,0.4,0.687,1
21.63,15.33,27.6,47.6,34.2,0.44,0.295,1
17.06,25.28,38.1,45.0,27.1,0.17,0.728,1
18.82,43.95,33.0,33.5,6.3,0.49,1.172,0
18.8,32.37,25.8,51.3,8.3,0.14,0.599,1
19.75,16.18,30.4,25.0,19.1,0.47,0.768,1
19.99,20.3,19.2,32.5,24.0,0.22,0.505,1
17.4,21.25,24.7,44.4,13.7,0.03,0.583,1
18.11,11.15,29.8,50.6,25.2,0.39,0.319,1
16.87,11.43,29.8,31.3,22.3,0.39,0.633,1
16.76,10.94,29.7,39.6,18.1,0.1,0.677,1
20.95,25.87,33.6,20.4,22.5,0.41,1.211,0
20.5,31.97,17.6,33.0,32.5,0.08,0.538,1
18.66,28.63,16.8,31.6,12.3,0.08,0.69,1
16.58,44.11,18.7,49.5,28.7,0.4,0.295,1
18.7,10.03,34.8,22.6,5.4,0.15,1.678,0
17.77,44.46,16.6,22.2,7.5,0.04,1.584,0
20.67,23.67,20.6,35.5,33.5,0.48,0.333,1
16.58,13.75,21.4,34.3,25.9,0.28,0.47,1
18.71,42.73,31.2,25.7,24.0,0.22,1.201,0
19.55,23.74,25.0,29.2,15.0,0.25,0.792,1
21.91,18.89,20.0,54.1,10.5,0.34,0.275,1
16.54,13.55,26.2,38.0,16.4,0.43,0.44,1
16.68,15.72,32.1,23.1,23.0,0.34,1.075,0
21.93,44.17,34.7,21.7,24.0,0.37,1.323,0
18.43,17.16,18.1,21.5,10.1,0.09,1.007,0
20.46,44.11,32.9,33.6,18.4,0.19,1.0,0
20.7,18.21,15.1,50.3,22.0,0.29,0.211,1
17.89,14.26,33.1,49.2,33.8,0.31,0.419,1
17.29,12.33,31.5,32.9,21.5,0.14,0.876,1
17.66,21.47,26.7,47.1,22.4,0.49,0.312,1
20.59,14.47,18.4,46.3,28.0,0.06,0.334,1
21.04,32.88,34.1,36.9,17.6,0.06,0.996,1
20.2,14.59,16.8,34.2,16.5,0.11,0.473,1
18.65,38.42,37.4,26.3,22.7,0.38,1.164,0
17.58,38.36,34.3,29.8,28.5,0.02,1.321,0
18.55,16.42,33.5,31.9,24.1,0.49,0.612,1
21.49,35.14,33.9,48.4,10.6,0.49,0.511,1
21.18,39.3,16.7,39.4,16.9,0.08,0.509,1
17.94,28.61,39.7,27.0,20.4,0.2,1.476,0
17.97,19.65,36.5,23.4,20.7,0.1,1.672,0
20.68,22.64,27.7,37.4,15.2,0.2,0.668,1
18.56,36.45,33.0,43.3,20.7,0.27,0.641,1
19.44,16.73,33.5,48.7,25.2,0.41,0.389,1
18.53,18.38,35.7,47.9,19.0,0.02,0.707,1
17.45,11.43,21.4,48.8,18.5,0.49,0.222,1
17.13,20.96,24.3,35.7,29.0,0.47,0.405,1
16.84,8.46,35.0,50.3,27.7,0.29,0.436,1
16.07,17.84,34.2,35.6,17.7,0.24,0.829,1
17.68,19.94,28.1,25.9,34.9,0.28,0.866,1
17.03,15.22,24.9,33.9,7.0,0.01,0.913,1
17.55,9.05,39.2,31.9,14.8,0.37,0.891,1
16.45,25.87,25.4,33.7,6.1,0.25,0.999,1
18.05,39.6,34.1,43.1,30.2,0.14,0.729,1
19.12,18.43,25.3,43.0,27.7,0.23,0.441,1
21.67,14.47,22.7,27.9,25.5,0.15,0.728,1
18.08,16.4,31.0,31.1,11.4,0.35,0.801,1
16.19,39.48,35.2,40.8,26.2,0.31,0.706,1
18.17,26.11,39.5,22.9,15.7,0.19,1.816,0
20.9,10.23,18.7,44.1,31.1,0.16,0.316,1
18.04,33.37,36.9,26.3,11.0,0.44,1.23,0
17.75,11.17,28.1,49.8,11.5,0.34,0.369,1
21.51,7.41,17.7,34.1,33.8,0.36,0.32,1
17.78,15.23,34.9,27.7,20.5,0.31,1.007,0
21.82,11.72,23.3,43.4,18.4,0.04,0.48,1
21.0,29.2,36.7,39.4,15.6,0.03,1.021,0
20.11,24.38,18.9,26.0,29.9,0.21,0.647,1
19.59,33.96,32.8,49.0,15.6,0.47,0.444,1
17.35,25.46,22.5,35.9,15.7,0.26,0.583,1
20.38,21.76,21.4,25.3,8.7,0.44,0.751,1
18.08,26.05,16.3,47.9,20.6,0.05,0.345,1
18.91,22.38,27.0,24.7,32.7,0.36,0.796,1
16.62,6.48,24.8,53.9,33.7,0.12,0.311,1
17.78,32.23,16.5,35.5,34.9,0.26,0.397,1
19.17,43.49,20.7,45.5,19.2,0.15,0.481,1
18.81,21.88,27.2,35.8,28.2,0.36,0.527,1
18.06,21.95,35.2,26.6,21.6,0.2,1.253,0
18.83,6.83,38.2,46.5,21.4,0.23,0.598,1
20.47,40.62,27.9,30.1,29.2,0.12,0.939,1
18.76,42.16,25.1,43.9,30.1,0.14,0.526,1
19.04,37.53,38.9,29.0,5.6,0.09,2.051,0
20.21,9.25,39.1,28.4,33.3,0.28,1.111,0
21.05,41.01,19.8,36.0,29.7,0.07,0.572,1
19.16,5.96,28.3,48.6,26.6,0.13,0.429,1
21.69,22.78,35.5,41.5,30.6,0.27,0.64,1
18.12,25.02,35.6,22.3,21.1,0.14,1.674,0
17.52,38.36,32.1,45.7,28.2,0.29,0.543,1
20.16,35.03,26.8,40.3,23.0,0.01,0.706,1
17.05,36.88,25.1,41.8,21.3,0.49,0.42,1
21.4,39.72,35.2,32.4,11.3,0.36,1.018,0
18.32,24.04,20.6,39.5,30.4,0.25,0.41,1
20.19,36.21,25.7,33.0,31.5,0.46,0.505,1
19.42,7.72,29.2,22.9,34.1,0.43,0.784,1
16.33,22.78,35.8,49.6,8.6,0.18,0.716,1
20.25,6.21,24.3,43.7,13.7,0.06,0.477,1
20.74,41.61,28.7,43.5,25.6,0.13,0.616,1
21.89,43.34,22.0,26.8,30.7,0.1,0.863,1
18.5,8.36,35.9,43.2,27.5,0.38,0.502,1
19.02,26.31,34.6,28.1,18.7,0.27,1.1,0
21.25,18.01,35.5,44.1,26.8,0.43,0.465,1
17.62,18.7,16.4,31.7,7.2,0.24,0.643,1
17.13,23.03,27.2,25.5,24.9,0.38,0.793,1
16.8,10.0,18.4,51.7,5.2,0.16,0.367,1
21.87,12.23,31.8,23.7,6.4,0.3,1.206,0
17.62,28.09,22.8,46.7,27.7,0.32,0.348,1
20.54,5.75,34.4,23.6,19.3,0.38,1.008,0
18.7,28.99,16.6,44.0,6.8,0.4,0.513,1
17.44,17.76,27.8,23.9,19.5,0.14,1.152,0
21.48,38.29,18.1,37.8,6.9,0.19,0.763,1
18.78,29.0,28.9,26.6,15.4,0.1,1.216,0
19.4,33.32,30.2,50.3,9.7,0.37,0.535,1
17.33,9.58,26.6,34.1,11.6,0.14,0.721,1
17.94,15.63,22.0,20.5,10.9,0.2,1.093,0
20.49,44.87,15.8,42.0,16.2,0.4,0.391,1
18.06,22.35,31.6,35.6,8.2,0.17,0.972,1
19.04,19.35,36.8,50.1,20.8,0.15,0.595,1
16.69,39.95,33.3,35.2,17.2,0.33,0.865,1
21.1,6.32,37.3,34.4,30.2,0.49,0.585,1
20.43,26.39,38.2,35.9,29.8,0.03,1.128,0
20.56,13.41,26.2,50.1,29.7,0.42,0.267,1
17.07,19.73,32.4,40.5,19.1,0.06,0.792,1
18.97,12.99,24.9,43.4,13.7,0.17,0.48,1
16.17,6.51,38.0,45.2,17.5,0.21,0.645,1
17.89,21.66,29.1,52.8,25.6,0.36,0.33,1
18.09,36.57,33.8,49.3,20.9,0.46,0.439,1
21.48,43.08,15.4,52.5,23.7,0.05,0.307,1
21.96,29.95,29.4,32.0,25.8,0.37,0.668,1
19.71,20.55,33.5,27.5,32.6,0.16,1.137,0
19.1,35.79,21.4,27.1,33.3,0.45,0.545,1
18.64,25.21,15.4,50.0,30.2,0.14,0.257,1
16.11,19.7,33.6,49.1,7.0,0.35,0.605,1
20.8,12.16,23.5,42.8,34.4,0.08,0.457,1
20.03,36.85,25.7,22.2,26.1,0.48,0.8,1
19.9,25.02,29.1,31.1,25.8,0.0,1.017,0
20.85,43.55,17.8,45.7,5.7,0.12,0.788,1
21.57,37.08,17.6,28.7,19.4,0.34,0.567,1
18.34,21.8,39.0,41.8,23.8,0.43,0.591,1
18.56,34.63,23.5,39.0,13.4,0.5,0.49,1
21.85,23.14,21.4,29.2,7.5,0.09,0.928,1
19.99,8.19,16.2,52.7,21.0,0.15,0.213,1
21.11,25.67,19.3,29.0,18.4,0.45,0.484,1
17.33,39.63,25.8,51.3,6.3,0.02,0.845,1
17.9,39.22,23.6,38.9,20.6,0.37,0.51,1
18.35,28.0,25.6,23.2,8.2,0.21,1.355,0
17.9,20.2,32.6,49.2,17.7,0.34,0.449,1
21.31,5.4,31.0,47.7,13.1,0.26,0.431,1
19.07,17.46,27.3,49.1,34.1,0.31,0.344,1
21.72,44.59,35.4,42.3,6.0,0.33,1.032,0
17.93,34.06,36.4,44.9,21.8,0.32,0.627,1
16.22,33.7,29.8,51.7,9.6,0.33,0.579,1
16.83,35.44,17.9,24.5,14.6,0.28,0.858,1
17.3,29.8,25.2,22.9,10.5,0.36,1.135,0
19.84,28.43,30.9,24.4,34.9,0.39,0.904,1
17.09,23.14,16.6,50.5,6.0,0.39,0.442,1
18.29,22.76,15.5,39.7,21.2,0.43,0.282,1
20.77,39.83,38.7,26.2,23.2,0.16,1.555,0
16.75,20.74,33.3,25.0,28.2,0.37,0.991,1
16.48,38.61,18.8,35.6,23.8,0.47,0.421,1
19.24,38.51,26.1,48.6,11.9,0.18,0.578,1
20.19,35.84,19.8,48.2,22.9,0.39,0.3,1
21.47,6.51,15.3,49.8,34.2,0.15,0.208,1
19.97,10.92,24.8,46.9,30.5,0.09,0.418,1
21.68,17.59,31.2,22.2,18.6,0.22,1.273,0
17.47,38.9,38.9,45.2,19.3,0.4,0.643,1
18.05,39.93,34.2,38.2,9.0,0.15,1.132,0
21.04,6.66,20.8,45.4,22.1,0.15,0.339,1
20.87,17.99,23.4,36.9,13.4,0.14,0.603,1
19.99,39.02,28.0,36.9,8.2,0.11,1.027,0
19.04,14.99,19.8,24.4,19.2,0.31,0.647,1
16.11,44.04,35.8,51.7,6.4,0.12,1.046,0
17.68,24.57,19.2,33.1,8.6,0.47,0.579,1
16.95,42.49,22.2,40.4,11.6,0.17,0.731,1
16.31,22.15,29.4,27.3,34.7,0.27,0.882,1
20.66,17.95,18.1,32.9,29.3,0.2,0.459,1
16.79,19.5,30.6,50.5,21.3,0.48,0.324,1
18.14,40.37,38.6,27.3,12.0,0.21,1.626,0
21.86,18.23,32.3,27.2,20.6,0.28,0.974,1
18.45,31.77,35.3,29.1,24.5,0.38,0.933,1
16.85,23.79,26.0,40.1,5.1,0.09,0.957,1
20.14,42.67,24.1,38.2,34.6,0.02,0.656,1
20.86,11.37,23.2,26.1,23.8,0.23,0.726,1
17.67,22.15,31.5,44.2,34.6,0.28,0.506,1
20.86,9.99,28.0,51.8,19.1,0.14,0.392,1
17.63,28.13,26.8,27.0,23.7,0.23,0.912,1
20.16,21.12,17.5,43.6,18.8,0.31,0.309,1
16.75,7.44,31.8,40.5,5.3,0.49,0.499,1
18.57,38.99,33.1,31.5,30.5,0.3,0.876,1
19.12,20.02,19.9,41.6,18.5,0.22,0.403,1
20.35,24.75,34.0,27.3,19.1,0.01,1.433,0
19.9,21.3,37.0,49.2,15.8,0.16,0.636,1
21.12,24.55,19.4,20.8,18.0,0.18,0.942,1
17.11,5.65,26.3,39.8,26.8,0.24,0.47,1
19.97,37.62,36.9,31.2,26.0,0.39,0.896,1
16.77,18.29,27.2,50.8,29.3,0.39,0.304,1
18.87,33.98,35.4,37.5,34.2,0.42,0.624,1
19.15,7.6,20.4,48.1,16.7,0.14,0.319,1
16.16,25.95,16.6,52.3,15.2,0.17,0.325,1
16.42,41.35,16.5,31.7,19.8,0.08,0.683,1
21.04,20.93,39.3,50.8,9.6,0.43,0.514,1
17.72,12.89,19.1,45.4,27.7,0.33,0.266,1
18.08,8.96,36.6,23.8,22.4,0.04,1.671,0
19.84,39.36,22.9,23.6,11.3,0.15,1.26,0
17.32,14.55,16.0,48.6,30.9,0.08,0.269,1
17.16,44.0,21.0,36.4,23.6,0.48,0.454,1
18.53,14.91,27.6,37.3,6.0,0.16,0.798,1
16.35,24.24,17.7,51.2,10.9,0.25,0.367,1
21.5,23.32,38.1,51.6,31.7,0.16,0.566,1
21.64,7.48,37.5,23.9,16.4,0.24,1.368,0
18.69,26.27,18.7,33.1,34.5,0.5,0.334,1
17.26,31.91,33.4,51.3,20.9,0.14,0.568,1
18.82,34.69,26.5,48.7,11.2,0.14,0.596,1
16.6,25.9,39.6,45.2,22.8,0.19,0.762,1
18.39,37.5,16.4,23.6,8.1,0.08,1.249,0
16.44,35.08,26.8,41.7,29.2,0.37,0.467,1
20.24,12.76,22.1,40.4,23.8,0.19,0.427,1
17.65,21.06,33.2,25.9,33.9,0.29,1.037,0
19.12,10.7,17.8,47.1,25.7,0.33,0.23,1
16.08,10.34,30.7,30.9,6.5,0.02,1.165,0
19.15,33.49,38.7,41.7,19.3,0.32,0.748,1
16.02,26.22,26.3,32.7,20.9,0.27,0.707,1
21.55,29.04,26.4,23.0,32.5,0.04,1.229,0
19.01,34.29,27.4,38.4,18.0,0.06,0.776,1
16.6,16.09,25.4,30.7,22.8,0.22,0.707,1
18.05,21.05,26.2,22.5,10.6,0.17,1.273,0
16.28,29.27,26.6,26.9,12.3,0.22,1.093,0
19.19,8.87,40.0,41.7,21.5,0.32,0.673,1
16.73,38.32,17.9,23.5,25.9,0.08,0.905,1
18.84,18.74,22.1,23.1,18.1,0.33,0.778,1
17.83,31.35,20.3,53.0,18.0,0.41,0.287,1
20.57,44.82,28.6,23.8,12.7,0.0,1.661,0
18.89,24.01,15.1,33.2,25.9,0.18,0.428,1
21.09,13.6,38.0,24.7,5.2,0.14,1.758,0
21.65,13.66,28.3,52.9,20.4,0.22,0.356,1
21.82,7.42,37.4,36.8,5.1,0.31,0.816,1
17.56,35.68,23.6,23.9,22.8,0.09,1.117,0
20.61,16.74,18.7,46.9,5.9,0.07,0.483,1
18.63,11.91,19.8,47.3,33.2,0.36,0.239,1
18.56,33.55,26.8,51.5,19.3,0.34,0.385,1
21.21,17.37,16.0,44.7,25.5,0.23,0.269,1
16.87,29.02,34.5,21.9,30.6,0.25,1.433,0
18.87,21.71,34.8,39.3,12.1,0.13,0.889,1
19.56,18.37,32.5,33.4,21.2,0.16,0.892,1
16.4,24.58,37.4,46.2,30.9,0.16,0.683,1
21.19,17.55,28.7,40.7,21.1,0.36,0.468,1
17.89,39.82,27.0,45.4,16.8,0.28,0.548,1
19.94,7.92,28.2,26.3,16.1,0.36,0.75,1
21.57,6.21,19.5,35.3,16.5,0.3,0.38,1
20.32,21.26,27.8,35.1,23.5,0.27,0.625,1
21.32,11.91,28.5,54.3,6.4,0.16,0.435,1
16.42,34.75,34.1,20.7,17.5,0.2,1.776,0
18.96,19.14,23.7,48.6,21.8,0.44,0.278,1
19.39,15.46,17.3,23.4,28.6,0.29,0.581,1
20.13,19.38,29.9,22.8,20.9,0.26,1.131,0
16.7,13.78,34.7,31.5,32.8,0.03,1.144,0
19.94,16.99,39.2,44.5,18.3,0.34,0.614,1
16.88,27.72,17.3,43.7,24.5,0.34,0.312,1
16.41,39.56,33.7,42.0,5.5,0.35,1.136,0
18.82,19.83,29.9,47.1,12.2,0.05,0.626,1
19.6,17.83,15.4,28.1,29.5,0.15,0.504,1
21.75,36.27,33.0,42.2,22.6,0.19,0.69,1
20.19,5.9,15.7,42.3,33.4,0.41,0.195,1
19.55,17.08,34.6,42.9,27.6,0.49,0.425,1
17.29,23.09,33.0,40.8,18.5,0.21,0.705,1
16.91,29.03,32.2,27.8,28.4,0.28,0.99,1
19.64,11.24,18.0,52.0,19.0,0.0,0.292,1
17.34,22.31,38.0,54.2,14.9,0.0,0.67,1
20.24,27.65,37.5,44.1,6.4,0.04,1.067,0
16.69,25.41,37.5,35.5,31.0,0.36,0.773,1
18.04,27.98,24.0,38.8,17.6,0.09,0.645,1
20.64,31.5,27.3,23.8,25.6,0.38,0.873,1
20.99,20.17,17.9,32.7,9.6,0.22,0.578,1
18.07,7.55,16.3,54.2,29.9,0.42,0.14,1
17.24,7.22,16.5,39.2,29.7,0.44,0.226,1
21.75,39.35,29.2,39.6,19.5,0.44,0.524,1
20.57,32.1,23.0,53.4,25.2,0.27,0.307,1
20.84,35.57,29.5,51.0,20.6,0.39,0.386,1
17.34,42.15,29.8,39.9,21.6,0.33,0.634,1
18.55,35.02,37.7,29.4,31.7,0.09,1.37,0
16.41,32.69,37.1,24.1,34.0,0.19,1.513,0
16.66,31.23,33.0,50.2,16.0,0.48,0.434,1
17.33,15.34,35.5,52.2,15.0,0.39,0.412,1
17.82,43.29,15.1,37.3,14.1,0.13,0.592,1
21.98,26.68,15.4,23.3,28.1,0.14,0.659,1
18.53,13.88,26.5,41.2,26.7,0.13,0.538,1
20.19,13.39,31.3,32.9,6.3,0.16,0.983,1
21.43,37.61,34.9,25.5,7.7,0.46,1.319,0
17.48,15.01,26.2,52.2,24.4,0.22,0.342,1
16.87,6.66,38.5,28.4,13.2,0.18,1.269,0
17.46,22.14,35.4,44.9,7.7,0.12,0.861,1
21.29,37.69,17.6,35.0,17.4,0.45,0.427,1
19.99,21.58,26.0,49.0,31.3,0.48,0.266,1
18.71,37.14,39.9,44.5,16.0,0.16,0.892,1
20.92,38.09,25.2,24.3,25.9,0.31,0.89,1
17.42,39.31,24.7,35.7,32.0,0.48,0.454,1
17.44,28.56,22.4,29.1,10.1,0.25,0.889,1
19.4,32.98,27.2,45.0,23.3,0.23,0.499,1
20.74,15.47,33.2,39.1,32.2,0.26,0.633,1
17.56,8.99,16.2,31.9,10.8,0.02,0.547,1
17.26,26.31,35.9,31.5,34.7,0.15,1.088,0
18.84,5.42,37.9,24.0,16.0,0.35,1.181,0
16.81,23.63,34.5,27.5,11.5,0.48,0.951,1
20.49,9.08,37.9,45.0,30.1,0.28,0.581,1
19.46,9.34,17.4,41.3,19.0,0.1,0.359,1
19.08,39.83,26.3,32.4,25.1,0.21,0.77,1
21.23,30.62,16.8,49.3,19.7,0.25,0.291,1
20.4,30.81,35.9,37.0,24.3,0.08,0.987,1
16.9,21.18,38.8,47.8,6.1,0.16,0.89,1
18.52,21.53,22.4,47.3,15.5,0.22,0.399,1
17.93,17.12,28.4,49.7,24.7,0.13,0.45,1
20.81,22.37,22.4,49.7,15.5,0.18,0.378,1
20.31,28.49,24.5,43.8,28.3,0.14,0.48,1
18.83,12.46,26.9,46.2,33.8,0.31,0.363,1
20.94,15.47,34.8,47.2,6.1,0.29,0.622,1
18.46,24.79,18.7,25.9,30.7,0.28,0.602,1
20.82,20.39,18.9,30.5,10.1,0.05,0.743,1
16.19,37.78,20.0,23.6,32.5,0.09,0.937,1
16.81,37.87,16.3,26.6,33.4,0.06,0.7,1
20.54,18.44,31.1,47.2,22.1,0.03,0.597,1
16.69,23.03,19.7,53.1,19.4,0.12,0.326,1
20.1,44.06,25.9,43.6,27.8,0.1,0.573,1
20.34,38.1,32.1,51.0,32.5,0.36,0.399,1
19.97,13.63,26.2,31.1,12.0,0.35,0.64,1
20.91,16.21,37.7,49.6,16.5,0.1,0.654,1
19.07,8.34,34.2,31.9,17.5,0.08,1.052,0
21.38,32.11,21.8,51.3,30.4,0.07,0.361,1
19.42,17.68,18.3,47.9,9.1,0.16,0.386,1
19.05,26.46,37.4,54.4,23.7,0.15,0.537,1
19.06,35.73,24.9,49.0,15.5,0.01,0.56,1
21.47,38.44,24.6,33.9,31.6,0.28,0.592,1
17.46,18.01,35.3,23.9,15.2,0.45,1.046,0
20.17,14.49,15.2,50.6,34.3,0.27,0.19,1
17.46,38.94,26.3,40.0,5.5,0.03,1.202,0
16.55,20.25,32.9,50.0,12.2,0.3,0.511,1
21.72,37.88,36.2,33.5,18.7,0.24,1.009,0
16.78,10.99,37.1,21.0,12.7,0.45,1.228,0
20.12,41.48,26.6,21.8,27.1,0.18,1.231,0
18.55,24.33,36.2,43.5,29.4,0.38,0.543,1
21.02,11.81,15.9,24.0,25.9,0.02,0.68,1
20.64,26.4,22.6,46.1,34.1,0.36,0.308,1
16.86,39.8,15.3,34.7,18.7,0.02,0.609,1
18.81,20.57,19.1,39.7,34.4,0.17,0.396,1
16.17,12.12,33.1,48.0,8.7,0.47,0.427,1
18.58,28.06,15.1,28.9,30.4,0.35,0.421,1
20.2,38.38,28.1,34.5,6.2,0.46,0.961,1
17.39,9.85,25.3,45.5,21.0,0.25,0.386,1
20.86,6.66,18.1,52.1,19.5,0.3,0.199,1
16.32,7.25,32.1,30.2,30.7,0.26,0.826,1
16.21,14.22,32.3,41.8,26.0,0.24,0.588,1
16.16,5.29,33.2,53.3,18.2,0.29,0.369,1
17.68,22.15,34.1,42.7,31.9,0.02,0.777,1
18.8,32.91,22.9,51.2,31.6,0.09,0.38,1
16.64,33.42,39.9,52.9,5.7,0.11,1.005,0
21.98,30.47,16.8,52.5,31.1,0.19,0.244,1
22.0,16.85,31.2,46.5,20.8,0.22,0.499,1
19.12,34.44,39.3,39.3,30.2,0.37,0.724,1
19.41,28.06,20.6,23.4,10.4,0.08,1.149,0
21.56,39.45,22.0,27.8,9.5,0.28,0.965,1
20.62,24.12,29.4,29.0,26.7,0.14,0.965,1
17.01,12.21,34.5,21.2,13.3,0.26,1.46,0
20.75,30.39,23.2,23.6,21.8,0.31,0.845,1
17.39,11.03,35.9,30.3,25.7,0.29,0.928,1
18.58,43.53,21.0,23.2,23.3,0.11,1.052,0
19.2,33.13,36.9,25.9,26.0,0.35,1.157,0
20.3,35.25,21.3,21.9,23.6,0.33,0.847,1
16.9,32.17,30.4,34.6,16.4,0.47,0.655,1
16.46,8.9,23.9,48.7,7.7,0.32,0.358,1
21.2,23.61,23.0,48.4,30.7,0.36,0.29,1
20.96,31.06,23.8,51.7,30.4,0.41,0.268,1
19.14,14.17,27.5,46.1,5.2,0.05,0.673,1
19.97,32.18,36.1,28.6,30.2,0.35,0.981,1
20.32,37.8,34.0,44.6,9.5,0.16,0.853,1
18.86,16.0,26.2,46.4,15.0,0.41,0.355,1
17.54,12.98,22.1,39.0,17.4,0.24,0.449,1
18.89,40.33,36.4,48.2,25.4,0.29,0.581,1
21.7,5.21,36.8,22.5,7.8,0.13,1.652,0
21.03,15.23,26.3,40.8,29.8,0.33,0.421,1
18.79,21.27,32.4,36.8,33.3,0.02,0.888,1
17.35,31.89,24.2,48.2,33.6,0.37,0.327,1
21.34,44.88,18.7,24.5,7.8,0.08,1.333,0
19.83,19.83,23.0,27.4,32.6,0.11,0.795,1
18.43,42.95,32.1,39.6,22.0,0.0,0.924,1
16.67,19.67,34.2,53.2,26.8,0.16,0.482,1
20.51,32.82,36.3,22.9,32.9,0.19,1.534,0
17.9,11.61,15.4,46.0,24.8,0.12,0.27,1
19.64,23.42,27.2,27.2,18.7,0.12,1.02,0
19.42,39.85,21.8,23.7,20.8,0.45,0.747,1
20.2,17.8,32.1,33.8,25.5,0.16,0.849,1
19.23,9.21,21.1,40.4,33.3,0.36,0.312,1
19.78,25.91,29.2,48.9,31.7,0.12,0.484,1
16.49,22.58,32.8,42.2,22.3,0.4,0.518,1
19.99,14.18,34.3,37.2,11.3,0.34,0.697,1
17.17,41.22,21.7,30.0,15.4,0.38,0.739,1
18.35,29.07,17.2,30.2,15.9,0.22,0.613,1
19.08,18.89,20.5,47.0,13.7,0.44,0.294,1
20.12,44.85,30.0,24.0,27.4,0.19,1.25,0
20.45,10.5,16.0,25.1,30.1,0.3,0.469,1
20.23,38.92,19.0,45.2,14.6,0.32,0.418,1
16.57,14.22,39.9,53.6,30.4,0.48,0.356,1
18.32,14.58,24.6,24.2,27.0,0.07,1.019,0
17.68,24.93,27.4,41.3,18.2,0.07,0.666,1
18.39,31.48,15.3,28.4,26.0,0.23,0.528,1
19.88,32.62,29.8,20.9,28.1,0.46,0.974,1
17.16,5.89,23.1,49.1,21.8,0.01,0.387,1
19.01,16.47,28.3,37.8,18.3,0.14,0.674,1
21.31,31.42,28.2,20.8,8.1,0.14,1.727,0
20.39,40.59,39.2,51.3,5.0,0.15,1.066,0
20.35,31.8,21.7,38.7,33.1,0.01,0.567,1
21.09,15.64,29.3,45.8,13.0,0.41,0.402,1
18.4,25.31,24.5,34.8,24.9,0.0,0.753,1
20.56,30.9,25.5,26.5,33.3,0.24,0.828,1
16.35,10.41,16.4,36.3,29.5,0.03,0.425,1
16.34,26.8,32.2,30.1,8.7,0.4,1.028,0
17.99,23.87,19.9,30.4,29.1,0.37,0.479,1
17.18,18.47,26.7,42.5,26.8,0.36,0.411,1
19.11,29.94,25.9,23.3,14.9,0.37,0.976,1
17.1,30.45,26.7,33.9,25.7,0.47,0.521,1
21.85,43.86,24.4,39.1,29.8,0.21,0.548,1
21.11,22.13,21.1,44.8,13.7,0.43,0.33,1
21.9,26.25,26.2,42.2,31.1,0.09,0.551,1
20.85,11.3,16.2,51.0,7.4,0.23,0.275,1
21.71,26.93,21.1,54.7,20.8,0.0,0.346,1
18.21,6.44,34.6,52.8,12.0,0.14,0.487,1
18.99,11.0,36.1,46.7,26.8,0.23,0.559,1
17.44,11.85,32.9,44.0,10.2,0.45,0.464,1
19.81,30.31,30.8,21.2,15.2,0.16,1.569,0
20.73,27.69,35.3,38.7,8.8,0.34,0.826,1
18.99,36.92,18.2,43.2,29.4,0.42,0.3,1
17.78,23.58,28.1,34.5,9.0,0.16,0.913,1
19.05,23.99,17.9,33.5,26.7,0.08,0.534,1
16.38,11.46,34.4,39.0,26.2,0.3,0.634,1
20.33,34.71,28.0,51.7,9.3,0.14,0.595,1
18.71,5.15,35.3,29.1,22.0,0.33,0.878,1
21.39,22.0,35.0,34.0,19.9,0.07,1.058,0
21.54,12.53,26.7,42.9,22.8,0.08,0.535,1
16.75,35.84,27.4,26.5,33.1,0.34,0.831,1
21.98,31.94,15.7,49.2,7.4,0.49,0.383,1
21.82,33.27,28.1,43.3,29.6,0.12,0.574,1
19.76,10.94,31.9,32.3,30.9,0.36,0.664,1
20.95,31.75,20.8,45.3,8.8,0.27,0.517,1
16.11,32.64,39.7,29.8,24.7,0.42,1.006,0
21.82,5.11,39.4,47.1,26.1,0.19,0.631,1
18.74,17.7,22.1,22.5,21.5,0.49,0.615,1
21.46,8.49,32.8,34.9,20.1,0.04,0.921,1
18.31,32.26,15.8,29.2,14.5,0.49,0.507,1
20.73,13.48,31.6,48.6,25.7,0.42,0.348,1
18.51,15.59,30.6,46.3,13.6,0.43,0.408,1
18.18,8.13,35.6,49.5,18.8,0.42,0.386,1
21.68,24.35,22.6,42.8,30.7,0.43,0.31,1
20.19,6.32,37.0,47.8,7.7,0.41,0.458,1
21.04,38.82,36.4,35.4,20.9,0.45,0.723,1
19.26,6.05,31.7,43.7,19.6,0.23,0.521,1
21.51,7.47,26.8,21.1,16.4,0.47,0.753,1
20.44,30.62,30.5,50.8,22.9,0.19,0.474,1
16.43,41.68,33.2,44.0,5.5,0.36,1.098,0
20.6,40.68,39.4,50.3,19.8,0.36,0.566,1
16.11,8.35,18.0,47.0,19.6,0.41,0.215,1
20.97,16.54,22.8,30.0,20.5,0.37,0.536,1
17.99,25.84,34.5,29.6,11.4,0.02,1.441,0
19.59,6.06,25.2,48.0,11.2,0.37,0.304,1
20.5,26.15,31.8,26.5,24.4,0.01,1.348,0
19.82,22.91,18.3,23.9,7.8,0.27,0.911,1
20.03,28.54,32.7,20.5,14.2,0.42,1.282,0
21.36,41.81,31.9,30.4,29.9,0.41,0.755,1
18.24,15.98,29.6,23.5,8.1,0.42,1.029,0
19.28,30.56,34.1,48.1,19.0,0.3,0.537,1
17.05,22.19,37.0,37.0,25.1,0.09,0.996,1
18.81,22.41,35.7,28.8,9.2,0.25,1.249,0
16.9,30.89,18.2,41.1,14.4,0.26,0.472,1
19.8,43.05,33.6,22.5,21.8,0.16,1.608,0
17.95,39.52,26.2,45.4,14.8,0.21,0.592,1
21.15,30.58,23.3,37.5,8.3,0.44,0.6,1
18.06,23.46,37.0,20.2,12.0,0.26,1.829,0
17.72,21.96,29.0,31.2,8.3,0.35,0.883,1
18.95,36.49,27.5,46.3,34.5,0.25,0.45,1
17.05,13.73,34.6,26.6,12.1,0.31,1.099,0
17.22,28.51,28.8,53.7,20.9,0.05,0.482,1
20.7,25.2,36.5,51.4,17.9,0.47,0.4,1
18.98,30.97,17.6,47.2,22.1,0.22,0.33,1
17.24,12.5,34.4,22.7,19.9,0.37,1.126,0
16.19,32.83,19.1,32.4,26.8,0.33,0.507,1
18.8,30.08,20.6,30.4,31.2,0.4,0.486,1
20.46,12.21,19.5,24.8,13.6,0.02,0.856,1
18.11,22.98,21.0,55.0,10.5,0.47,0.29,1
17.49,32.14,33.3,25.2,34.5,0.41,0.949,1
18.38,41.06,31.4,31.0,31.0,0.42,0.729,1
21.75,9.88,20.7,50.8,15.9,0.23,0.274,1
18.54,5.35,21.8,25.1,31.8,0.4,0.534,1
17.56,11.61,17.5,36.4,25.1,0.29,0.348,1
19.42,44.57,25.4,54.1,18.1,0.25,0.414,1
20.86,35.73,24.5,28.7,31.2,0.39,0.622,1
16.13,29.57,18.6,44.6,25.3,0.31,0.339,1
19.35,10.32,35.9,22.8,29.8,0.04,1.699,0
21.02,21.64,36.3,41.0,17.5,0.16,0.799,1
17.29,33.61,17.7,31.9,29.0,0.31,0.481,1
21.53,40.84,21.7,44.5,16.0,0.45,0.392,1
19.47,20.27,33.4,35.2,27.1,0.47,0.562,1
19.1,44.99,36.7,30.5,18.1,0.42,0.99,1
21.78,10.59,16.8,39.1,17.2,0.13,0.368,1
16.78,20.48,37.6,24.9,28.9,0.24,1.361,0
20.44,40.02,16.5,48.5,8.8,0.22,0.501,1
20.91,31.0,30.8,46.3,32.8,0.22,0.507,1
18.93,37.44,15.6,39.1,20.3,0.02,0.491,1
16.04,41.31,38.2,32.8,24.1,0.09,1.308,0
19.15,25.29,23.8,52.0,17.2,0.08,0.414,1
16.92,14.39,31.2,42.2,24.4,0.31,0.513,1
19.38,32.75,19.6,30.0,26.3,0.21,0.616,1
20.43,27.54,23.0,48.2,31.1,0.16,0.377,1
19.19,35.91,33.7,42.2,30.6,0.22,0.665,1
19.78,25.47,39.3,24.4,15.7,0.16,1.714,0
16.62,37.44,39.8,24.0,23.5,0.38,1.396,0
16.58,41.08,35.2,52.8,28.4,0.08,0.602,1
21.11,34.98,36.2,30.1,27.9,0.03,1.343,0
16.3,34.75,39.2,43.2,31.7,0.33,0.68,1
17.71,28.49,16.0,21.3,30.0,0.12,0.795,1
21.63,23.87,19.3,39.5,26.5,0.32,0.354,1
18.75,43.9,16.3,28.1,27.5,0.03,0.712,1
20.05,30.8,27.5,24.9,29.2,0.12,1.112,0
17.33,38.61,39.0,47.1,30.1,0.08,0.793,1
17.62,25.22,29.6,48.3,15.6,0.15,0.553,1
19.05,27.19,28.9,45.0,28.5,0.16,0.535,1
19.83,31.52,35.7,20.4,33.5,0.25,1.585,0
21.76,34.14,38.2,30.0,12.0,0.26,1.27,0
19.45,22.93,32.5,32.6,6.4,0.32,1.019,0
16.58,19.25,37.4,44.2,7.2,0.17,0.884,1
18.2,14.58,19.4,46.4,11.5,0.27,0.341,1
17.47,21.95,27.6,42.0,32.6,0.5,0.348,1
17.53,13.45,24.1,47.6,8.8,0.11,0.482,1
19.03,21.67,23.3,35.0,27.4,0.08,0.638,1
17.9,39.99,20.4,39.0,31.0,0.42,0.381,1
17.74,44.08,37.3,22.2,31.3,0.21,1.685,0
21.81,28.08,26.3,35.0,17.5,0.42,0.538,1
19.5,10.84,28.3,35.1,19.9,0.21,0.654,1
17.57,22.1,21.9,41.4,14.7,0.01,0.581,1
17.66,29.08,39.1,33.2,9.4,0.19,1.326,0
20.87,19.83,30.3,28.3,11.4,0.31,0.925,1
21.32,13.21,15.0,28.3,9.0,0.22,0.533,1
20.07,14.07,21.7,24.7,17.2,0.23,0.764,1
18.59,23.96,40.0,44.5,10.1,0.5,0.609,1
20.59,13.66,39.4,41.8,17.1,0.27,0.729,1
21.62,14.98,28.6,40.3,30.5,0.35,0.453,1
17.0,39.92,29.1,38.6,24.6,0.36,0.599,1
21.17,36.16,37.5,32.9,24.9,0.0,1.312,0
21.09,7.21,32.7,46.9,29.4,0.28,0.448,1
18.2,17.81,38.3,52.3,6.2,0.48,0.517,1
17.75,26.28,27.0,35.4,28.8,0.38,0.533,1
19.39,7.42,39.4,34.3,10.9,0.17,1.062,0
17.63,32.33,28.5,25.7,15.4,0.18,1.2,0
16.87,20.38,31.1,43.5,14.2,0.15,0.664,1
21.72,20.89,17.1,39.5,8.2,0.32,0.438,1
18.95,15.61,30.3,54.6,10.2,0.05,0.494,1
18.83,18.36,34.2,40.5,33.7,0.15,0.721,1
16.76,39.47,26.0,30.1,23.0,0.25,0.835,1
19.02,36.54,27.6,39.7,19.2,0.27,0.616,1
20.46,42.43,24.8,54.5,27.7,0.3,0.323,1
17.49,32.96,39.2,45.3,29.4,0.4,0.574,1
18.21,28.11,26.9,24.5,8.3,0.08,1.473,0
17.07,15.37,18.2,32.0,27.2,0.11,0.531,1
18.13,31.67,15.7,30.5,33.0,0.44,0.372,1
21.17,41.25,34.3,50.0,22.6,0.42,0.445,1
17.42,7.77,28.7,41.4,23.4,0.41,0.395,1
16.18,22.72,15.1,48.4,31.1,0.1,0.276,1
19.22,10.97,24.6,26.2,25.4,0.03,0.953,1
19.48,37.42,37.9,51.8,34.9,0.26,0.523,1
17.97,29.56,38.7,22.0,13.5,0.44,1.436,0
19.85,40.19,16.3,33.1,30.4,0.12,0.517,1
16.23,7.52,18.1,20.5,23.4,0.45,0.537,1
18.04,41.23,15.1,26.4,16.0,0.07,0.827,1
16.87,7.69,36.7,53.7,31.5,0.15,0.483,1
17.38,16.5,16.8,22.7,34.9,0.15,0.684,1
18.3,11.25,17.7,25.1,6.7,0.08,0.843,1
18.96,10.82,20.7,52.4,32.8,0.44,0.185,1
16.56,11.87,37.9,44.9,11.1,0.21,0.709,1
16.61,24.21,32.2,34.2,11.2,0.1,1.065,0
20.04,36.37,30.4,22.4,6.3,0.07,2.08,0
18.42,40.93,34.6,47.5,32.7,0.21,0.592,1
17.06,27.68,32.3,37.2,27.8,0.01,0.921,1
17.41,11.31,33.6,31.3,6.6,0.06,1.217,0
20.32,8.17,16.8,32.6,24.0,0.0,0.503,1
16.31,24.77,29.7,37.7,8.6,0.01,1.019,0
19.05,35.62,33.8,39.3,27.5,0.5,0.516,1
18.16,29.81,29.1,48.6,17.3,0.22,0.509,1
20.87,28.31,15.3,47.0,6.6,0.36,0.444,1
20.74,6.93,20.3,46.8,29.9,0.37,0.234,1
20.14,21.46,39.1,45.5,22.2,0.44,0.515,1
18.31,27.02,32.6,46.5,28.2,0.05,0.649,1
19.79,28.93,32.2,43.7,25.2,0.26,0.572,1
19.84,5.19,31.5,50.4,18.0,0.16,0.445,1
17.99,12.98,18.2,39.5,26.0,0.27,0.335,1
21.28,42.99,15.1,38.2,5.4,0.17,0.89,1
21.91,25.35,26.0,44.5,15.2,0.09,0.56,1
17.89,33.15,26.1,25.8,28.3,0.34,0.819,1
20.81,17.33,35.3,47.2,27.9,0.02,0.683,1
19.01,28.41,19.5,52.8,31.6,0.45,0.207,1
18.78,19.26,21.9,30.4,23.3,0.07,0.724,1
18.32,16.88,17.0,41.4,33.3,0.31,0.281,1
17.75,21.46,25.0,21.1,21.7,0.38,0.904,1
21.52,23.39,21.4,46.8,20.0,0.04,0.428,1
20.44,18.25,21.6,39.6,10.9,0.45,0.392,1
18.64,15.32,21.4,43.6,28.4,0.18,0.379,1
20.51,29.95,20.8,25.0,25.8,0.5,0.541,1
20.31,20.23,23.0,48.3,18.8,0.03,0.438,1
17.6,13.07,28.4,29.0,7.6,0.36,0.826,1
17.06,35.33,25.9,44.0,8.8,0.08,0.801,1
21.02,33.95,16.6,40.8,8.4,0.2,0.571,1
20.87,40.47,25.6,42.9,16.3,0.22,0.577,1
21.98,27.2,36.2,21.8,9.8,0.2,1.804,0
16.12,16.18,17.5,46.0,30.8,0.17,0.298,1
19.24,39.55,38.6,47.8,32.0,0.38,0.535,1
20.21,16.21,22.7,36.6,30.7,0.41,0.376,1
19.5,31.22,15.4,34.3,23.3,0.17,0.457,1
20.26,12.62,21.3,32.0,22.9,0.24,0.526,1
16.82,30.17,16.7,52.5,31.7,0.21,0.253,1
16.01,38.63,29.2,46.4,17.2,0.3,0.566,1
16.56,26.6,22.9,44.5,6.9,0.08,0.728,1
18.28,23.84,35.2,52.4,19.1,0.4,0.412,1
17.97,44.74,33.3,32.2,21.6,0.4,0.842,1
21.24,5.9,26.7,42.1,21.5,0.3,0.409,1
16.5,18.27,29.0,44.0,9.8,0.37,0.524,1
18.66,41.74,30.2,54.9,28.5,0.49,0.305,1
21.75,30.71,21.8,35.0,27.0,0.46,0.4,1
19.02,26.68,18.5,34.0,11.9,0.31,0.553,1
16.79,30.51,24.4,23.0,21.5,0.26,1.007,0
17.75,17.88,17.4,23.4,28.7,0.27,0.617,1
19.76,7.85,22.9,37.9,5.2,0.23,0.542,1
16.07,16.01,28.8,26.0,13.3,0.24,1.028,0
21.81,18.46,28.5,22.6,19.2,0.37,0.936,1
19.4,24.19,18.0,53.8,30.4,0.5,0.17,1
20.22,20.76,15.2,53.3,29.0,0.02,0.243,1
18.99,25.84,17.2,31.4,9.5,0.12,0.721,1
21.75,12.84,15.9,47.6,18.9,0.11,0.274,1
19.54,12.36,25.0,50.5,14.1,0.42,0.281,1
19.97,19.07,24.7,36.3,17.0,0.21,0.59,1
21.17,23.95,21.0,27.8,21.2,0.26,0.653,1
21.17,18.67,20.4,24.5,20.0,0.23,0.735,1
16.17,28.06,24.9,24.9,9.2,0.43,1.018,0
17.7,17.4,17.2,47.9,8.7,0.25,0.362,1
17.48,12.09,20.4,33.5,8.9,0.33,0.517,1
16.04,39.51,25.1,44.3,30.2,0.01,0.592,1
21.26,13.02,17.4,38.9,5.6,0.33,0.434,1
17.9,43.67,36.0,33.8,11.1,0.12,1.35,0
18.08,44.5,31.9,24.3,33.7,0.43,0.963,1
16.6,32.87,24.6,31.7,7.0,0.38,0.998,1
21.94,25.08,18.8,49.4,6.1,0.05,0.524,1
20.96,36.82,19.9,48.4,16.6,0.05,0.447,1
19.43,39.93,18.0,21.0,9.5,0.15,1.323,0
20.63,33.38,19.0,24.9,22.0,0.06,0.872,1
20.66,9.08,25.6,46.5,15.2,0.37,0.326,1
19.94,5.12,21.1,31.8,11.3,0.49,0.361,1
17.04,12.68,37.1,42.5,35.0,0.33,0.584,1
20.32,12.54,39.0,39.7,15.2,0.12,0.922,1
19.42,12.3,32.3,42.8,24.2,0.28,0.53,1
20.34,25.39,35.2,21.9,31.2,0.4,1.16,0
19.26,25.8,21.4,52.6,32.7,0.48,0.207,1
21.74,33.92,31.6,20.7,17.3,0.0,1.883,0
19.76,13.06,16.4,20.3,34.3,0.26,0.644,1
19.44,8.71,39.0,27.9,26.7,0.23,1.214,0
21.06,31.64,31.8,54.8,22.5,0.21,0.427,1
18.28,24.36,22.9,22.5,25.8,0.25,0.9,1
17.89,31.65,34.3,50.6,15.8,0.2,0.593,1
19.02,20.23,15.4,25.6,17.7,0.17,0.616,1
19.51,35.03,24.4,23.8,22.6,0.06,1.164,0
17.32,32.3,37.4,47.3,14.8,0.25,0.701,1
20.09,31.01,21.6,49.6,28.1,0.41,0.271,1
20.81,6.1,31.7,47.7,12.5,0.05,0.566,1
19.46,39.32,24.0,28.4,28.9,0.37,0.666,1
19.14,20.06,24.8,50.8,9.6,0.13,0.469,1
17.77,10.42,33.6,22.5,11.5,0.19,1.432,0
21.46,35.22,37.8,32.0,27.6,0.49,0.745,1
20.53,24.46,19.2,36.2,12.9,0.34,0.47,1
18.88,6.28,21.9,22.4,28.9,0.36,0.654,1
19.95,36.27,27.2,40.3,28.5,0.3,0.523,1
18.02,22.4,30.3,39.6,12.7,0.16,0.747,1
16.36,35.2,26.7,54.7,7.2,0.34,0.601,1
17.22,35.22,35.1,41.8,10.0,0.23,0.912,1
16.48,9.0,34.2,33.9,27.6,0.42,0.622,1
19.05,29.53,25.1,47.7,30.4,0.29,0.372,1
19.73,19.41,16.0,31.7,16.5,0.39,0.397,1
18.28,26.86,19.9,38.7,9.9,0.42,0.499,1
19.18,8.54,27.2,21.9,7.3,0.41,0.918,1
16.51,28.53,38.2,31.3,11.5,0.2,1.325,0
20.62,36.1,29.2,38.5,34.4,0.18,0.658,1
16.2,44.47,28.3,44.6,10.1,0.43,0.698,1
19.81,17.81,33.1,23.5,7.6,0.07,1.691,0
18.6,11.2,18.8,47.9,28.6,0.14,0.293,1
17.1,19.64,18.7,51.5,23.5,0.06,0.316,1
19.14,5.77,23.6,29.8,21.0,0.02,0.776,1
20.69,21.35,39.9,46.8,18.4,0.31,0.619,1
18.48,41.58,36.9,26.3,26.1,0.45,1.03,0
18.21,12.77,32.0,38.3,26.0,0.06,0.787,1
16.85,24.11,24.8,47.9,17.7,0.4,0.359,1
19.57,27.9,28.9,33.5,12.0,0.19,0.891,1
20.97,12.2,22.6,20.9,30.2,0.31,0.806,1
19.37,18.2,31.9,38.9,9.9,0.38,0.629,1
16.99,41.45,25.5,49.6,21.0,0.36,0.412,1
19.97,16.83,18.0,23.8,25.8,0.07,0.766,1
16.18,30.41,20.4,21.0,24.2,0.06,1.127,0
21.03,10.48,30.2,48.3,23.6,0.46,0.308,1
21.53,31.79,32.4,29.3,24.9,0.04,1.207,0
19.58,16.17,17.4,32.8,31.3,0.11,0.481,1
21.29,14.25,35.2,23.0,16.0,0.22,1.403,0
16.51,9.97,35.6,23.4,23.8,0.41,1.04,0
17.37,6.87,33.1,41.5,25.9,0.3,0.539,1
17.9,43.71,32.1,39.3,22.7,0.29,0.714,1
20.64,21.56,20.8,30.2,32.1,0.35,0.489,1
18.91,36.1,38.0,35.8,24.6,0.4,0.783,1
18.09,41.8,21.7,33.6,17.7,0.12,0.763,1
16.95,13.16,19.6,44.3,30.4,0.01,0.398,1
20.86,39.79,31.0,50.2,19.7,0.06,0.597,1
16.12,33.32,24.1,46.8,20.9,0.08,0.522,1
18.02,28.12,38.3,20.2,22.5,0.02,2.304,0
17.46,37.36,26.5,23.5,14.7,0.37,1.087,0
16.77,9.43,19.1,35.0,26.7,0.44,0.314,1
17.03,15.54,38.9,49.8,7.9,0.36,0.588,1
18.96,10.24,27.9,28.3,31.1,0.09,0.931,1
18.56,40.84,28.0,50.8,27.6,0.3,0.406,1
19.11,8.95,24.6,23.9,15.6,0.26,0.839,1
20.37,44.2,35.9,22.5,11.8,0.41,1.512,0
21.35,9.4,22.2,52.0,16.6,0.47,0.203,1
16.71,31.47,15.3,25.7,29.2,0.37,0.507,1
16.5,31.42,27.4,36.2,5.9,0.26,1.071,0
17.92,42.25,38.1,31.4,19.0,0.26,1.189,0
19.28,17.93,21.8,25.2,12.6,0.4,0.683,1
16.6,18.28,21.7,42.1,31.2,0.06,0.467,1
20.3,38.85,33.5,53.7,17.4,0.08,0.584,1
19.34,44.14,34.4,43.0,25.9,0.17,0.739,1
20.49,6.21,25.9,32.4,15.7,0.37,0.518,1
18.15,30.41,35.8,44.9,14.9,0.03,0.861,1
18.41,14.75,19.3,25.0,14.8,0.17,0.751,1
20.85,34.12,24.2,40.3,25.3,0.16,0.545,1
17.6,35.91,25.1,36.4,33.9,0.24,0.584,1
18.29,35.5,22.8,32.6,11.2,0.23,0.828,1
16.08,22.42,20.4,45.9,24.3,0.36,0.311,1
19.33,11.31,23.5,24.1,13.0,0.31,0.781,1
21.11,28.39,15.5,38.6,21.5,0.45,0.291,1
16.17,36.56,32.6,49.9,21.2,0.09,0.629,1
19.68,41.49,32.1,27.1,18.5,0.22,1.206,0
21.07,23.11,26.3,29.3,20.0,0.2,0.817,1
18.96,14.83,23.1,43.1,31.4,0.06,0.465,1
17.88,9.75,25.9,47.0,7.7,0.08,0.513,1
21.98,36.9,38.4,29.9,29.9,0.17,1.257,0
16.39,26.41,30.1,32.6,18.9,0.37,0.729,1
17.26,31.97,33.3,45.9,15.0,0.08,0.758,1
21.31,11.37,20.7,30.0,10.3,0.13,0.673,1
17.78,5.26,17.4,43.3,29.4,0.34,0.234,1
20.92,43.7,17.1,25.6,22.8,0.3,0.662,1
18.0,37.44,26.8,34.4,26.9,0.05,0.838,1
20.87,21.0,32.9,44.1,14.4,0.47,0.454,1
20.11,23.29,34.4,36.1,16.8,0.07,0.99,1
18.81,42.16,33.0,20.7,32.4,0.03,1.863,0
19.14,13.31,37.8,34.2,33.8,0.15,1.007,0
17.07,37.11,16.3,30.1,27.2,0.01,0.659,1
16.7,5.72,36.4,23.5,27.5,0.02,1.693,0
20.3,40.03,31.5,20.3,25.8,0.29,1.397,0
21.09,28.57,19.4,21.6,22.6,0.45,0.652,1
20.33,24.1,32.1,53.2,22.9,0.2,0.44,1
21.48,33.26,27.8,46.2,33.9,0.15,0.493,1
21.34,7.71,24.0,52.9,27.5,0.46,0.198,1
20.67,12.82,21.2,24.0,24.7,0.03,0.907,1
21.39,21.28,26.6,40.0,10.7,0.24,0.598,1
17.0,29.71,21.0,22.9,34.3,0.13,0.922,1
20.39,10.78,17.1,20.9,20.6,0.19,0.725,1
20.52,20.18,36.2,36.3,33.3,0.21,0.837,1
16.92,15.44,29.8,42.6,26.4,0.27,0.506,1
21.46,30.82,24.1,22.2,6.2,0.23,1.457,0
16.05,41.77,26.2,32.8,21.2,0.49,0.616,1
18.61,11.64,36.6,23.2,31.8,0.01,1.765,0
16.13,12.57,23.0,32.7,6.6,0.38,0.628,1
19.14,29.02,24.5,36.5,31.0,0.03,0.68,1
18.47,23.14,34.2,31.8,23.4,0.22,0.957,1
19.74,33.72,20.0,40.2,6.3,0.1,0.808,1
20.6,16.52,31.5,40.5,16.2,0.47,0.456,1
20.61,26.79,25.9,31.7,5.9,0.36,0.922,1
20.33,20.47,27.5,33.6,5.1,0.23,0.96,1
16.61,16.25,34.7,35.4,31.9,0.48,0.56,1
18.5,34.17,39.8,33.1,27.5,0.36,0.941,1
20.9,36.84,35.8,46.6,13.7,0.48,0.532,1
19.93,18.16,19.0,24.9,8.4,0.35,0.74,1
20.09,29.92,20.6,50.0,6.6,0.04,0.597,1
17.36,12.14,25.2,31.6,32.5,0.31,0.569,1
17.95,36.64,33.0,45.3,23.8,0.49,0.448,1
21.73,16.25,27.7,50.9,9.8,0.11,0.478,1
21.08,11.84,37.5,51.1,25.4,0.4,0.4,1
16.99,42.6,16.2,35.8,35.0,0.09,0.489,1
19.27,21.9,21.5,29.0,28.6,0.23,0.629,1
18.94,30.74,20.5,41.2,18.4,0.04,0.544,1
18.66,37.37,33.6,26.4,29.4,0.17,1.264,0
18.82,32.45,26.6,47.7,27.3,0.39,0.363,1
19.86,27.59,15.4,44.9,7.7,0.02,0.526,1
21.8,19.86,34.3,47.8,32.8,0.16,0.557,1
21.25,41.74,24.0,35.2,31.5,0.31,0.544,1
21.25,10.34,21.5,39.5,22.7,0.47,0.287,1
20.22,40.36,19.6,23.6,20.2,0.12,0.964,1
16.11,33.39,38.7,44.1,11.8,0.09,1.005,0
18.64,27.86,38.6,37.0,30.0,0.1,1.036,0
19.07,17.99,16.9,37.8,18.0,0.12,0.43,1
21.05,10.84,20.8,49.6,22.4,0.32,0.25,1
21.54,22.73,31.2,47.0,10.1,0.5,0.425,1
18.71,36.35,31.8,38.7,11.4,0.26,0.845,1
17.8,34.81,25.4,32.4,34.6,0.14,0.749,1
18.02,30.82,29.2,35.6,19.8,0.37,0.64,1
19.47,44.7,32.6,32.3,29.5,0.08,1.076,0
17.65,43.91,38.8,25.3,29.9,0.02,1.862,0
21.46,21.0,33.1,42.6,34.4,0.3,0.538,1
18.51,12.7,17.8,44.2,34.5,0.11,0.322,1
21.94,23.55,32.9,54.0,18.7,0.2,0.447,1
16.66,38.78,16.7,35.9,33.5,0.12,0.483,1
17.13,23.34,27.6,54.9,16.0,0.46,0.302,1
19.07,18.44,28.2,26.5,23.2,0.17,0.986,1
21.21,34.65,34.5,43.0,29.7,0.22,0.656,1
18.12,31.01,15.3,54.8,32.4,0.12,0.234,1
21.02,43.75,36.9,42.4,20.7,0.04,0.938,1
18.55,26.97,31.6,35.8,17.5,0.26,0.773,1
21.12,43.7,15.8,38.0,26.9,0.43,0.331,1
17.66,16.64,19.0,49.6,18.7,0.18,0.306,1
18.83,39.59,16.0,52.9,25.2,0.39,0.237,1
17.67,19.04,34.1,35.9,29.1,0.02,0.98,1
17.29,37.39,19.3,47.0,30.2,0.12,0.385,1
18.53,42.04,16.1,52.7,12.6,0.07,0.431,1
18.01,29.93,18.4,29.9,22.1,0.2,0.614,1
20.72,34.14,29.0,37.3,5.8,0.45,0.869,1
20.49,43.35,27.4,54.8,28.9,0.19,0.386,1
18.15,20.01,21.2,32.4,8.8,0.3,0.662,1
21.95,25.46,38.6,41.7,31.2,0.45,0.549,1
21.84,40.93,36.4,43.0,17.2,0.18,0.808,1
21.51,31.91,22.9,25.4,10.0,0.18,1.075,0
19.52,39.94,26.9,48.2,28.9,0.04,0.53,1
18.47,29.73,27.9,34.5,11.0,0.17,0.898,1
17.88,34.59,33.9,37.5,16.8,0.37,0.741,1
16.09,5.52,25.7,42.5,22.0,0.42,0.328,1
19.79,18.59,28.7,34.4,15.8,0.36,0.617,1
19.32,35.82,25.3,31.4,10.4,0.0,1.117,0
19.78,21.16,34.1,39.1,17.2,0.06,0.882,1
19.46,19.51,28.9,32.1,9.3,0.37,0.757,1
16.83,43.06,35.7,35.2,26.6,0.47,0.707,1
20.17,27.1,16.3,23.8,10.1,0.35,0.761,1
18.16,12.7,37.6,49.6,19.5,0.11,0.63,1
19.1,23.89,35.5,34.4,21.8,0.05,1.091,0
18.19,25.75,35.5,22.9,33.4,0.44,1.055,0
16.13,44.55,18.5,47.7,7.3,0.05,0.801,1
21.26,33.73,21.6,20.7,32.9,0.08,1.1,0
16.89,25.78,39.5,41.0,11.2,0.3,0.872,1
19.49,22.28,38.8,44.6,30.2,0.09,0.796,1
21.3,41.62,20.7,26.7,7.7,0.11,1.233,0
17.33,30.84,25.8,24.6,34.7,0.07,1.105,0
18.47,19.24,18.9,24.0,29.2,0.47,0.495,1
18.27,23.59,21.6,54.8,6.9,0.06,0.492,1
16.54,16.12,19.6,46.4,11.4,0.47,0.298,1
18.54,43.42,17.0,30.9,21.5,0.16,0.641,1
18.88,33.08,29.5,31.7,20.7,0.41,0.702,1
16.16,20.69,21.0,42.7,23.9,0.47,0.299,1
18.93,12.33,39.8,36.0,18.9,0.26,0.907,1
16.56,12.08,27.9,29.5,27.0,0.39,0.626,1
21.35,24.11,24.0,22.0,15.5,0.13,1.153,0
19.9,23.7,37.8,47.4,10.3,0.19,0.735,1
16.34,21.71,30.5,51.1,6.0,0.28,0.627,1
20.96,39.07,18.2,27.2,14.7,0.43,0.642,1
18.17,44.17,27.4,22.2,17.8,0.31,1.238,0
17.35,19.19,26.0,24.2,24.8,0.01,1.183,0
17.52,16.78,34.1,34.5,29.2,0.15,0.895,1
19.59,35.8,32.3,30.5,12.2,0.43,0.907,1
16.49,22.99,24.3,22.6,19.8,0.12,1.138,0
16.35,13.7,26.7,35.9,12.0,0.18,0.689,1
19.77,12.24,28.0,27.1,33.5,0.19,0.882,1
21.89,16.22,25.6,22.3,24.4,0.08,1.155,0
18.9,5.05,17.7,43.0,25.3,0.17,0.3,1
18.48,42.66,37.6,40.0,20.9,0.41,0.713,1
21.68,22.21,31.8,48.9,13.5,0.42,0.414,1
17.45,8.31,26.7,30.6,11.0,0.29,0.689,1
17.44,11.6,29.2,24.8,24.7,0.34,0.862,1
21.43,17.93,20.3,32.6,32.7,0.27,0.47,1
19.88,27.07,28.3,47.3,11.4,0.02,0.649,1
16.32,33.15,33.7,28.5,22.2,0.35,0.99,1
20.04,17.31,28.3,28.9,20.9,0.5,0.573,1
20.92,43.3,27.0,25.2,24.2,0.11,1.165,0
17.64,35.41,26.6,54.5,22.6,0.49,0.291,1
18.3,38.03,34.0,53.9,13.2,0.5,0.441,1
17.19,17.95,33.8,43.0,25.7,0.07,0.727,1
19.8,20.24,33.8,27.5,13.2,0.46,0.862,1
19.99,26.52,21.2,46.8,24.6,0.34,0.314,1
16.41,23.07,30.4,40.4,14.0,0.23,0.686,1
20.07,15.4,34.5,46.2,7.5,0.17,0.689,1
19.95,44.89,29.0,50.1,8.8,0.31,0.653,1
16.21,38.93,34.5,31.1,30.0,0.42,0.816,1
19.33,14.52,36.4,52.0,8.6,0.02,0.675,1
19.68,40.7,19.3,51.4,14.9,0.27,0.382,1
18.58,28.48,22.7,39.1,13.6,0.33,0.524,1
21.41,5.5,30.0,44.0,6.7,0.01,0.647,1
17.97,18.85,22.2,34.4,23.0,0.44,0.414,1
16.4,6.03,38.5,42.9,29.0,0.48,0.464,1
20.03,8.51,19.9,39.2,34.8,0.31,0.326,1
19.63,12.16,23.9,31.3,33.1,0.06,0.721,1
21.93,24.38,39.9,31.3,6.5,0.47,1.058,0
17.39,20.25,19.7,42.8,12.7,0.4,0.367,1
18.37,10.96,26.2,53.5,17.4,0.01,0.403,1
18.77,20.78,22.8,27.1,31.3,0.29,0.661,1
21.17,17.17,35.2,33.7,15.8,0.06,1.087,0
18.49,21.41,22.6,48.2,22.1,0.07,0.416,1
20.63,11.89,19.0,24.3,24.8,0.1,0.743,1
16.94,29.39,38.3,54.8,13.9,0.2,0.598,1
18.46,6.78,22.9,43.7,22.5,0.44,0.271,1
16.93,20.52,33.5,51.9,6.5,0.02,0.746,1
21.7,40.8,22.3,49.3,19.4,0.34,0.361,1
17.07,21.79,19.5,47.2,16.4,0.48,0.277,1
18.51,22.64,35.1,21.2,15.7,0.32,1.448,0
16.49,7.72,16.4,34.2,12.0,0.41,0.325,1
21.53,29.21,23.3,27.1,29.5,0.45,0.564,1
19.74,42.46,34.5,50.5,31.5,0.36,0.451,1
21.77,16.66,27.8,43.8,31.6,0.33,0.403,1
16.25,20.73,32.2,23.7,16.9,0.01,1.608,0
17.05,28.53,16.7,32.6,12.8,0.26,0.59,1
18.28,8.73,33.7,22.4,8.0,0.23,1.403,0
19.73,43.01,19.3,45.9,25.2,0.26,0.372,1
17.98,23.7,35.2,34.6,14.9,0.22,0.953,1
20.27,9.6,29.1,28.2,13.3,0.45,0.646,1
16.99,18.41,33.5,38.1,16.1,0.44,0.582,1
19.6,19.95,20.3,21.5,21.6,0.06,1.011,0
18.39,18.82,24.9,29.0,9.9,0.27,0.825,1
19.05,32.73,35.1,26.1,33.8,0.48,0.862,1
19.42,18.82,37.8,52.6,27.0,0.3,0.46,1
16.36,17.95,20.7,33.2,6.4,0.4,0.66,1
21.54,17.88,34.8,40.5,14.2,0.19,0.749,1
20.72,36.11,17.7,37.6,6.5,0.19,0.775,1
18.65,17.34,25.6,43.1,11.9,0.16,0.544,1
19.28,5.56,38.5,29.8,13.6,0.01,1.418,0
16.2,19.62,38.6,24.2,26.5,0.46,1.071,0
18.99,16.13,22.4,22.9,26.6,0.17,0.892,1
18.56,41.36,19.8,26.8,6.4,0.18,1.357,0
18.25,24.12,18.7,36.9,22.6,0.38,0.377,1
20.89,14.38,27.0,28.3,33.8,0.26,0.743,1
17.09,44.26,17.3,35.2,23.9,0.18,0.55,1
17.06,14.87,23.9,21.0,33.8,0.44,0.718,1
19.13,35.52,15.4,42.0,16.4,0.41,0.35,1
20.12,30.98,21.5,50.7,18.8,0.49,0.27,1
16.13,23.49,37.5,21.7,19.9,0.32,1.509,0
19.28,21.23,26.2,27.6,32.7,0.35,0.684,1
17.79,39.9,16.8,31.1,16.4,0.16,0.685,1
20.54,24.0,31.2,30.1,34.5,0.05,1.06,0
18.81,20.01,38.9,21.4,21.3,0.05,2.093,0
21.0,19.17,26.6,23.7,11.5,0.32,0.973,1
18.38,16.03,30.6,51.9,8.1,0.06,0.573,1
20.96,21.36,38.0,44.9,10.2,0.45,0.573,1
20.3,9.8,25.5,53.5,6.2,0.35,0.326,1
20.97,7.6,31.6,35.4,25.8,0.11,0.795,1
20.87,26.66,26.0,50.8,20.5,0.14,0.423,1
18.92,23.17,39.1,48.6,27.1,0.35,0.526,1
18.21,11.94,27.6,50.6,28.5,0.41,0.283,1
20.59,9.27,37.1,21.4,32.9,0.42,1.157,0
18.17,10.73,27.7,42.8,8.5,0.3,0.499,1
16.54,17.61,31.7,39.8,10.6,0.08,0.839,1
21.15,23.06,24.7,39.1,21.4,0.41,0.415,1
18.38,12.73,37.9,37.7,8.9,0.4,0.732,1
16.8,35.22,31.2,47.9,7.8,0.42,0.68,1
19.88,12.73,15.5,53.9,25.0,0.08,0.218,1
21.34,9.97,15.4,49.0,26.7,0.34,0.181,1
21.17,44.78,31.9,50.5,30.3,0.48,0.357,1
19.33,22.91,17.9,36.9,32.5,0.13,0.435,1
16.53,11.8,32.9,44.2,18.3,0.36,0.482,1
20.18,40.78,23.1,34.5,34.4,0.13,0.644,1
19.65,14.24,28.5,32.6,6.1,0.15,0.942,1
17.26,42.02,19.4,51.3,31.1,0.24,0.315,1
21.4,9.76,21.2,51.7,14.6,0.45,0.208,1
16.52,38.67,25.9,43.9,32.7,0.02,0.598,1
18.24,12.37,31.6,49.3,11.7,0.49,0.346,1
16.57,42.53,18.9,32.6,27.2,0.39,0.502,1
21.47,27.97,22.0,35.2,17.8,0.18,0.597,1
16.21,12.6,20.2,48.7,16.4,0.18,0.328,1
18.55,38.79,36.6,33.9,6.8,0.24,1.391,0
21.17,20.62,31.2,21.4,26.2,0.44,0.967,1
17.51,34.31,26.7,32.4,10.3,0.01,1.14,0
16.63,30.74,38.7,33.9,18.9,0.27,1.046,0
16.76,33.57,33.4,25.4,9.2,0.03,1.855,0
18.43,18.75,38.3,32.0,23.1,0.06,1.271,0
18.57,42.55,29.9,52.7,11.9,0.35,0.527,1
20.31,27.39,18.5,50.0,22.8,0.12,0.324,1
17.43,8.1,31.9,35.6,33.4,0.02,0.876,1
20.21,7.67,20.0,44.8,32.6,0.08,0.354,1
21.99,34.53,23.6,25.3,11.0,0.1,1.166,0
21.19,39.0,27.7,46.3,8.0,0.38,0.629,1
19.81,32.81,18.9,36.7,6.3,0.31,0.757,1
21.64,16.1,15.5,45.3,29.9,0.37,0.208,1
21.95,14.04,23.2,42.5,12.5,0.18,0.459,1
19.42,27.62,35.6,28.1,13.5,0.06,1.484,0
17.64,12.87,15.4,49.2,11.8,0.4,0.224,1
21.49,20.16,17.7,40.0,30.2,0.07,0.402,1
21.07,30.15,35.2,47.4,34.4,0.19,0.582,1
16.51,16.4,22.6,23.3,27.7,0.13,0.932,1
21.62,20.02,38.5,41.5,29.7,0.15,0.811,1
18.2,19.42,24.5,30.2,23.6,0.3,0.638,1
17.93,23.42,34.9,50.1,20.9,0.08,0.618,1
18.06,31.97,21.5,53.2,26.6,0.22,0.313,1
17.92,36.29,16.5,22.0,6.1,0.32,1.385,0
19.1,31.6,37.0,45.3,6.8,0.43,0.767,1
19.48,6.05,38.2,23.6,25.6,0.19,1.489,0
18.55,40.87,32.7,50.0,15.1,0.16,0.643,1
18.48,28.25,34.3,24.4,19.7,0.18,1.421,0
20.42,41.81,15.2,26.8,28.5,0.25,0.563,1
16.02,43.55,33.8,28.8,22.3,0.16,1.276,0
21.68,23.71,26.8,45.5,29.2,0.13,0.484,1
20.29,41.65,26.3,30.2,17.6,0.19,0.92,1
20.24,19.62,28.5,40.9,13.6,0.39,0.491,1
18.53,15.42,21.8,40.0,12.0,0.13,0.523,1
21.79,7.95,32.4,34.1,9.0,0.42,0.616,1
16.0,23.07,22.4,38.9,6.1,0.14,0.816,1
16.46,32.55,29.0,24.1,6.6,0.3,1.601,0
20.82,44.07,18.4,50.7,13.1,0.49,0.348,1
20.43,25.85,31.9,27.2,13.4,0.48,0.836,1
17.63,34.38,19.7,50.8,16.5,0.22,0.38,1
19.57,40.85,19.3,38.2,22.7,0.03,0.58,1
19.19,26.73,15.6,41.5,27.8,0.45,0.249,1
19.16,11.67,18.0,29.0,10.9,0.06,0.666,1
19.57,38.93,20.8,27.8,27.8,0.46,0.542,1
21.96,27.97,20.6,37.2,9.2,0.37,0.541,1
21.92,35.34,23.2,29.4,34.7,0.47,0.498,1
21.89,31.34,16.4,34.8,13.6,0.33,0.468,1
19.29,7.44,38.4,35.4,30.1,0.5,0.58,1
17.91,11.76,18.0,29.5,10.7,0.23,0.567,1
19.36,16.45,32.5,30.2,33.5,0.16,0.97,1
19.74,16.39,28.4,54.1,29.8,0.2,0.348,1
17.87,38.57,28.8,40.6,15.8,0.18,0.736,1
19.8,28.93,17.6,49.1,17.6,0.2,0.33,1
19.73,8.34,21.1,21.6,5.1,0.44,0.771,1
21.42,20.49,34.5,20.1,12.5,0.3,1.537,0
17.43,27.25,26.6,38.2,13.7,0.36,0.592,1
20.19,15.06,26.4,48.9,18.6,0.14,0.426,1
18.7,6.59,28.6,41.4,9.2,0.49,0.373,1
16.78,20.21,25.8,41.7,19.4,0.14,0.56,1
17.9,23.45,35.2,24.9,25.1,0.08,1.522,0
16.34,41.19,33.7,54.2,16.1,0.39,0.486,1
17.92,41.33,22.9,38.5,12.0,0.42,0.617,1
16.41,25.02,35.3,23.6,21.4,0.2,1.474,0
21.55,23.86,28.0,34.5,5.9,0.27,0.896,1
16.61,30.62,30.7,22.5,15.2,0.21,1.449,0
20.9,15.32,36.7,34.6,20.8,0.15,0.98,1
21.44,16.43,26.9,44.9,15.1,0.41,0.372,1
18.81,5.1,33.9,31.3,15.4,0.38,0.719,1
16.32,8.13,30.7,31.0,30.4,0.24,0.783,1
19.57,12.14,25.7,38.0,33.0,0.23,0.505,1
17.41,30.62,34.7,37.4,29.8,0.09,0.921,1
17.06,13.51,17.6,36.3,8.0,0.32,0.461,1
19.4,9.96,29.5,38.1,13.7,0.46,0.45,1
18.14,29.65,16.2,21.7,26.3,0.36,0.635,1
20.38,31.07,18.9,36.6,34.2,0.25,0.421,1
19.55,7.39,30.0,54.7,12.3,0.02,0.438,1
20.98,35.92,22.7,46.8,31.9,0.47,0.282,1
16.35,29.25,21.6,30.1,27.2,0.15,0.712,1
17.41,20.88,38.9,43.7,34.5,0.15,0.768,1
19.4,44.33,24.1,31.5,7.8,0.23,1.123,0
21.28,5.41,29.1,26.7,16.8,0.21,0.908,1
20.88,26.79,28.4,47.1,19.3,0.48,0.352,1
20.08,11.39,16.6,27.3,25.2,0.08,0.58,1
19.44,18.17,31.9,50.1,24.6,0.34,0.393,1
19.79,10.33,27.8,33.3,32.2,0.05,0.792,1
17.28,31.73,24.5,46.5,30.2,0.14,0.456,1
19.57,21.06,16.7,29.1,6.7,0.36,0.675,1
18.96,44.45,22.3,42.8,19.6,0.4,0.442,1
18.31,31.15,37.1,27.4,17.2,0.23,1.338,0
21.33,41.69,19.3,20.8,34.9,0.39,0.72,1
20.98,14.63,20.5,48.5,17.8,0.47,0.228,1
16.46,17.75,20.1,50.0,25.5,0.47,0.218,1
21.91,19.51,37.3,50.8,13.5,0.17,0.601,1
17.38,38.54,32.5,21.3,23.4,0.16,1.633,0
17.29,13.47,37.0,46.6,11.2,0.36,0.552,1
21.66,42.87,37.8,49.3,23.1,0.33,0.56,1
18.67,6.74,38.2,30.9,31.0,0.2,1.075,0
20.83,40.59,27.1,36.5,5.6,0.11,1.2,0
17.73,23.06,26.9,34.3,20.1,0.31,0.628,1
21.24,26.04,35.7,35.4,34.5,0.22,0.85,1
20.99,44.9,23.3,49.6,9.8,0.07,0.627,1
19.12,39.8,15.6,34.6,10.5,0.32,0.624,1
20.23,41.16,23.3,30.6,19.1,0.35,0.683,1
21.78,28.42,32.9,24.6,31.1,0.18,1.259,0
18.71,43.25,18.1,43.6,21.9,0.42,0.352,1
18.97,32.51,34.6,22.9,20.3,0.04,1.785,0
20.34,37.77,35.4,22.1,7.6,0.25,1.962,0
18.32,33.84,17.5,43.9,33.9,0.48,0.249,1
21.77,36.24,17.4,44.3,15.4,0.1,0.444,1
16.24,30.52,20.0,27.0,12.6,0.09,0.979,1
18.42,34.06,23.9,53.5,17.4,0.19,0.398,1
20.28,22.44,28.3,47.6,17.4,0.13,0.514,1
18.58,33.27,27.1,44.0,18.8,0.11,0.609,1
17.56,16.07,36.3,46.4,25.7,0.47,0.42,1
18.48,30.4,18.6,34.4,31.0,0.17,0.502,1
21.29,25.95,32.4,35.9,6.7,0.03,1.161,0
19.28,40.94,28.7,50.5,19.7,0.45,0.388,1
18.01,31.93,33.4,20.9,17.4,0.22,1.632,0
20.03,28.86,23.5,48.1,5.3,0.37,0.611,1
19.67,17.52,26.8,35.7,29.5,0.18,0.628,1
19.36,39.51,15.7,36.2,8.1,0.47,0.63,1
18.35,7.17,17.9,31.4,8.4,0.14,0.544,1
16.43,40.99,24.4,41.2,6.4,0.33,0.939,1
19.72,31.12,27.0,43.6,11.0,0.41,0.524,1
18.52,12.58,17.1,25.6,10.3,0.12,0.718,1
18.57,41.12,35.6,39.8,15.4,0.4,0.74,1
17.4,18.05,38.7,36.3,24.8,0.4,0.725,1
17.5,11.73,29.9,47.4,6.6,0.48,0.413,1
20.72,17.77,16.3,39.1,30.8,0.46,0.238,1
18.88,43.44,33.5,35.0,14.8,0.19,1.037,0
16.66,35.11,20.4,38.5,23.2,0.3,0.473,1
16.28,41.67,33.3,37.2,5.4,0.46,1.251,0
17.35,16.95,25.9,52.7,16.0,0.0,0.447,1
18.92,8.3,16.3,30.9,5.1,0.31,0.505,1
19.7,27.51,22.0,21.3,10.0,0.11,1.307,0
16.86,24.32,25.7,43.2,18.4,0.37,0.437,1
18.6,33.82,33.4,41.1,21.1,0.4,0.585,1
16.44,26.71,18.3,51.8,9.6,0.36,0.382,1
16.23,20.86,22.2,24.1,27.4,0.5,0.571,1
21.18,5.19,17.1,38.3,10.7,0.24,0.333,1
19.95,23.71,30.4,25.3,8.5,0.28,1.221,0
20.69,9.83,26.9,35.9,15.0,0.2,0.615,1
17.09,41.88,38.2,48.0,21.5,0.49,0.515,1
17.93,41.87,33.5,50.0,34.7,0.46,0.388,1
18.66,37.15,34.4,49.2,17.6,0.49,0.451,1
19.95,11.31,19.1,39.2,17.8,0.49,0.267,1
19.21,10.9,21.7,42.2,6.8,0.45,0.366,1
19.31,27.53,27.8,39.3,28.0,0.47,0.422,1
16.94,34.1,15.3,39.6,10.5,0.06,0.612,1
18.85,41.18,36.8,51.0,27.3,0.09,0.654,1
20.94,40.76,34.4,27.3,32.3,0.44,0.874,1
19.06,11.21,16.4,35.4,28.0,0.36,0.301,1
17.2,44.82,36.2,41.4,24.3,0.44,0.627,1
18.48,11.27,15.1,46.8,23.1,0.39,0.191,1
20.53,38.6,17.9,46.7,18.6,0.07,0.422,1
16.81,28.48,16.4,24.1,9.3,0.46,0.801,1
19.48,32.13,27.0,27.8,28.4,0.39,0.714,1
21.79,29.16,34.6,51.9,19.3,0.29,0.472,1
18.28,39.79,19.5,32.5,23.8,0.27,0.576,1
16.26,30.48,34.3,20.1,16.2,0.29,1.66,0
19.8,38.95,19.6,27.0,11.0,0.2,0.953,1
16.28,11.17,39.8,53.9,29.2,0.4,0.394,1
17.15,39.67,36.3,30.8,15.3,0.45,0.973,1
16.29,44.72,33.4,41.5,31.0,0.13,0.782,1
17.02,31.46,29.8,45.4,34.0,0.02,0.63,1
21.13,44.05,21.1,42.6,29.9,0.1,0.481,1
20.41,13.8,18.0,33.2,8.8,0.38,0.448,1
18.05,38.17,26.5,35.1,30.7,0.43,0.524,1
21.38,11.76,25.1,49.3,20.6,0.17,0.37,1
19.99,25.64,31.9,43.2,12.2,0.08,0.763,1
18.69,31.56,19.3,20.8,7.8,0.43,1.135,0
16.41,31.41,29.1,27.1,13.4,0.11,1.282,0
20.38,31.83,32.3,30.0,9.1,0.12,1.307,0
18.25,17.84,22.5,32.8,5.8,0.05,0.922,1
17.82,43.95,34.5,40.2,34.6,0.46,0.55,1
17.73,5.26,25.8,32.8,29.9,0.16,0.648,1
16.05,29.84,19.1,48.9,27.2,0.09,0.366,1
20.46,39.64,19.9,36.6,10.8,0.48,0.554,1
16.87,40.64,22.0,37.6,5.8,0.17,1.116,0
19.12,33.81,19.0,35.0,19.6,0.37,0.467,1
16.1,27.99,29.1,30.9,27.3,0.12,0.942,1
19.77,23.29,38.7,45.4,33.9,0.36,0.554,1
18.22,22.98,37.4,28.0,30.3,0.12,1.354,0
19.78,22.0,23.1,44.1,31.8,0.32,0.35,1
16.54,33.0,36.6,38.5,12.2,0.22,0.991,1
17.6,34.25,38.9,23.6,9.7,0.4,1.609,0
16.66,25.59,22.4,20.6,12.4,0.37,1.043,0
19.88,34.63,37.6,25.9,9.2,0.47,1.274,0
16.65,26.14,39.9,46.6,29.0,0.19,0.715,1
19.7,8.89,34.9,33.5,32.1,0.38,0.679,1
16.81,39.06,24.8,48.2,14.2,0.48,0.434,1
21.66,39.82,30.2,37.6,31.3,0.17,0.724,1
18.5,15.66,24.1,21.1,6.7,0.15,1.336,0
16.76,36.46,39.9,49.6,25.3,0.38,0.554,1
16.25,25.45,16.7,52.8,20.8,0.22,0.272,1
17.98,9.96,37.3,22.6,13.3,0.2,1.572,0
21.35,20.92,16.9,27.3,28.0,0.27,0.506,1
16.86,8.06,16.1,45.0,11.4,0.47,0.212,1
20.74,36.46,38.5,54.9,17.5,0.04,0.659,1
18.5,12.85,36.7,50.7,26.3,0.23,0.504,1
20.82,11.58,24.0,23.5,15.1,0.06,1.055,0
21.25,13.34,38.9,41.3,30.7,0.44,0.545,1
21.99,14.05,36.5,43.3,31.0,0.07,0.76,1
16.41,31.96,37.5,42.1,11.1,0.04,1.077,0
20.78,30.54,29.9,39.9,18.2,0.48,0.484,1
16.42,10.17,39.0,30.2,18.0,0.28,1.07,0
17.89,33.98,35.2,43.4,17.3,0.41,0.6,1
19.88,18.96,38.5,45.5,20.1,0.24,0.661,1
18.68,23.3,22.0,40.2,7.2,0.22,0.641,1
19.39,9.99,28.3,37.4,31.1,0.46,0.408,1
21.8,33.35,36.7,27.7,13.7,0.49,0.964,1
20.91,20.05,29.5,39.1,5.1,0.31,0.778,1
18.18,30.29,35.0,24.5,25.6,0.46,0.987,1
19.6,22.09,39.3,22.5,24.5,0.43,1.247,0
16.29,6.95,35.1,47.2,34.5,0.27,0.492,1
18.72,33.14,22.9,43.7,26.6,0.47,0.331,1
19.65,27.1,18.0,42.7,15.0,0.11,0.449,1
20.29,22.37,21.8,52.5,33.6,0.44,0.213,1
21.41,13.06,31.6,33.3,16.0,0.15,0.866,1
17.7,29.97,15.3,34.0,29.6,0.02,0.5,1
21.41,16.01,19.7,34.5,15.1,0.39,0.405,1
19.97,22.17,23.2,36.3,6.5,0.47,0.598,1
16.47,7.26,36.9,37.9,27.0,0.11,0.885,1
18.28,36.07,16.3,47.2,15.5,0.27,0.371,1
18.86,8.6,16.2,27.6,15.2,0.37,0.415,1
18.11,40.63,28.8,35.2,26.5,0.17,0.794,1
16.7,39.7,19.4,37.7,14.7,0.07,0.688,1
19.31,43.84,21.1,25.9,8.5,0.2,1.247,0
16.79,41.34,19.6,44.6,17.1,0.23,0.483,1
21.49,43.86,29.5,22.0,29.7,0.37,1.066,0
21.19,40.49,16.4,40.5,8.9,0.1,0.641,1
18.85,9.5,38.5,27.1,21.6,0.41,0.968,1
16.41,22.51,18.1,20.3,9.0,0.25,1.102,0
19.31,8.05,38.8,31.1,6.5,0.45,0.857,1
19.55,26.81,34.5,35.0,16.4,0.28,0.852,1
21.33,26.19,35.7,48.6,24.7,0.22,0.56,1
16.41,41.89,19.3,34.3,13.2,0.14,0.785,1
20.15,43.79,31.7,52.0,18.4,0.05,0.608,1
19.38,15.39,35.4,49.5,19.7,0.19,0.545,1
17.05,28.29,29.0,26.7,30.2,0.21,0.993,1
16.73,23.58,28.8,25.5,29.6,0.28,0.94,1
20.16,26.87,19.0,28.5,5.1,0.43,0.909,1
18.04,26.27,25.4,32.6,17.4,0.23,0.727,1
22.0,41.56,18.8,40.4,24.7,0.16,0.454,1
21.36,40.85,39.3,24.3,30.6,0.44,1.167,0
19.39,9.91,32.1,38.6,6.5,0.37,0.621,1
19.85,18.8,16.2,40.3,23.8,0.15,0.353,1
